{"results": {"time_setup_models_and_sims.TimeBuildDFN.time_setup_DFN": {"result": [0.8813904580010785], "stats": [{"ci_99": [0.8618650590015022, 0.9510025599993241], "q_25": 0.8680695307498354, "q_75": 0.9108888340001613, "min": 0.8618650590015022, "max": 0.9510025599993241, "mean": 0.8940024413002903, "std": 0.032417430041117454, "repeat": 10, "number": 1}]}, "time_setup_models_and_sims.TimeBuildDFNSimulation.time_setup_DFN_simulation": {"result": [0.09975201949964685, 0.21570189149952057], "stats": [{"ci_99": [0.09655281300001661, 0.11069721700005175], "q_25": 0.09857562299976053, "q_75": 0.10536649824962296, "min": 0.09655281300001661, "max": 0.11069721700005175, "mean": 0.10189924369988149, "std": 0.004924641346915348, "repeat": 10, "number": 1}, {"ci_99": [0.20615278700097406, 0.2326167159990291], "q_25": 0.21032176700009586, "q_75": 0.21769730550067834, "min": 0.20615278700097406, "max": 0.2326167159990291, "mean": 0.2153163011998913, "std": 0.007283510600572329, "repeat": 10, "number": 1}], "params": [["False", "True"]]}, "time_setup_models_and_sims.TimeBuildSPM.time_setup_SPM": {"result": [0.6865806529995098], "stats": [{"ci_99": [0.631917661999978, 0.7316655779995926], "q_25": 0.6604955450006855, "q_75": 0.7036705910004457, "min": 0.631917661999978, "max": 0.7316655779995926, "mean": 0.6848715252001056, "std": 0.030038975326348052, "repeat": 10, "number": 1}]}, "time_setup_models_and_sims.TimeBuildSPMSimulation.time_setup_SPM_simulation": {"result": [0.2648417319996952, 0.5024979654990602], "stats": [{"ci_99": [0.25594234700110974, 0.28281618599976355], "q_25": 0.25740820700002587, "q_75": 0.27636893799990503, "min": 0.25594234700110974, "max": 0.28281618599976355, "mean": 0.2671342093999556, "std": 0.010191232846558039, "repeat": 10, "number": 1}, {"ci_99": [0.4823596580008598, 0.5394286909995571], "q_25": 0.4880575652496191, "q_75": 0.5162031985000795, "min": 0.4823596580008598, "max": 0.5394286909995571, "mean": 0.5047266409996155, "std": 0.017758366096635003, "repeat": 10, "number": 1}], "params": [["False", "True"]]}, "time_setup_models_and_sims.TimeBuildSPMe.time_setup_SPMe": {"result": [0.8020391989994096], "stats": [{"ci_99": [0.7632777059989166, 0.8347811219991854], "q_25": 0.7838884365000922, "q_75": 0.8215254834999541, "min": 0.7632777059989166, "max": 0.8347811219991854, "mean": 0.802784895199693, "std": 0.023077574183561732, "repeat": 10, "number": 1}]}, "time_setup_models_and_sims.TimeBuildSPMeSimulation.time_setup_SPMe_simulation": {"result": [0.13164276000043174, 0.2686292094995224], "stats": [{"ci_99": [0.12544060400068702, 0.1476415890010685], "q_25": 0.1278093972505303, "q_75": 0.14044031024968717, "min": 0.12544060400068702, "max": 0.1476415890010685, "mean": 0.1342322395003066, "std": 0.007846652163738215, "repeat": 10, "number": 1}, {"ci_99": [0.24594991300000402, 0.28301774200008367], "q_25": 0.2537843957493351, "q_75": 0.27564436274997206, "min": 0.24594991300000402, "max": 0.28301774200008367, "mean": 0.26601225899994463, "std": 0.013279955258337224, "repeat": 10, "number": 1}], "params": [["False", "True"]]}, "time_solve_models.TimeSolveDFN.time_solve_model": {"result": [1.4078386660003162, 1.6303468844989766], "stats": [{"ci_99": [1.3399841923558715, 1.4679776803107907], "q_25": 1.3722243337501823, "q_75": 1.4295853332491788, "min": 1.3515870480005105, "max": 1.4594341259999055, "mean": 1.4039809363333309, "std": 0.03791191800421028, "repeat": 6, "number": 1}, {"ci_99": [1.5512989880007808, 1.690750093999668], "q_25": 1.6250915945006454, "q_75": 1.6349512275005509, "min": 1.5512989880007808, "max": 1.690750093999668, "mean": 1.6280136413749915, "std": 0.03542279193011549, "repeat": 8, "number": 1}], "params": [["True", "False"]]}, "time_solve_models.TimeSolveSPM.time_solve_model": {"result": [0.06979926350049936, 0.11415142349960661], "stats": [{"ci_99": [0.06594738599960692, 0.0775589589993615], "q_25": 0.06718773424927349, "q_75": 0.07276370274985311, "min": 0.06594738599960692, "max": 0.0775589589993615, "mean": 0.07060678439993354, "std": 0.003920908105078248, "repeat": 10, "number": 1}, {"ci_99": [0.10999461000028532, 0.12447699800031842], "q_25": 0.11244245274883724, "q_75": 0.12006459500025812, "min": 0.10999461000028532, "max": 0.12447699800031842, "mean": 0.11612206589979905, "std": 0.004990837074959417, "repeat": 10, "number": 1}], "params": [["True", "False"]]}, "time_solve_models.TimeSolveSPMe.time_solve_model": {"result": [0.11733921399991232, 0.19318840699997963], "stats": [{"ci_99": [0.1064174830007687, 0.1328134579998732], "q_25": 0.11651037775027362, "q_75": 0.12401286900012565, "min": 0.1064174830007687, "max": 0.1328134579998732, "mean": 0.11922574830023222, "std": 0.0072029579234737665, "repeat": 10, "number": 1}, {"ci_99": [0.18218013999830873, 0.2061660170002142], "q_25": 0.18333029649920718, "q_75": 0.2007332300008784, "min": 0.18218013999830873, "max": 0.2061660170002142, "mean": 0.19266880409995793, "std": 0.008784093246951749, "repeat": 10, "number": 1}], "params": [["True", "False"]]}}, "params": {"machine": "GitHubRunner", "python": "3.8"}, "requirements": {}, "commit_hash": "0077553db0683b8ebf55b0555eb81d1670aa8b59", "date": 1593557667000, "env_name": "virtualenv-py3.8", "python": "3.8", "profiles": {}, "started_at": {"time_setup_models_and_sims.TimeBuildDFN.time_setup_DFN": 1613151302637, "time_setup_models_and_sims.TimeBuildDFNSimulation.time_setup_DFN_simulation": 1613151308258, "time_setup_models_and_sims.TimeBuildSPM.time_setup_SPM": 1613151310472, "time_setup_models_and_sims.TimeBuildSPMSimulation.time_setup_SPM_simulation": 1613151314839, "time_setup_models_and_sims.TimeBuildSPMe.time_setup_SPMe": 1613151319961, "time_setup_models_and_sims.TimeBuildSPMeSimulation.time_setup_SPMe_simulation": 1613151325081, "time_solve_models.TimeSolveDFN.time_solve_model": 1613151327746, "time_solve_models.TimeSolveSPM.time_solve_model": 1613151358044, "time_solve_models.TimeSolveSPMe.time_solve_model": 1613151370238}, "ended_at": {"time_setup_models_and_sims.TimeBuildDFN.time_setup_DFN": 1613151308258, "time_setup_models_and_sims.TimeBuildDFNSimulation.time_setup_DFN_simulation": 1613151310471, "time_setup_models_and_sims.TimeBuildSPM.time_setup_SPM": 1613151314839, "time_setup_models_and_sims.TimeBuildSPMSimulation.time_setup_SPM_simulation": 1613151319961, "time_setup_models_and_sims.TimeBuildSPMe.time_setup_SPMe": 1613151325080, "time_setup_models_and_sims.TimeBuildSPMeSimulation.time_setup_SPMe_simulation": 1613151327745, "time_solve_models.TimeSolveDFN.time_solve_model": 1613151358043, "time_solve_models.TimeSolveSPM.time_solve_model": 1613151370238, "time_solve_models.TimeSolveSPMe.time_solve_model": 1613151385791}, "benchmark_version": {"time_setup_models_and_sims.TimeBuildDFN.time_setup_DFN": "5f322e51e6b7e66125ee6949bdf25746005db467e8ffcfdcb3ace170e92bbc3d", "time_setup_models_and_sims.TimeBuildDFNSimulation.time_setup_DFN_simulation": "8de44bc542fa7d4ba28a80f24414a9444b5436673aaebba674918f5f0bfd0ebb", "time_setup_models_and_sims.TimeBuildSPM.time_setup_SPM": "0d0b3f5c67fc2da9a5794c66b70af5a45a09558d1ee95f738745385adb84fbca", "time_setup_models_and_sims.TimeBuildSPMSimulation.time_setup_SPM_simulation": "161220a99418ce4487cc29325cbae897f28d0e44ae07e1dfbfaac2cbc53a4ff9", "time_setup_models_and_sims.TimeBuildSPMe.time_setup_SPMe": "6083f5ff944353395eb4b21c97b02af555fe6528de3cd5283f5e139943945235", "time_setup_models_and_sims.TimeBuildSPMeSimulation.time_setup_SPMe_simulation": "530563cb559427795e3648d9648df9250ae100b7721f69eec356bdda7798c55e", "time_solve_models.TimeSolveDFN.time_solve_model": "914137228e20e5900cec36b0d3865f1faa2f5d479c7d6c2539514791f9ec4430", "time_solve_models.TimeSolveSPM.time_solve_model": "ef1bb5f8d1ddfa59650e20438c4b252d73e5a062714848ce1d6d5269382bc598", "time_solve_models.TimeSolveSPMe.time_solve_model": "20672028872f4620ce85e909bae705d9490de441e926510b2b0e53ff0881d87b"}, "version": 1}