{"results": {"time_setup_models_and_sims.TimeBuildDFN.time_setup_DFN": {"result": [0.7816202475000011], "stats": [{"ci_99": [0.744448441000003, 0.8139908950000034], "q_25": 0.7578558797500108, "q_75": 0.8045340300000099, "min": 0.744448441000003, "max": 0.8139908950000034, "mean": 0.7811639819000036, "std": 0.025519856389342246, "repeat": 10, "number": 1}]}, "time_setup_models_and_sims.TimeBuildDFNSimulation.time_setup_DFN_simulation": {"result": [0.2425693475000017, 0.5951140255000027], "stats": [{"ci_99": [0.23105200599999876, 0.25843574099999955], "q_25": 0.23638447050000622, "q_75": 0.25250064449999954, "min": 0.23105200599999876, "max": 0.25843574099999955, "mean": 0.24403835510000108, "std": 0.009595178246858163, "repeat": 10, "number": 1}, {"ci_99": [0.5531977139999924, 0.6105425039999943], "q_25": 0.5781519862500204, "q_75": 0.5965213140000003, "min": 0.5531977139999924, "max": 0.6105425039999943, "mean": 0.5878821735000017, "std": 0.01635171989877285, "repeat": 10, "number": 1}], "params": [["False", "True"]]}, "time_setup_models_and_sims.TimeBuildSPM.time_setup_SPM": {"result": [0.4888614285000017], "stats": [{"ci_99": [0.45416500899997914, 0.5043125159999988], "q_25": 0.4758409964999899, "q_75": 0.49509242874999515, "min": 0.45416500899997914, "max": 0.5043125159999988, "mean": 0.4853380159999986, "std": 0.014312618192751916, "repeat": 10, "number": 1}]}, "time_setup_models_and_sims.TimeBuildSPMSimulation.time_setup_SPM_simulation": {"result": [0.235074601000008, 0.5159119985000018], "stats": [{"ci_99": [0.21011434799999051, 0.2512847479999891], "q_25": 0.23284144874999413, "q_75": 0.24029813899998942, "min": 0.21011434799999051, "max": 0.2512847479999891, "mean": 0.2341269192999988, "std": 0.010823283747535996, "repeat": 10, "number": 1}, {"ci_99": [0.4929041620000021, 0.5416279519999989], "q_25": 0.5022094435, "q_75": 0.5246743757500028, "min": 0.4929041620000021, "max": 0.5416279519999989, "mean": 0.5154103660999994, "std": 0.014896991235051721, "repeat": 10, "number": 1}], "params": [["False", "True"]]}, "time_setup_models_and_sims.TimeBuildSPMe.time_setup_SPMe": {"result": [0.6730412560000048], "stats": [{"ci_99": [0.6467738229999895, 0.7019597310000165], "q_25": 0.6620031392499897, "q_75": 0.6801531272500014, "min": 0.6467738229999895, "max": 0.7019597310000165, "mean": 0.6726617822000008, "std": 0.014976555119284635, "repeat": 10, "number": 1}]}, "time_setup_models_and_sims.TimeBuildSPMeSimulation.time_setup_SPMe_simulation": {"result": [0.2443025815000084, 0.5821042959999971], "stats": [{"ci_99": [0.2347246200000086, 0.26146962300001064], "q_25": 0.23911321274999153, "q_75": 0.25459297200001174, "min": 0.2347246200000086, "max": 0.26146962300001064, "mean": 0.24671953330000634, "std": 0.009048161964851493, "repeat": 10, "number": 1}, {"ci_99": [0.5695651039999916, 0.605505633000007], "q_25": 0.5739817064999997, "q_75": 0.5972111077499846, "min": 0.5695651039999916, "max": 0.605505633000007, "mean": 0.5852322238999988, "std": 0.012455819841667317, "repeat": 10, "number": 1}], "params": [["False", "True"]]}, "time_solve_models.TimeSolveDFN.time_solve_model": {"result": [0.6088143135000053, 0.808885373999999], "stats": [{"ci_99": [0.5834878819999858, 0.6787789720000035], "q_25": 0.5897731095000012, "q_75": 0.6424270612499896, "min": 0.5834878819999858, "max": 0.6787789720000035, "mean": 0.6206213282499995, "std": 0.036504847860864144, "repeat": 8, "number": 1}, {"ci_99": [0.7439029610000034, 0.9012305310000102], "q_25": 0.7452804965000013, "q_75": 0.8786602125000016, "min": 0.7439029610000034, "max": 0.9012305310000102, "mean": 0.8144646554000019, "std": 0.06850118864280506, "repeat": 10, "number": 1}], "params": [["True", "False"]]}, "time_solve_models.TimeSolveSPM.time_solve_model": {"result": [0.029850871000007828, 0.05263532099999679], "stats": [{"ci_99": [0.027643526000019847, 0.03317191200000025], "q_25": 0.02912312125000227, "q_75": 0.03080247049998519, "min": 0.027643526000019847, "max": 0.03317191200000025, "mean": 0.030068114999997418, "std": 0.0015321565459243168, "repeat": 10, "number": 1}, {"ci_99": [0.050520596000012574, 0.05734812299999703], "q_25": 0.05152115049999395, "q_75": 0.05432997774999393, "min": 0.050520596000012574, "max": 0.05734812299999703, "mean": 0.05305577830000061, "std": 0.002034306524182751, "repeat": 10, "number": 1}], "params": [["True", "False"]]}, "time_solve_models.TimeSolveSPMe.time_solve_model": {"result": [0.04439725500002112, 0.09233787899998447], "stats": [{"ci_99": [0.04115680000001021, 0.05014782099999593], "q_25": 0.04282257025000291, "q_75": 0.0462942704999989, "min": 0.04115680000001021, "max": 0.05014782099999593, "mean": 0.04480602210000484, "std": 0.0027596113556179226, "repeat": 10, "number": 1}, {"ci_99": [0.08873507100003053, 0.09719700300001932], "q_25": 0.0899773140000093, "q_75": 0.09581898699998703, "min": 0.08873507100003053, "max": 0.09719700300001932, "mean": 0.09284857430000101, "std": 0.0031568950446178587, "repeat": 10, "number": 1}], "params": [["True", "False"]]}}, "params": {"machine": "GitHubRunner", "python": "3.8"}, "requirements": {}, "commit_hash": "00a93578a1e270876ea13e89dc2568dbc1a50b86", "date": 1629941483000, "env_name": "virtualenv-py3.8", "python": "3.8", "profiles": {}, "started_at": {"time_setup_models_and_sims.TimeBuildDFN.time_setup_DFN": 1629948067450, "time_setup_models_and_sims.TimeBuildDFNSimulation.time_setup_DFN_simulation": 1629948072416, "time_setup_models_and_sims.TimeBuildSPM.time_setup_SPM": 1629948077539, "time_setup_models_and_sims.TimeBuildSPMSimulation.time_setup_SPM_simulation": 1629948080752, "time_setup_models_and_sims.TimeBuildSPMe.time_setup_SPMe": 1629948085522, "time_setup_models_and_sims.TimeBuildSPMeSimulation.time_setup_SPMe_simulation": 1629948089938, "time_solve_models.TimeSolveDFN.time_solve_model": 1629948095259, "time_solve_models.TimeSolveSPM.time_solve_model": 1629948120184, "time_solve_models.TimeSolveSPMe.time_solve_model": 1629948129316}, "ended_at": {"time_setup_models_and_sims.TimeBuildDFN.time_setup_DFN": 1629948072416, "time_setup_models_and_sims.TimeBuildDFNSimulation.time_setup_DFN_simulation": 1629948077538, "time_setup_models_and_sims.TimeBuildSPM.time_setup_SPM": 1629948080752, "time_setup_models_and_sims.TimeBuildSPMSimulation.time_setup_SPM_simulation": 1629948085522, "time_setup_models_and_sims.TimeBuildSPMe.time_setup_SPMe": 1629948089937, "time_setup_models_and_sims.TimeBuildSPMeSimulation.time_setup_SPMe_simulation": 1629948095258, "time_solve_models.TimeSolveDFN.time_solve_model": 1629948120184, "time_solve_models.TimeSolveSPM.time_solve_model": 1629948129315, "time_solve_models.TimeSolveSPMe.time_solve_model": 1629948141803}, "benchmark_version": {"time_setup_models_and_sims.TimeBuildDFN.time_setup_DFN": "5f322e51e6b7e66125ee6949bdf25746005db467e8ffcfdcb3ace170e92bbc3d", "time_setup_models_and_sims.TimeBuildDFNSimulation.time_setup_DFN_simulation": "8de44bc542fa7d4ba28a80f24414a9444b5436673aaebba674918f5f0bfd0ebb", "time_setup_models_and_sims.TimeBuildSPM.time_setup_SPM": "0d0b3f5c67fc2da9a5794c66b70af5a45a09558d1ee95f738745385adb84fbca", "time_setup_models_and_sims.TimeBuildSPMSimulation.time_setup_SPM_simulation": "161220a99418ce4487cc29325cbae897f28d0e44ae07e1dfbfaac2cbc53a4ff9", "time_setup_models_and_sims.TimeBuildSPMe.time_setup_SPMe": "6083f5ff944353395eb4b21c97b02af555fe6528de3cd5283f5e139943945235", "time_setup_models_and_sims.TimeBuildSPMeSimulation.time_setup_SPMe_simulation": "530563cb559427795e3648d9648df9250ae100b7721f69eec356bdda7798c55e", "time_solve_models.TimeSolveDFN.time_solve_model": "914137228e20e5900cec36b0d3865f1faa2f5d479c7d6c2539514791f9ec4430", "time_solve_models.TimeSolveSPM.time_solve_model": "ef1bb5f8d1ddfa59650e20438c4b252d73e5a062714848ce1d6d5269382bc598", "time_solve_models.TimeSolveSPMe.time_solve_model": "20672028872f4620ce85e909bae705d9490de441e926510b2b0e53ff0881d87b"}, "version": 1}