{"results": {"time_setup_models_and_sims.TimeBuildDFN.time_setup_DFN": {"result": [0.8582577220004168], "stats": [{"ci_99": [0.8375490739999805, 0.9077176789996884], "q_25": 0.842321605500274, "q_75": 0.8864342779997969, "min": 0.8375490739999805, "max": 0.9077176789996884, "mean": 0.8655080346999966, "std": 0.024743180367553557, "repeat": 10, "number": 1}]}, "time_setup_models_and_sims.TimeBuildDFNSimulation.time_setup_DFN_simulation": {"result": [0.09645324950088252, 0.19208104249992175], "stats": [{"ci_99": [0.0949665879998065, 0.09964302200023667], "q_25": 0.09582401975103494, "q_75": 0.09777858349980306, "min": 0.0949665879998065, "max": 0.09964302200023667, "mean": 0.096917042500354, "std": 0.001545307449581897, "repeat": 10, "number": 1}, {"ci_99": [0.18987267600095947, 0.20524048900006164], "q_25": 0.190663957749166, "q_75": 0.20025102725003308, "min": 0.18987267600095947, "max": 0.20524048900006164, "mean": 0.1951488648999657, "std": 0.006012069143076846, "repeat": 10, "number": 1}], "params": [["False", "True"]]}, "time_setup_models_and_sims.TimeBuildSPM.time_setup_SPM": {"result": [0.6687041975010288], "stats": [{"ci_99": [0.6384369269999297, 0.6873866839996481], "q_25": 0.6581523197501156, "q_75": 0.6765931047502818, "min": 0.6384369269999297, "max": 0.6873866839996481, "mean": 0.6662278794003214, "std": 0.013811102511523917, "repeat": 10, "number": 1}]}, "time_setup_models_and_sims.TimeBuildSPMSimulation.time_setup_SPM_simulation": {"result": [0.26964925450010924, 0.5037599519992], "stats": [{"ci_99": [0.2434449649990711, 0.277588912000283], "q_25": 0.2650170959996103, "q_75": 0.2742013369988854, "min": 0.2434449649990711, "max": 0.277588912000283, "mean": 0.2677354206996824, "std": 0.009391107090645235, "repeat": 10, "number": 1}, {"ci_99": [0.4710262150001654, 0.5303462430001673], "q_25": 0.48766716100044505, "q_75": 0.5152308592500958, "min": 0.4710262150001654, "max": 0.5303462430001673, "mean": 0.5028868153998701, "std": 0.019115141067283806, "repeat": 10, "number": 1}], "params": [["False", "True"]]}, "time_setup_models_and_sims.TimeBuildSPMe.time_setup_SPMe": {"result": [0.7774560850002672], "stats": [{"ci_99": [0.7596410070000275, 0.7980311829996936], "q_25": 0.7696484047501144, "q_75": 0.7911738095003784, "min": 0.7596410070000275, "max": 0.7980311829996936, "mean": 0.7788684256000125, "std": 0.012964499582016032, "repeat": 10, "number": 1}]}, "time_setup_models_and_sims.TimeBuildSPMeSimulation.time_setup_SPMe_simulation": {"result": [0.1335040684998603, 0.24961835999965842], "stats": [{"ci_99": [0.12879283400070562, 0.13651269000001776], "q_25": 0.13129492649977692, "q_75": 0.13578878450107368, "min": 0.12879283400070562, "max": 0.13651269000001776, "mean": 0.13329413650008065, "std": 0.0026598926679832365, "repeat": 10, "number": 1}, {"ci_99": [0.23946443499880843, 0.25735916499979794], "q_25": 0.242371631999049, "q_75": 0.253363961749983, "min": 0.23946443499880843, "max": 0.25735916499979794, "mean": 0.24843640069975664, "std": 0.00628021621023537, "repeat": 10, "number": 1}], "params": [["False", "True"]]}, "time_solve_models.TimeSolveDFN.time_solve_model": {"result": [1.2994821165002577, 1.4941742290011462], "stats": [{"ci_99": [1.2566354328446354, 1.3428213744876578], "q_25": 1.2756645967501754, "q_75": 1.319028886498927, "min": 1.2695412029988802, "max": 1.3365950859988516, "mean": 1.2997284036661465, "std": 0.025227278147697117, "repeat": 6, "number": 1}, {"ci_99": [1.4391193270002987, 1.5358171280004171], "q_25": 1.4492781792500864, "q_75": 1.5112025055004779, "min": 1.4391193270002987, "max": 1.5358171280004171, "mean": 1.4857283177504996, "std": 0.03477922081991941, "repeat": 8, "number": 1}], "params": [["True", "False"]]}, "time_solve_models.TimeSolveSPM.time_solve_model": {"result": [0.06915225099965028, 0.11169645949939877], "stats": [{"ci_99": [0.06509447200005525, 0.07268002700038778], "q_25": 0.06622540550097256, "q_75": 0.07036948474978999, "min": 0.06509447200005525, "max": 0.07268002700038778, "mean": 0.06863426740019349, "std": 0.0023947089170033567, "repeat": 10, "number": 1}, {"ci_99": [0.10524666300079843, 0.12285709000025236], "q_25": 0.10870511325083498, "q_75": 0.11759765250053533, "min": 0.10524666300079843, "max": 0.12285709000025236, "mean": 0.11298782890007715, "std": 0.0054582241778059985, "repeat": 10, "number": 1}], "params": [["True", "False"]]}, "time_solve_models.TimeSolveSPMe.time_solve_model": {"result": [0.11334757100030401, 0.18899416949989245], "stats": [{"ci_99": [0.10518456200043147, 0.11606544099959137], "q_25": 0.10647384649882952, "q_75": 0.11446977974992478, "min": 0.10518456200043147, "max": 0.11606544099959137, "mean": 0.1112430258999666, "std": 0.0042761327704808815, "repeat": 10, "number": 1}, {"ci_99": [0.1737291589997767, 0.1951095139993413], "q_25": 0.18067408474871627, "q_75": 0.19255319550075, "min": 0.1737291589997767, "max": 0.1951095139993413, "mean": 0.18654359199954343, "std": 0.007739103565749726, "repeat": 10, "number": 1}], "params": [["True", "False"]]}}, "params": {"machine": "GitHubRunner", "python": "3.8"}, "requirements": {}, "commit_hash": "00cbe19490b7fc2ee88c9a58d7e1b06c3f8325d8", "date": 1592321086000, "env_name": "virtualenv-py3.8", "python": "3.8", "profiles": {}, "started_at": {"time_setup_models_and_sims.TimeBuildDFN.time_setup_DFN": 1613152318161, "time_setup_models_and_sims.TimeBuildDFNSimulation.time_setup_DFN_simulation": 1613152323633, "time_setup_models_and_sims.TimeBuildSPM.time_setup_SPM": 1613152325601, "time_setup_models_and_sims.TimeBuildSPMSimulation.time_setup_SPM_simulation": 1613152329869, "time_setup_models_and_sims.TimeBuildSPMe.time_setup_SPMe": 1613152334945, "time_setup_models_and_sims.TimeBuildSPMeSimulation.time_setup_SPMe_simulation": 1613152339966, "time_solve_models.TimeSolveDFN.time_solve_model": 1613152342484, "time_solve_models.TimeSolveSPM.time_solve_model": 1613152370930, "time_solve_models.TimeSolveSPMe.time_solve_model": 1613152382926}, "ended_at": {"time_setup_models_and_sims.TimeBuildDFN.time_setup_DFN": 1613152323633, "time_setup_models_and_sims.TimeBuildDFNSimulation.time_setup_DFN_simulation": 1613152325600, "time_setup_models_and_sims.TimeBuildSPM.time_setup_SPM": 1613152329869, "time_setup_models_and_sims.TimeBuildSPMSimulation.time_setup_SPM_simulation": 1613152334945, "time_setup_models_and_sims.TimeBuildSPMe.time_setup_SPMe": 1613152339965, "time_setup_models_and_sims.TimeBuildSPMeSimulation.time_setup_SPMe_simulation": 1613152342483, "time_solve_models.TimeSolveDFN.time_solve_model": 1613152370929, "time_solve_models.TimeSolveSPM.time_solve_model": 1613152382925, "time_solve_models.TimeSolveSPMe.time_solve_model": 1613152397829}, "benchmark_version": {"time_setup_models_and_sims.TimeBuildDFN.time_setup_DFN": "5f322e51e6b7e66125ee6949bdf25746005db467e8ffcfdcb3ace170e92bbc3d", "time_setup_models_and_sims.TimeBuildDFNSimulation.time_setup_DFN_simulation": "8de44bc542fa7d4ba28a80f24414a9444b5436673aaebba674918f5f0bfd0ebb", "time_setup_models_and_sims.TimeBuildSPM.time_setup_SPM": "0d0b3f5c67fc2da9a5794c66b70af5a45a09558d1ee95f738745385adb84fbca", "time_setup_models_and_sims.TimeBuildSPMSimulation.time_setup_SPM_simulation": "161220a99418ce4487cc29325cbae897f28d0e44ae07e1dfbfaac2cbc53a4ff9", "time_setup_models_and_sims.TimeBuildSPMe.time_setup_SPMe": "6083f5ff944353395eb4b21c97b02af555fe6528de3cd5283f5e139943945235", "time_setup_models_and_sims.TimeBuildSPMeSimulation.time_setup_SPMe_simulation": "530563cb559427795e3648d9648df9250ae100b7721f69eec356bdda7798c55e", "time_solve_models.TimeSolveDFN.time_solve_model": "914137228e20e5900cec36b0d3865f1faa2f5d479c7d6c2539514791f9ec4430", "time_solve_models.TimeSolveSPM.time_solve_model": "ef1bb5f8d1ddfa59650e20438c4b252d73e5a062714848ce1d6d5269382bc598", "time_solve_models.TimeSolveSPMe.time_solve_model": "20672028872f4620ce85e909bae705d9490de441e926510b2b0e53ff0881d87b"}, "version": 1}