{"results": {"time_setup_models_and_sims.TimeBuildDFN.time_setup_DFN": {"result": [0.8444886584999836], "stats": [{"ci_99": [0.8376766199999679, 0.8704165839999973], "q_25": 0.8412967305000052, "q_75": 0.8495179079999957, "min": 0.8376766199999679, "max": 0.8704165839999973, "mean": 0.8480968207999922, "std": 0.010260108933436114, "repeat": 10, "number": 1}]}, "time_setup_models_and_sims.TimeBuildDFNSimulation.time_setup_DFN_simulation": {"result": [0.24882166300000108, 0.5877853750000099], "stats": [{"ci_99": [0.24261196699995935, 0.25689847799998233], "q_25": 0.24578175024998927, "q_75": 0.2522814777500031, "min": 0.24261196699995935, "max": 0.25689847799998233, "mean": 0.24898177459998577, "std": 0.004292046199874675, "repeat": 10, "number": 1}, {"ci_99": [0.5790881049999825, 0.6053095729999995], "q_25": 0.5863270984999644, "q_75": 0.5906906900000308, "min": 0.5790881049999825, "max": 0.6053095729999995, "mean": 0.5894041969, "std": 0.006796776341325266, "repeat": 10, "number": 1}], "params": [["False", "True"]]}, "time_setup_models_and_sims.TimeBuildSPM.time_setup_SPM": {"result": [0.6059930140000347], "stats": [{"ci_99": [0.591972687000009, 0.6214716009999961], "q_25": 0.5964960907499801, "q_75": 0.6093509487500341, "min": 0.591972687000009, "max": 0.6214716009999961, "mean": 0.6046542245000183, "std": 0.0090390967733842, "repeat": 10, "number": 1}]}, "time_setup_models_and_sims.TimeBuildSPMSimulation.time_setup_SPM_simulation": {"result": [0.30818407149999416, 0.680956848500017], "stats": [{"ci_99": [0.29950391599999193, 0.32826764899999716], "q_25": 0.3022487112499732, "q_75": 0.3107374257500197, "min": 0.29950391599999193, "max": 0.32826764899999716, "mean": 0.3085105452999869, "std": 0.007888137630160122, "repeat": 10, "number": 1}, {"ci_99": [0.67514072299997, 0.6989198759999908], "q_25": 0.6774590325000247, "q_75": 0.687384347749969, "min": 0.67514072299997, "max": 0.6989198759999908, "mean": 0.6831486110000015, "std": 0.007074818884245365, "repeat": 10, "number": 1}], "params": [["False", "True"]]}, "time_setup_models_and_sims.TimeBuildSPMe.time_setup_SPMe": {"result": [0.7861994820000007], "stats": [{"ci_99": [0.7688337309999724, 0.8086977239999555], "q_25": 0.7841384452500222, "q_75": 0.800984129750006, "min": 0.7688337309999724, "max": 0.8086977239999555, "mean": 0.7900330534999966, "std": 0.011860574562813806, "repeat": 10, "number": 1}]}, "time_setup_models_and_sims.TimeBuildSPMeSimulation.time_setup_SPMe_simulation": {"result": [0.29111922749999053, 0.6805394010000043], "stats": [{"ci_99": [0.28575400500000114, 0.3037469710000096], "q_25": 0.2891012069999874, "q_75": 0.2959279307499827, "min": 0.28575400500000114, "max": 0.3037469710000096, "mean": 0.2930808479999996, "std": 0.005724533218289852, "repeat": 10, "number": 1}, {"ci_99": [0.6722727769999892, 0.6851881540000022], "q_25": 0.6749009557500187, "q_75": 0.6827722004999686, "min": 0.6722727769999892, "max": 0.6851881540000022, "mean": 0.6792821717999971, "std": 0.004508533555982814, "repeat": 10, "number": 1}], "params": [["False", "True"]]}, "time_solve_models.TimeSolveDFN.time_solve_model": {"result": [0.6946695304999935, 0.8956633974999875], "stats": [{"ci_99": [0.6662139549999893, 0.7423840829999904], "q_25": 0.6882029927499929, "q_75": 0.7031946469999752, "min": 0.6662139549999893, "max": 0.7423840829999904, "mean": 0.6973719489999866, "std": 0.02035398614262443, "repeat": 8, "number": 1}, {"ci_99": [0.8709661080000046, 0.9246219589999782], "q_25": 0.8851370182500204, "q_75": 0.9108572344999857, "min": 0.8709661080000046, "max": 0.9246219589999782, "mean": 0.8973871247999966, "std": 0.017061179102716546, "repeat": 10, "number": 1}], "params": [["True", "False"]]}, "time_solve_models.TimeSolveSPM.time_solve_model": {"result": [0.03036376899999027, 0.06142889849999733], "stats": [{"ci_99": [0.028852761999985432, 0.03127317299998822], "q_25": 0.029209062499973015, "q_75": 0.030675020500012806, "min": 0.028852761999985432, "max": 0.03127317299998822, "mean": 0.030071027799994, "std": 0.0008621277218339077, "repeat": 10, "number": 1}, {"ci_99": [0.05704282199997124, 0.06719104600000492], "q_25": 0.05998058799998773, "q_75": 0.06331511449999994, "min": 0.05704282199997124, "max": 0.06719104600000492, "mean": 0.061659256099994765, "std": 0.0026934471749042463, "repeat": 10, "number": 1}], "params": [["True", "False"]]}, "time_solve_models.TimeSolveSPMe.time_solve_model": {"result": [0.04302320100001111, 0.10177457300000015], "stats": [{"ci_99": [0.041493333999994775, 0.050028784000005544], "q_25": 0.04233751799998231, "q_75": 0.0450455179999949, "min": 0.041493333999994775, "max": 0.050028784000005544, "mean": 0.04396002519999911, "std": 0.002502730210659562, "repeat": 10, "number": 1}, {"ci_99": [0.09921485900002835, 0.10880758799999057], "q_25": 0.10089188975001662, "q_75": 0.10539374800002577, "min": 0.09921485900002835, "max": 0.10880758799999057, "mean": 0.10306263660000922, "std": 0.0029458621171834175, "repeat": 10, "number": 1}], "params": [["True", "False"]]}}, "params": {"machine": "GitHubRunner", "python": "3.8"}, "requirements": {}, "commit_hash": "0160810c0b929db7d224f7ed919b905fd2ae57e0", "date": 1633718922000, "env_name": "virtualenv-py3.8", "python": "3.8", "profiles": {}, "started_at": {"time_setup_models_and_sims.TimeBuildDFN.time_setup_DFN": 1633922525497, "time_setup_models_and_sims.TimeBuildDFNSimulation.time_setup_DFN_simulation": 1633922531067, "time_setup_models_and_sims.TimeBuildSPM.time_setup_SPM": 1633922536441, "time_setup_models_and_sims.TimeBuildSPMSimulation.time_setup_SPM_simulation": 1633922540511, "time_setup_models_and_sims.TimeBuildSPMe.time_setup_SPMe": 1633922546890, "time_setup_models_and_sims.TimeBuildSPMeSimulation.time_setup_SPMe_simulation": 1633922552110, "time_solve_models.TimeSolveDFN.time_solve_model": 1633922558337, "time_solve_models.TimeSolveSPM.time_solve_model": 1633922585180, "time_solve_models.TimeSolveSPMe.time_solve_model": 1633922596873}, "ended_at": {"time_setup_models_and_sims.TimeBuildDFN.time_setup_DFN": 1633922531067, "time_setup_models_and_sims.TimeBuildDFNSimulation.time_setup_DFN_simulation": 1633922536440, "time_setup_models_and_sims.TimeBuildSPM.time_setup_SPM": 1633922540511, "time_setup_models_and_sims.TimeBuildSPMSimulation.time_setup_SPM_simulation": 1633922546889, "time_setup_models_and_sims.TimeBuildSPMe.time_setup_SPMe": 1633922552110, "time_setup_models_and_sims.TimeBuildSPMeSimulation.time_setup_SPMe_simulation": 1633922558337, "time_solve_models.TimeSolveDFN.time_solve_model": 1633922585179, "time_solve_models.TimeSolveSPM.time_solve_model": 1633922596872, "time_solve_models.TimeSolveSPMe.time_solve_model": 1633922612380}, "benchmark_version": {"time_setup_models_and_sims.TimeBuildDFN.time_setup_DFN": "5f322e51e6b7e66125ee6949bdf25746005db467e8ffcfdcb3ace170e92bbc3d", "time_setup_models_and_sims.TimeBuildDFNSimulation.time_setup_DFN_simulation": "8de44bc542fa7d4ba28a80f24414a9444b5436673aaebba674918f5f0bfd0ebb", "time_setup_models_and_sims.TimeBuildSPM.time_setup_SPM": "0d0b3f5c67fc2da9a5794c66b70af5a45a09558d1ee95f738745385adb84fbca", "time_setup_models_and_sims.TimeBuildSPMSimulation.time_setup_SPM_simulation": "161220a99418ce4487cc29325cbae897f28d0e44ae07e1dfbfaac2cbc53a4ff9", "time_setup_models_and_sims.TimeBuildSPMe.time_setup_SPMe": "6083f5ff944353395eb4b21c97b02af555fe6528de3cd5283f5e139943945235", "time_setup_models_and_sims.TimeBuildSPMeSimulation.time_setup_SPMe_simulation": "530563cb559427795e3648d9648df9250ae100b7721f69eec356bdda7798c55e", "time_solve_models.TimeSolveDFN.time_solve_model": "914137228e20e5900cec36b0d3865f1faa2f5d479c7d6c2539514791f9ec4430", "time_solve_models.TimeSolveSPM.time_solve_model": "ef1bb5f8d1ddfa59650e20438c4b252d73e5a062714848ce1d6d5269382bc598", "time_solve_models.TimeSolveSPMe.time_solve_model": "20672028872f4620ce85e909bae705d9490de441e926510b2b0e53ff0881d87b"}, "version": 1}