{"results": {"time_setup_models_and_sims.TimeBuildDFN.time_setup_DFN": {"result": [0.710136370000015], "stats": [{"ci_99": [0.6945964309999795, 0.7433461870000428], "q_25": 0.6999173822500069, "q_75": 0.7358453627500126, "min": 0.6945964309999795, "max": 0.7433461870000428, "mean": 0.7160860416000105, "std": 0.01888888591324038, "repeat": 10, "number": 1}]}, "time_setup_models_and_sims.TimeBuildDFNSimulation.time_setup_DFN_simulation": {"result": [0.21220328449999215, 0.5069442170000116], "stats": [{"ci_99": [0.20579023200002666, 0.22563778700003922], "q_25": 0.206930043249983, "q_75": 0.2162767337499787, "min": 0.20579023200002666, "max": 0.22563778700003922, "mean": 0.2126203475000011, "std": 0.006208395295094923, "repeat": 10, "number": 1}, {"ci_99": [0.4863134820000141, 0.5187227499999949], "q_25": 0.5016431492500004, "q_75": 0.5141796074999974, "min": 0.4863134820000141, "max": 0.5187227499999949, "mean": 0.505673164500007, "std": 0.009877834099412964, "repeat": 10, "number": 1}], "params": [["False", "True"]]}, "time_setup_models_and_sims.TimeBuildSPM.time_setup_SPM": {"result": [0.5027369644999737], "stats": [{"ci_99": [0.4929203919999736, 0.5125107370000137], "q_25": 0.4974400535000143, "q_75": 0.5098740932499624, "min": 0.4929203919999736, "max": 0.5125107370000137, "mean": 0.5033304120999901, "std": 0.007049423490173215, "repeat": 10, "number": 1}]}, "time_setup_models_and_sims.TimeBuildSPMSimulation.time_setup_SPM_simulation": {"result": [0.2598640665000005, 0.5686770750000107], "stats": [{"ci_99": [0.2536848999999961, 0.2683529470000394], "q_25": 0.2547530532499991, "q_75": 0.26202385924999305, "min": 0.2536848999999961, "max": 0.2683529470000394, "mean": 0.25948986370000854, "std": 0.004731865318647936, "repeat": 10, "number": 1}, {"ci_99": [0.5600207399999704, 0.6137294549999979], "q_25": 0.56510053975002, "q_75": 0.5733192522500019, "min": 0.5600207399999704, "max": 0.6137294549999979, "mean": 0.5729222323999977, "std": 0.01438682278072129, "repeat": 10, "number": 1}], "params": [["False", "True"]]}, "time_setup_models_and_sims.TimeBuildSPMe.time_setup_SPMe": {"result": [0.6723183089999907], "stats": [{"ci_99": [0.6330430449999653, 0.7083001600000216], "q_25": 0.655437659250012, "q_75": 0.6781370379999885, "min": 0.6330430449999653, "max": 0.7083001600000216, "mean": 0.668441049899991, "std": 0.021445874514176965, "repeat": 10, "number": 1}]}, "time_setup_models_and_sims.TimeBuildSPMeSimulation.time_setup_SPMe_simulation": {"result": [0.24910925900002212, 0.5778996470000095], "stats": [{"ci_99": [0.24206057699996109, 0.2545376639999972], "q_25": 0.24409468700000048, "q_75": 0.2517756070000132, "min": 0.24206057699996109, "max": 0.2545376639999972, "mean": 0.2483476524000082, "std": 0.004360767892033905, "repeat": 10, "number": 1}, {"ci_99": [0.5625601140000072, 0.5860141210000052], "q_25": 0.5704507187499956, "q_75": 0.581045550749991, "min": 0.5625601140000072, "max": 0.5860141210000052, "mean": 0.5751473309000005, "std": 0.007638297078191059, "repeat": 10, "number": 1}], "params": [["False", "True"]]}, "time_solve_models.TimeSolveDFN.time_solve_model": {"result": [0.6183693274999484, 0.7971764954999969], "stats": [{"ci_99": [0.6011622869999655, 0.6460193359999948], "q_25": 0.6135818102500394, "q_75": 0.6261994200000203, "min": 0.6011622869999655, "max": 0.6460193359999948, "mean": 0.6203148053749956, "std": 0.012615423663588355, "repeat": 8, "number": 1}, {"ci_99": [0.7815848220000134, 0.8146099709999817], "q_25": 0.7933186835000328, "q_75": 0.8080308307499422, "min": 0.7815848220000134, "max": 0.8146099709999817, "mean": 0.7992128513999944, "std": 0.010184744439383272, "repeat": 10, "number": 1}], "params": [["True", "False"]]}, "time_solve_models.TimeSolveSPM.time_solve_model": {"result": [0.025692477499973165, 0.05306976750000558], "stats": [{"ci_99": [0.025016471999947498, 0.03371543200000815], "q_25": 0.025344275750057932, "q_75": 0.02648008374998767, "min": 0.025016471999947498, "max": 0.03371543200000815, "mean": 0.026557693399990968, "std": 0.0024620119726140276, "repeat": 10, "number": 1}, {"ci_99": [0.05099025499998788, 0.05729219899990312], "q_25": 0.0520860867499664, "q_75": 0.05360599600000171, "min": 0.05099025499998788, "max": 0.05729219899990312, "mean": 0.05328658949998157, "std": 0.0017234081932671478, "repeat": 10, "number": 1}], "params": [["True", "False"]]}, "time_solve_models.TimeSolveSPMe.time_solve_model": {"result": [0.03671525449999535, 0.09267969500001527], "stats": [{"ci_99": [0.035328647999904206, 0.038128563999975995], "q_25": 0.03599580149997905, "q_75": 0.037375260499999285, "min": 0.035328647999904206, "max": 0.038128563999975995, "mean": 0.0367302458999859, "std": 0.0008862739890324106, "repeat": 10, "number": 1}, {"ci_99": [0.08660220300004084, 0.09869538700002067], "q_25": 0.08894407674995364, "q_75": 0.09595112500002756, "min": 0.08660220300004084, "max": 0.09869538700002067, "mean": 0.09262873830001013, "std": 0.004070179289444171, "repeat": 10, "number": 1}], "params": [["True", "False"]]}}, "params": {"machine": "GitHubRunner", "python": "3.8"}, "requirements": {}, "commit_hash": "0160810c0b929db7d224f7ed919b905fd2ae57e0", "date": 1633718922000, "env_name": "virtualenv-py3.8", "python": "3.8", "profiles": {}, "started_at": {"time_setup_models_and_sims.TimeBuildDFN.time_setup_DFN": 1633749696203, "time_setup_models_and_sims.TimeBuildDFNSimulation.time_setup_DFN_simulation": 1633749700869, "time_setup_models_and_sims.TimeBuildSPM.time_setup_SPM": 1633749705539, "time_setup_models_and_sims.TimeBuildSPMSimulation.time_setup_SPM_simulation": 1633749709003, "time_setup_models_and_sims.TimeBuildSPMe.time_setup_SPMe": 1633749714424, "time_setup_models_and_sims.TimeBuildSPMeSimulation.time_setup_SPMe_simulation": 1633749718889, "time_solve_models.TimeSolveDFN.time_solve_model": 1633749724159, "time_solve_models.TimeSolveSPM.time_solve_model": 1633749747222, "time_solve_models.TimeSolveSPMe.time_solve_model": 1633749757054}, "ended_at": {"time_setup_models_and_sims.TimeBuildDFN.time_setup_DFN": 1633749700868, "time_setup_models_and_sims.TimeBuildDFNSimulation.time_setup_DFN_simulation": 1633749705537, "time_setup_models_and_sims.TimeBuildSPM.time_setup_SPM": 1633749709003, "time_setup_models_and_sims.TimeBuildSPMSimulation.time_setup_SPM_simulation": 1633749714424, "time_setup_models_and_sims.TimeBuildSPMe.time_setup_SPMe": 1633749718889, "time_setup_models_and_sims.TimeBuildSPMeSimulation.time_setup_SPMe_simulation": 1633749724158, "time_solve_models.TimeSolveDFN.time_solve_model": 1633749747222, "time_solve_models.TimeSolveSPM.time_solve_model": 1633749757053, "time_solve_models.TimeSolveSPMe.time_solve_model": 1633749769996}, "benchmark_version": {"time_setup_models_and_sims.TimeBuildDFN.time_setup_DFN": "5f322e51e6b7e66125ee6949bdf25746005db467e8ffcfdcb3ace170e92bbc3d", "time_setup_models_and_sims.TimeBuildDFNSimulation.time_setup_DFN_simulation": "8de44bc542fa7d4ba28a80f24414a9444b5436673aaebba674918f5f0bfd0ebb", "time_setup_models_and_sims.TimeBuildSPM.time_setup_SPM": "0d0b3f5c67fc2da9a5794c66b70af5a45a09558d1ee95f738745385adb84fbca", "time_setup_models_and_sims.TimeBuildSPMSimulation.time_setup_SPM_simulation": "161220a99418ce4487cc29325cbae897f28d0e44ae07e1dfbfaac2cbc53a4ff9", "time_setup_models_and_sims.TimeBuildSPMe.time_setup_SPMe": "6083f5ff944353395eb4b21c97b02af555fe6528de3cd5283f5e139943945235", "time_setup_models_and_sims.TimeBuildSPMeSimulation.time_setup_SPMe_simulation": "530563cb559427795e3648d9648df9250ae100b7721f69eec356bdda7798c55e", "time_solve_models.TimeSolveDFN.time_solve_model": "914137228e20e5900cec36b0d3865f1faa2f5d479c7d6c2539514791f9ec4430", "time_solve_models.TimeSolveSPM.time_solve_model": "ef1bb5f8d1ddfa59650e20438c4b252d73e5a062714848ce1d6d5269382bc598", "time_solve_models.TimeSolveSPMe.time_solve_model": "20672028872f4620ce85e909bae705d9490de441e926510b2b0e53ff0881d87b"}, "version": 1}