{"results": {"time_setup_models_and_sims.TimeBuildDFN.time_setup_DFN": {"result": [0.4837325120000173], "stats": [{"ci_99": [0.4438737859999833, 0.5159887130000129], "q_25": 0.4482258412500073, "q_75": 0.5148326824999856, "min": 0.4438737859999833, "max": 0.5159887130000129, "mean": 0.48155696989999797, "std": 0.03354479345670557, "repeat": 10, "number": 1}]}, "time_setup_models_and_sims.TimeBuildDFNSimulation.time_setup_DFN_simulation": {"result": [0.14539738250002188, 0.34062302650002607], "stats": [{"ci_99": [0.14435679100000698, 0.14724559399996906], "q_25": 0.14466851425000016, "q_75": 0.14609023474997684, "min": 0.14435679100000698, "max": 0.14724559399996906, "mean": 0.1455347378000056, "std": 0.0009780268993405325, "repeat": 10, "number": 1}, {"ci_99": [0.336441098000023, 0.34407098700000915], "q_25": 0.33859940949999157, "q_75": 0.3418517037500237, "min": 0.336441098000023, "max": 0.34407098700000915, "mean": 0.3403042774000141, "std": 0.0025841055502905264, "repeat": 10, "number": 1}], "params": [["False", "True"]]}, "time_setup_models_and_sims.TimeBuildSPM.time_setup_SPM": {"result": [0.30040657099999635], "stats": [{"ci_99": [0.27665182700002333, 0.3235241480000468], "q_25": 0.27751385324998523, "q_75": 0.322490492, "min": 0.27665182700002333, "max": 0.3235241480000468, "mean": 0.30014009340000597, "std": 0.02240554648155098, "repeat": 10, "number": 1}]}, "time_setup_models_and_sims.TimeBuildSPMSimulation.time_setup_SPM_simulation": {"result": [0.1526547930000106, 0.3410999875000016], "stats": [{"ci_99": [0.14062354700001833, 0.16485754299998234], "q_25": 0.14146552700000825, "q_75": 0.1635927322500237, "min": 0.14062354700001833, "max": 0.16485754299998234, "mean": 0.15259636290001027, "std": 0.01112974157967316, "repeat": 10, "number": 1}, {"ci_99": [0.3129007969999975, 0.36465084700000716], "q_25": 0.31427915549998886, "q_75": 0.36401886749997914, "min": 0.3129007969999975, "max": 0.36465084700000716, "mean": 0.33944862409999815, "std": 0.024674913211924318, "repeat": 10, "number": 1}], "params": [["False", "True"]]}, "time_setup_models_and_sims.TimeBuildSPMe.time_setup_SPMe": {"result": [0.4526840309999898], "stats": [{"ci_99": [0.4497416329999737, 0.45438316100000975], "q_25": 0.45160415274999366, "q_75": 0.45295302675000926, "min": 0.4497416329999737, "max": 0.45438316100000975, "mean": 0.45231199799999333, "std": 0.0014009011407335478, "repeat": 10, "number": 1}]}, "time_setup_models_and_sims.TimeBuildSPMeSimulation.time_setup_SPMe_simulation": {"result": [0.1632865885000001, 0.39052258149999375], "stats": [{"ci_99": [0.150043912000001, 0.17490058599997838], "q_25": 0.15160979599997404, "q_75": 0.17480898475000117, "min": 0.150043912000001, "max": 0.17490058599997838, "mean": 0.16307821249999394, "std": 0.011671150413697247, "repeat": 10, "number": 1}, {"ci_99": [0.3566231670000093, 0.41320073700001103], "q_25": 0.3579991749999891, "q_75": 0.4126543290000342, "min": 0.3566231670000093, "max": 0.41320073700001103, "mean": 0.3862533579000001, "std": 0.026648327597791698, "repeat": 10, "number": 1}], "params": [["False", "True"]]}, "time_solve_models.TimeSolveDFN.time_solve_model": {"result": [0.5068130629999814, 0.6710881159999929], "stats": [{"ci_99": [0.5054223280000087, 0.5095144430000005], "q_25": 0.5063570239999962, "q_75": 0.5089927264999687, "min": 0.5054223280000087, "max": 0.5095144430000005, "mean": 0.50739410139999, "std": 0.001482155472426946, "repeat": 10, "number": 1}, {"ci_99": [0.6677761239999995, 0.6730411869999671], "q_25": 0.669527676750036, "q_75": 0.6720648922499919, "min": 0.6677761239999995, "max": 0.6730411869999671, "mean": 0.6707521392000046, "std": 0.0015788319788337794, "repeat": 10, "number": 1}], "params": [["True", "False"]]}, "time_solve_models.TimeSolveSPM.time_solve_model": {"result": [0.01745487950000779, 0.03548646349997853], "stats": [{"ci_99": [0.017187251999985165, 0.018115355000020372], "q_25": 0.01734045325001432, "q_75": 0.0176809365000139, "min": 0.017187251999985165, "max": 0.018115355000020372, "mean": 0.017539931300007083, "std": 0.0002684470156868919, "repeat": 10, "number": 1}, {"ci_99": [0.035149859999989985, 0.03671262799997521], "q_25": 0.035329601500009744, "q_75": 0.035774800499993376, "min": 0.035149859999989985, "max": 0.03671262799997521, "mean": 0.03562832059998868, "std": 0.0004502521054527198, "repeat": 10, "number": 1}], "params": [["True", "False"]]}, "time_solve_models.TimeSolveSPMe.time_solve_model": {"result": [0.029660201499979166, 0.06881644300000289], "stats": [{"ci_99": [0.027443533999985448, 0.03154006800002662], "q_25": 0.02784542274997648, "q_75": 0.03143001624999897, "min": 0.027443533999985448, "max": 0.03154006800002662, "mean": 0.029584134299994957, "std": 0.0018436071129174065, "repeat": 10, "number": 1}, {"ci_99": [0.061961413000005905, 0.07658005300004334], "q_25": 0.06332551574999457, "q_75": 0.07319893399997568, "min": 0.061961413000005905, "max": 0.07658005300004334, "mean": 0.06860142270000438, "std": 0.005367870470634561, "repeat": 10, "number": 1}], "params": [["True", "False"]]}}, "params": {"machine": "GitHubRunner", "python": "3.8"}, "requirements": {}, "commit_hash": "049a9e5821680bcc4f8ba48b982d688483504dd1", "date": 1629245193000, "env_name": "virtualenv-py3.8", "python": "3.8", "profiles": {}, "started_at": {"time_setup_models_and_sims.TimeBuildDFN.time_setup_DFN": 1629256906829, "time_setup_models_and_sims.TimeBuildDFNSimulation.time_setup_DFN_simulation": 1629256910293, "time_setup_models_and_sims.TimeBuildSPM.time_setup_SPM": 1629256913464, "time_setup_models_and_sims.TimeBuildSPMSimulation.time_setup_SPM_simulation": 1629256915677, "time_setup_models_and_sims.TimeBuildSPMe.time_setup_SPMe": 1629256918694, "time_setup_models_and_sims.TimeBuildSPMeSimulation.time_setup_SPMe_simulation": 1629256921758, "time_solve_models.TimeSolveDFN.time_solve_model": 1629256925126, "time_solve_models.TimeSolveSPM.time_solve_model": 1629256945090, "time_solve_models.TimeSolveSPMe.time_solve_model": 1629256950814}, "ended_at": {"time_setup_models_and_sims.TimeBuildDFN.time_setup_DFN": 1629256910292, "time_setup_models_and_sims.TimeBuildDFNSimulation.time_setup_DFN_simulation": 1629256913463, "time_setup_models_and_sims.TimeBuildSPM.time_setup_SPM": 1629256915677, "time_setup_models_and_sims.TimeBuildSPMSimulation.time_setup_SPM_simulation": 1629256918693, "time_setup_models_and_sims.TimeBuildSPMe.time_setup_SPMe": 1629256921758, "time_setup_models_and_sims.TimeBuildSPMeSimulation.time_setup_SPMe_simulation": 1629256925125, "time_solve_models.TimeSolveDFN.time_solve_model": 1629256945089, "time_solve_models.TimeSolveSPM.time_solve_model": 1629256950814, "time_solve_models.TimeSolveSPMe.time_solve_model": 1629256959954}, "benchmark_version": {"time_setup_models_and_sims.TimeBuildDFN.time_setup_DFN": "5f322e51e6b7e66125ee6949bdf25746005db467e8ffcfdcb3ace170e92bbc3d", "time_setup_models_and_sims.TimeBuildDFNSimulation.time_setup_DFN_simulation": "8de44bc542fa7d4ba28a80f24414a9444b5436673aaebba674918f5f0bfd0ebb", "time_setup_models_and_sims.TimeBuildSPM.time_setup_SPM": "0d0b3f5c67fc2da9a5794c66b70af5a45a09558d1ee95f738745385adb84fbca", "time_setup_models_and_sims.TimeBuildSPMSimulation.time_setup_SPM_simulation": "161220a99418ce4487cc29325cbae897f28d0e44ae07e1dfbfaac2cbc53a4ff9", "time_setup_models_and_sims.TimeBuildSPMe.time_setup_SPMe": "6083f5ff944353395eb4b21c97b02af555fe6528de3cd5283f5e139943945235", "time_setup_models_and_sims.TimeBuildSPMeSimulation.time_setup_SPMe_simulation": "530563cb559427795e3648d9648df9250ae100b7721f69eec356bdda7798c55e", "time_solve_models.TimeSolveDFN.time_solve_model": "914137228e20e5900cec36b0d3865f1faa2f5d479c7d6c2539514791f9ec4430", "time_solve_models.TimeSolveSPM.time_solve_model": "ef1bb5f8d1ddfa59650e20438c4b252d73e5a062714848ce1d6d5269382bc598", "time_solve_models.TimeSolveSPMe.time_solve_model": "20672028872f4620ce85e909bae705d9490de441e926510b2b0e53ff0881d87b"}, "version": 1}