{"results": {"time_setup_models_and_sims.TimeBuildDFN.time_setup_DFN": {"result": [0.9325372844996309], "stats": [{"ci_99": [0.8792411020003783, 0.952783136999642], "q_25": 0.9242211177497666, "q_75": 0.9414370012500513, "min": 0.8792411020003783, "max": 0.952783136999642, "mean": 0.92897195810001, "std": 0.020344506954600473, "repeat": 10, "number": 1}]}, "time_setup_models_and_sims.TimeBuildDFNSimulation.time_setup_DFN_simulation": {"result": [0.10323745200003032, 0.20308012700024847], "stats": [{"ci_99": [0.09821571400061657, 0.11001799899895559], "q_25": 0.10044998100011071, "q_75": 0.10555321749961877, "min": 0.09821571400061657, "max": 0.11001799899895559, "mean": 0.10338698220002698, "std": 0.00356679402168324, "repeat": 10, "number": 1}, {"ci_99": [0.18971377900015796, 0.21265594599935866], "q_25": 0.2000923544997022, "q_75": 0.20770761225048773, "min": 0.18971377900015796, "max": 0.21265594599935866, "mean": 0.20265250400007062, "std": 0.006456367866853116, "repeat": 10, "number": 1}], "params": [["False", "True"]]}, "time_setup_models_and_sims.TimeBuildSPM.time_setup_SPM": {"result": [0.6673742045004474], "stats": [{"ci_99": [0.6351487159990938, 0.7234593670000322], "q_25": 0.6546416379997027, "q_75": 0.6842512289999831, "min": 0.6351487159990938, "max": 0.7234593670000322, "mean": 0.6698769526001342, "std": 0.024562430018022517, "repeat": 10, "number": 1}]}, "time_setup_models_and_sims.TimeBuildSPMSimulation.time_setup_SPM_simulation": {"result": [0.27092692050064215, 0.4772616215004746], "stats": [{"ci_99": [0.2529641380006069, 0.2824391560006916], "q_25": 0.2623558815012075, "q_75": 0.2774121699999341, "min": 0.2529641380006069, "max": 0.2824391560006916, "mean": 0.26975882220031056, "std": 0.009392323983174248, "repeat": 10, "number": 1}, {"ci_99": [0.46485148400097387, 0.5211707929993281], "q_25": 0.4736256169990156, "q_75": 0.48398089350030205, "min": 0.46485148400097387, "max": 0.5211707929993281, "mean": 0.48350329669992786, "std": 0.017344415888494055, "repeat": 10, "number": 1}], "params": [["False", "True"]]}, "time_setup_models_and_sims.TimeBuildSPMe.time_setup_SPMe": {"result": [0.8047661025011621], "stats": [{"ci_99": [0.7598544209995453, 0.85437421899951], "q_25": 0.7939503539996622, "q_75": 0.8179840457496539, "min": 0.7598544209995453, "max": 0.85437421899951, "mean": 0.8061036722998324, "std": 0.027043262042654767, "repeat": 10, "number": 1}]}, "time_setup_models_and_sims.TimeBuildSPMeSimulation.time_setup_SPMe_simulation": {"result": [0.12486185800025851, 0.2525609379990783], "stats": [{"ci_99": [0.12136288299916487, 0.1339521740010241], "q_25": 0.12318669500018586, "q_75": 0.12697589775007145, "min": 0.12136288299916487, "max": 0.1339521740010241, "mean": 0.12574321439988126, "std": 0.003760759100496236, "repeat": 10, "number": 1}, {"ci_99": [0.23864063399923907, 0.27868982500149286], "q_25": 0.24627608924993183, "q_75": 0.2661148857500848, "min": 0.23864063399923907, "max": 0.27868982500149286, "mean": 0.25618661279986554, "std": 0.012783536292327785, "repeat": 10, "number": 1}], "params": [["False", "True"]]}, "time_solve_models.TimeSolveDFN.time_solve_model": {"result": [1.3799844320001284, 1.621939598499921], "stats": [{"ci_99": [1.3361445901669824, 1.4395715558330917], "q_25": 1.370562185750714, "q_75": 1.4107641350001359, "min": 1.341209958998661, "max": 1.4375241420002567, "mean": 1.387858073000037, "std": 0.032012066427975855, "repeat": 6, "number": 1}, {"ci_99": [1.5760185460003413, 1.6717874419991858], "q_25": 1.5957006682497195, "q_75": 1.645365029500681, "min": 1.5760185460003413, "max": 1.6717874419991858, "mean": 1.623143247499911, "std": 0.0328016073167242, "repeat": 8, "number": 1}], "params": [["True", "False"]]}, "time_solve_models.TimeSolveSPM.time_solve_model": {"result": [0.06300150750030298, 0.11351102400021773], "stats": [{"ci_99": [0.06060384100055671, 0.08403071100110537], "q_25": 0.062211002250478487, "q_75": 0.06868824925004446, "min": 0.06060384100055671, "max": 0.08403071100110537, "mean": 0.0668756860002759, "std": 0.007138593312060012, "repeat": 10, "number": 1}, {"ci_99": [0.10467626099853078, 0.1259666149999248], "q_25": 0.10761048149925045, "q_75": 0.11526886374940659, "min": 0.10467626099853078, "max": 0.1259666149999248, "mean": 0.1127266391995363, "std": 0.00597668353483382, "repeat": 10, "number": 1}], "params": [["True", "False"]]}, "time_solve_models.TimeSolveSPMe.time_solve_model": {"result": [0.11037215150008706, 0.17643198200039478], "stats": [{"ci_99": [0.10149313699912454, 0.11979006999899866], "q_25": 0.1032166254999538, "q_75": 0.11431778074893373, "min": 0.10149313699912454, "max": 0.11979006999899866, "mean": 0.10930526399970404, "std": 0.006222431156087925, "repeat": 10, "number": 1}, {"ci_99": [0.17061273800027266, 0.1951402180002333], "q_25": 0.17357186050048767, "q_75": 0.18561929899988172, "min": 0.17061273800027266, "max": 0.1951402180002333, "mean": 0.17965639520007243, "std": 0.008065931641261643, "repeat": 10, "number": 1}], "params": [["True", "False"]]}}, "params": {"machine": "GitHubRunner", "python": "3.8"}, "requirements": {}, "commit_hash": "07d250d0cebf58dd189a1ba860d6fe82f4372f1f", "date": 1596113559000, "env_name": "virtualenv-py3.8", "python": "3.8", "profiles": {}, "started_at": {"time_setup_models_and_sims.TimeBuildDFN.time_setup_DFN": 1613150445726, "time_setup_models_and_sims.TimeBuildDFNSimulation.time_setup_DFN_simulation": 1613150451497, "time_setup_models_and_sims.TimeBuildSPM.time_setup_SPM": 1613150453511, "time_setup_models_and_sims.TimeBuildSPMSimulation.time_setup_SPM_simulation": 1613150457727, "time_setup_models_and_sims.TimeBuildSPMe.time_setup_SPMe": 1613150462551, "time_setup_models_and_sims.TimeBuildSPMeSimulation.time_setup_SPMe_simulation": 1613150467670, "time_solve_models.TimeSolveDFN.time_solve_model": 1613150470136, "time_solve_models.TimeSolveSPM.time_solve_model": 1613150500334, "time_solve_models.TimeSolveSPMe.time_solve_model": 1613150512378}, "ended_at": {"time_setup_models_and_sims.TimeBuildDFN.time_setup_DFN": 1613150451497, "time_setup_models_and_sims.TimeBuildDFNSimulation.time_setup_DFN_simulation": 1613150453510, "time_setup_models_and_sims.TimeBuildSPM.time_setup_SPM": 1613150457727, "time_setup_models_and_sims.TimeBuildSPMSimulation.time_setup_SPM_simulation": 1613150462550, "time_setup_models_and_sims.TimeBuildSPMe.time_setup_SPMe": 1613150467670, "time_setup_models_and_sims.TimeBuildSPMeSimulation.time_setup_SPMe_simulation": 1613150470135, "time_solve_models.TimeSolveDFN.time_solve_model": 1613150500334, "time_solve_models.TimeSolveSPM.time_solve_model": 1613150512377, "time_solve_models.TimeSolveSPMe.time_solve_model": 1613150527180}, "benchmark_version": {"time_setup_models_and_sims.TimeBuildDFN.time_setup_DFN": "5f322e51e6b7e66125ee6949bdf25746005db467e8ffcfdcb3ace170e92bbc3d", "time_setup_models_and_sims.TimeBuildDFNSimulation.time_setup_DFN_simulation": "8de44bc542fa7d4ba28a80f24414a9444b5436673aaebba674918f5f0bfd0ebb", "time_setup_models_and_sims.TimeBuildSPM.time_setup_SPM": "0d0b3f5c67fc2da9a5794c66b70af5a45a09558d1ee95f738745385adb84fbca", "time_setup_models_and_sims.TimeBuildSPMSimulation.time_setup_SPM_simulation": "161220a99418ce4487cc29325cbae897f28d0e44ae07e1dfbfaac2cbc53a4ff9", "time_setup_models_and_sims.TimeBuildSPMe.time_setup_SPMe": "6083f5ff944353395eb4b21c97b02af555fe6528de3cd5283f5e139943945235", "time_setup_models_and_sims.TimeBuildSPMeSimulation.time_setup_SPMe_simulation": "530563cb559427795e3648d9648df9250ae100b7721f69eec356bdda7798c55e", "time_solve_models.TimeSolveDFN.time_solve_model": "914137228e20e5900cec36b0d3865f1faa2f5d479c7d6c2539514791f9ec4430", "time_solve_models.TimeSolveSPM.time_solve_model": "ef1bb5f8d1ddfa59650e20438c4b252d73e5a062714848ce1d6d5269382bc598", "time_solve_models.TimeSolveSPMe.time_solve_model": "20672028872f4620ce85e909bae705d9490de441e926510b2b0e53ff0881d87b"}, "version": 1}