{"results": {"time_setup_models_and_sims.TimeBuildDFN.time_setup_DFN": {"result": [0.5618331919999946], "stats": [{"ci_99": [0.5533135379999976, 0.5656121670000402], "q_25": 0.5575286065, "q_75": 0.562511814000004, "min": 0.5533135379999976, "max": 0.5656121670000402, "mean": 0.5602331749000029, "std": 0.00403609517574127, "repeat": 10, "number": 1}]}, "time_setup_models_and_sims.TimeBuildDFNSimulation.time_setup_DFN_simulation": {"result": [0.14697928149999484, 0.24870292250000148], "stats": [{"ci_99": [0.14458293600000616, 0.1644265050000513], "q_25": 0.14655624350000096, "q_75": 0.15274403700000505, "min": 0.14458293600000616, "max": 0.1644265050000513, "mean": 0.15022981300000424, "std": 0.005752267179264611, "repeat": 10, "number": 1}, {"ci_99": [0.23944789300003322, 0.27216158300001325], "q_25": 0.2412394109999667, "q_75": 0.2601934224999951, "min": 0.23944789300003322, "max": 0.27216158300001325, "mean": 0.2512285678999945, "std": 0.01098934645327717, "repeat": 10, "number": 1}], "params": [["False", "True"]]}, "time_setup_models_and_sims.TimeBuildSPM.time_setup_SPM": {"result": [0.33873289950000185], "stats": [{"ci_99": [0.327562204000003, 0.36772026299996696], "q_25": 0.33650866925000855, "q_75": 0.35195732750000275, "min": 0.327562204000003, "max": 0.36772026299996696, "mean": 0.34386630650000144, "std": 0.011886226087678572, "repeat": 10, "number": 1}]}, "time_setup_models_and_sims.TimeBuildSPMSimulation.time_setup_SPM_simulation": {"result": [0.14176514999999767, 0.21711934449996306], "stats": [{"ci_99": [0.13919004600001017, 0.1437969489999773], "q_25": 0.1411540514999956, "q_75": 0.1421560247499798, "min": 0.13919004600001017, "max": 0.1437969489999773, "mean": 0.14169303799999397, "std": 0.001245591879122595, "repeat": 10, "number": 1}, {"ci_99": [0.21330769400003646, 0.22036973400003035], "q_25": 0.2154507597499844, "q_75": 0.21844675025002402, "min": 0.21330769400003646, "max": 0.22036973400003035, "mean": 0.21697156449999966, "std": 0.002103484303637328, "repeat": 10, "number": 1}], "params": [["False", "True"]]}, "time_setup_models_and_sims.TimeBuildSPMe.time_setup_SPMe": {"result": [0.47999663949997284], "stats": [{"ci_99": [0.47416247199998907, 0.4864137199999732], "q_25": 0.4784758904999933, "q_75": 0.4819001917499719, "min": 0.47416247199998907, "max": 0.4864137199999732, "mean": 0.48025583739998867, "std": 0.0031504268264401568, "repeat": 10, "number": 1}]}, "time_setup_models_and_sims.TimeBuildSPMeSimulation.time_setup_SPMe_simulation": {"result": [0.15068475249998414, 0.25611718149997387], "stats": [{"ci_99": [0.1483691340000064, 0.1524855039999693], "q_25": 0.14902191024999922, "q_75": 0.15085754674998952, "min": 0.1483691340000064, "max": 0.1524855039999693, "mean": 0.15031145799999876, "std": 0.0014265021493483033, "repeat": 10, "number": 1}, {"ci_99": [0.2521294410000223, 0.25861652399999], "q_25": 0.254699877249962, "q_75": 0.256614974250013, "min": 0.2521294410000223, "max": 0.25861652399999, "mean": 0.25568504269999154, "std": 0.0018445864372605078, "repeat": 10, "number": 1}], "params": [["False", "True"]]}, "time_solve_models.TimeSolveDFN.time_solve_model": {"result": [0.6139460839999913, 0.8078876124999965], "stats": [{"ci_99": [0.6020570320000047, 0.6463912710000272], "q_25": 0.6065174259999822, "q_75": 0.6308864055000356, "min": 0.6020570320000047, "max": 0.6463912710000272, "mean": 0.619865152500006, "std": 0.015227629983123471, "repeat": 10, "number": 1}, {"ci_99": [0.7971832409999706, 0.8274241689999826], "q_25": 0.8059473827500199, "q_75": 0.8192333002500192, "min": 0.7971832409999706, "max": 0.8274241689999826, "mean": 0.8118583141999978, "std": 0.009830155059903369, "repeat": 10, "number": 1}], "params": [["True", "False"]]}, "time_solve_models.TimeSolveSPM.time_solve_model": {"result": [0.023774362499977997, 0.04930564000000004], "stats": [{"ci_99": [0.022655389999954423, 0.03271705000003067], "q_25": 0.02321755175003659, "q_75": 0.024583915749971652, "min": 0.022655389999954423, "max": 0.03271705000003067, "mean": 0.02468318259999478, "std": 0.002801761646665155, "repeat": 10, "number": 1}, {"ci_99": [0.04878380899998547, 0.050271106000025156], "q_25": 0.04901882299999727, "q_75": 0.04961065849998647, "min": 0.04878380899998547, "max": 0.050271106000025156, "mean": 0.04937713479999957, "std": 0.00044716279549737, "repeat": 10, "number": 1}], "params": [["True", "False"]]}, "time_solve_models.TimeSolveSPMe.time_solve_model": {"result": [0.03728340000000685, 0.08827160650002952], "stats": [{"ci_99": [0.03670550999999023, 0.03789178800002446], "q_25": 0.03686939725000116, "q_75": 0.03766852775001439, "min": 0.03670550999999023, "max": 0.03789178800002446, "mean": 0.0372643882000034, "std": 0.00043748215640331234, "repeat": 10, "number": 1}, {"ci_99": [0.08719653600002175, 0.0904256210000085], "q_25": 0.08786329774999047, "q_75": 0.0885749487499794, "min": 0.08719653600002175, "max": 0.0904256210000085, "mean": 0.08848193670000341, "std": 0.0010171691711073716, "repeat": 10, "number": 1}], "params": [["True", "False"]]}}, "params": {"machine": "GitHubRunner", "python": "3.8"}, "requirements": {}, "commit_hash": "08de41714aa093fa2b705a649d4132d3418d43b3", "date": 1622737181000, "env_name": "virtualenv-py3.8", "python": "3.8", "profiles": {}, "started_at": {"time_setup_models_and_sims.TimeBuildDFN.time_setup_DFN": 1623040153389, "time_setup_models_and_sims.TimeBuildDFNSimulation.time_setup_DFN_simulation": 1623040157158, "time_setup_models_and_sims.TimeBuildSPM.time_setup_SPM": 1623040159981, "time_setup_models_and_sims.TimeBuildSPMSimulation.time_setup_SPM_simulation": 1623040162446, "time_setup_models_and_sims.TimeBuildSPMe.time_setup_SPMe": 1623040164867, "time_setup_models_and_sims.TimeBuildSPMeSimulation.time_setup_SPMe_simulation": 1623040168136, "time_solve_models.TimeSolveDFN.time_solve_model": 1623040170855, "time_solve_models.TimeSolveSPM.time_solve_model": 1623040194549, "time_solve_models.TimeSolveSPMe.time_solve_model": 1623040201741}, "ended_at": {"time_setup_models_and_sims.TimeBuildDFN.time_setup_DFN": 1623040157158, "time_setup_models_and_sims.TimeBuildDFNSimulation.time_setup_DFN_simulation": 1623040159979, "time_setup_models_and_sims.TimeBuildSPM.time_setup_SPM": 1623040162445, "time_setup_models_and_sims.TimeBuildSPMSimulation.time_setup_SPM_simulation": 1623040164866, "time_setup_models_and_sims.TimeBuildSPMe.time_setup_SPMe": 1623040168135, "time_setup_models_and_sims.TimeBuildSPMeSimulation.time_setup_SPMe_simulation": 1623040170854, "time_solve_models.TimeSolveDFN.time_solve_model": 1623040194549, "time_solve_models.TimeSolveSPM.time_solve_model": 1623040201740, "time_solve_models.TimeSolveSPMe.time_solve_model": 1623040211938}, "benchmark_version": {"time_setup_models_and_sims.TimeBuildDFN.time_setup_DFN": "5f322e51e6b7e66125ee6949bdf25746005db467e8ffcfdcb3ace170e92bbc3d", "time_setup_models_and_sims.TimeBuildDFNSimulation.time_setup_DFN_simulation": "8de44bc542fa7d4ba28a80f24414a9444b5436673aaebba674918f5f0bfd0ebb", "time_setup_models_and_sims.TimeBuildSPM.time_setup_SPM": "0d0b3f5c67fc2da9a5794c66b70af5a45a09558d1ee95f738745385adb84fbca", "time_setup_models_and_sims.TimeBuildSPMSimulation.time_setup_SPM_simulation": "161220a99418ce4487cc29325cbae897f28d0e44ae07e1dfbfaac2cbc53a4ff9", "time_setup_models_and_sims.TimeBuildSPMe.time_setup_SPMe": "6083f5ff944353395eb4b21c97b02af555fe6528de3cd5283f5e139943945235", "time_setup_models_and_sims.TimeBuildSPMeSimulation.time_setup_SPMe_simulation": "530563cb559427795e3648d9648df9250ae100b7721f69eec356bdda7798c55e", "time_solve_models.TimeSolveDFN.time_solve_model": "914137228e20e5900cec36b0d3865f1faa2f5d479c7d6c2539514791f9ec4430", "time_solve_models.TimeSolveSPM.time_solve_model": "ef1bb5f8d1ddfa59650e20438c4b252d73e5a062714848ce1d6d5269382bc598", "time_solve_models.TimeSolveSPMe.time_solve_model": "20672028872f4620ce85e909bae705d9490de441e926510b2b0e53ff0881d87b"}, "version": 1}