{"results": {"time_setup_models_and_sims.TimeBuildDFN.time_setup_DFN": {"result": [0.4837287315000083], "stats": [{"ci_99": [0.4815573639999968, 0.4869793830000049], "q_25": 0.4832420655000007, "q_75": 0.48647377975001405, "min": 0.4815573639999968, "max": 0.4869793830000049, "mean": 0.4845136018000062, "std": 0.0018170172034523086, "repeat": 10, "number": 1}]}, "time_setup_models_and_sims.TimeBuildDFNSimulation.time_setup_DFN_simulation": {"result": [0.12814488549999226, 0.21283518699999604], "stats": [{"ci_99": [0.12723257399997578, 0.1316120139999839], "q_25": 0.1278114537499988, "q_75": 0.12843601100000512, "min": 0.12723257399997578, "max": 0.1316120139999839, "mean": 0.1284343876999941, "std": 0.0011437312896027264, "repeat": 10, "number": 1}, {"ci_99": [0.21155907599998613, 0.21368279399999324], "q_25": 0.2120325262499918, "q_75": 0.21316055575000092, "min": 0.21155907599998613, "max": 0.21368279399999324, "mean": 0.21262916259999826, "std": 0.000714071637584034, "repeat": 10, "number": 1}], "params": [["False", "True"]]}, "time_setup_models_and_sims.TimeBuildSPM.time_setup_SPM": {"result": [0.2903543769999857], "stats": [{"ci_99": [0.2888172250000025, 0.2909458209999798], "q_25": 0.2897843072500095, "q_75": 0.29062886874999805, "min": 0.2888172250000025, "max": 0.2909458209999798, "mean": 0.2901674953999958, "std": 0.000613161176503406, "repeat": 10, "number": 1}]}, "time_setup_models_and_sims.TimeBuildSPMSimulation.time_setup_SPM_simulation": {"result": [0.12399205100000188, 0.19076516249999997], "stats": [{"ci_99": [0.12318873499998517, 0.1253095710000025], "q_25": 0.12358336774999401, "q_75": 0.12481681200001304, "min": 0.12318873499998517, "max": 0.1253095710000025, "mean": 0.12415854209999963, "std": 0.0007084214044045318, "repeat": 10, "number": 1}, {"ci_99": [0.18989099399999532, 0.19246563600000854], "q_25": 0.19009129525000645, "q_75": 0.19186555749998746, "min": 0.18989099399999532, "max": 0.19246563600000854, "mean": 0.19095354379999777, "std": 0.0009262353191609698, "repeat": 10, "number": 1}], "params": [["False", "True"]]}, "time_setup_models_and_sims.TimeBuildSPMe.time_setup_SPMe": {"result": [0.42090813300001173], "stats": [{"ci_99": [0.41900351699999305, 0.4224693870000067], "q_25": 0.42036820224999616, "q_75": 0.4217012507499902, "min": 0.41900351699999305, "max": 0.4224693870000067, "mean": 0.4208779189000012, "std": 0.0010284603049827462, "repeat": 10, "number": 1}]}, "time_setup_models_and_sims.TimeBuildSPMeSimulation.time_setup_SPMe_simulation": {"result": [0.132881756499998, 0.22468396150000558], "stats": [{"ci_99": [0.1318759929999942, 0.134228663000016], "q_25": 0.13223024550000417, "q_75": 0.13308180800000002, "min": 0.1318759929999942, "max": 0.134228663000016, "mean": 0.13280031890000146, "std": 0.0006910547927018502, "repeat": 10, "number": 1}, {"ci_99": [0.22386425499999518, 0.2255377140000121], "q_25": 0.22443198425000332, "q_75": 0.22499317649999995, "min": 0.22386425499999518, "max": 0.2255377140000121, "mean": 0.22472007580000194, "std": 0.00045991049161777297, "repeat": 10, "number": 1}], "params": [["False", "True"]]}, "time_solve_models.TimeSolveDFN.time_solve_model": {"result": [0.5531091760000066, 0.7221720050000044], "stats": [{"ci_99": [0.5507433229999776, 0.5559626060000085], "q_25": 0.5515013594999942, "q_75": 0.5550941370000047, "min": 0.5507433229999776, "max": 0.5559626060000085, "mean": 0.5532739914999979, "std": 0.0019414642529616548, "repeat": 10, "number": 1}, {"ci_99": [0.7177536910000129, 0.7275169559999881], "q_25": 0.7203029105000027, "q_75": 0.724928756500006, "min": 0.7177536910000129, "max": 0.7275169559999881, "mean": 0.7222352695000012, "std": 0.0031960241077045393, "repeat": 10, "number": 1}], "params": [["True", "False"]]}, "time_solve_models.TimeSolveSPM.time_solve_model": {"result": [0.020644857499988234, 0.04258012449999171], "stats": [{"ci_99": [0.02049366499997518, 0.02097967399998879], "q_25": 0.020600943250009607, "q_75": 0.0206966509999873, "min": 0.02049366499997518, "max": 0.02097967399998879, "mean": 0.020664647099994226, "std": 0.000128560481640422, "repeat": 10, "number": 1}, {"ci_99": [0.04231014400002664, 0.04284480500001564], "q_25": 0.04247004599999116, "q_75": 0.04264988600000663, "min": 0.04231014400002664, "max": 0.04284480500001564, "mean": 0.04257614160000003, "std": 0.000147138034133685, "repeat": 10, "number": 1}], "params": [["True", "False"]]}, "time_solve_models.TimeSolveSPMe.time_solve_model": {"result": [0.03267857299998411, 0.14655899950000162], "stats": [{"ci_99": [0.03249877900000797, 0.03290346700001123], "q_25": 0.032592639000014856, "q_75": 0.03276354874999754, "min": 0.03249877900000797, "max": 0.03290346700001123, "mean": 0.03268565460000161, "std": 0.00012587938136478054, "repeat": 10, "number": 1}, {"ci_99": [0.07521348299999886, 0.22057063099998686], "q_25": 0.07554816674999643, "q_75": 0.2171464602499995, "min": 0.07521348299999886, "max": 0.22057063099998686, "mean": 0.1466642587999985, "std": 0.07097304912149492, "repeat": 10, "number": 1}], "params": [["True", "False"]]}}, "params": {"machine": "GitHubRunner", "python": "3.8"}, "requirements": {}, "commit_hash": "08de41714aa093fa2b705a649d4132d3418d43b3", "date": 1622737181000, "env_name": "virtualenv-py3.8", "python": "3.8", "profiles": {}, "started_at": {"time_setup_models_and_sims.TimeBuildDFN.time_setup_DFN": 1622953147778, "time_setup_models_and_sims.TimeBuildDFNSimulation.time_setup_DFN_simulation": 1622953151042, "time_setup_models_and_sims.TimeBuildSPM.time_setup_SPM": 1622953153357, "time_setup_models_and_sims.TimeBuildSPMSimulation.time_setup_SPM_simulation": 1622953155367, "time_setup_models_and_sims.TimeBuildSPMe.time_setup_SPMe": 1622953157531, "time_setup_models_and_sims.TimeBuildSPMeSimulation.time_setup_SPMe_simulation": 1622953160393, "time_solve_models.TimeSolveDFN.time_solve_model": 1622953162809, "time_solve_models.TimeSolveSPM.time_solve_model": 1622953183233, "time_solve_models.TimeSolveSPMe.time_solve_model": 1622953189511}, "ended_at": {"time_setup_models_and_sims.TimeBuildDFN.time_setup_DFN": 1622953151042, "time_setup_models_and_sims.TimeBuildDFNSimulation.time_setup_DFN_simulation": 1622953153356, "time_setup_models_and_sims.TimeBuildSPM.time_setup_SPM": 1622953155366, "time_setup_models_and_sims.TimeBuildSPMSimulation.time_setup_SPM_simulation": 1622953157530, "time_setup_models_and_sims.TimeBuildSPMe.time_setup_SPMe": 1622953160392, "time_setup_models_and_sims.TimeBuildSPMeSimulation.time_setup_SPMe_simulation": 1622953162808, "time_solve_models.TimeSolveDFN.time_solve_model": 1622953183232, "time_solve_models.TimeSolveSPM.time_solve_model": 1622953189510, "time_solve_models.TimeSolveSPMe.time_solve_model": 1622953206328}, "benchmark_version": {"time_setup_models_and_sims.TimeBuildDFN.time_setup_DFN": "5f322e51e6b7e66125ee6949bdf25746005db467e8ffcfdcb3ace170e92bbc3d", "time_setup_models_and_sims.TimeBuildDFNSimulation.time_setup_DFN_simulation": "8de44bc542fa7d4ba28a80f24414a9444b5436673aaebba674918f5f0bfd0ebb", "time_setup_models_and_sims.TimeBuildSPM.time_setup_SPM": "0d0b3f5c67fc2da9a5794c66b70af5a45a09558d1ee95f738745385adb84fbca", "time_setup_models_and_sims.TimeBuildSPMSimulation.time_setup_SPM_simulation": "161220a99418ce4487cc29325cbae897f28d0e44ae07e1dfbfaac2cbc53a4ff9", "time_setup_models_and_sims.TimeBuildSPMe.time_setup_SPMe": "6083f5ff944353395eb4b21c97b02af555fe6528de3cd5283f5e139943945235", "time_setup_models_and_sims.TimeBuildSPMeSimulation.time_setup_SPMe_simulation": "530563cb559427795e3648d9648df9250ae100b7721f69eec356bdda7798c55e", "time_solve_models.TimeSolveDFN.time_solve_model": "914137228e20e5900cec36b0d3865f1faa2f5d479c7d6c2539514791f9ec4430", "time_solve_models.TimeSolveSPM.time_solve_model": "ef1bb5f8d1ddfa59650e20438c4b252d73e5a062714848ce1d6d5269382bc598", "time_solve_models.TimeSolveSPMe.time_solve_model": "20672028872f4620ce85e909bae705d9490de441e926510b2b0e53ff0881d87b"}, "version": 1}