{"results": {"time_setup_models_and_sims.TimeBuildDFN.time_setup_DFN": {"result": [1.198177627500172], "stats": [{"ci_99": [1.1365978449994145, 1.2398408330000166], "q_25": 1.1590296164997653, "q_75": 1.2305455132495808, "min": 1.1365978449994145, "max": 1.2398408330000166, "mean": 1.1940470672997434, "std": 0.03734646264062666, "repeat": 10, "number": 1}]}, "time_setup_models_and_sims.TimeBuildDFNSimulation.time_setup_DFN_simulation": {"result": [0.29565341399938916, 0.5966244650003318], "stats": [{"ci_99": [0.2799864290000187, 0.31819161900057225], "q_25": 0.2883473654999307, "q_75": 0.30123327300066194, "min": 0.2799864290000187, "max": 0.31819161900057225, "mean": 0.29714879500006647, "std": 0.011623100079533441, "repeat": 10, "number": 1}, {"ci_99": [0.5635916440005531, 0.6438000610005474], "q_25": 0.5727556530005131, "q_75": 0.6160527984993678, "min": 0.5635916440005531, "max": 0.6438000610005474, "mean": 0.5968374376001521, "std": 0.02631627568705075, "repeat": 10, "number": 1}], "params": [["False", "True"]]}, "time_setup_models_and_sims.TimeBuildSPM.time_setup_SPM": {"result": [0.8098898015000486], "stats": [{"ci_99": [0.7772721869996531, 0.8903957639995497], "q_25": 0.7855530627505232, "q_75": 0.8238869044996591, "min": 0.7772721869996531, "max": 0.8903957639995497, "mean": 0.8147484612999506, "std": 0.0348707181643656, "repeat": 10, "number": 1}]}, "time_setup_models_and_sims.TimeBuildSPMSimulation.time_setup_SPM_simulation": {"result": [0.3848845124998661, 0.7559309249995749], "stats": [{"ci_99": [0.36349715999949694, 0.4209684399993421], "q_25": 0.37536332424997454, "q_75": 0.40670209824975245, "min": 0.36349715999949694, "max": 0.4209684399993421, "mean": 0.38959458879980957, "std": 0.018235015453026162, "repeat": 10, "number": 1}, {"ci_99": [0.7119848759994056, 0.8046617909994893], "q_25": 0.7259773595001207, "q_75": 0.7821089552503508, "min": 0.7119848759994056, "max": 0.8046617909994893, "mean": 0.7543948539998382, "std": 0.031228917839868607, "repeat": 10, "number": 1}], "params": [["False", "True"]]}, "time_setup_models_and_sims.TimeBuildSPMe.time_setup_SPMe": {"result": [1.0046232700001383], "stats": [{"ci_99": [0.9712727629994333, 1.062659770999744], "q_25": 0.9848012945001301, "q_75": 1.0491946800004825, "min": 0.9712727629994333, "max": 1.062659770999744, "mean": 1.0144551051000235, "std": 0.033230774850811155, "repeat": 10, "number": 1}]}, "time_setup_models_and_sims.TimeBuildSPMeSimulation.time_setup_SPMe_simulation": {"result": [0.32802025250066436, 0.6495856715000627], "stats": [{"ci_99": [0.30469771000025503, 0.3387773680005921], "q_25": 0.3126673535000464, "q_75": 0.33510219900017546, "min": 0.30469771000025503, "max": 0.3387773680005921, "mean": 0.32455367700031273, "std": 0.012408147001240386, "repeat": 10, "number": 1}, {"ci_99": [0.6182323840002937, 0.660529771000256], "q_25": 0.6318948857501709, "q_75": 0.658378537499857, "min": 0.6182323840002937, "max": 0.660529771000256, "mean": 0.6445615360999909, "std": 0.01547127866110819, "repeat": 10, "number": 1}], "params": [["False", "True"]]}, "time_solve_models.TimeSolveDFN.time_solve_model": {"result": [1.3471047724997334, 1.5915211910000835], "stats": [{"ci_99": [1.3177855024836465, 1.3848671690002448], "q_25": 1.3318278814999758, "q_75": 1.349881817000096, "min": 1.3254556299998512, "max": 1.3848671690002448, "mean": 1.3470125711666394, "std": 0.019578504992484126, "repeat": 6, "number": 1}, {"ci_99": [1.5202036455371513, 1.6464897544629855], "q_25": 1.5542287477501304, "q_75": 1.6064051634998577, "min": 1.5246107170005416, "max": 1.6392626799997743, "mean": 1.5833467000000685, "std": 0.03875297641921634, "repeat": 6, "number": 1}], "params": [["True", "False"]]}, "time_solve_models.TimeSolveSPM.time_solve_model": {"result": [0.0676185634997637, 0.1110066925002684], "stats": [{"ci_99": [0.06223147000036988, 0.07604948100015463], "q_25": 0.0632884272499723, "q_75": 0.07203864500024793, "min": 0.06223147000036988, "max": 0.07604948100015463, "mean": 0.06807973700006187, "std": 0.0048121574935498365, "repeat": 10, "number": 1}, {"ci_99": [0.1054848049998327, 0.11669858999994176], "q_25": 0.10583965500018166, "q_75": 0.11461113899963493, "min": 0.1054848049998327, "max": 0.11669858999994176, "mean": 0.1107205297001201, "std": 0.004687417953844131, "repeat": 10, "number": 1}], "params": [["True", "False"]]}, "time_solve_models.TimeSolveSPMe.time_solve_model": {"result": [0.1075362600004155, 0.1782536079995225], "stats": [{"ci_99": [0.10183727599996928, 0.11447827199936], "q_25": 0.10393033499985904, "q_75": 0.11210956850027287, "min": 0.10183727599996928, "max": 0.11447827199936, "mean": 0.10802832830013358, "std": 0.004757624554064598, "repeat": 10, "number": 1}, {"ci_99": [0.17252749699946435, 0.19591217400011374], "q_25": 0.17450156699942454, "q_75": 0.18876174975025606, "min": 0.17252749699946435, "max": 0.19591217400011374, "mean": 0.18144136329974572, "std": 0.008070626901144374, "repeat": 10, "number": 1}], "params": [["True", "False"]]}}, "params": {"machine": "GitHubRunner", "python": "3.8"}, "requirements": {}, "commit_hash": "0a510337636aa6e01131fcb9853d34f709fde4eb", "date": 1603402279000, "env_name": "virtualenv-py3.8", "python": "3.8", "profiles": {}, "started_at": {"time_setup_models_and_sims.TimeBuildDFN.time_setup_DFN": 1613147839586, "time_setup_models_and_sims.TimeBuildDFNSimulation.time_setup_DFN_simulation": 1613147847169, "time_setup_models_and_sims.TimeBuildSPM.time_setup_SPM": 1613147852894, "time_setup_models_and_sims.TimeBuildSPMSimulation.time_setup_SPM_simulation": 1613147858112, "time_setup_models_and_sims.TimeBuildSPMe.time_setup_SPMe": 1613147865392, "time_setup_models_and_sims.TimeBuildSPMeSimulation.time_setup_SPMe_simulation": 1613147871764, "time_solve_models.TimeSolveDFN.time_solve_model": 1613147877841, "time_solve_models.TimeSolveSPM.time_solve_model": 1613147907286, "time_solve_models.TimeSolveSPMe.time_solve_model": 1613147921342}, "ended_at": {"time_setup_models_and_sims.TimeBuildDFN.time_setup_DFN": 1613147847169, "time_setup_models_and_sims.TimeBuildDFNSimulation.time_setup_DFN_simulation": 1613147852893, "time_setup_models_and_sims.TimeBuildSPM.time_setup_SPM": 1613147858112, "time_setup_models_and_sims.TimeBuildSPMSimulation.time_setup_SPM_simulation": 1613147865391, "time_setup_models_and_sims.TimeBuildSPMe.time_setup_SPMe": 1613147871764, "time_setup_models_and_sims.TimeBuildSPMeSimulation.time_setup_SPMe_simulation": 1613147877840, "time_solve_models.TimeSolveDFN.time_solve_model": 1613147907285, "time_solve_models.TimeSolveSPM.time_solve_model": 1613147921341, "time_solve_models.TimeSolveSPMe.time_solve_model": 1613147938807}, "benchmark_version": {"time_setup_models_and_sims.TimeBuildDFN.time_setup_DFN": "5f322e51e6b7e66125ee6949bdf25746005db467e8ffcfdcb3ace170e92bbc3d", "time_setup_models_and_sims.TimeBuildDFNSimulation.time_setup_DFN_simulation": "8de44bc542fa7d4ba28a80f24414a9444b5436673aaebba674918f5f0bfd0ebb", "time_setup_models_and_sims.TimeBuildSPM.time_setup_SPM": "0d0b3f5c67fc2da9a5794c66b70af5a45a09558d1ee95f738745385adb84fbca", "time_setup_models_and_sims.TimeBuildSPMSimulation.time_setup_SPM_simulation": "161220a99418ce4487cc29325cbae897f28d0e44ae07e1dfbfaac2cbc53a4ff9", "time_setup_models_and_sims.TimeBuildSPMe.time_setup_SPMe": "6083f5ff944353395eb4b21c97b02af555fe6528de3cd5283f5e139943945235", "time_setup_models_and_sims.TimeBuildSPMeSimulation.time_setup_SPMe_simulation": "530563cb559427795e3648d9648df9250ae100b7721f69eec356bdda7798c55e", "time_solve_models.TimeSolveDFN.time_solve_model": "914137228e20e5900cec36b0d3865f1faa2f5d479c7d6c2539514791f9ec4430", "time_solve_models.TimeSolveSPM.time_solve_model": "ef1bb5f8d1ddfa59650e20438c4b252d73e5a062714848ce1d6d5269382bc598", "time_solve_models.TimeSolveSPMe.time_solve_model": "20672028872f4620ce85e909bae705d9490de441e926510b2b0e53ff0881d87b"}, "version": 1}