{"results": {"time_setup_models_and_sims.TimeBuildDFN.time_setup_DFN": {"result": [0.7253525420000244], "stats": [{"ci_99": [0.6951358669999763, 0.8093673890000161], "q_25": 0.7049623555000011, "q_75": 0.7581950330000069, "min": 0.6951358669999763, "max": 0.8093673890000161, "mean": 0.7374071686000064, "std": 0.038999632781364535, "repeat": 10, "number": 1}]}, "time_setup_models_and_sims.TimeBuildDFNSimulation.time_setup_DFN_simulation": {"result": [0.18357840499999156, 0.42587168800000086], "stats": [{"ci_99": [0.1666380710000226, 0.19659901800000057], "q_25": 0.1707923725000029, "q_75": 0.19339942175000857, "min": 0.1666380710000226, "max": 0.19659901800000057, "mean": 0.182220037700003, "std": 0.011785896612694063, "repeat": 10, "number": 1}, {"ci_99": [0.4159518210000215, 0.43845781699999975], "q_25": 0.4199115502500135, "q_75": 0.4303494939999908, "min": 0.4159518210000215, "max": 0.43845781699999975, "mean": 0.42558231960000226, "std": 0.00698059379057082, "repeat": 10, "number": 1}], "params": [["False", "True"]]}, "time_setup_models_and_sims.TimeBuildSPM.time_setup_SPM": {"result": [0.5047471880000103], "stats": [{"ci_99": [0.4929332070000214, 0.53266045700002], "q_25": 0.49841124525001135, "q_75": 0.5160241307500115, "min": 0.4929332070000214, "max": 0.53266045700002, "mean": 0.5078343577000084, "std": 0.012196609761742154, "repeat": 10, "number": 1}]}, "time_setup_models_and_sims.TimeBuildSPMSimulation.time_setup_SPM_simulation": {"result": [0.20183608749999848, 0.4492710835000082], "stats": [{"ci_99": [0.1912204049999673, 0.21900424399998997], "q_25": 0.19617826200000366, "q_75": 0.20402971075002085, "min": 0.1912204049999673, "max": 0.21900424399998997, "mean": 0.20169018390000132, "std": 0.007282798007948889, "repeat": 10, "number": 1}, {"ci_99": [0.42613355599996794, 0.48127765200001704], "q_25": 0.44010057025001714, "q_75": 0.45535788875000804, "min": 0.42613355599996794, "max": 0.48127765200001704, "mean": 0.4495946041000082, "std": 0.016249265608217697, "repeat": 10, "number": 1}], "params": [["False", "True"]]}, "time_setup_models_and_sims.TimeBuildSPMe.time_setup_SPMe": {"result": [0.6787129999999735], "stats": [{"ci_99": [0.6550749209999935, 0.6970479530000375], "q_25": 0.6694889967499833, "q_75": 0.6931441847499968, "min": 0.6550749209999935, "max": 0.6970479530000375, "mean": 0.6791093201999956, "std": 0.014091045196918249, "repeat": 10, "number": 1}]}, "time_setup_models_and_sims.TimeBuildSPMeSimulation.time_setup_SPMe_simulation": {"result": [0.19360673949998386, 0.4627660694999918], "stats": [{"ci_99": [0.18605092800004286, 0.20218651700002965], "q_25": 0.19081642950001765, "q_75": 0.19732599475000967, "min": 0.18605092800004286, "max": 0.20218651700002965, "mean": 0.193827835400009, "std": 0.005009695695277088, "repeat": 10, "number": 1}, {"ci_99": [0.44733018599998786, 0.4810717210000064], "q_25": 0.45810911149999356, "q_75": 0.47257653150001744, "min": 0.44733018599998786, "max": 0.4810717210000064, "mean": 0.464638564400002, "std": 0.00950366576466326, "repeat": 10, "number": 1}], "params": [["False", "True"]]}, "time_solve_models.TimeSolveDFN.time_solve_model": {"result": [0.5523881655000054, 0.7398726924999863], "stats": [{"ci_99": [0.5358109460000264, 0.6409484079999856], "q_25": 0.5484866675000006, "q_75": 0.5634011107500072, "min": 0.5358109460000264, "max": 0.6409484079999856, "mean": 0.5627581636000087, "std": 0.028706389053290305, "repeat": 10, "number": 1}, {"ci_99": [0.6993372679999652, 0.7640291719999937], "q_25": 0.7222060755000044, "q_75": 0.7493369442499827, "min": 0.6993372679999652, "max": 0.7640291719999937, "mean": 0.7351299962999889, "std": 0.01986943378056783, "repeat": 10, "number": 1}], "params": [["True", "False"]]}, "time_solve_models.TimeSolveSPM.time_solve_model": {"result": [0.026433955500010597, 0.05169611250002504], "stats": [{"ci_99": [0.02545867300000282, 0.02784278999999401], "q_25": 0.026107747000004622, "q_75": 0.026796113750009454, "min": 0.02545867300000282, "max": 0.02784278999999401, "mean": 0.026478528100000176, "std": 0.0006528933455481868, "repeat": 10, "number": 1}, {"ci_99": [0.04884328699998264, 0.06136016200002814], "q_25": 0.05003306975000754, "q_75": 0.05304693874998634, "min": 0.04884328699998264, "max": 0.06136016200002814, "mean": 0.05246426280000378, "std": 0.0034390611443161135, "repeat": 10, "number": 1}], "params": [["True", "False"]]}, "time_solve_models.TimeSolveSPMe.time_solve_model": {"result": [0.03743722650000336, 0.08523536650000096], "stats": [{"ci_99": [0.03459871000001158, 0.03919303800000762], "q_25": 0.03693554900000606, "q_75": 0.038453031999992504, "min": 0.03459871000001158, "max": 0.03919303800000762, "mean": 0.037511416600000305, "std": 0.0012559772276379921, "repeat": 10, "number": 1}, {"ci_99": [0.07917420899997296, 0.08983665299996346], "q_25": 0.0808556370000133, "q_75": 0.08686767674998919, "min": 0.07917420899997296, "max": 0.08983665299996346, "mean": 0.0843551482999942, "std": 0.0035696759810981125, "repeat": 10, "number": 1}], "params": [["True", "False"]]}}, "params": {"machine": "GitHubRunner", "python": "3.8"}, "requirements": {}, "commit_hash": "0ab7c349efb4482d99f5532e31f30da40e3257a8", "date": 1637869659000, "env_name": "virtualenv-py3.8", "python": "3.8", "profiles": {}, "started_at": {"time_setup_models_and_sims.TimeBuildDFN.time_setup_DFN": 1637983319361, "time_setup_models_and_sims.TimeBuildDFNSimulation.time_setup_DFN_simulation": 1637983324027, "time_setup_models_and_sims.TimeBuildSPM.time_setup_SPM": 1637983327894, "time_setup_models_and_sims.TimeBuildSPMSimulation.time_setup_SPM_simulation": 1637983331256, "time_setup_models_and_sims.TimeBuildSPMe.time_setup_SPMe": 1637983335374, "time_setup_models_and_sims.TimeBuildSPMeSimulation.time_setup_SPMe_simulation": 1637983339839, "time_solve_models.TimeSolveDFN.time_solve_model": 1637983344107, "time_solve_models.TimeSolveSPM.time_solve_model": 1637983368029, "time_solve_models.TimeSolveSPMe.time_solve_model": 1637983377861}, "ended_at": {"time_setup_models_and_sims.TimeBuildDFN.time_setup_DFN": 1637983324027, "time_setup_models_and_sims.TimeBuildDFNSimulation.time_setup_DFN_simulation": 1637983327893, "time_setup_models_and_sims.TimeBuildSPM.time_setup_SPM": 1637983331256, "time_setup_models_and_sims.TimeBuildSPMSimulation.time_setup_SPM_simulation": 1637983335373, "time_setup_models_and_sims.TimeBuildSPMe.time_setup_SPMe": 1637983339838, "time_setup_models_and_sims.TimeBuildSPMeSimulation.time_setup_SPMe_simulation": 1637983344106, "time_solve_models.TimeSolveDFN.time_solve_model": 1637983368028, "time_solve_models.TimeSolveSPM.time_solve_model": 1637983377860, "time_solve_models.TimeSolveSPMe.time_solve_model": 1637983390902}, "benchmark_version": {"time_setup_models_and_sims.TimeBuildDFN.time_setup_DFN": "5f322e51e6b7e66125ee6949bdf25746005db467e8ffcfdcb3ace170e92bbc3d", "time_setup_models_and_sims.TimeBuildDFNSimulation.time_setup_DFN_simulation": "8de44bc542fa7d4ba28a80f24414a9444b5436673aaebba674918f5f0bfd0ebb", "time_setup_models_and_sims.TimeBuildSPM.time_setup_SPM": "0d0b3f5c67fc2da9a5794c66b70af5a45a09558d1ee95f738745385adb84fbca", "time_setup_models_and_sims.TimeBuildSPMSimulation.time_setup_SPM_simulation": "161220a99418ce4487cc29325cbae897f28d0e44ae07e1dfbfaac2cbc53a4ff9", "time_setup_models_and_sims.TimeBuildSPMe.time_setup_SPMe": "6083f5ff944353395eb4b21c97b02af555fe6528de3cd5283f5e139943945235", "time_setup_models_and_sims.TimeBuildSPMeSimulation.time_setup_SPMe_simulation": "530563cb559427795e3648d9648df9250ae100b7721f69eec356bdda7798c55e", "time_solve_models.TimeSolveDFN.time_solve_model": "914137228e20e5900cec36b0d3865f1faa2f5d479c7d6c2539514791f9ec4430", "time_solve_models.TimeSolveSPM.time_solve_model": "ef1bb5f8d1ddfa59650e20438c4b252d73e5a062714848ce1d6d5269382bc598", "time_solve_models.TimeSolveSPMe.time_solve_model": "20672028872f4620ce85e909bae705d9490de441e926510b2b0e53ff0881d87b"}, "version": 1}