{"results": {"time_setup_models_and_sims.TimeBuildDFN.time_setup_DFN": {"result": [0.5115897675000056], "stats": [{"ci_99": [0.48582276799999136, 0.5223071599999969], "q_25": 0.4979379890000075, "q_75": 0.5195859049999925, "min": 0.48582276799999136, "max": 0.5223071599999969, "mean": 0.5084528034000002, "std": 0.012350365128150513, "repeat": 10, "number": 1}]}, "time_setup_models_and_sims.TimeBuildDFNSimulation.time_setup_DFN_simulation": {"result": [0.13505859300001077, 0.3284870290000157], "stats": [{"ci_99": [0.13225288599997498, 0.13762389499999017], "q_25": 0.1334788984999946, "q_75": 0.13532183525000008, "min": 0.13225288599997498, "max": 0.13762389499999017, "mean": 0.13484317939999926, "std": 0.0017024520324660634, "repeat": 10, "number": 1}, {"ci_99": [0.3239454790000025, 0.3302883150000042], "q_25": 0.32684591675001684, "q_75": 0.3296074932499913, "min": 0.3239454790000025, "max": 0.3302883150000042, "mean": 0.32796795330000494, "std": 0.0019652657448163335, "repeat": 10, "number": 1}], "params": [["False", "True"]]}, "time_setup_models_and_sims.TimeBuildSPM.time_setup_SPM": {"result": [0.36530875550000275], "stats": [{"ci_99": [0.35025230899998405, 0.37856406400000253], "q_25": 0.3526135312500145, "q_75": 0.37809675424999867, "min": 0.35025230899998405, "max": 0.37856406400000253, "mean": 0.36503876919999956, "std": 0.012938899970011335, "repeat": 10, "number": 1}]}, "time_setup_models_and_sims.TimeBuildSPMSimulation.time_setup_SPM_simulation": {"result": [0.1563526559999957, 0.3464522319999901], "stats": [{"ci_99": [0.1532035210000089, 0.1601637050000022], "q_25": 0.1547199259999914, "q_75": 0.15747365125001522, "min": 0.1532035210000089, "max": 0.1601637050000022, "mean": 0.15618869290000106, "std": 0.002019116978719046, "repeat": 10, "number": 1}, {"ci_99": [0.34353607299999567, 0.3513187300000027], "q_25": 0.3459204949999908, "q_75": 0.34669623724998644, "min": 0.34353607299999567, "max": 0.3513187300000027, "mean": 0.34670999699999216, "std": 0.0020871662558287806, "repeat": 10, "number": 1}], "params": [["False", "True"]]}, "time_setup_models_and_sims.TimeBuildSPMe.time_setup_SPMe": {"result": [0.4788239664999878], "stats": [{"ci_99": [0.4596303980000016, 0.49770489100001214], "q_25": 0.4627173737500101, "q_75": 0.49281009199999204, "min": 0.4596303980000016, "max": 0.49770489100001214, "mean": 0.47830322179999885, "std": 0.015725893810684368, "repeat": 10, "number": 1}]}, "time_setup_models_and_sims.TimeBuildSPMeSimulation.time_setup_SPMe_simulation": {"result": [0.14767746049999175, 0.3582720225000031], "stats": [{"ci_99": [0.14507304200000704, 0.15104452700001048], "q_25": 0.14608080350001273, "q_75": 0.1494066952500006, "min": 0.14507304200000704, "max": 0.15104452700001048, "mean": 0.14779380950000132, "std": 0.001927460052322561, "repeat": 10, "number": 1}, {"ci_99": [0.3528262530000177, 0.3611858390000009], "q_25": 0.3557401917500087, "q_75": 0.36010046324999934, "min": 0.3528262530000177, "max": 0.3611858390000009, "mean": 0.35770762070000045, "std": 0.002749186623909675, "repeat": 10, "number": 1}], "params": [["False", "True"]]}, "time_solve_models.TimeSolveDFN.time_solve_model": {"result": [0.47569014350001737, 0.6966235665000085], "stats": [{"ci_99": [0.46867406100000153, 0.5367254749999972], "q_25": 0.47327289075000323, "q_75": 0.5197743680000002, "min": 0.46867406100000153, "max": 0.5367254749999972, "mean": 0.49201618580000284, "std": 0.02847973946687056, "repeat": 10, "number": 1}, {"ci_99": [0.6830037320000031, 0.7114743110000177], "q_25": 0.6937328669999943, "q_75": 0.7008390337500003, "min": 0.6830037320000031, "max": 0.7114743110000177, "mean": 0.6974615672000027, "std": 0.007192524069313283, "repeat": 10, "number": 1}], "params": [["True", "False"]]}, "time_solve_models.TimeSolveSPM.time_solve_model": {"result": [0.019904148999998483, 0.04269400500000131], "stats": [{"ci_99": [0.01981669700001021, 0.020112502000017685], "q_25": 0.01985467275000019, "q_75": 0.019980450499993196, "min": 0.01981669700001021, "max": 0.020112502000017685, "mean": 0.019927829100001303, "std": 9.582602171119578e-05, "repeat": 10, "number": 1}, {"ci_99": [0.04182963600001699, 0.04322516100000939], "q_25": 0.042430800249988465, "q_75": 0.04277273199998177, "min": 0.04182963600001699, "max": 0.04322516100000939, "mean": 0.042602512299998806, "std": 0.00042505107434929486, "repeat": 10, "number": 1}], "params": [["True", "False"]]}, "time_solve_models.TimeSolveSPMe.time_solve_model": {"result": [0.028522069499999247, 0.06993057849999218], "stats": [{"ci_99": [0.026538931000004595, 0.029881896000006236], "q_25": 0.026879012000009084, "q_75": 0.029639915499998892, "min": 0.026538931000004595, "max": 0.029881896000006236, "mean": 0.028323955299998715, "std": 0.0013835049135065979, "repeat": 10, "number": 1}, {"ci_99": [0.06538390699998331, 0.0744139109999935], "q_25": 0.06626833024999712, "q_75": 0.07312917775000471, "min": 0.06538390699998331, "max": 0.0744139109999935, "mean": 0.0697895217999985, "std": 0.003654293139922536, "repeat": 10, "number": 1}], "params": [["True", "False"]]}}, "params": {"machine": "GitHubRunner", "python": "3.8"}, "requirements": {}, "commit_hash": "0ab7c349efb4482d99f5532e31f30da40e3257a8", "date": 1637869659000, "env_name": "virtualenv-py3.8", "python": "3.8", "profiles": {}, "started_at": {"time_setup_models_and_sims.TimeBuildDFN.time_setup_DFN": 1637896925364, "time_setup_models_and_sims.TimeBuildDFNSimulation.time_setup_DFN_simulation": 1637896928679, "time_setup_models_and_sims.TimeBuildSPM.time_setup_SPM": 1637896931748, "time_setup_models_and_sims.TimeBuildSPMSimulation.time_setup_SPM_simulation": 1637896934158, "time_setup_models_and_sims.TimeBuildSPMe.time_setup_SPMe": 1637896937526, "time_setup_models_and_sims.TimeBuildSPMeSimulation.time_setup_SPMe_simulation": 1637896940639, "time_solve_models.TimeSolveDFN.time_solve_model": 1637896944009, "time_solve_models.TimeSolveSPM.time_solve_model": 1637896963517, "time_solve_models.TimeSolveSPMe.time_solve_model": 1637896971048}, "ended_at": {"time_setup_models_and_sims.TimeBuildDFN.time_setup_DFN": 1637896928679, "time_setup_models_and_sims.TimeBuildDFNSimulation.time_setup_DFN_simulation": 1637896931746, "time_setup_models_and_sims.TimeBuildSPM.time_setup_SPM": 1637896934158, "time_setup_models_and_sims.TimeBuildSPMSimulation.time_setup_SPM_simulation": 1637896937526, "time_setup_models_and_sims.TimeBuildSPMe.time_setup_SPMe": 1637896940639, "time_setup_models_and_sims.TimeBuildSPMeSimulation.time_setup_SPMe_simulation": 1637896944008, "time_solve_models.TimeSolveDFN.time_solve_model": 1637896963516, "time_solve_models.TimeSolveSPM.time_solve_model": 1637896971048, "time_solve_models.TimeSolveSPMe.time_solve_model": 1637896980282}, "benchmark_version": {"time_setup_models_and_sims.TimeBuildDFN.time_setup_DFN": "5f322e51e6b7e66125ee6949bdf25746005db467e8ffcfdcb3ace170e92bbc3d", "time_setup_models_and_sims.TimeBuildDFNSimulation.time_setup_DFN_simulation": "8de44bc542fa7d4ba28a80f24414a9444b5436673aaebba674918f5f0bfd0ebb", "time_setup_models_and_sims.TimeBuildSPM.time_setup_SPM": "0d0b3f5c67fc2da9a5794c66b70af5a45a09558d1ee95f738745385adb84fbca", "time_setup_models_and_sims.TimeBuildSPMSimulation.time_setup_SPM_simulation": "161220a99418ce4487cc29325cbae897f28d0e44ae07e1dfbfaac2cbc53a4ff9", "time_setup_models_and_sims.TimeBuildSPMe.time_setup_SPMe": "6083f5ff944353395eb4b21c97b02af555fe6528de3cd5283f5e139943945235", "time_setup_models_and_sims.TimeBuildSPMeSimulation.time_setup_SPMe_simulation": "530563cb559427795e3648d9648df9250ae100b7721f69eec356bdda7798c55e", "time_solve_models.TimeSolveDFN.time_solve_model": "914137228e20e5900cec36b0d3865f1faa2f5d479c7d6c2539514791f9ec4430", "time_solve_models.TimeSolveSPM.time_solve_model": "ef1bb5f8d1ddfa59650e20438c4b252d73e5a062714848ce1d6d5269382bc598", "time_solve_models.TimeSolveSPMe.time_solve_model": "20672028872f4620ce85e909bae705d9490de441e926510b2b0e53ff0881d87b"}, "version": 1}