{"results": {"time_setup_models_and_sims.TimeBuildDFN.time_setup_DFN": {"result": [0.7651108375000035], "stats": [{"ci_99": [0.7422041699999795, 0.7754294529999868], "q_25": 0.7584577862499948, "q_75": 0.7689255812500022, "min": 0.7422041699999795, "max": 0.7754294529999868, "mean": 0.7629939491999991, "std": 0.009726030391989672, "repeat": 10, "number": 1}]}, "time_setup_models_and_sims.TimeBuildDFNSimulation.time_setup_DFN_simulation": {"result": [0.1877512764999949, 0.46989620249999575], "stats": [{"ci_99": [0.18044393400001013, 0.195634670000004], "q_25": 0.18448705300000512, "q_75": 0.18974424100000675, "min": 0.18044393400001013, "max": 0.195634670000004, "mean": 0.18759216540000523, "std": 0.00414607465785251, "repeat": 10, "number": 1}, {"ci_99": [0.45369609499999797, 0.4906351070000028], "q_25": 0.4664841149999859, "q_75": 0.47868272374999776, "min": 0.45369609499999797, "max": 0.4906351070000028, "mean": 0.4718192625999933, "std": 0.010396353457850996, "repeat": 10, "number": 1}], "params": [["False", "True"]]}, "time_setup_models_and_sims.TimeBuildSPM.time_setup_SPM": {"result": [0.5483173454999957], "stats": [{"ci_99": [0.5420735600000057, 0.5768759870000224], "q_25": 0.5437587172500074, "q_75": 0.5526868624999963, "min": 0.5420735600000057, "max": 0.5768759870000224, "mean": 0.5526977146000064, "std": 0.012527495662885847, "repeat": 10, "number": 1}]}, "time_setup_models_and_sims.TimeBuildSPMSimulation.time_setup_SPM_simulation": {"result": [0.21719477400000642, 0.5054074034999871], "stats": [{"ci_99": [0.21190224099999, 0.2222577729999955], "q_25": 0.2158005112499879, "q_75": 0.22031986874999632, "min": 0.21190224099999, "max": 0.2222577729999955, "mean": 0.21771763599999475, "std": 0.0031589733138565573, "repeat": 10, "number": 1}, {"ci_99": [0.4874221640000087, 0.5511209750000035], "q_25": 0.5004510892500136, "q_75": 0.5159230652499929, "min": 0.4874221640000087, "max": 0.5511209750000035, "mean": 0.5102017576999998, "std": 0.017964712075402293, "repeat": 10, "number": 1}], "params": [["False", "True"]]}, "time_setup_models_and_sims.TimeBuildSPMe.time_setup_SPMe": {"result": [0.7267871290000016], "stats": [{"ci_99": [0.7145449639999981, 0.7376031860000012], "q_25": 0.7234292015000179, "q_75": 0.7333561427499831, "min": 0.7145449639999981, "max": 0.7376031860000012, "mean": 0.7278224770000037, "std": 0.007031169679939726, "repeat": 10, "number": 1}]}, "time_setup_models_and_sims.TimeBuildSPMeSimulation.time_setup_SPMe_simulation": {"result": [0.2093010975000027, 0.5099024794999991], "stats": [{"ci_99": [0.20281993800000464, 0.21884321999999656], "q_25": 0.20733139774998932, "q_75": 0.21484951300000432, "min": 0.20281993800000464, "max": 0.21884321999999656, "mean": 0.21053989400000148, "std": 0.004844492470680675, "repeat": 10, "number": 1}, {"ci_99": [0.4952543450000064, 0.5409549199999901], "q_25": 0.509618371749994, "q_75": 0.5201544067500095, "min": 0.4952543450000064, "max": 0.5409549199999901, "mean": 0.5156483037999976, "std": 0.013347773858785425, "repeat": 10, "number": 1}], "params": [["False", "True"]]}, "time_solve_models.TimeSolveDFN.time_solve_model": {"result": [0.6268530350000105, 0.8056290800000028], "stats": [{"ci_99": [0.6038147029999834, 0.6798049790000107], "q_25": 0.6176108960000164, "q_75": 0.6364891747499897, "min": 0.6038147029999834, "max": 0.6798049790000107, "mean": 0.6314598156250035, "std": 0.0226905944672857, "repeat": 8, "number": 1}, {"ci_99": [0.7906435879999947, 0.842977803999986], "q_25": 0.8020840045000028, "q_75": 0.8251991845000077, "min": 0.7906435879999947, "max": 0.842977803999986, "mean": 0.8129533917000031, "std": 0.01579082179479686, "repeat": 10, "number": 1}], "params": [["True", "False"]]}, "time_solve_models.TimeSolveSPM.time_solve_model": {"result": [0.02760399049999762, 0.05608253949999664], "stats": [{"ci_99": [0.026500858999980892, 0.028818718999957582], "q_25": 0.027248503250000056, "q_75": 0.02851125999999482, "min": 0.026500858999980892, "max": 0.028818718999957582, "mean": 0.02774136139999541, "std": 0.0007812693907726822, "repeat": 10, "number": 1}, {"ci_99": [0.05297121800001037, 0.07103505299994595], "q_25": 0.05411096174999841, "q_75": 0.0591420685000017, "min": 0.05297121800001037, "max": 0.07103505299994595, "mean": 0.057586528799990336, "std": 0.005101116339413445, "repeat": 10, "number": 1}], "params": [["True", "False"]]}, "time_solve_models.TimeSolveSPMe.time_solve_model": {"result": [0.04057868399998199, 0.09315028650000556], "stats": [{"ci_99": [0.039596324999990884, 0.054002597000021524], "q_25": 0.04032521950001211, "q_75": 0.04122257950000119, "min": 0.039596324999990884, "max": 0.054002597000021524, "mean": 0.0425621351000018, "std": 0.004399942973732742, "repeat": 10, "number": 1}, {"ci_99": [0.09042539899999724, 0.09823510700002203], "q_25": 0.09201014274997732, "q_75": 0.09419103249997818, "min": 0.09042539899999724, "max": 0.09823510700002203, "mean": 0.09339922729999443, "std": 0.002099224925354954, "repeat": 10, "number": 1}], "params": [["True", "False"]]}}, "params": {"machine": "GitHubRunner", "python": "3.8"}, "requirements": {}, "commit_hash": "0ab7c349efb4482d99f5532e31f30da40e3257a8", "date": 1637869659000, "env_name": "virtualenv-py3.8", "python": "3.8", "profiles": {}, "started_at": {"time_setup_models_and_sims.TimeBuildDFN.time_setup_DFN": 1638069723942, "time_setup_models_and_sims.TimeBuildDFNSimulation.time_setup_DFN_simulation": 1638069728961, "time_setup_models_and_sims.TimeBuildSPM.time_setup_SPM": 1638069733232, "time_setup_models_and_sims.TimeBuildSPMSimulation.time_setup_SPM_simulation": 1638069736897, "time_setup_models_and_sims.TimeBuildSPMe.time_setup_SPMe": 1638069741668, "time_setup_models_and_sims.TimeBuildSPMeSimulation.time_setup_SPMe_simulation": 1638069746537, "time_solve_models.TimeSolveDFN.time_solve_model": 1638069751261, "time_solve_models.TimeSolveSPM.time_solve_model": 1638069774936, "time_solve_models.TimeSolveSPMe.time_solve_model": 1638069785526}, "ended_at": {"time_setup_models_and_sims.TimeBuildDFN.time_setup_DFN": 1638069728961, "time_setup_models_and_sims.TimeBuildDFNSimulation.time_setup_DFN_simulation": 1638069733231, "time_setup_models_and_sims.TimeBuildSPM.time_setup_SPM": 1638069736897, "time_setup_models_and_sims.TimeBuildSPMSimulation.time_setup_SPM_simulation": 1638069741667, "time_setup_models_and_sims.TimeBuildSPMe.time_setup_SPMe": 1638069746536, "time_setup_models_and_sims.TimeBuildSPMeSimulation.time_setup_SPMe_simulation": 1638069751261, "time_solve_models.TimeSolveDFN.time_solve_model": 1638069774936, "time_solve_models.TimeSolveSPM.time_solve_model": 1638069785525, "time_solve_models.TimeSolveSPMe.time_solve_model": 1638069799625}, "benchmark_version": {"time_setup_models_and_sims.TimeBuildDFN.time_setup_DFN": "5f322e51e6b7e66125ee6949bdf25746005db467e8ffcfdcb3ace170e92bbc3d", "time_setup_models_and_sims.TimeBuildDFNSimulation.time_setup_DFN_simulation": "8de44bc542fa7d4ba28a80f24414a9444b5436673aaebba674918f5f0bfd0ebb", "time_setup_models_and_sims.TimeBuildSPM.time_setup_SPM": "0d0b3f5c67fc2da9a5794c66b70af5a45a09558d1ee95f738745385adb84fbca", "time_setup_models_and_sims.TimeBuildSPMSimulation.time_setup_SPM_simulation": "161220a99418ce4487cc29325cbae897f28d0e44ae07e1dfbfaac2cbc53a4ff9", "time_setup_models_and_sims.TimeBuildSPMe.time_setup_SPMe": "6083f5ff944353395eb4b21c97b02af555fe6528de3cd5283f5e139943945235", "time_setup_models_and_sims.TimeBuildSPMeSimulation.time_setup_SPMe_simulation": "530563cb559427795e3648d9648df9250ae100b7721f69eec356bdda7798c55e", "time_solve_models.TimeSolveDFN.time_solve_model": "914137228e20e5900cec36b0d3865f1faa2f5d479c7d6c2539514791f9ec4430", "time_solve_models.TimeSolveSPM.time_solve_model": "ef1bb5f8d1ddfa59650e20438c4b252d73e5a062714848ce1d6d5269382bc598", "time_solve_models.TimeSolveSPMe.time_solve_model": "20672028872f4620ce85e909bae705d9490de441e926510b2b0e53ff0881d87b"}, "version": 1}