{"results": {"time_setup_models_and_sims.TimeBuildDFN.time_setup_DFN": {"result": [0.9340891349997946], "stats": [{"ci_99": [0.908007009999892, 0.9569183509993309], "q_25": 0.9217122542499965, "q_75": 0.9503312714994081, "min": 0.908007009999892, "max": 0.9569183509993309, "mean": 0.9349777079996784, "std": 0.016075911858222408, "repeat": 10, "number": 1}]}, "time_setup_models_and_sims.TimeBuildDFNSimulation.time_setup_DFN_simulation": {"result": [0.12613655550012481, 0.2552520869999171], "stats": [{"ci_99": [0.11561178099964309, 0.1457398219999959], "q_25": 0.1221054794993961, "q_75": 0.13293740849962887, "min": 0.11561178099964309, "max": 0.1457398219999959, "mean": 0.12814403539987324, "std": 0.008318082042068594, "repeat": 10, "number": 1}, {"ci_99": [0.24042144600025495, 0.26721560699934344], "q_25": 0.24988048699970022, "q_75": 0.2617710274996625, "min": 0.24042144600025495, "max": 0.26721560699934344, "mean": 0.25528978819975234, "std": 0.008369296024215177, "repeat": 10, "number": 1}], "params": [["False", "True"]]}, "time_setup_models_and_sims.TimeBuildSPM.time_setup_SPM": {"result": [0.6722913589997006], "stats": [{"ci_99": [0.6479519399999845, 0.7072367869996015], "q_25": 0.6533510120004848, "q_75": 0.6934754039998552, "min": 0.6479519399999845, "max": 0.7072367869996015, "mean": 0.6748956238999199, "std": 0.022742070603654824, "repeat": 10, "number": 1}]}, "time_setup_models_and_sims.TimeBuildSPMSimulation.time_setup_SPM_simulation": {"result": [0.3002475680000316, 0.5733622970001306], "stats": [{"ci_99": [0.2757752679999612, 0.3251098600003388], "q_25": 0.2860823007501949, "q_75": 0.3032702734999475, "min": 0.2757752679999612, "max": 0.3251098600003388, "mean": 0.2975257611000416, "std": 0.014128969258099306, "repeat": 10, "number": 1}, {"ci_99": [0.5318389430003663, 0.6074795879994781], "q_25": 0.5579398460004086, "q_75": 0.5812997845000609, "min": 0.5318389430003663, "max": 0.6074795879994781, "mean": 0.5702328897999905, "std": 0.020348064754099386, "repeat": 10, "number": 1}], "params": [["False", "True"]]}, "time_setup_models_and_sims.TimeBuildSPMe.time_setup_SPMe": {"result": [0.7889338850000058], "stats": [{"ci_99": [0.7734290819998932, 0.8499945200001093], "q_25": 0.7851864337499137, "q_75": 0.8128173422501277, "min": 0.7734290819998932, "max": 0.8499945200001093, "mean": 0.7998164510000606, "std": 0.022825490434147132, "repeat": 10, "number": 1}]}, "time_setup_models_and_sims.TimeBuildSPMeSimulation.time_setup_SPMe_simulation": {"result": [0.1537588245000734, 0.2933914309996908], "stats": [{"ci_99": [0.1426353779997953, 0.16374801700021635], "q_25": 0.15227930625019326, "q_75": 0.15796517899980245, "min": 0.1426353779997953, "max": 0.16374801700021635, "mean": 0.15381007500000124, "std": 0.005936277813783931, "repeat": 10, "number": 1}, {"ci_99": [0.28027980600018054, 0.31732046300021466], "q_25": 0.29152228524958446, "q_75": 0.29864528999974027, "min": 0.28027980600018054, "max": 0.31732046300021466, "mean": 0.29623754059985, "std": 0.009996850925812772, "repeat": 10, "number": 1}], "params": [["False", "True"]]}, "time_solve_models.TimeSolveDFN.time_solve_model": {"result": [1.0012819505000152, 1.1938972115003708], "stats": [{"ci_99": [0.9836041600001408, 1.0146332056330771], "q_25": 0.9960071794998839, "q_75": 1.0069904022500396, "min": 0.9836041600001408, "max": 1.0106196229999114, "mean": 0.9999883043333284, "std": 0.00909530606028992, "repeat": 6, "number": 1}, {"ci_99": [1.1606810490002317, 1.2305381639998814], "q_25": 1.1896593019996544, "q_75": 1.2008634442504444, "min": 1.1606810490002317, "max": 1.2305381639998814, "mean": 1.1952991848751253, "std": 0.018726276302007655, "repeat": 8, "number": 1}], "params": [["True", "False"]]}, "time_solve_models.TimeSolveSPM.time_solve_model": {"result": [0.05628487400008453, 0.09965682500023831], "stats": [{"ci_99": [0.05443549699975847, 0.06045577399981994], "q_25": 0.05584769974984738, "q_75": 0.059299466499851405, "min": 0.05443549699975847, "max": 0.06045577399981994, "mean": 0.05723265289989286, "std": 0.002117833887744347, "repeat": 10, "number": 1}, {"ci_99": [0.09795419100009894, 0.10325224000007438], "q_25": 0.09873679800034552, "q_75": 0.10228634274972137, "min": 0.09795419100009894, "max": 0.10325224000007438, "mean": 0.10027399070013417, "std": 0.001982299402071006, "repeat": 10, "number": 1}], "params": [["True", "False"]]}, "time_solve_models.TimeSolveSPMe.time_solve_model": {"result": [0.07967552199988859, 0.155434330999924], "stats": [{"ci_99": [0.07577218799997354, 0.08292488300048717], "q_25": 0.07844584375015984, "q_75": 0.08239892849951502, "min": 0.07577218799997354, "max": 0.08292488300048717, "mean": 0.08007807060002961, "std": 0.0023116587769122106, "repeat": 10, "number": 1}, {"ci_99": [0.14446495700030937, 0.17139090900036535], "q_25": 0.1477280755002539, "q_75": 0.16102908049947473, "min": 0.14446495700030937, "max": 0.17139090900036535, "mean": 0.15534590110000862, "std": 0.008165601112433168, "repeat": 10, "number": 1}], "params": [["True", "False"]]}}, "params": {"machine": "GitHubRunner", "python": "3.8"}, "requirements": {}, "commit_hash": "0d348729ac70ecc9a27eaf5c1d28d719438b0805", "date": 1606394255000, "env_name": "virtualenv-py3.8", "python": "3.8", "profiles": {}, "started_at": {"time_setup_models_and_sims.TimeBuildDFN.time_setup_DFN": 1613145629407, "time_setup_models_and_sims.TimeBuildDFNSimulation.time_setup_DFN_simulation": 1613145635327, "time_setup_models_and_sims.TimeBuildSPM.time_setup_SPM": 1613145637842, "time_setup_models_and_sims.TimeBuildSPMSimulation.time_setup_SPM_simulation": 1613145642209, "time_setup_models_and_sims.TimeBuildSPMe.time_setup_SPMe": 1613145647683, "time_setup_models_and_sims.TimeBuildSPMeSimulation.time_setup_SPMe_simulation": 1613145652752, "time_solve_models.TimeSolveDFN.time_solve_model": 1613145655769, "time_solve_models.TimeSolveSPM.time_solve_model": 1613145680754, "time_solve_models.TimeSolveSPMe.time_solve_model": 1613145692647}, "ended_at": {"time_setup_models_and_sims.TimeBuildDFN.time_setup_DFN": 1613145635327, "time_setup_models_and_sims.TimeBuildDFNSimulation.time_setup_DFN_simulation": 1613145637841, "time_setup_models_and_sims.TimeBuildSPM.time_setup_SPM": 1613145642208, "time_setup_models_and_sims.TimeBuildSPMSimulation.time_setup_SPM_simulation": 1613145647682, "time_setup_models_and_sims.TimeBuildSPMe.time_setup_SPMe": 1613145652752, "time_setup_models_and_sims.TimeBuildSPMeSimulation.time_setup_SPMe_simulation": 1613145655769, "time_solve_models.TimeSolveDFN.time_solve_model": 1613145680753, "time_solve_models.TimeSolveSPM.time_solve_model": 1613145692647, "time_solve_models.TimeSolveSPMe.time_solve_model": 1613145707649}, "benchmark_version": {"time_setup_models_and_sims.TimeBuildDFN.time_setup_DFN": "5f322e51e6b7e66125ee6949bdf25746005db467e8ffcfdcb3ace170e92bbc3d", "time_setup_models_and_sims.TimeBuildDFNSimulation.time_setup_DFN_simulation": "8de44bc542fa7d4ba28a80f24414a9444b5436673aaebba674918f5f0bfd0ebb", "time_setup_models_and_sims.TimeBuildSPM.time_setup_SPM": "0d0b3f5c67fc2da9a5794c66b70af5a45a09558d1ee95f738745385adb84fbca", "time_setup_models_and_sims.TimeBuildSPMSimulation.time_setup_SPM_simulation": "161220a99418ce4487cc29325cbae897f28d0e44ae07e1dfbfaac2cbc53a4ff9", "time_setup_models_and_sims.TimeBuildSPMe.time_setup_SPMe": "6083f5ff944353395eb4b21c97b02af555fe6528de3cd5283f5e139943945235", "time_setup_models_and_sims.TimeBuildSPMeSimulation.time_setup_SPMe_simulation": "530563cb559427795e3648d9648df9250ae100b7721f69eec356bdda7798c55e", "time_solve_models.TimeSolveDFN.time_solve_model": "914137228e20e5900cec36b0d3865f1faa2f5d479c7d6c2539514791f9ec4430", "time_solve_models.TimeSolveSPM.time_solve_model": "ef1bb5f8d1ddfa59650e20438c4b252d73e5a062714848ce1d6d5269382bc598", "time_solve_models.TimeSolveSPMe.time_solve_model": "20672028872f4620ce85e909bae705d9490de441e926510b2b0e53ff0881d87b"}, "version": 1}