{"results": {"time_setup_models_and_sims.TimeBuildDFN.time_setup_DFN": {"result": [1.0410622664994662], "stats": [{"ci_99": [0.976865402999465, 1.0679289829986374], "q_25": 1.029925114749858, "q_75": 1.048524305250794, "min": 0.976865402999465, "max": 1.0679289829986374, "mean": 1.0343029952997314, "std": 0.028164024757765773, "repeat": 10, "number": 1}]}, "time_setup_models_and_sims.TimeBuildDFNSimulation.time_setup_DFN_simulation": {"result": [0.09689197299940133, 0.1985771340005158], "stats": [{"ci_99": [0.0910079780005617, 0.10581699100112019], "q_25": 0.09143620575059686, "q_75": 0.10240681575032795, "min": 0.0910079780005617, "max": 0.10581699100112019, "mean": 0.09730462610023097, "std": 0.0059100139649146, "repeat": 10, "number": 1}, {"ci_99": [0.18193655399954878, 0.21726072400088015], "q_25": 0.19551748049934758, "q_75": 0.2000394432493522, "min": 0.18193655399954878, "max": 0.21726072400088015, "mean": 0.198236238699792, "std": 0.008426986491271294, "repeat": 10, "number": 1}], "params": [["False", "True"]]}, "time_setup_models_and_sims.TimeBuildSPM.time_setup_SPM": {"result": [0.7050514584998382], "stats": [{"ci_99": [0.6852148999987548, 0.7534270079995622], "q_25": 0.6997665232511281, "q_75": 0.7278972084995985, "min": 0.6852148999987548, "max": 0.7534270079995622, "mean": 0.7121900611999081, "std": 0.019999471879793545, "repeat": 10, "number": 1}]}, "time_setup_models_and_sims.TimeBuildSPMSimulation.time_setup_SPM_simulation": {"result": [0.2536164910006846, 0.4648423085000104], "stats": [{"ci_99": [0.24329391799983568, 0.27370014499865647], "q_25": 0.24913318449989674, "q_75": 0.25749501574864553, "min": 0.24329391799983568, "max": 0.27370014499865647, "mean": 0.2542551356998956, "std": 0.008537367169687523, "repeat": 10, "number": 1}, {"ci_99": [0.42625247099931585, 0.5021255510000628], "q_25": 0.44801344675079235, "q_75": 0.48211509750035475, "min": 0.42625247099931585, "max": 0.5021255510000628, "mean": 0.46391981880005917, "std": 0.02400192966992146, "repeat": 10, "number": 1}], "params": [["False", "True"]]}, "time_setup_models_and_sims.TimeBuildSPMe.time_setup_SPMe": {"result": [0.8537706134993641], "stats": [{"ci_99": [0.8163698960015608, 0.906639744000131], "q_25": 0.8368941700005053, "q_75": 0.881977230999837, "min": 0.8163698960015608, "max": 0.906639744000131, "mean": 0.85754618150022, "std": 0.029751525120766977, "repeat": 10, "number": 1}]}, "time_setup_models_and_sims.TimeBuildSPMeSimulation.time_setup_SPMe_simulation": {"result": [0.12106530250002834, 0.24481162449956173], "stats": [{"ci_99": [0.11539056200126652, 0.129223464999086], "q_25": 0.11866885775043556, "q_75": 0.12266626300106509, "min": 0.11539056200126652, "max": 0.129223464999086, "mean": 0.12120267330028582, "std": 0.004219515287204756, "repeat": 10, "number": 1}, {"ci_99": [0.22417327400034992, 0.2617180460001691], "q_25": 0.23518567900009657, "q_75": 0.25043581800082393, "min": 0.22417327400034992, "max": 0.2617180460001691, "mean": 0.24278675910009043, "std": 0.011259792307268528, "repeat": 10, "number": 1}], "params": [["False", "True"]]}, "time_solve_models.TimeSolveDFN.time_solve_model": {"result": [1.3085446949999096, 1.4641836984992551], "stats": [{"ci_99": [1.2368366980823347, 1.3819290719181776], "q_25": 1.272927439501018, "q_75": 1.3475627024999994, "min": 1.2515281409996533, "max": 1.3660560530006478, "mean": 1.3093828850002562, "std": 0.043151908696532654, "repeat": 6, "number": 1}, {"ci_99": [1.4443392279990803, 1.517948876000446], "q_25": 1.4483699747502214, "q_75": 1.5153572454992172, "min": 1.4443392279990803, "max": 1.517948876000446, "mean": 1.4773431084995536, "std": 0.031552508438808066, "repeat": 8, "number": 1}], "params": [["True", "False"]]}, "time_solve_models.TimeSolveSPM.time_solve_model": {"result": [0.0662868929994147, 0.11101862600025925], "stats": [{"ci_99": [0.06446377800057235, 0.07389925099960237], "q_25": 0.06517496075048257, "q_75": 0.06925259024956176, "min": 0.06446377800057235, "max": 0.07389925099960237, "mean": 0.06769757379988732, "std": 0.0031363120746598677, "repeat": 10, "number": 1}, {"ci_99": [0.10494998200010741, 0.12050309500045842], "q_25": 0.10733554924945565, "q_75": 0.11677721675050634, "min": 0.10494998200010741, "max": 0.12050309500045842, "mean": 0.1119850127999598, "std": 0.005344222718175971, "repeat": 10, "number": 1}], "params": [["True", "False"]]}, "time_solve_models.TimeSolveSPMe.time_solve_model": {"result": [0.10817735399996309, 0.18035699050051335], "stats": [{"ci_99": [0.10545238300073834, 0.12216451000131201], "q_25": 0.10685431899901232, "q_75": 0.11328411649947157, "min": 0.10545238300073834, "max": 0.12216451000131201, "mean": 0.11047579149981175, "std": 0.004957569393880271, "repeat": 10, "number": 1}, {"ci_99": [0.17091046899986395, 0.20075628999984474], "q_25": 0.1759132062502431, "q_75": 0.19133889849990737, "min": 0.17091046899986395, "max": 0.20075628999984474, "mean": 0.18356281440028396, "std": 0.009307808841733092, "repeat": 10, "number": 1}], "params": [["True", "False"]]}}, "params": {"machine": "GitHubRunner", "python": "3.8"}, "requirements": {}, "commit_hash": "1007c87379a6364384d30db315d4a99bc30a7173", "date": 1590507026000, "env_name": "virtualenv-py3.8", "python": "3.8", "profiles": {}, "started_at": {"time_setup_models_and_sims.TimeBuildDFN.time_setup_DFN": 1613153676107, "time_setup_models_and_sims.TimeBuildDFNSimulation.time_setup_DFN_simulation": 1613153682681, "time_setup_models_and_sims.TimeBuildSPM.time_setup_SPM": 1613153684645, "time_setup_models_and_sims.TimeBuildSPMSimulation.time_setup_SPM_simulation": 1613153689212, "time_setup_models_and_sims.TimeBuildSPMe.time_setup_SPMe": 1613153693733, "time_setup_models_and_sims.TimeBuildSPMeSimulation.time_setup_SPMe_simulation": 1613153699253, "time_solve_models.TimeSolveDFN.time_solve_model": 1613153701769, "time_solve_models.TimeSolveSPM.time_solve_model": 1613153731675, "time_solve_models.TimeSolveSPMe.time_solve_model": 1613153743970}, "ended_at": {"time_setup_models_and_sims.TimeBuildDFN.time_setup_DFN": 1613153682681, "time_setup_models_and_sims.TimeBuildDFNSimulation.time_setup_DFN_simulation": 1613153684644, "time_setup_models_and_sims.TimeBuildSPM.time_setup_SPM": 1613153689212, "time_setup_models_and_sims.TimeBuildSPMSimulation.time_setup_SPM_simulation": 1613153693732, "time_setup_models_and_sims.TimeBuildSPMe.time_setup_SPMe": 1613153699252, "time_setup_models_and_sims.TimeBuildSPMeSimulation.time_setup_SPMe_simulation": 1613153701768, "time_solve_models.TimeSolveDFN.time_solve_model": 1613153731674, "time_solve_models.TimeSolveSPM.time_solve_model": 1613153743969, "time_solve_models.TimeSolveSPMe.time_solve_model": 1613153759423}, "benchmark_version": {"time_setup_models_and_sims.TimeBuildDFN.time_setup_DFN": "5f322e51e6b7e66125ee6949bdf25746005db467e8ffcfdcb3ace170e92bbc3d", "time_setup_models_and_sims.TimeBuildDFNSimulation.time_setup_DFN_simulation": "8de44bc542fa7d4ba28a80f24414a9444b5436673aaebba674918f5f0bfd0ebb", "time_setup_models_and_sims.TimeBuildSPM.time_setup_SPM": "0d0b3f5c67fc2da9a5794c66b70af5a45a09558d1ee95f738745385adb84fbca", "time_setup_models_and_sims.TimeBuildSPMSimulation.time_setup_SPM_simulation": "161220a99418ce4487cc29325cbae897f28d0e44ae07e1dfbfaac2cbc53a4ff9", "time_setup_models_and_sims.TimeBuildSPMe.time_setup_SPMe": "6083f5ff944353395eb4b21c97b02af555fe6528de3cd5283f5e139943945235", "time_setup_models_and_sims.TimeBuildSPMeSimulation.time_setup_SPMe_simulation": "530563cb559427795e3648d9648df9250ae100b7721f69eec356bdda7798c55e", "time_solve_models.TimeSolveDFN.time_solve_model": "914137228e20e5900cec36b0d3865f1faa2f5d479c7d6c2539514791f9ec4430", "time_solve_models.TimeSolveSPM.time_solve_model": "ef1bb5f8d1ddfa59650e20438c4b252d73e5a062714848ce1d6d5269382bc598", "time_solve_models.TimeSolveSPMe.time_solve_model": "20672028872f4620ce85e909bae705d9490de441e926510b2b0e53ff0881d87b"}, "version": 1}