{"results": {"time_setup_models_and_sims.TimeBuildDFN.time_setup_DFN": {"result": [0.429359580499991], "stats": [{"ci_99": [0.42763467499997887, 0.4309156569999857], "q_25": 0.4288783497500219, "q_75": 0.42979772250000536, "min": 0.42763467499997887, "max": 0.4309156569999857, "mean": 0.4292440689999978, "std": 0.0009200499384203558, "repeat": 10, "number": 1}]}, "time_setup_models_and_sims.TimeBuildDFNSimulation.time_setup_DFN_simulation": {"result": [0.08431043999999588, 0.20449505250000755], "stats": [{"ci_99": [0.08371313300000338, 0.08794726200000014], "q_25": 0.08381103199999984, "q_75": 0.0845088132499967, "min": 0.08371313300000338, "max": 0.08794726200000014, "mean": 0.08451754840000092, "std": 0.0011870715899432766, "repeat": 10, "number": 1}, {"ci_99": [0.2026872960000219, 0.20667839300000423], "q_25": 0.20339188199999114, "q_75": 0.20510478674999888, "min": 0.2026872960000219, "max": 0.20667839300000423, "mean": 0.20443507560000285, "std": 0.001219936676648121, "repeat": 10, "number": 1}], "params": [["False", "True"]]}, "time_setup_models_and_sims.TimeBuildSPM.time_setup_SPM": {"result": [0.22618884899999614], "stats": [{"ci_99": [0.22457909799999243, 0.2287012809999851], "q_25": 0.2256595742500025, "q_75": 0.2273266360000079, "min": 0.22457909799999243, "max": 0.2287012809999851, "mean": 0.22648670919999744, "std": 0.001222637241460297, "repeat": 10, "number": 1}]}, "time_setup_models_and_sims.TimeBuildSPMSimulation.time_setup_SPM_simulation": {"result": [0.07307894750000798, 0.1718701435000014], "stats": [{"ci_99": [0.0719221159999961, 0.07383468000000448], "q_25": 0.07234648024999757, "q_75": 0.0735375877500033, "min": 0.0719221159999961, "max": 0.07383468000000448, "mean": 0.07294678730000329, "std": 0.0006877885796510686, "repeat": 10, "number": 1}, {"ci_99": [0.16943539100000748, 0.1733530319999943], "q_25": 0.17101835749999594, "q_75": 0.17276622375001693, "min": 0.16943539100000748, "max": 0.1733530319999943, "mean": 0.17180807279999896, "std": 0.001224879212567578, "repeat": 10, "number": 1}], "params": [["False", "True"]]}, "time_setup_models_and_sims.TimeBuildSPMe.time_setup_SPMe": {"result": [0.36947245849997046], "stats": [{"ci_99": [0.36720916500001977, 0.37019584000000805], "q_25": 0.36904522474999624, "q_75": 0.36979224000000954, "min": 0.36720916500001977, "max": 0.37019584000000805, "mean": 0.36928849209999726, "std": 0.0007927284737239735, "repeat": 10, "number": 1}]}, "time_setup_models_and_sims.TimeBuildSPMeSimulation.time_setup_SPMe_simulation": {"result": [0.0917718450000109, 0.22736979000003998], "stats": [{"ci_99": [0.09047357100001818, 0.0962166940000202], "q_25": 0.091051340749992, "q_75": 0.09268880475002561, "min": 0.09047357100001818, "max": 0.0962166940000202, "mean": 0.09239094340001089, "std": 0.0018123249685979305, "repeat": 10, "number": 1}, {"ci_99": [0.22520152199996346, 0.22862745700001597], "q_25": 0.2268851835000376, "q_75": 0.22776133774999607, "min": 0.22520152199996346, "max": 0.22862745700001597, "mean": 0.2272760799000139, "std": 0.000915484532147942, "repeat": 10, "number": 1}], "params": [["False", "True"]]}, "time_solve_models.TimeSolveDFN.time_solve_model": {"result": [0.5142136139999849, 0.6732609864999972], "stats": [{"ci_99": [0.508349093999982, 0.5188870380000026], "q_25": 0.5114196085000202, "q_75": 0.5165228052500055, "min": 0.508349093999982, "max": 0.5188870380000026, "mean": 0.5140851106999975, "std": 0.0032731952658799257, "repeat": 10, "number": 1}, {"ci_99": [0.6671080410000059, 0.6844221620000042], "q_25": 0.6706669097500111, "q_75": 0.6760259472499897, "min": 0.6671080410000059, "max": 0.6844221620000042, "mean": 0.6738182459999991, "std": 0.0047005437714987535, "repeat": 10, "number": 1}], "params": [["True", "False"]]}, "time_solve_models.TimeSolveSPM.time_solve_model": {"result": [0.019456656500011604, 0.040656241499974044], "stats": [{"ci_99": [0.019358124000007138, 0.019899027000008118], "q_25": 0.01940794824999159, "q_75": 0.01950490600000876, "min": 0.019358124000007138, "max": 0.019899027000008118, "mean": 0.019503325400003747, "std": 0.00015558869328453453, "repeat": 10, "number": 1}, {"ci_99": [0.039989019000017834, 0.04088452400003462], "q_25": 0.04056168124998294, "q_75": 0.04077192649999972, "min": 0.039989019000017834, "max": 0.04088452400003462, "mean": 0.0406136208999925, "std": 0.00024103136232914003, "repeat": 10, "number": 1}], "params": [["True", "False"]]}, "time_solve_models.TimeSolveSPMe.time_solve_model": {"result": [0.02886300850001078, 0.07118479199998262], "stats": [{"ci_99": [0.028630257999992637, 0.029114660000004733], "q_25": 0.028724058250006124, "q_75": 0.028995433999995157, "min": 0.028630257999992637, "max": 0.029114660000004733, "mean": 0.028874418700002024, "std": 0.00016772623359786725, "repeat": 10, "number": 1}, {"ci_99": [0.07039058899999873, 0.0750213139999687], "q_25": 0.07091149149999154, "q_75": 0.07180964625001707, "min": 0.07039058899999873, "max": 0.0750213139999687, "mean": 0.07180113609999239, "std": 0.0015323076745065555, "repeat": 10, "number": 1}], "params": [["True", "False"]]}}, "params": {"machine": "GitHubRunner", "python": "3.8"}, "requirements": {}, "commit_hash": "15060732bc8141dba50713c8abe8919eaae5534f", "date": 1643840378000, "env_name": "virtualenv-py3.8", "python": "3.8", "profiles": {}, "started_at": {"time_setup_models_and_sims.TimeBuildDFN.time_setup_DFN": 1643858480204, "time_setup_models_and_sims.TimeBuildDFNSimulation.time_setup_DFN_simulation": 1643858483068, "time_setup_models_and_sims.TimeBuildSPM.time_setup_SPM": 1643858485234, "time_setup_models_and_sims.TimeBuildSPMSimulation.time_setup_SPM_simulation": 1643858486843, "time_setup_models_and_sims.TimeBuildSPMe.time_setup_SPMe": 1643858488707, "time_setup_models_and_sims.TimeBuildSPMeSimulation.time_setup_SPMe_simulation": 1643858491220, "time_solve_models.TimeSolveDFN.time_solve_model": 1643858493486, "time_solve_models.TimeSolveSPM.time_solve_model": 1643858511503, "time_solve_models.TimeSolveSPMe.time_solve_model": 1643858516427}, "ended_at": {"time_setup_models_and_sims.TimeBuildDFN.time_setup_DFN": 1643858483068, "time_setup_models_and_sims.TimeBuildDFNSimulation.time_setup_DFN_simulation": 1643858485232, "time_setup_models_and_sims.TimeBuildSPM.time_setup_SPM": 1643858486843, "time_setup_models_and_sims.TimeBuildSPMSimulation.time_setup_SPM_simulation": 1643858488706, "time_setup_models_and_sims.TimeBuildSPMe.time_setup_SPMe": 1643858491219, "time_setup_models_and_sims.TimeBuildSPMeSimulation.time_setup_SPMe_simulation": 1643858493485, "time_solve_models.TimeSolveDFN.time_solve_model": 1643858511502, "time_solve_models.TimeSolveSPM.time_solve_model": 1643858516426, "time_solve_models.TimeSolveSPMe.time_solve_model": 1643858523857}, "benchmark_version": {"time_setup_models_and_sims.TimeBuildDFN.time_setup_DFN": "5f322e51e6b7e66125ee6949bdf25746005db467e8ffcfdcb3ace170e92bbc3d", "time_setup_models_and_sims.TimeBuildDFNSimulation.time_setup_DFN_simulation": "8de44bc542fa7d4ba28a80f24414a9444b5436673aaebba674918f5f0bfd0ebb", "time_setup_models_and_sims.TimeBuildSPM.time_setup_SPM": "0d0b3f5c67fc2da9a5794c66b70af5a45a09558d1ee95f738745385adb84fbca", "time_setup_models_and_sims.TimeBuildSPMSimulation.time_setup_SPM_simulation": "161220a99418ce4487cc29325cbae897f28d0e44ae07e1dfbfaac2cbc53a4ff9", "time_setup_models_and_sims.TimeBuildSPMe.time_setup_SPMe": "6083f5ff944353395eb4b21c97b02af555fe6528de3cd5283f5e139943945235", "time_setup_models_and_sims.TimeBuildSPMeSimulation.time_setup_SPMe_simulation": "530563cb559427795e3648d9648df9250ae100b7721f69eec356bdda7798c55e", "time_solve_models.TimeSolveDFN.time_solve_model": "914137228e20e5900cec36b0d3865f1faa2f5d479c7d6c2539514791f9ec4430", "time_solve_models.TimeSolveSPM.time_solve_model": "ef1bb5f8d1ddfa59650e20438c4b252d73e5a062714848ce1d6d5269382bc598", "time_solve_models.TimeSolveSPMe.time_solve_model": "20672028872f4620ce85e909bae705d9490de441e926510b2b0e53ff0881d87b"}, "version": 1}