{"results": {"time_setup_models_and_sims.TimeBuildDFN.time_setup_DFN": {"result": [0.6066011619999898], "stats": [{"ci_99": [0.5826559579999753, 0.6356661300000042], "q_25": 0.5900074320000002, "q_75": 0.6101794204999891, "min": 0.5826559579999753, "max": 0.6356661300000042, "mean": 0.6035561297999976, "std": 0.01493857960614249, "repeat": 10, "number": 1}]}, "time_setup_models_and_sims.TimeBuildDFNSimulation.time_setup_DFN_simulation": {"result": [0.1476364785000044, 0.363547398999998], "stats": [{"ci_99": [0.1417824199999984, 0.15589628400002198], "q_25": 0.1444891977499978, "q_75": 0.150519373750015, "min": 0.1417824199999984, "max": 0.15589628400002198, "mean": 0.14780338060000417, "std": 0.0042988595087618525, "repeat": 10, "number": 1}, {"ci_99": [0.35893780300000344, 0.3818583999999987], "q_25": 0.3623287160000004, "q_75": 0.3655703160000101, "min": 0.35893780300000344, "max": 0.3818583999999987, "mean": 0.36538777110000353, "std": 0.006274871378495677, "repeat": 10, "number": 1}], "params": [["False", "True"]]}, "time_setup_models_and_sims.TimeBuildSPM.time_setup_SPM": {"result": [0.4339354370000166], "stats": [{"ci_99": [0.425724769999988, 0.4486785720000057], "q_25": 0.4289364382500054, "q_75": 0.4396751532500076, "min": 0.425724769999988, "max": 0.4486785720000057, "mean": 0.434993879000001, "std": 0.007001757248687821, "repeat": 10, "number": 1}]}, "time_setup_models_and_sims.TimeBuildSPMSimulation.time_setup_SPM_simulation": {"result": [0.17600866050000263, 0.3985107814999935], "stats": [{"ci_99": [0.1722803960000192, 0.18017775100000222], "q_25": 0.17372260824998875, "q_75": 0.17834969500000852, "min": 0.1722803960000192, "max": 0.18017775100000222, "mean": 0.17604129390000195, "std": 0.0027115104409763118, "repeat": 10, "number": 1}, {"ci_99": [0.37718046599999866, 0.4035174569999924], "q_25": 0.38692027100000814, "q_75": 0.4017903240000109, "min": 0.37718046599999866, "max": 0.4035174569999924, "mean": 0.3937562580000019, "std": 0.0096864226339069, "repeat": 10, "number": 1}], "params": [["False", "True"]]}, "time_setup_models_and_sims.TimeBuildSPMe.time_setup_SPMe": {"result": [0.5470872239999949], "stats": [{"ci_99": [0.5377543879999962, 0.5519285000000025], "q_25": 0.5416437902499993, "q_75": 0.5490031062500051, "min": 0.5377543879999962, "max": 0.5519285000000025, "mean": 0.5453309977999965, "std": 0.004639107895593898, "repeat": 10, "number": 1}]}, "time_setup_models_and_sims.TimeBuildSPMeSimulation.time_setup_SPMe_simulation": {"result": [0.16427088800000433, 0.3968620365000106], "stats": [{"ci_99": [0.16031755899999212, 0.17037998899999707], "q_25": 0.1628785324999953, "q_75": 0.16688870824999924, "min": 0.16031755899999212, "max": 0.17037998899999707, "mean": 0.1649916922999978, "std": 0.003035730052988194, "repeat": 10, "number": 1}, {"ci_99": [0.3907810239999776, 0.4082252199999914], "q_25": 0.3918779575000073, "q_75": 0.40153591975000325, "min": 0.3907810239999776, "max": 0.4082252199999914, "mean": 0.39743623949999574, "std": 0.005706320193509118, "repeat": 10, "number": 1}], "params": [["False", "True"]]}, "time_solve_models.TimeSolveDFN.time_solve_model": {"result": [0.6006904265000088, 0.7899008585000047], "stats": [{"ci_99": [0.5840985490000037, 0.646142875999999], "q_25": 0.5896435852499948, "q_75": 0.6039716337499996, "min": 0.5840985490000037, "max": 0.646142875999999, "mean": 0.6034645892000015, "std": 0.01858355503360105, "repeat": 10, "number": 1}, {"ci_99": [0.7671709209999733, 0.8083179270000187], "q_25": 0.7726851767499952, "q_75": 0.7946230515000039, "min": 0.7671709209999733, "max": 0.8083179270000187, "mean": 0.7863909957999994, "std": 0.013435889850272515, "repeat": 10, "number": 1}], "params": [["True", "False"]]}, "time_solve_models.TimeSolveSPM.time_solve_model": {"result": [0.021911903000003008, 0.04718593799998416], "stats": [{"ci_99": [0.020675385999993523, 0.023221923999983574], "q_25": 0.021027755749997823, "q_75": 0.02269644400000459, "min": 0.020675385999993523, "max": 0.023221923999983574, "mean": 0.021897331999997504, "std": 0.0008887291662677252, "repeat": 10, "number": 1}, {"ci_99": [0.04526337899997657, 0.05756288399999221], "q_25": 0.04702973050000736, "q_75": 0.049729911749992084, "min": 0.04526337899997657, "max": 0.05756288399999221, "mean": 0.04893352969999683, "std": 0.0036495991350463165, "repeat": 10, "number": 1}], "params": [["True", "False"]]}, "time_solve_models.TimeSolveSPMe.time_solve_model": {"result": [0.03384168099998419, 0.08122469449999414], "stats": [{"ci_99": [0.03113158300001828, 0.041750583000009556], "q_25": 0.03312431224999557, "q_75": 0.034583399000034376, "min": 0.03113158300001828, "max": 0.041750583000009556, "mean": 0.03493834420001178, "std": 0.0034360228704377826, "repeat": 10, "number": 1}, {"ci_99": [0.07834697299995241, 0.09343085000000428], "q_25": 0.07991227150001379, "q_75": 0.08246663675000576, "min": 0.07834697299995241, "max": 0.09343085000000428, "mean": 0.08269394789999467, "std": 0.004586137321975005, "repeat": 10, "number": 1}], "params": [["True", "False"]]}}, "params": {"machine": "GitHubRunner", "python": "3.8"}, "requirements": {}, "commit_hash": "15992b32d969323f038c789340c87c2254354e55", "date": 1638296811000, "env_name": "virtualenv-py3.8", "python": "3.8", "profiles": {}, "started_at": {"time_setup_models_and_sims.TimeBuildDFN.time_setup_DFN": 1638328918680, "time_setup_models_and_sims.TimeBuildDFNSimulation.time_setup_DFN_simulation": 1638328922648, "time_setup_models_and_sims.TimeBuildSPM.time_setup_SPM": 1638328926069, "time_setup_models_and_sims.TimeBuildSPMSimulation.time_setup_SPM_simulation": 1638328929035, "time_setup_models_and_sims.TimeBuildSPMe.time_setup_SPMe": 1638328932805, "time_setup_models_and_sims.TimeBuildSPMeSimulation.time_setup_SPMe_simulation": 1638328936472, "time_solve_models.TimeSolveDFN.time_solve_model": 1638328940191, "time_solve_models.TimeSolveSPM.time_solve_model": 1638328963227, "time_solve_models.TimeSolveSPMe.time_solve_model": 1638328972165}, "ended_at": {"time_setup_models_and_sims.TimeBuildDFN.time_setup_DFN": 1638328922648, "time_setup_models_and_sims.TimeBuildDFNSimulation.time_setup_DFN_simulation": 1638328926068, "time_setup_models_and_sims.TimeBuildSPM.time_setup_SPM": 1638328929034, "time_setup_models_and_sims.TimeBuildSPMSimulation.time_setup_SPM_simulation": 1638328932805, "time_setup_models_and_sims.TimeBuildSPMe.time_setup_SPMe": 1638328936471, "time_setup_models_and_sims.TimeBuildSPMeSimulation.time_setup_SPMe_simulation": 1638328940191, "time_solve_models.TimeSolveDFN.time_solve_model": 1638328963226, "time_solve_models.TimeSolveSPM.time_solve_model": 1638328972164, "time_solve_models.TimeSolveSPMe.time_solve_model": 1638328984063}, "benchmark_version": {"time_setup_models_and_sims.TimeBuildDFN.time_setup_DFN": "5f322e51e6b7e66125ee6949bdf25746005db467e8ffcfdcb3ace170e92bbc3d", "time_setup_models_and_sims.TimeBuildDFNSimulation.time_setup_DFN_simulation": "8de44bc542fa7d4ba28a80f24414a9444b5436673aaebba674918f5f0bfd0ebb", "time_setup_models_and_sims.TimeBuildSPM.time_setup_SPM": "0d0b3f5c67fc2da9a5794c66b70af5a45a09558d1ee95f738745385adb84fbca", "time_setup_models_and_sims.TimeBuildSPMSimulation.time_setup_SPM_simulation": "161220a99418ce4487cc29325cbae897f28d0e44ae07e1dfbfaac2cbc53a4ff9", "time_setup_models_and_sims.TimeBuildSPMe.time_setup_SPMe": "6083f5ff944353395eb4b21c97b02af555fe6528de3cd5283f5e139943945235", "time_setup_models_and_sims.TimeBuildSPMeSimulation.time_setup_SPMe_simulation": "530563cb559427795e3648d9648df9250ae100b7721f69eec356bdda7798c55e", "time_solve_models.TimeSolveDFN.time_solve_model": "914137228e20e5900cec36b0d3865f1faa2f5d479c7d6c2539514791f9ec4430", "time_solve_models.TimeSolveSPM.time_solve_model": "ef1bb5f8d1ddfa59650e20438c4b252d73e5a062714848ce1d6d5269382bc598", "time_solve_models.TimeSolveSPMe.time_solve_model": "20672028872f4620ce85e909bae705d9490de441e926510b2b0e53ff0881d87b"}, "version": 1}