{"results": {"time_setup_models_and_sims.TimeBuildDFN.time_setup_DFN": {"result": [0.5246611869999924], "stats": [{"ci_99": [0.5219475389999957, 0.5284906269999965], "q_25": 0.5239409967499924, "q_75": 0.5247790699999797, "min": 0.5219475389999957, "max": 0.5284906269999965, "mean": 0.524586296399994, "std": 0.0016015438345352358, "repeat": 10, "number": 1}]}, "time_setup_models_and_sims.TimeBuildDFNSimulation.time_setup_DFN_simulation": {"result": [0.16922863950000533, 0.39109633300000723], "stats": [{"ci_99": [0.167324055999984, 0.1760379739999962], "q_25": 0.16822949524999586, "q_75": 0.1694488680000248, "min": 0.167324055999984, "max": 0.1760379739999962, "mean": 0.169521609800006, "std": 0.0023050452552597824, "repeat": 10, "number": 1}, {"ci_99": [0.3893059499999936, 0.3936848270000155], "q_25": 0.3902886262499905, "q_75": 0.3918371267499978, "min": 0.3893059499999936, "max": 0.3936848270000155, "mean": 0.3911541037999996, "std": 0.0011762775624458391, "repeat": 10, "number": 1}], "params": [["False", "True"]]}, "time_setup_models_and_sims.TimeBuildSPM.time_setup_SPM": {"result": [0.3236993664999943], "stats": [{"ci_99": [0.3218281549999915, 0.32482317200003763], "q_25": 0.3233431832499747, "q_75": 0.3240846449999992, "min": 0.3218281549999915, "max": 0.32482317200003763, "mean": 0.323630630699995, "std": 0.00075794515625342, "repeat": 10, "number": 1}]}, "time_setup_models_and_sims.TimeBuildSPMSimulation.time_setup_SPM_simulation": {"result": [0.16316099549999308, 0.36213369750001334], "stats": [{"ci_99": [0.16247420300004478, 0.1649250710000274], "q_25": 0.16285734124998896, "q_75": 0.16355435074999036, "min": 0.16247420300004478, "max": 0.1649250710000274, "mean": 0.16334928150000677, "std": 0.0007355244685467887, "repeat": 10, "number": 1}, {"ci_99": [0.3585480610000218, 0.36480872199996384], "q_25": 0.360679939750014, "q_75": 0.3629430467499901, "min": 0.3585480610000218, "max": 0.36480872199996384, "mean": 0.3618913141000064, "std": 0.0016785586576424467, "repeat": 10, "number": 1}], "params": [["False", "True"]]}, "time_setup_models_and_sims.TimeBuildSPMe.time_setup_SPMe": {"result": [0.4528662390000022], "stats": [{"ci_99": [0.4506183089999922, 0.4564106830000014], "q_25": 0.4521477282500115, "q_75": 0.45387904849998506, "min": 0.4506183089999922, "max": 0.4564106830000014, "mean": 0.4532130915999971, "std": 0.0018181932138860587, "repeat": 10, "number": 1}]}, "time_setup_models_and_sims.TimeBuildSPMeSimulation.time_setup_SPMe_simulation": {"result": [0.1750736644999904, 0.4142662024999879], "stats": [{"ci_99": [0.17423033300002544, 0.1884334550000517], "q_25": 0.17450645475001636, "q_75": 0.1819933742500126, "min": 0.17423033300002544, "max": 0.1884334550000517, "mean": 0.17828924000001506, "std": 0.005395708130124656, "repeat": 10, "number": 1}, {"ci_99": [0.4093245509999974, 0.4256787439999812], "q_25": 0.4105944442500089, "q_75": 0.4205897484999923, "min": 0.4093245509999974, "max": 0.4256787439999812, "mean": 0.4157813737999959, "std": 0.005638471332396697, "repeat": 10, "number": 1}], "params": [["False", "True"]]}, "time_solve_models.TimeSolveDFN.time_solve_model": {"result": [0.5121980675000088, 0.6705982759999927], "stats": [{"ci_99": [0.5088979210000275, 0.5494098730000019], "q_25": 0.5107066377499905, "q_75": 0.5137686577499636, "min": 0.5088979210000275, "max": 0.5494098730000019, "mean": 0.5156782327999963, "std": 0.011368015744845724, "repeat": 10, "number": 1}, {"ci_99": [0.6662039070000105, 0.6733817140000156], "q_25": 0.6688919274999989, "q_75": 0.6713519077499797, "min": 0.6662039070000105, "max": 0.6733817140000156, "mean": 0.6701701373999981, "std": 0.0022672534724387274, "repeat": 10, "number": 1}], "params": [["True", "False"]]}, "time_solve_models.TimeSolveSPM.time_solve_model": {"result": [0.020742180000013377, 0.04195022100003598], "stats": [{"ci_99": [0.020586579999985588, 0.020897678999972413], "q_25": 0.020693975499995076, "q_75": 0.020786377750013685, "min": 0.020586579999985588, "max": 0.020897678999972413, "mean": 0.020741175199998452, "std": 8.798546487695023e-05, "repeat": 10, "number": 1}, {"ci_99": [0.04175766800000247, 0.042145162999986496], "q_25": 0.04194085999999686, "q_75": 0.042002844999984745, "min": 0.04175766800000247, "max": 0.042145162999986496, "mean": 0.04194888580000224, "std": 0.00011154340217925447, "repeat": 10, "number": 1}], "params": [["True", "False"]]}, "time_solve_models.TimeSolveSPMe.time_solve_model": {"result": [0.03236333049997597, 0.074028984999984], "stats": [{"ci_99": [0.03194432099996902, 0.03306155000001354], "q_25": 0.032165801249988135, "q_75": 0.03255143550002515, "min": 0.03194432099996902, "max": 0.03306155000001354, "mean": 0.032420592699997995, "std": 0.0003354366696171022, "repeat": 10, "number": 1}, {"ci_99": [0.07368559200000391, 0.0746963830000027], "q_25": 0.07382727225001418, "q_75": 0.07454807825001808, "min": 0.07368559200000391, "max": 0.0746963830000027, "mean": 0.0741483570000014, "std": 0.00037826320585767904, "repeat": 10, "number": 1}], "params": [["True", "False"]]}}, "params": {"machine": "GitHubRunner", "python": "3.8"}, "requirements": {}, "commit_hash": "15a71cc27bcaa2df8bd5dd37e3c1cfb6800fbfb1", "date": 1629367084000, "env_name": "virtualenv-py3.8", "python": "3.8", "profiles": {}, "started_at": {"time_setup_models_and_sims.TimeBuildDFN.time_setup_DFN": 1629602498095, "time_setup_models_and_sims.TimeBuildDFNSimulation.time_setup_DFN_simulation": 1629602501609, "time_setup_models_and_sims.TimeBuildSPM.time_setup_SPM": 1629602505278, "time_setup_models_and_sims.TimeBuildSPMSimulation.time_setup_SPM_simulation": 1629602507492, "time_setup_models_and_sims.TimeBuildSPMe.time_setup_SPMe": 1629602510960, "time_setup_models_and_sims.TimeBuildSPMeSimulation.time_setup_SPMe_simulation": 1629602514026, "time_solve_models.TimeSolveDFN.time_solve_model": 1629602517894, "time_solve_models.TimeSolveSPM.time_solve_model": 1629602537957, "time_solve_models.TimeSolveSPMe.time_solve_model": 1629602544433}, "ended_at": {"time_setup_models_and_sims.TimeBuildDFN.time_setup_DFN": 1629602501609, "time_setup_models_and_sims.TimeBuildDFNSimulation.time_setup_DFN_simulation": 1629602505277, "time_setup_models_and_sims.TimeBuildSPM.time_setup_SPM": 1629602507492, "time_setup_models_and_sims.TimeBuildSPMSimulation.time_setup_SPM_simulation": 1629602510959, "time_setup_models_and_sims.TimeBuildSPMe.time_setup_SPMe": 1629602514026, "time_setup_models_and_sims.TimeBuildSPMeSimulation.time_setup_SPMe_simulation": 1629602517894, "time_solve_models.TimeSolveDFN.time_solve_model": 1629602537956, "time_solve_models.TimeSolveSPM.time_solve_model": 1629602544433, "time_solve_models.TimeSolveSPMe.time_solve_model": 1629602553614}, "benchmark_version": {"time_setup_models_and_sims.TimeBuildDFN.time_setup_DFN": "5f322e51e6b7e66125ee6949bdf25746005db467e8ffcfdcb3ace170e92bbc3d", "time_setup_models_and_sims.TimeBuildDFNSimulation.time_setup_DFN_simulation": "8de44bc542fa7d4ba28a80f24414a9444b5436673aaebba674918f5f0bfd0ebb", "time_setup_models_and_sims.TimeBuildSPM.time_setup_SPM": "0d0b3f5c67fc2da9a5794c66b70af5a45a09558d1ee95f738745385adb84fbca", "time_setup_models_and_sims.TimeBuildSPMSimulation.time_setup_SPM_simulation": "161220a99418ce4487cc29325cbae897f28d0e44ae07e1dfbfaac2cbc53a4ff9", "time_setup_models_and_sims.TimeBuildSPMe.time_setup_SPMe": "6083f5ff944353395eb4b21c97b02af555fe6528de3cd5283f5e139943945235", "time_setup_models_and_sims.TimeBuildSPMeSimulation.time_setup_SPMe_simulation": "530563cb559427795e3648d9648df9250ae100b7721f69eec356bdda7798c55e", "time_solve_models.TimeSolveDFN.time_solve_model": "914137228e20e5900cec36b0d3865f1faa2f5d479c7d6c2539514791f9ec4430", "time_solve_models.TimeSolveSPM.time_solve_model": "ef1bb5f8d1ddfa59650e20438c4b252d73e5a062714848ce1d6d5269382bc598", "time_solve_models.TimeSolveSPMe.time_solve_model": "20672028872f4620ce85e909bae705d9490de441e926510b2b0e53ff0881d87b"}, "version": 1}