{"results": {"time_setup_models_and_sims.TimeBuildDFN.time_setup_DFN": {"result": [0.5728538469999762], "stats": [{"ci_99": [0.5532254830000056, 0.5865911969999615], "q_25": 0.561095082750029, "q_75": 0.5803891077499941, "min": 0.5532254830000056, "max": 0.5865911969999615, "mean": 0.5712150134999888, "std": 0.010866852100534341, "repeat": 10, "number": 1}]}, "time_setup_models_and_sims.TimeBuildDFNSimulation.time_setup_DFN_simulation": {"result": [0.18189682649997962, 0.4099917014999903], "stats": [{"ci_99": [0.17222345300001507, 0.1856801760000053], "q_25": 0.17772233200001608, "q_75": 0.18389456399995652, "min": 0.17222345300001507, "max": 0.1856801760000053, "mean": 0.18059103219999315, "std": 0.004168399770673953, "repeat": 10, "number": 1}, {"ci_99": [0.40317909999998847, 0.4172981840000034], "q_25": 0.4088610319999759, "q_75": 0.41493638449999537, "min": 0.40317909999998847, "max": 0.4172981840000034, "mean": 0.4109859042999858, "std": 0.004188888035214911, "repeat": 10, "number": 1}], "params": [["False", "True"]]}, "time_setup_models_and_sims.TimeBuildSPM.time_setup_SPM": {"result": [0.3478557865000198], "stats": [{"ci_99": [0.33790206200001194, 0.3620272929999828], "q_25": 0.3442588252499945, "q_75": 0.35621385124998994, "min": 0.33790206200001194, "max": 0.3620272929999828, "mean": 0.3495034753000027, "std": 0.007903444834339515, "repeat": 10, "number": 1}]}, "time_setup_models_and_sims.TimeBuildSPMSimulation.time_setup_SPM_simulation": {"result": [0.18021159599996395, 0.4208883904999823], "stats": [{"ci_99": [0.1722008510000137, 0.19395871599999737], "q_25": 0.17730394099999103, "q_75": 0.183859756749996, "min": 0.1722008510000137, "max": 0.19395871599999737, "mean": 0.18123485239999013, "std": 0.006049641238813335, "repeat": 10, "number": 1}, {"ci_99": [0.3780158789999746, 0.455890998999962], "q_25": 0.38336473525001225, "q_75": 0.4404865312499595, "min": 0.3780158789999746, "max": 0.455890998999962, "mean": 0.414817144299991, "std": 0.029531065975852255, "repeat": 10, "number": 1}], "params": [["False", "True"]]}, "time_setup_models_and_sims.TimeBuildSPMe.time_setup_SPMe": {"result": [0.48793699550000724], "stats": [{"ci_99": [0.4757089819999578, 0.5220009720000007], "q_25": 0.481689528999965, "q_75": 0.4979279725000083, "min": 0.4757089819999578, "max": 0.5220009720000007, "mean": 0.4924603430999923, "std": 0.014124836616834068, "repeat": 10, "number": 1}]}, "time_setup_models_and_sims.TimeBuildSPMeSimulation.time_setup_SPMe_simulation": {"result": [0.18702285149998943, 0.4369178260000126], "stats": [{"ci_99": [0.17868244800001776, 0.19372740699998303], "q_25": 0.18466328799995324, "q_75": 0.18906256124999743, "min": 0.17868244800001776, "max": 0.19372740699998303, "mean": 0.18680147149999016, "std": 0.004180607581900581, "repeat": 10, "number": 1}, {"ci_99": [0.42970751600000767, 0.4656993680000028], "q_25": 0.43385672974997647, "q_75": 0.4400820964999781, "min": 0.42970751600000767, "max": 0.4656993680000028, "mean": 0.4394663567999942, "std": 0.010045425180692206, "repeat": 10, "number": 1}], "params": [["False", "True"]]}, "time_solve_models.TimeSolveDFN.time_solve_model": {"result": [0.5495181324999976, 0.7462555410000107], "stats": [{"ci_99": [0.5341240229999471, 0.5972392529999979], "q_25": 0.5466388877500066, "q_75": 0.5666652117499922, "min": 0.5341240229999471, "max": 0.5972392529999979, "mean": 0.5571389402999956, "std": 0.018234419048188982, "repeat": 10, "number": 1}, {"ci_99": [0.7178342999999927, 0.7961402980000116], "q_25": 0.7307053927499823, "q_75": 0.7762154989999885, "min": 0.7178342999999927, "max": 0.7961402980000116, "mean": 0.7523879072999989, "std": 0.027414955073399794, "repeat": 10, "number": 1}], "params": [["True", "False"]]}, "time_solve_models.TimeSolveSPM.time_solve_model": {"result": [0.022465078999999832, 0.0474515340000039], "stats": [{"ci_99": [0.021086805000038567, 0.02397476200002302], "q_25": 0.021907829250025657, "q_75": 0.022869790749993513, "min": 0.021086805000038567, "max": 0.02397476200002302, "mean": 0.02244040640001117, "std": 0.0007799738384008622, "repeat": 10, "number": 1}, {"ci_99": [0.043954772000006415, 0.04950176500000225], "q_25": 0.045536540000000514, "q_75": 0.04836238899999046, "min": 0.043954772000006415, "max": 0.04950176500000225, "mean": 0.04699927300000013, "std": 0.0018550799072028492, "repeat": 10, "number": 1}], "params": [["True", "False"]]}, "time_solve_models.TimeSolveSPMe.time_solve_model": {"result": [0.03668846350001331, 0.08280818500000464], "stats": [{"ci_99": [0.03402127500004326, 0.03856488500002797], "q_25": 0.03577703324998538, "q_75": 0.03733086699999433, "min": 0.03402127500004326, "max": 0.03856488500002797, "mean": 0.03645226279999747, "std": 0.0013463471018154993, "repeat": 10, "number": 1}, {"ci_99": [0.07518699600001355, 0.08792255099996282], "q_25": 0.07997072849997267, "q_75": 0.08367768975001866, "min": 0.07518699600001355, "max": 0.08792255099996282, "mean": 0.08207243919999314, "std": 0.003350478223797774, "repeat": 10, "number": 1}], "params": [["True", "False"]]}}, "params": {"machine": "GitHubRunner", "python": "3.8"}, "requirements": {}, "commit_hash": "15a71cc27bcaa2df8bd5dd37e3c1cfb6800fbfb1", "date": 1629367084000, "env_name": "virtualenv-py3.8", "python": "3.8", "profiles": {}, "started_at": {"time_setup_models_and_sims.TimeBuildDFN.time_setup_DFN": 1629429728552, "time_setup_models_and_sims.TimeBuildDFNSimulation.time_setup_DFN_simulation": 1629429732380, "time_setup_models_and_sims.TimeBuildSPM.time_setup_SPM": 1629429736256, "time_setup_models_and_sims.TimeBuildSPMSimulation.time_setup_SPM_simulation": 1629429738669, "time_setup_models_and_sims.TimeBuildSPMe.time_setup_SPMe": 1629429742442, "time_setup_models_and_sims.TimeBuildSPMeSimulation.time_setup_SPMe_simulation": 1629429745760, "time_solve_models.TimeSolveDFN.time_solve_model": 1629429749886, "time_solve_models.TimeSolveSPM.time_solve_model": 1629429772324, "time_solve_models.TimeSolveSPMe.time_solve_model": 1629429779608}, "ended_at": {"time_setup_models_and_sims.TimeBuildDFN.time_setup_DFN": 1629429732380, "time_setup_models_and_sims.TimeBuildDFNSimulation.time_setup_DFN_simulation": 1629429736255, "time_setup_models_and_sims.TimeBuildSPM.time_setup_SPM": 1629429738668, "time_setup_models_and_sims.TimeBuildSPMSimulation.time_setup_SPM_simulation": 1629429742441, "time_setup_models_and_sims.TimeBuildSPMe.time_setup_SPMe": 1629429745759, "time_setup_models_and_sims.TimeBuildSPMeSimulation.time_setup_SPMe_simulation": 1629429749885, "time_solve_models.TimeSolveDFN.time_solve_model": 1629429772323, "time_solve_models.TimeSolveSPM.time_solve_model": 1629429779607, "time_solve_models.TimeSolveSPMe.time_solve_model": 1629429790152}, "benchmark_version": {"time_setup_models_and_sims.TimeBuildDFN.time_setup_DFN": "5f322e51e6b7e66125ee6949bdf25746005db467e8ffcfdcb3ace170e92bbc3d", "time_setup_models_and_sims.TimeBuildDFNSimulation.time_setup_DFN_simulation": "8de44bc542fa7d4ba28a80f24414a9444b5436673aaebba674918f5f0bfd0ebb", "time_setup_models_and_sims.TimeBuildSPM.time_setup_SPM": "0d0b3f5c67fc2da9a5794c66b70af5a45a09558d1ee95f738745385adb84fbca", "time_setup_models_and_sims.TimeBuildSPMSimulation.time_setup_SPM_simulation": "161220a99418ce4487cc29325cbae897f28d0e44ae07e1dfbfaac2cbc53a4ff9", "time_setup_models_and_sims.TimeBuildSPMe.time_setup_SPMe": "6083f5ff944353395eb4b21c97b02af555fe6528de3cd5283f5e139943945235", "time_setup_models_and_sims.TimeBuildSPMeSimulation.time_setup_SPMe_simulation": "530563cb559427795e3648d9648df9250ae100b7721f69eec356bdda7798c55e", "time_solve_models.TimeSolveDFN.time_solve_model": "914137228e20e5900cec36b0d3865f1faa2f5d479c7d6c2539514791f9ec4430", "time_solve_models.TimeSolveSPM.time_solve_model": "ef1bb5f8d1ddfa59650e20438c4b252d73e5a062714848ce1d6d5269382bc598", "time_solve_models.TimeSolveSPMe.time_solve_model": "20672028872f4620ce85e909bae705d9490de441e926510b2b0e53ff0881d87b"}, "version": 1}