{"results": {"time_setup_models_and_sims.TimeBuildDFN.time_setup_DFN": {"result": [0.5208407110000053], "stats": [{"ci_99": [0.5193496829999731, 0.5237324880000074], "q_25": 0.5202384742500215, "q_75": 0.5220209070000124, "min": 0.5193496829999731, "max": 0.5237324880000074, "mean": 0.5211083777000056, "std": 0.0013100926513873858, "repeat": 10, "number": 1}]}, "time_setup_models_and_sims.TimeBuildDFNSimulation.time_setup_DFN_simulation": {"result": [0.16616478399998869, 0.3863078760000178], "stats": [{"ci_99": [0.16561089999999012, 0.16722985300003756], "q_25": 0.165770034000019, "q_75": 0.16703127624997194, "min": 0.16561089999999012, "max": 0.16722985300003756, "mean": 0.16635321559999738, "std": 0.0006217770728567558, "repeat": 10, "number": 1}, {"ci_99": [0.3851172319999705, 0.38928985199999033], "q_25": 0.38569044274997566, "q_75": 0.38801502900000173, "min": 0.3851172319999705, "max": 0.38928985199999033, "mean": 0.38681868529998836, "std": 0.0013456070226965646, "repeat": 10, "number": 1}], "params": [["False", "True"]]}, "time_setup_models_and_sims.TimeBuildSPM.time_setup_SPM": {"result": [0.32289293349998616], "stats": [{"ci_99": [0.31982724100004134, 0.3234059580000235], "q_25": 0.32148131025000737, "q_75": 0.3230498150000045, "min": 0.31982724100004134, "max": 0.3234059580000235, "mean": 0.32218568260000213, "std": 0.0012420755779964008, "repeat": 10, "number": 1}]}, "time_setup_models_and_sims.TimeBuildSPMSimulation.time_setup_SPM_simulation": {"result": [0.1617413719999945, 0.3598700210000345], "stats": [{"ci_99": [0.16092905699997573, 0.16374101700000665], "q_25": 0.16144377374997987, "q_75": 0.1627838429999997, "min": 0.16092905699997573, "max": 0.16374101700000665, "mean": 0.16206196159999992, "std": 0.0009074093945336292, "repeat": 10, "number": 1}, {"ci_99": [0.3584177859999613, 0.3605431249999924], "q_25": 0.35913271124999824, "q_75": 0.3601895727500164, "min": 0.3584177859999613, "max": 0.3605431249999924, "mean": 0.35963371670000016, "std": 0.0006857547843167075, "repeat": 10, "number": 1}], "params": [["False", "True"]]}, "time_setup_models_and_sims.TimeBuildSPMe.time_setup_SPMe": {"result": [0.4521399080000208], "stats": [{"ci_99": [0.4481241549999595, 0.45487105800003746], "q_25": 0.45112748575000694, "q_75": 0.45344436200001326, "min": 0.4481241549999595, "max": 0.45487105800003746, "mean": 0.45201255600000534, "std": 0.001937740978013028, "repeat": 10, "number": 1}]}, "time_setup_models_and_sims.TimeBuildSPMeSimulation.time_setup_SPMe_simulation": {"result": [0.17288582550003184, 0.40839638399998535], "stats": [{"ci_99": [0.17152193599997645, 0.17361918900002138], "q_25": 0.17254345499999602, "q_75": 0.17316569525000602, "min": 0.17152193599997645, "max": 0.17361918900002138, "mean": 0.17280066690001378, "std": 0.000550368322298824, "repeat": 10, "number": 1}, {"ci_99": [0.40609622600004514, 0.4110756499999866], "q_25": 0.40756253625001193, "q_75": 0.40960156449997953, "min": 0.40609622600004514, "max": 0.4110756499999866, "mean": 0.40848868619999623, "std": 0.0014558923856275907, "repeat": 10, "number": 1}], "params": [["False", "True"]]}, "time_solve_models.TimeSolveDFN.time_solve_model": {"result": [0.5100941629999909, 0.6677417869999829], "stats": [{"ci_99": [0.506901140000025, 0.5122899670000152], "q_25": 0.5092429832500045, "q_75": 0.5106843202499931, "min": 0.506901140000025, "max": 0.5122899670000152, "mean": 0.509860767500004, "std": 0.0016373695615922558, "repeat": 10, "number": 1}, {"ci_99": [0.6640344700000469, 0.669839192999973], "q_25": 0.6659654222499825, "q_75": 0.6688070189999848, "min": 0.6640344700000469, "max": 0.669839192999973, "mean": 0.6674011454000037, "std": 0.0017820151036686135, "repeat": 10, "number": 1}], "params": [["True", "False"]]}, "time_solve_models.TimeSolveSPM.time_solve_model": {"result": [0.02074092399999472, 0.04203420950000236], "stats": [{"ci_99": [0.020703750999985004, 0.020925153999996837], "q_25": 0.020723850999999627, "q_75": 0.020758875000012722, "min": 0.020703750999985004, "max": 0.020925153999996837, "mean": 0.020761793200006196, "std": 6.393948149755835e-05, "repeat": 10, "number": 1}, {"ci_99": [0.04185490999998365, 0.04228516400002036], "q_25": 0.04191482199999541, "q_75": 0.04220015100000296, "min": 0.04185490999998365, "max": 0.04228516400002036, "mean": 0.04206081670000117, "std": 0.00015207761740285486, "repeat": 10, "number": 1}], "params": [["True", "False"]]}, "time_solve_models.TimeSolveSPMe.time_solve_model": {"result": [0.032275734999984707, 0.07339998100002276], "stats": [{"ci_99": [0.0321260790000224, 0.03249069399998916], "q_25": 0.03218502924998745, "q_75": 0.0323778674999744, "min": 0.0321260790000224, "max": 0.03249069399998916, "mean": 0.03228608589999453, "std": 0.00011628628498799345, "repeat": 10, "number": 1}, {"ci_99": [0.07293211299997893, 0.07385625000000573], "q_25": 0.07331421999998611, "q_75": 0.07367595624999979, "min": 0.07293211299997893, "max": 0.07385625000000573, "mean": 0.07344449230000691, "std": 0.0002625326572645244, "repeat": 10, "number": 1}], "params": [["True", "False"]]}}, "params": {"machine": "GitHubRunner", "python": "3.8"}, "requirements": {}, "commit_hash": "15a71cc27bcaa2df8bd5dd37e3c1cfb6800fbfb1", "date": 1629367084000, "env_name": "virtualenv-py3.8", "python": "3.8", "profiles": {}, "started_at": {"time_setup_models_and_sims.TimeBuildDFN.time_setup_DFN": 1629516101741, "time_setup_models_and_sims.TimeBuildDFNSimulation.time_setup_DFN_simulation": 1629516105205, "time_setup_models_and_sims.TimeBuildSPM.time_setup_SPM": 1629516108825, "time_setup_models_and_sims.TimeBuildSPMSimulation.time_setup_SPM_simulation": 1629516111035, "time_setup_models_and_sims.TimeBuildSPMe.time_setup_SPMe": 1629516114503, "time_setup_models_and_sims.TimeBuildSPMeSimulation.time_setup_SPMe_simulation": 1629516117565, "time_solve_models.TimeSolveDFN.time_solve_model": 1629516121384, "time_solve_models.TimeSolveSPM.time_solve_model": 1629516141451, "time_solve_models.TimeSolveSPMe.time_solve_model": 1629516148027}, "ended_at": {"time_setup_models_and_sims.TimeBuildDFN.time_setup_DFN": 1629516105205, "time_setup_models_and_sims.TimeBuildDFNSimulation.time_setup_DFN_simulation": 1629516108824, "time_setup_models_and_sims.TimeBuildSPM.time_setup_SPM": 1629516111035, "time_setup_models_and_sims.TimeBuildSPMSimulation.time_setup_SPM_simulation": 1629516114502, "time_setup_models_and_sims.TimeBuildSPMe.time_setup_SPMe": 1629516117565, "time_setup_models_and_sims.TimeBuildSPMeSimulation.time_setup_SPMe_simulation": 1629516121384, "time_solve_models.TimeSolveDFN.time_solve_model": 1629516141450, "time_solve_models.TimeSolveSPM.time_solve_model": 1629516148026, "time_solve_models.TimeSolveSPMe.time_solve_model": 1629516157160}, "benchmark_version": {"time_setup_models_and_sims.TimeBuildDFN.time_setup_DFN": "5f322e51e6b7e66125ee6949bdf25746005db467e8ffcfdcb3ace170e92bbc3d", "time_setup_models_and_sims.TimeBuildDFNSimulation.time_setup_DFN_simulation": "8de44bc542fa7d4ba28a80f24414a9444b5436673aaebba674918f5f0bfd0ebb", "time_setup_models_and_sims.TimeBuildSPM.time_setup_SPM": "0d0b3f5c67fc2da9a5794c66b70af5a45a09558d1ee95f738745385adb84fbca", "time_setup_models_and_sims.TimeBuildSPMSimulation.time_setup_SPM_simulation": "161220a99418ce4487cc29325cbae897f28d0e44ae07e1dfbfaac2cbc53a4ff9", "time_setup_models_and_sims.TimeBuildSPMe.time_setup_SPMe": "6083f5ff944353395eb4b21c97b02af555fe6528de3cd5283f5e139943945235", "time_setup_models_and_sims.TimeBuildSPMeSimulation.time_setup_SPMe_simulation": "530563cb559427795e3648d9648df9250ae100b7721f69eec356bdda7798c55e", "time_solve_models.TimeSolveDFN.time_solve_model": "914137228e20e5900cec36b0d3865f1faa2f5d479c7d6c2539514791f9ec4430", "time_solve_models.TimeSolveSPM.time_solve_model": "ef1bb5f8d1ddfa59650e20438c4b252d73e5a062714848ce1d6d5269382bc598", "time_solve_models.TimeSolveSPMe.time_solve_model": "20672028872f4620ce85e909bae705d9490de441e926510b2b0e53ff0881d87b"}, "version": 1}