{"results": {"time_setup_models_and_sims.TimeBuildDFN.time_setup_DFN": {"result": [0.8760307565007679], "stats": [{"ci_99": [0.8554217109995079, 0.893642789000296], "q_25": 0.8699788667499888, "q_75": 0.8859922285000721, "min": 0.8554217109995079, "max": 0.893642789000296, "mean": 0.8759832482001002, "std": 0.012124296497213827, "repeat": 10, "number": 1}]}, "time_setup_models_and_sims.TimeBuildDFNSimulation.time_setup_DFN_simulation": {"result": [0.10928964350114256, 0.20561054199970386], "stats": [{"ci_99": [0.1053781650007295, 0.12633041699882597], "q_25": 0.10806915949979157, "q_75": 0.11266354274948753, "min": 0.1053781650007295, "max": 0.12633041699882597, "mean": 0.11122570740026276, "std": 0.005910121459914973, "repeat": 10, "number": 1}, {"ci_99": [0.1918441920006444, 0.22791715299899806], "q_25": 0.20088340824986517, "q_75": 0.21386815199912235, "min": 0.1918441920006444, "max": 0.22791715299899806, "mean": 0.20801372949954383, "std": 0.011342733507040329, "repeat": 10, "number": 1}], "params": [["False", "True"]]}, "time_setup_models_and_sims.TimeBuildSPM.time_setup_SPM": {"result": [0.6660179840000637], "stats": [{"ci_99": [0.6423911639994913, 0.7433214969987603], "q_25": 0.654314050249468, "q_75": 0.668925627749104, "min": 0.6423911639994913, "max": 0.7433214969987603, "mean": 0.672814963199562, "std": 0.029728037584558054, "repeat": 10, "number": 1}]}, "time_setup_models_and_sims.TimeBuildSPMSimulation.time_setup_SPM_simulation": {"result": [0.27448234199982835, 0.509138895000433], "stats": [{"ci_99": [0.25456494799982465, 0.28915139799937606], "q_25": 0.25789062249896233, "q_75": 0.28416856175044813, "min": 0.25456494799982465, "max": 0.28915139799937606, "mean": 0.27190040349978517, "std": 0.013024404150006264, "repeat": 10, "number": 1}, {"ci_99": [0.48350951000065834, 0.5490480839998781], "q_25": 0.49085336375128463, "q_75": 0.5351717325006575, "min": 0.48350951000065834, "max": 0.5490480839998781, "mean": 0.513901469600387, "std": 0.024912093158945093, "repeat": 10, "number": 1}], "params": [["False", "True"]]}, "time_setup_models_and_sims.TimeBuildSPMe.time_setup_SPMe": {"result": [0.8137779060007233], "stats": [{"ci_99": [0.7894563270001527, 0.8704346149988851], "q_25": 0.8024341754994566, "q_75": 0.8409748285007481, "min": 0.7894563270001527, "max": 0.8704346149988851, "mean": 0.8216526229001829, "std": 0.024730007578781743, "repeat": 10, "number": 1}]}, "time_setup_models_and_sims.TimeBuildSPMeSimulation.time_setup_SPMe_simulation": {"result": [0.1359506875005536, 0.250589267999203], "stats": [{"ci_99": [0.12475240499952633, 0.1463958630010893], "q_25": 0.12787057825016745, "q_75": 0.1362738640009411, "min": 0.12475240499952633, "max": 0.1463958630010893, "mean": 0.13438693550033348, "std": 0.007179127875743398, "repeat": 10, "number": 1}, {"ci_99": [0.2427392619993043, 0.2705296639996959], "q_25": 0.24743539549945126, "q_75": 0.2633889610001461, "min": 0.2427392619993043, "max": 0.2705296639996959, "mean": 0.25469500819963287, "std": 0.00948680509514506, "repeat": 10, "number": 1}], "params": [["False", "True"]]}, "time_solve_models.TimeSolveDFN.time_solve_model": {"result": [1.3187815685005262, 1.5128621730000305], "stats": [{"ci_99": [1.2763951367503015, 1.3862522559993522], "q_25": 1.3120115732504019, "q_75": 1.3470537765010704, "min": 1.2823320019997482, "max": 1.3862522559993522, "mean": 1.3287300248336276, "std": 0.033430774009266945, "repeat": 6, "number": 1}, {"ci_99": [1.4638936239989562, 1.5463412230001268], "q_25": 1.4818324227494486, "q_75": 1.5354602187503588, "min": 1.4638936239989562, "max": 1.5463412230001268, "mean": 1.508578495374877, "std": 0.0311735449331207, "repeat": 8, "number": 1}], "params": [["True", "False"]]}, "time_solve_models.TimeSolveSPM.time_solve_model": {"result": [0.06835764599964023, 0.11530518600011419], "stats": [{"ci_99": [0.0644283669989818, 0.07475074200010567], "q_25": 0.06700663624997105, "q_75": 0.07267802749947805, "min": 0.0644283669989818, "max": 0.07475074200010567, "mean": 0.06939875359985308, "std": 0.0033928009702098305, "repeat": 10, "number": 1}, {"ci_99": [0.10944809300053748, 0.12458020399935776], "q_25": 0.11312519525017706, "q_75": 0.12195245950033495, "min": 0.10944809300053748, "max": 0.12458020399935776, "mean": 0.11686999760004255, "std": 0.005261637690389532, "repeat": 10, "number": 1}], "params": [["True", "False"]]}, "time_solve_models.TimeSolveSPMe.time_solve_model": {"result": [0.10799203349961317, 0.18462498850021802], "stats": [{"ci_99": [0.1033336499986035, 0.11911396399955265], "q_25": 0.10645904724970023, "q_75": 0.11061395299930155, "min": 0.1033336499986035, "max": 0.11911396399955265, "mean": 0.1093581233995792, "std": 0.004440422132342146, "repeat": 10, "number": 1}, {"ci_99": [0.17379426099978446, 0.20608269600052154], "q_25": 0.17999895550110523, "q_75": 0.19438206025006366, "min": 0.17379426099978446, "max": 0.20608269600052154, "mean": 0.18677440480005317, "std": 0.009977936114584293, "repeat": 10, "number": 1}], "params": [["True", "False"]]}}, "params": {"machine": "GitHubRunner", "python": "3.8"}, "requirements": {}, "commit_hash": "17460e84023874bae0d21511cee1cd794831cf3f", "date": 1592776791000, "env_name": "virtualenv-py3.8", "python": "3.8", "profiles": {}, "started_at": {"time_setup_models_and_sims.TimeBuildDFN.time_setup_DFN": 1613152151459, "time_setup_models_and_sims.TimeBuildDFNSimulation.time_setup_DFN_simulation": 1613152157081, "time_setup_models_and_sims.TimeBuildSPM.time_setup_SPM": 1613152159247, "time_setup_models_and_sims.TimeBuildSPMSimulation.time_setup_SPM_simulation": 1613152163664, "time_setup_models_and_sims.TimeBuildSPMe.time_setup_SPMe": 1613152168788, "time_setup_models_and_sims.TimeBuildSPMeSimulation.time_setup_SPMe_simulation": 1613152174064, "time_solve_models.TimeSolveDFN.time_solve_model": 1613152176579, "time_solve_models.TimeSolveSPM.time_solve_model": 1613152205373, "time_solve_models.TimeSolveSPMe.time_solve_model": 1613152217417}, "ended_at": {"time_setup_models_and_sims.TimeBuildDFN.time_setup_DFN": 1613152157080, "time_setup_models_and_sims.TimeBuildDFNSimulation.time_setup_DFN_simulation": 1613152159246, "time_setup_models_and_sims.TimeBuildSPM.time_setup_SPM": 1613152163664, "time_setup_models_and_sims.TimeBuildSPMSimulation.time_setup_SPM_simulation": 1613152168787, "time_setup_models_and_sims.TimeBuildSPMe.time_setup_SPMe": 1613152174064, "time_setup_models_and_sims.TimeBuildSPMeSimulation.time_setup_SPMe_simulation": 1613152176578, "time_solve_models.TimeSolveDFN.time_solve_model": 1613152205372, "time_solve_models.TimeSolveSPM.time_solve_model": 1613152217416, "time_solve_models.TimeSolveSPMe.time_solve_model": 1613152232670}, "benchmark_version": {"time_setup_models_and_sims.TimeBuildDFN.time_setup_DFN": "5f322e51e6b7e66125ee6949bdf25746005db467e8ffcfdcb3ace170e92bbc3d", "time_setup_models_and_sims.TimeBuildDFNSimulation.time_setup_DFN_simulation": "8de44bc542fa7d4ba28a80f24414a9444b5436673aaebba674918f5f0bfd0ebb", "time_setup_models_and_sims.TimeBuildSPM.time_setup_SPM": "0d0b3f5c67fc2da9a5794c66b70af5a45a09558d1ee95f738745385adb84fbca", "time_setup_models_and_sims.TimeBuildSPMSimulation.time_setup_SPM_simulation": "161220a99418ce4487cc29325cbae897f28d0e44ae07e1dfbfaac2cbc53a4ff9", "time_setup_models_and_sims.TimeBuildSPMe.time_setup_SPMe": "6083f5ff944353395eb4b21c97b02af555fe6528de3cd5283f5e139943945235", "time_setup_models_and_sims.TimeBuildSPMeSimulation.time_setup_SPMe_simulation": "530563cb559427795e3648d9648df9250ae100b7721f69eec356bdda7798c55e", "time_solve_models.TimeSolveDFN.time_solve_model": "914137228e20e5900cec36b0d3865f1faa2f5d479c7d6c2539514791f9ec4430", "time_solve_models.TimeSolveSPM.time_solve_model": "ef1bb5f8d1ddfa59650e20438c4b252d73e5a062714848ce1d6d5269382bc598", "time_solve_models.TimeSolveSPMe.time_solve_model": "20672028872f4620ce85e909bae705d9490de441e926510b2b0e53ff0881d87b"}, "version": 1}