{"results": {"time_setup_models_and_sims.TimeBuildDFN.time_setup_DFN": {"result": [0.7891178524999845], "stats": [{"ci_99": [0.777784381999993, 0.8206448610000052], "q_25": 0.782899135000001, "q_75": 0.7927467925000116, "min": 0.777784381999993, "max": 0.8206448610000052, "mean": 0.7905953989999972, "std": 0.011582457812687299, "repeat": 10, "number": 1}]}, "time_setup_models_and_sims.TimeBuildDFNSimulation.time_setup_DFN_simulation": {"result": [0.24557385050000846, 0.5865867340000079], "stats": [{"ci_99": [0.24231010099998684, 0.2584389400000191], "q_25": 0.24363284450001288, "q_75": 0.24972348475000672, "min": 0.24231010099998684, "max": 0.2584389400000191, "mean": 0.2472664556000069, "std": 0.004742759638029137, "repeat": 10, "number": 1}, {"ci_99": [0.5773442079999995, 0.5954082609999887], "q_25": 0.5838656722500204, "q_75": 0.5895012784999878, "min": 0.5773442079999995, "max": 0.5954082609999887, "mean": 0.5867881473000012, "std": 0.004955645281355656, "repeat": 10, "number": 1}], "params": [["False", "True"]]}, "time_setup_models_and_sims.TimeBuildSPM.time_setup_SPM": {"result": [0.4989965295000047], "stats": [{"ci_99": [0.4830859989999965, 0.5093935130000204], "q_25": 0.49133849524998396, "q_75": 0.5029441179999878, "min": 0.4830859989999965, "max": 0.5093935130000204, "mean": 0.4976819787999972, "std": 0.007785486821053549, "repeat": 10, "number": 1}]}, "time_setup_models_and_sims.TimeBuildSPMSimulation.time_setup_SPM_simulation": {"result": [0.24381311599999833, 0.5449371214999985], "stats": [{"ci_99": [0.23506474300000946, 0.24645154199998842], "q_25": 0.2412268449999928, "q_75": 0.2450641995000069, "min": 0.23506474300000946, "max": 0.24645154199998842, "mean": 0.24253462460000036, "std": 0.0034611113681482955, "repeat": 10, "number": 1}, {"ci_99": [0.5384374909999963, 0.5538760150000144], "q_25": 0.5401509650000023, "q_75": 0.5511876537499916, "min": 0.5384374909999963, "max": 0.5538760150000144, "mean": 0.5455456349999992, "std": 0.005551772059452795, "repeat": 10, "number": 1}], "params": [["False", "True"]]}, "time_setup_models_and_sims.TimeBuildSPMe.time_setup_SPMe": {"result": [0.6939490590000048], "stats": [{"ci_99": [0.6851693260000218, 0.7089449140000283], "q_25": 0.6877925645000005, "q_75": 0.695586157000001, "min": 0.6851693260000218, "max": 0.7089449140000283, "mean": 0.6933175107000068, "std": 0.006847657939052873, "repeat": 10, "number": 1}]}, "time_setup_models_and_sims.TimeBuildSPMeSimulation.time_setup_SPMe_simulation": {"result": [0.25956967949998955, 0.6173272279999935], "stats": [{"ci_99": [0.2508016260000261, 0.26489719799997147], "q_25": 0.25670244425000277, "q_75": 0.2620863624999785, "min": 0.2508016260000261, "max": 0.26489719799997147, "mean": 0.25911428459999114, "std": 0.004337354226667465, "repeat": 10, "number": 1}, {"ci_99": [0.6116878640000323, 0.6362104349999811], "q_25": 0.6138412377499947, "q_75": 0.6263420135000004, "min": 0.6116878640000323, "max": 0.6362104349999811, "mean": 0.6202194841999983, "std": 0.007800354778970708, "repeat": 10, "number": 1}], "params": [["False", "True"]]}, "time_solve_models.TimeSolveDFN.time_solve_model": {"result": [0.6513062575000106, 0.8786876479999819], "stats": [{"ci_99": [0.641504408000003, 0.6613975409999853], "q_25": 0.6465117045000071, "q_75": 0.6559297580000276, "min": 0.641504408000003, "max": 0.6613975409999853, "mean": 0.6510431397500049, "std": 0.006412272230516108, "repeat": 8, "number": 1}, {"ci_99": [0.8493509639999957, 0.9048921070000233], "q_25": 0.8599041987500016, "q_75": 0.8856643472499854, "min": 0.8493509639999957, "max": 0.9048921070000233, "mean": 0.8747251610999968, "std": 0.01729527756291067, "repeat": 10, "number": 1}], "params": [["True", "False"]]}, "time_solve_models.TimeSolveSPM.time_solve_model": {"result": [0.030345314500010545, 0.05875555800001564], "stats": [{"ci_99": [0.028458146000019724, 0.03297118699998691], "q_25": 0.029665866249978023, "q_75": 0.031097021999990204, "min": 0.028458146000019724, "max": 0.03297118699998691, "mean": 0.030466803199996662, "std": 0.0012676679890609144, "repeat": 10, "number": 1}, {"ci_99": [0.05680399300001682, 0.06756498600000782], "q_25": 0.05748317299996586, "q_75": 0.06064609874998439, "min": 0.05680399300001682, "max": 0.06756498600000782, "mean": 0.059622945299992125, "std": 0.0030253829403873536, "repeat": 10, "number": 1}], "params": [["True", "False"]]}, "time_solve_models.TimeSolveSPMe.time_solve_model": {"result": [0.04679881449999357, 0.10267246850001754], "stats": [{"ci_99": [0.045064048000028833, 0.05047777900000483], "q_25": 0.046178689500003145, "q_75": 0.04723025949999027, "min": 0.045064048000028833, "max": 0.05047777900000483, "mean": 0.04691041590000111, "std": 0.0014073370165825618, "repeat": 10, "number": 1}, {"ci_99": [0.09892028199999459, 0.10533101100000408], "q_25": 0.10060091049999897, "q_75": 0.10455964724998523, "min": 0.09892028199999459, "max": 0.10533101100000408, "mean": 0.10251642189999757, "std": 0.0023002388638648404, "repeat": 10, "number": 1}], "params": [["True", "False"]]}}, "params": {"machine": "GitHubRunner", "python": "3.8"}, "requirements": {}, "commit_hash": "1852e29cf1e77d2c556bf4f9ae44437a0fe3045c", "date": 1628865021000, "env_name": "virtualenv-py3.8", "python": "3.8", "profiles": {}, "started_at": {"time_setup_models_and_sims.TimeBuildDFN.time_setup_DFN": 1629084156727, "time_setup_models_and_sims.TimeBuildDFNSimulation.time_setup_DFN_simulation": 1629084161897, "time_setup_models_and_sims.TimeBuildSPM.time_setup_SPM": 1629084167271, "time_setup_models_and_sims.TimeBuildSPMSimulation.time_setup_SPM_simulation": 1629084170637, "time_setup_models_and_sims.TimeBuildSPMe.time_setup_SPMe": 1629084175761, "time_setup_models_and_sims.TimeBuildSPMeSimulation.time_setup_SPMe_simulation": 1629084180378, "time_solve_models.TimeSolveDFN.time_solve_model": 1629084186005, "time_solve_models.TimeSolveSPM.time_solve_model": 1629084210992, "time_solve_models.TimeSolveSPMe.time_solve_model": 1629084220729}, "ended_at": {"time_setup_models_and_sims.TimeBuildDFN.time_setup_DFN": 1629084161896, "time_setup_models_and_sims.TimeBuildDFNSimulation.time_setup_DFN_simulation": 1629084167270, "time_setup_models_and_sims.TimeBuildSPM.time_setup_SPM": 1629084170637, "time_setup_models_and_sims.TimeBuildSPMSimulation.time_setup_SPM_simulation": 1629084175761, "time_setup_models_and_sims.TimeBuildSPMe.time_setup_SPMe": 1629084180378, "time_setup_models_and_sims.TimeBuildSPMeSimulation.time_setup_SPMe_simulation": 1629084186004, "time_solve_models.TimeSolveDFN.time_solve_model": 1629084210991, "time_solve_models.TimeSolveSPM.time_solve_model": 1629084220728, "time_solve_models.TimeSolveSPMe.time_solve_model": 1629084234325}, "benchmark_version": {"time_setup_models_and_sims.TimeBuildDFN.time_setup_DFN": "5f322e51e6b7e66125ee6949bdf25746005db467e8ffcfdcb3ace170e92bbc3d", "time_setup_models_and_sims.TimeBuildDFNSimulation.time_setup_DFN_simulation": "8de44bc542fa7d4ba28a80f24414a9444b5436673aaebba674918f5f0bfd0ebb", "time_setup_models_and_sims.TimeBuildSPM.time_setup_SPM": "0d0b3f5c67fc2da9a5794c66b70af5a45a09558d1ee95f738745385adb84fbca", "time_setup_models_and_sims.TimeBuildSPMSimulation.time_setup_SPM_simulation": "161220a99418ce4487cc29325cbae897f28d0e44ae07e1dfbfaac2cbc53a4ff9", "time_setup_models_and_sims.TimeBuildSPMe.time_setup_SPMe": "6083f5ff944353395eb4b21c97b02af555fe6528de3cd5283f5e139943945235", "time_setup_models_and_sims.TimeBuildSPMeSimulation.time_setup_SPMe_simulation": "530563cb559427795e3648d9648df9250ae100b7721f69eec356bdda7798c55e", "time_solve_models.TimeSolveDFN.time_solve_model": "914137228e20e5900cec36b0d3865f1faa2f5d479c7d6c2539514791f9ec4430", "time_solve_models.TimeSolveSPM.time_solve_model": "ef1bb5f8d1ddfa59650e20438c4b252d73e5a062714848ce1d6d5269382bc598", "time_solve_models.TimeSolveSPMe.time_solve_model": "20672028872f4620ce85e909bae705d9490de441e926510b2b0e53ff0881d87b"}, "version": 1}