{"results": {"time_setup_models_and_sims.TimeBuildDFN.time_setup_DFN": {"result": [0.7657984399999975], "stats": [{"ci_99": [0.7514852600000097, 0.8135652789999881], "q_25": 0.7590048852500004, "q_75": 0.7791683982499933, "min": 0.7514852600000097, "max": 0.8135652789999881, "mean": 0.7714144538999961, "std": 0.01820207858494349, "repeat": 10, "number": 1}]}, "time_setup_models_and_sims.TimeBuildDFNSimulation.time_setup_DFN_simulation": {"result": [0.24353558000001385, 0.5609823474999871], "stats": [{"ci_99": [0.22605721500001152, 0.2531802999999968], "q_25": 0.2353438647499999, "q_75": 0.2479461237500047, "min": 0.22605721500001152, "max": 0.2531802999999968, "mean": 0.24127799770000422, "std": 0.0084403580842902, "repeat": 10, "number": 1}, {"ci_99": [0.536258982999982, 0.5987737189999791], "q_25": 0.5562323820000117, "q_75": 0.5708175665000113, "min": 0.536258982999982, "max": 0.5987737189999791, "mean": 0.5624172365999953, "std": 0.016413911513883484, "repeat": 10, "number": 1}], "params": [["False", "True"]]}, "time_setup_models_and_sims.TimeBuildSPM.time_setup_SPM": {"result": [0.4684321140000094], "stats": [{"ci_99": [0.45031250500002784, 0.5176306559999944], "q_25": 0.4602391375000039, "q_75": 0.47477923849999115, "min": 0.45031250500002784, "max": 0.5176306559999944, "mean": 0.4714094816000028, "std": 0.01802678375901826, "repeat": 10, "number": 1}]}, "time_setup_models_and_sims.TimeBuildSPMSimulation.time_setup_SPM_simulation": {"result": [0.22445354900000325, 0.5147218084999992], "stats": [{"ci_99": [0.2104413799999918, 0.24485051700000326], "q_25": 0.21940772649999474, "q_75": 0.22791699274999644, "min": 0.2104413799999918, "max": 0.24485051700000326, "mean": 0.22431252639999855, "std": 0.009292722907384773, "repeat": 10, "number": 1}, {"ci_99": [0.5067445010000142, 0.5405684750000148], "q_25": 0.510309218499998, "q_75": 0.5288297590000042, "min": 0.5067445010000142, "max": 0.5405684750000148, "mean": 0.5190318724999997, "std": 0.011212871537463044, "repeat": 10, "number": 1}], "params": [["False", "True"]]}, "time_setup_models_and_sims.TimeBuildSPMe.time_setup_SPMe": {"result": [0.6756905984999975], "stats": [{"ci_99": [0.665264067999999, 0.6892493390000141], "q_25": 0.6702323805000105, "q_75": 0.6806400460000219, "min": 0.665264067999999, "max": 0.6892493390000141, "mean": 0.675724631400007, "std": 0.006851077276684449, "repeat": 10, "number": 1}]}, "time_setup_models_and_sims.TimeBuildSPMeSimulation.time_setup_SPMe_simulation": {"result": [0.24213260799999148, 0.589581334000016], "stats": [{"ci_99": [0.23473410500000114, 0.25711085599999706], "q_25": 0.2382844492500098, "q_75": 0.24851095775002108, "min": 0.23473410500000114, "max": 0.25711085599999706, "mean": 0.24415292010000372, "std": 0.007329646850984919, "repeat": 10, "number": 1}, {"ci_99": [0.5674255139999786, 0.630897573999988], "q_25": 0.5847498782500011, "q_75": 0.6010468007500052, "min": 0.5674255139999786, "max": 0.630897573999988, "mean": 0.5932779809000038, "std": 0.018148579179519817, "repeat": 10, "number": 1}], "params": [["False", "True"]]}, "time_solve_models.TimeSolveDFN.time_solve_model": {"result": [0.5933341090000113, 0.8009740190000088], "stats": [{"ci_99": [0.5699713939999924, 0.6326063869999814], "q_25": 0.5862708742500047, "q_75": 0.6016115739999961, "min": 0.5699713939999924, "max": 0.6326063869999814, "mean": 0.5955661570000004, "std": 0.01703765360063331, "repeat": 8, "number": 1}, {"ci_99": [0.7531051450000064, 0.8415240310000058], "q_25": 0.7817709322500122, "q_75": 0.8033526755000153, "min": 0.7531051450000064, "max": 0.8415240310000058, "mean": 0.7960471594000069, "std": 0.024690274262880115, "repeat": 10, "number": 1}], "params": [["True", "False"]]}, "time_solve_models.TimeSolveSPM.time_solve_model": {"result": [0.028664293499986115, 0.055532228000004125], "stats": [{"ci_99": [0.02686253100000613, 0.02961184299999786], "q_25": 0.027741709000011383, "q_75": 0.029093500499996594, "min": 0.02686253100000613, "max": 0.02961184299999786, "mean": 0.02844095249999725, "std": 0.000864561790075652, "repeat": 10, "number": 1}, {"ci_99": [0.0517896510000071, 0.05822839999999019], "q_25": 0.054084573249994605, "q_75": 0.05688839175001448, "min": 0.0517896510000071, "max": 0.05822839999999019, "mean": 0.05538210080000283, "std": 0.0020161804840331124, "repeat": 10, "number": 1}], "params": [["True", "False"]]}, "time_solve_models.TimeSolveSPMe.time_solve_model": {"result": [0.044351622999982965, 0.09663074299999153], "stats": [{"ci_99": [0.0411803119999945, 0.04828744900001425], "q_25": 0.04399292250001707, "q_75": 0.04513175725000451, "min": 0.0411803119999945, "max": 0.04828744900001425, "mean": 0.04455044700000599, "std": 0.001736950137557077, "repeat": 10, "number": 1}, {"ci_99": [0.09109326899999814, 0.10258451900000409], "q_25": 0.09328769725001962, "q_75": 0.0984886797499982, "min": 0.09109326899999814, "max": 0.10258451900000409, "mean": 0.09634929170000248, "std": 0.0036385201895434605, "repeat": 10, "number": 1}], "params": [["True", "False"]]}}, "params": {"machine": "GitHubRunner", "python": "3.8"}, "requirements": {}, "commit_hash": "1852e29cf1e77d2c556bf4f9ae44437a0fe3045c", "date": 1628865021000, "env_name": "virtualenv-py3.8", "python": "3.8", "profiles": {}, "started_at": {"time_setup_models_and_sims.TimeBuildDFN.time_setup_DFN": 1628911340151, "time_setup_models_and_sims.TimeBuildDFNSimulation.time_setup_DFN_simulation": 1628911345218, "time_setup_models_and_sims.TimeBuildSPM.time_setup_SPM": 1628911350389, "time_setup_models_and_sims.TimeBuildSPMSimulation.time_setup_SPM_simulation": 1628911353601, "time_setup_models_and_sims.TimeBuildSPMe.time_setup_SPMe": 1628911358371, "time_setup_models_and_sims.TimeBuildSPMeSimulation.time_setup_SPMe_simulation": 1628911362837, "time_solve_models.TimeSolveDFN.time_solve_model": 1628911368107, "time_solve_models.TimeSolveSPM.time_solve_model": 1628911391324, "time_solve_models.TimeSolveSPMe.time_solve_model": 1628911400606}, "ended_at": {"time_setup_models_and_sims.TimeBuildDFN.time_setup_DFN": 1628911345217, "time_setup_models_and_sims.TimeBuildDFNSimulation.time_setup_DFN_simulation": 1628911350388, "time_setup_models_and_sims.TimeBuildSPM.time_setup_SPM": 1628911353600, "time_setup_models_and_sims.TimeBuildSPMSimulation.time_setup_SPM_simulation": 1628911358371, "time_setup_models_and_sims.TimeBuildSPMe.time_setup_SPMe": 1628911362836, "time_setup_models_and_sims.TimeBuildSPMeSimulation.time_setup_SPMe_simulation": 1628911368107, "time_solve_models.TimeSolveDFN.time_solve_model": 1628911391323, "time_solve_models.TimeSolveSPM.time_solve_model": 1628911400606, "time_solve_models.TimeSolveSPMe.time_solve_model": 1628911413596}, "benchmark_version": {"time_setup_models_and_sims.TimeBuildDFN.time_setup_DFN": "5f322e51e6b7e66125ee6949bdf25746005db467e8ffcfdcb3ace170e92bbc3d", "time_setup_models_and_sims.TimeBuildDFNSimulation.time_setup_DFN_simulation": "8de44bc542fa7d4ba28a80f24414a9444b5436673aaebba674918f5f0bfd0ebb", "time_setup_models_and_sims.TimeBuildSPM.time_setup_SPM": "0d0b3f5c67fc2da9a5794c66b70af5a45a09558d1ee95f738745385adb84fbca", "time_setup_models_and_sims.TimeBuildSPMSimulation.time_setup_SPM_simulation": "161220a99418ce4487cc29325cbae897f28d0e44ae07e1dfbfaac2cbc53a4ff9", "time_setup_models_and_sims.TimeBuildSPMe.time_setup_SPMe": "6083f5ff944353395eb4b21c97b02af555fe6528de3cd5283f5e139943945235", "time_setup_models_and_sims.TimeBuildSPMeSimulation.time_setup_SPMe_simulation": "530563cb559427795e3648d9648df9250ae100b7721f69eec356bdda7798c55e", "time_solve_models.TimeSolveDFN.time_solve_model": "914137228e20e5900cec36b0d3865f1faa2f5d479c7d6c2539514791f9ec4430", "time_solve_models.TimeSolveSPM.time_solve_model": "ef1bb5f8d1ddfa59650e20438c4b252d73e5a062714848ce1d6d5269382bc598", "time_solve_models.TimeSolveSPMe.time_solve_model": "20672028872f4620ce85e909bae705d9490de441e926510b2b0e53ff0881d87b"}, "version": 1}