{"results": {"time_setup_models_and_sims.TimeBuildDFN.time_setup_DFN": {"result": [1.089254770000025], "stats": [{"ci_99": [1.0286036729999068, 1.1284560980000151], "q_25": 1.0404454900000815, "q_75": 1.099531308749988, "min": 1.0286036729999068, "max": 1.1284560980000151, "mean": 1.075179422400015, "std": 0.0348565314375632, "repeat": 10, "number": 1}]}, "time_setup_models_and_sims.TimeBuildDFNSimulation.time_setup_DFN_simulation": {"result": [0.1421142054999791, 0.22105572800001028], "stats": [{"ci_99": [0.13082468699985839, 0.15080210599990096], "q_25": 0.13483881025001665, "q_75": 0.1442238187500493, "min": 0.13082468699985839, "max": 0.15080210599990096, "mean": 0.14047720029998345, "std": 0.006241598625817319, "repeat": 10, "number": 1}, {"ci_99": [0.21420186299997113, 0.24295994699991752], "q_25": 0.21866656399998874, "q_75": 0.23540482350000502, "min": 0.21420186299997113, "max": 0.24295994699991752, "mean": 0.22596237919997292, "std": 0.010073028652233867, "repeat": 10, "number": 1}], "params": [["False", "True"]]}, "time_setup_models_and_sims.TimeBuildSPM.time_setup_SPM": {"result": [0.715484067499915], "stats": [{"ci_99": [0.676519800000051, 0.7665109600000051], "q_25": 0.7042644692498925, "q_75": 0.7558028727498822, "min": 0.676519800000051, "max": 0.7665109600000051, "mean": 0.7250517361999755, "std": 0.029223676747397634, "repeat": 10, "number": 1}]}, "time_setup_models_and_sims.TimeBuildSPMSimulation.time_setup_SPM_simulation": {"result": [0.3140127780000057, 0.37638406399992164], "stats": [{"ci_99": [0.2838713999999527, 0.3544217450000815], "q_25": 0.30912892999998576, "q_75": 0.3211259837501075, "min": 0.2838713999999527, "max": 0.3544217450000815, "mean": 0.3155167547000019, "std": 0.017145521196559033, "repeat": 10, "number": 1}, {"ci_99": [0.34992451299990535, 0.42901580900002045], "q_25": 0.3536304545000917, "q_75": 0.38805001899993385, "min": 0.34992451299990535, "max": 0.42901580900002045, "mean": 0.3763369342999795, "std": 0.023675851831597115, "repeat": 10, "number": 1}], "params": [["False", "True"]]}, "time_setup_models_and_sims.TimeBuildSPMe.time_setup_SPMe": {"result": [0.8724806980000039], "stats": [{"ci_99": [0.8246114870000838, 0.9079133230000025], "q_25": 0.8533183322498985, "q_75": 0.8888334474999056, "min": 0.8246114870000838, "max": 0.9079133230000025, "mean": 0.8696978517999696, "std": 0.024022162316975914, "repeat": 10, "number": 1}]}, "time_setup_models_and_sims.TimeBuildSPMeSimulation.time_setup_SPMe_simulation": {"result": [0.15827776750018074, 0.24782926500006397], "stats": [{"ci_99": [0.15203370400013227, 0.1759013060000143], "q_25": 0.1544234439999741, "q_75": 0.17194708099992795, "min": 0.15203370400013227, "max": 0.1759013060000143, "mean": 0.16236010440002246, "std": 0.009111731918286538, "repeat": 10, "number": 1}, {"ci_99": [0.2343234699999357, 0.2732863159999397], "q_25": 0.238973854749986, "q_75": 0.25779373224997926, "min": 0.2343234699999357, "max": 0.2732863159999397, "mean": 0.24963081489997876, "std": 0.012364899107105873, "repeat": 10, "number": 1}], "params": [["False", "True"]]}, "time_solve_models.TimeSolveDFN.time_solve_model": {"result": [0.9387279469999612, 1.1376555609999741], "stats": [{"ci_99": [0.912449690528583, 0.9669490161379996], "q_25": 0.9254416867500481, "q_75": 0.9546281859998089, "min": 0.9212143429999742, "max": 0.9585846840000158, "mean": 0.9396993533332912, "std": 0.015598963670292301, "repeat": 6, "number": 1}, {"ci_99": [1.0823692649998975, 1.197303599000179], "q_25": 1.1099072532499008, "q_75": 1.1640635084999644, "min": 1.0823692649998975, "max": 1.197303599000179, "mean": 1.137580625874989, "std": 0.03648061018711056, "repeat": 8, "number": 1}], "params": [["True", "False"]]}, "time_solve_models.TimeSolveSPM.time_solve_model": {"result": [0.05306591750002099, 0.09409236099997997], "stats": [{"ci_99": [0.04856069900006332, 0.05669604700005948], "q_25": 0.05128665325003112, "q_75": 0.053837689499971475, "min": 0.04856069900006332, "max": 0.05669604700005948, "mean": 0.05256096460000208, "std": 0.0023313612658921825, "repeat": 10, "number": 1}, {"ci_99": [0.08912961900000482, 0.09892070499995498], "q_25": 0.09341286424995587, "q_75": 0.09603364149995741, "min": 0.08912961900000482, "max": 0.09892070499995498, "mean": 0.09408909169999333, "std": 0.0028135805451881403, "repeat": 10, "number": 1}], "params": [["True", "False"]]}, "time_solve_models.TimeSolveSPMe.time_solve_model": {"result": [0.068499307500133, 0.1306687049999482], "stats": [{"ci_99": [0.0668493870000475, 0.0764060439998957], "q_25": 0.0678473377499813, "q_75": 0.06993007000011175, "min": 0.0668493870000475, "max": 0.0764060439998957, "mean": 0.06939114210003935, "std": 0.002604811707434226, "repeat": 10, "number": 1}, {"ci_99": [0.1277273729999706, 0.14332756499993593], "q_25": 0.12854952649996676, "q_75": 0.13688987499995164, "min": 0.1277273729999706, "max": 0.14332756499993593, "mean": 0.13302779689997807, "std": 0.005317533787954016, "repeat": 10, "number": 1}], "params": [["True", "False"]]}}, "params": {"machine": "GitHubRunner", "python": "3.8"}, "requirements": {}, "commit_hash": "1857c291c16d1b808ff423b9ab28532a14899e4f", "date": 1612463504000, "env_name": "virtualenv-py3.8", "python": "3.8", "profiles": {}, "started_at": {"time_setup_models_and_sims.TimeBuildDFN.time_setup_DFN": 1613142504375, "time_setup_models_and_sims.TimeBuildDFNSimulation.time_setup_DFN_simulation": 1613142511258, "time_setup_models_and_sims.TimeBuildSPM.time_setup_SPM": 1613142513674, "time_setup_models_and_sims.TimeBuildSPMSimulation.time_setup_SPM_simulation": 1613142518292, "time_setup_models_and_sims.TimeBuildSPMe.time_setup_SPMe": 1613142522613, "time_setup_models_and_sims.TimeBuildSPMeSimulation.time_setup_SPMe_simulation": 1613142528183, "time_solve_models.TimeSolveDFN.time_solve_model": 1613142530899, "time_solve_models.TimeSolveSPM.time_solve_model": 1613142557056, "time_solve_models.TimeSolveSPMe.time_solve_model": 1613142569800}, "ended_at": {"time_setup_models_and_sims.TimeBuildDFN.time_setup_DFN": 1613142511258, "time_setup_models_and_sims.TimeBuildDFNSimulation.time_setup_DFN_simulation": 1613142513674, "time_setup_models_and_sims.TimeBuildSPM.time_setup_SPM": 1613142518292, "time_setup_models_and_sims.TimeBuildSPMSimulation.time_setup_SPM_simulation": 1613142522612, "time_setup_models_and_sims.TimeBuildSPMe.time_setup_SPMe": 1613142528183, "time_setup_models_and_sims.TimeBuildSPMeSimulation.time_setup_SPMe_simulation": 1613142530899, "time_solve_models.TimeSolveDFN.time_solve_model": 1613142557055, "time_solve_models.TimeSolveSPM.time_solve_model": 1613142569800, "time_solve_models.TimeSolveSPMe.time_solve_model": 1613142584851}, "benchmark_version": {"time_setup_models_and_sims.TimeBuildDFN.time_setup_DFN": "5f322e51e6b7e66125ee6949bdf25746005db467e8ffcfdcb3ace170e92bbc3d", "time_setup_models_and_sims.TimeBuildDFNSimulation.time_setup_DFN_simulation": "8de44bc542fa7d4ba28a80f24414a9444b5436673aaebba674918f5f0bfd0ebb", "time_setup_models_and_sims.TimeBuildSPM.time_setup_SPM": "0d0b3f5c67fc2da9a5794c66b70af5a45a09558d1ee95f738745385adb84fbca", "time_setup_models_and_sims.TimeBuildSPMSimulation.time_setup_SPM_simulation": "161220a99418ce4487cc29325cbae897f28d0e44ae07e1dfbfaac2cbc53a4ff9", "time_setup_models_and_sims.TimeBuildSPMe.time_setup_SPMe": "6083f5ff944353395eb4b21c97b02af555fe6528de3cd5283f5e139943945235", "time_setup_models_and_sims.TimeBuildSPMeSimulation.time_setup_SPMe_simulation": "530563cb559427795e3648d9648df9250ae100b7721f69eec356bdda7798c55e", "time_solve_models.TimeSolveDFN.time_solve_model": "914137228e20e5900cec36b0d3865f1faa2f5d479c7d6c2539514791f9ec4430", "time_solve_models.TimeSolveSPM.time_solve_model": "ef1bb5f8d1ddfa59650e20438c4b252d73e5a062714848ce1d6d5269382bc598", "time_solve_models.TimeSolveSPMe.time_solve_model": "20672028872f4620ce85e909bae705d9490de441e926510b2b0e53ff0881d87b"}, "version": 1}