{"results": {"time_setup_models_and_sims.TimeBuildDFN.time_setup_DFN": {"result": [0.5866099275000067], "stats": [{"ci_99": [0.5766286229999764, 0.5933053770000356], "q_25": 0.5820897369999756, "q_75": 0.5918087977499766, "min": 0.5766286229999764, "max": 0.5933053770000356, "mean": 0.5862310562999881, "std": 0.005661460184339095, "repeat": 10, "number": 1}]}, "time_setup_models_and_sims.TimeBuildDFNSimulation.time_setup_DFN_simulation": {"result": [0.17625535900000955, 0.4152217470000039], "stats": [{"ci_99": [0.1748279880000041, 0.1780435459999694], "q_25": 0.17508422749999397, "q_75": 0.17735350925003956, "min": 0.1748279880000041, "max": 0.1780435459999694, "mean": 0.17629076990000386, "std": 0.0011825462511503109, "repeat": 10, "number": 1}, {"ci_99": [0.4107905000000187, 0.42003957399998626], "q_25": 0.41278073200001586, "q_75": 0.41749982374999206, "min": 0.4107905000000187, "max": 0.42003957399998626, "mean": 0.4152205002000017, "std": 0.0029269176982291228, "repeat": 10, "number": 1}], "params": [["False", "True"]]}, "time_setup_models_and_sims.TimeBuildSPM.time_setup_SPM": {"result": [0.4147094170000116], "stats": [{"ci_99": [0.40841151000000764, 0.4211999350000042], "q_25": 0.4130475052500344, "q_75": 0.4163599089999792, "min": 0.40841151000000764, "max": 0.4211999350000042, "mean": 0.41469184070000437, "std": 0.0037607463485193385, "repeat": 10, "number": 1}]}, "time_setup_models_and_sims.TimeBuildSPMSimulation.time_setup_SPM_simulation": {"result": [0.21744538650000322, 0.4765454755000178], "stats": [{"ci_99": [0.21405063499997823, 0.2207349429999681], "q_25": 0.21580684500003144, "q_75": 0.21912305125000842, "min": 0.21405063499997823, "max": 0.2207349429999681, "mean": 0.21741508650000582, "std": 0.0021486235807784276, "repeat": 10, "number": 1}, {"ci_99": [0.4707052119999844, 0.47996396799999275], "q_25": 0.4734953035000018, "q_75": 0.47740552974997286, "min": 0.4707052119999844, "max": 0.47996396799999275, "mean": 0.4756282214999942, "std": 0.002895789719396149, "repeat": 10, "number": 1}], "params": [["False", "True"]]}, "time_setup_models_and_sims.TimeBuildSPMe.time_setup_SPMe": {"result": [0.539072434000019], "stats": [{"ci_99": [0.5310429610000256, 0.5462042770000153], "q_25": 0.5349082237500227, "q_75": 0.5409300942499868, "min": 0.5310429610000256, "max": 0.5462042770000153, "mean": 0.5385610047000171, "std": 0.004814169195957828, "repeat": 10, "number": 1}]}, "time_setup_models_and_sims.TimeBuildSPMeSimulation.time_setup_SPMe_simulation": {"result": [0.2016142420000051, 0.4740697905000104], "stats": [{"ci_99": [0.19761248399998976, 0.20608068099994625], "q_25": 0.19947131175001687, "q_75": 0.20443430475000923, "min": 0.19761248399998976, "max": 0.20608068099994625, "mean": 0.20172156070000255, "std": 0.0029039655425691776, "repeat": 10, "number": 1}, {"ci_99": [0.4710628809999662, 0.4794732960000374], "q_25": 0.47350641100001667, "q_75": 0.47676019125000835, "min": 0.4710628809999662, "max": 0.4794732960000374, "mean": 0.4749508504000005, "std": 0.0026204114997079465, "repeat": 10, "number": 1}], "params": [["False", "True"]]}, "time_solve_models.TimeSolveDFN.time_solve_model": {"result": [0.5961747024999795, 0.7795180894999874], "stats": [{"ci_99": [0.591074175000017, 0.604488004000018], "q_25": 0.595915672000018, "q_75": 0.5991263237500277, "min": 0.591074175000017, "max": 0.604488004000018, "mean": 0.5971306552000101, "std": 0.00345371000280299, "repeat": 10, "number": 1}, {"ci_99": [0.7717027630000075, 0.7886131300000443], "q_25": 0.7773280159999985, "q_75": 0.7855630965000131, "min": 0.7717027630000075, "max": 0.7886131300000443, "mean": 0.7806918957999983, "std": 0.0054902126696637615, "repeat": 10, "number": 1}], "params": [["True", "False"]]}, "time_solve_models.TimeSolveSPM.time_solve_model": {"result": [0.022413723499965954, 0.047090619999977434], "stats": [{"ci_99": [0.022135952999974506, 0.02270792999996729], "q_25": 0.022371990500005268, "q_75": 0.022531693999980007, "min": 0.022135952999974506, "max": 0.02270792999996729, "mean": 0.022418767299984665, "std": 0.0001669105559965203, "repeat": 10, "number": 1}, {"ci_99": [0.04610950300002514, 0.04752138300000297], "q_25": 0.046486672249997696, "q_75": 0.04744137799998782, "min": 0.04610950300002514, "max": 0.04752138300000297, "mean": 0.046944741199990855, "std": 0.0005138585643549371, "repeat": 10, "number": 1}], "params": [["True", "False"]]}, "time_solve_models.TimeSolveSPMe.time_solve_model": {"result": [0.03286499399999343, 0.08132061400002044], "stats": [{"ci_99": [0.03190055300001404, 0.03322379999997338], "q_25": 0.03261914475000083, "q_75": 0.03302407099998561, "min": 0.03190055300001404, "max": 0.03322379999997338, "mean": 0.032772688699992614, "std": 0.00036706334594783325, "repeat": 10, "number": 1}, {"ci_99": [0.08008799800001043, 0.08191855600000508], "q_25": 0.08104380525001886, "q_75": 0.08170489499998723, "min": 0.08008799800001043, "max": 0.08191855600000508, "mean": 0.08128507580001383, "std": 0.0005161232085498553, "repeat": 10, "number": 1}], "params": [["True", "False"]]}}, "params": {"machine": "GitHubRunner", "python": "3.8"}, "requirements": {}, "commit_hash": "1a624afa210ebd8c1a16fcfedf3b30e5342e5873", "date": 1636039194000, "env_name": "virtualenv-py3.8", "python": "3.8", "profiles": {}, "started_at": {"time_setup_models_and_sims.TimeBuildDFN.time_setup_DFN": 1636082526849, "time_setup_models_and_sims.TimeBuildDFNSimulation.time_setup_DFN_simulation": 1636082530815, "time_setup_models_and_sims.TimeBuildSPM.time_setup_SPM": 1636082534736, "time_setup_models_and_sims.TimeBuildSPMSimulation.time_setup_SPM_simulation": 1636082537599, "time_setup_models_and_sims.TimeBuildSPMe.time_setup_SPMe": 1636082542174, "time_setup_models_and_sims.TimeBuildSPMeSimulation.time_setup_SPMe_simulation": 1636082545840, "time_solve_models.TimeSolveDFN.time_solve_model": 1636082550312, "time_solve_models.TimeSolveSPM.time_solve_model": 1636082573391, "time_solve_models.TimeSolveSPMe.time_solve_model": 1636082581774}, "ended_at": {"time_setup_models_and_sims.TimeBuildDFN.time_setup_DFN": 1636082530815, "time_setup_models_and_sims.TimeBuildDFNSimulation.time_setup_DFN_simulation": 1636082534735, "time_setup_models_and_sims.TimeBuildSPM.time_setup_SPM": 1636082537598, "time_setup_models_and_sims.TimeBuildSPMSimulation.time_setup_SPM_simulation": 1636082542173, "time_setup_models_and_sims.TimeBuildSPMe.time_setup_SPMe": 1636082545839, "time_setup_models_and_sims.TimeBuildSPMeSimulation.time_setup_SPMe_simulation": 1636082550311, "time_solve_models.TimeSolveDFN.time_solve_model": 1636082573390, "time_solve_models.TimeSolveSPM.time_solve_model": 1636082581774, "time_solve_models.TimeSolveSPMe.time_solve_model": 1636082592713}, "benchmark_version": {"time_setup_models_and_sims.TimeBuildDFN.time_setup_DFN": "5f322e51e6b7e66125ee6949bdf25746005db467e8ffcfdcb3ace170e92bbc3d", "time_setup_models_and_sims.TimeBuildDFNSimulation.time_setup_DFN_simulation": "8de44bc542fa7d4ba28a80f24414a9444b5436673aaebba674918f5f0bfd0ebb", "time_setup_models_and_sims.TimeBuildSPM.time_setup_SPM": "0d0b3f5c67fc2da9a5794c66b70af5a45a09558d1ee95f738745385adb84fbca", "time_setup_models_and_sims.TimeBuildSPMSimulation.time_setup_SPM_simulation": "161220a99418ce4487cc29325cbae897f28d0e44ae07e1dfbfaac2cbc53a4ff9", "time_setup_models_and_sims.TimeBuildSPMe.time_setup_SPMe": "6083f5ff944353395eb4b21c97b02af555fe6528de3cd5283f5e139943945235", "time_setup_models_and_sims.TimeBuildSPMeSimulation.time_setup_SPMe_simulation": "530563cb559427795e3648d9648df9250ae100b7721f69eec356bdda7798c55e", "time_solve_models.TimeSolveDFN.time_solve_model": "914137228e20e5900cec36b0d3865f1faa2f5d479c7d6c2539514791f9ec4430", "time_solve_models.TimeSolveSPM.time_solve_model": "ef1bb5f8d1ddfa59650e20438c4b252d73e5a062714848ce1d6d5269382bc598", "time_solve_models.TimeSolveSPMe.time_solve_model": "20672028872f4620ce85e909bae705d9490de441e926510b2b0e53ff0881d87b"}, "version": 1}