{"results": {"time_setup_models_and_sims.TimeBuildDFN.time_setup_DFN": {"result": [0.9790440355000101], "stats": [{"ci_99": [0.9535865500001819, 1.0367409530008445], "q_25": 0.9645254042502529, "q_75": 1.0038018407512936, "min": 0.9535865500001819, "max": 1.0367409530008445, "mean": 0.9858019236002292, "std": 0.025167848949183686, "repeat": 10, "number": 1}]}, "time_setup_models_and_sims.TimeBuildDFNSimulation.time_setup_DFN_simulation": {"result": [0.08584122550018947, 0.1655693564998728], "stats": [{"ci_99": [0.08176599599937617, 0.09217507199900865], "q_25": 0.08373658524988059, "q_75": 0.09002738074968875, "min": 0.08176599599937617, "max": 0.09217507199900865, "mean": 0.08659284099994694, "std": 0.003549476924879896, "repeat": 10, "number": 1}, {"ci_99": [0.16062597000018286, 0.17568518100051733], "q_25": 0.16205505549942245, "q_75": 0.17375051675026043, "min": 0.16062597000018286, "max": 0.17568518100051733, "mean": 0.16737168959971313, "std": 0.005900081523358249, "repeat": 10, "number": 1}], "params": [["False", "True"]]}, "time_setup_models_and_sims.TimeBuildSPM.time_setup_SPM": {"result": [0.6445504459998119], "stats": [{"ci_99": [0.6231605419998232, 0.6881032129986124], "q_25": 0.6358374327496676, "q_75": 0.6710755660001269, "min": 0.6231605419998232, "max": 0.6881032129986124, "mean": 0.6513654763997693, "std": 0.021917551661224725, "repeat": 10, "number": 1}]}, "time_setup_models_and_sims.TimeBuildSPMSimulation.time_setup_SPM_simulation": {"result": [0.21775818699916272, 0.42702606150032807], "stats": [{"ci_99": [0.21310775299934903, 0.23725432900027954], "q_25": 0.21634842625007877, "q_75": 0.2216909654994197, "min": 0.21310775299934903, "max": 0.23725432900027954, "mean": 0.22047822659969823, "std": 0.006915297060046781, "repeat": 10, "number": 1}, {"ci_99": [0.4007669189995795, 0.46051685599923076], "q_25": 0.4128881084998284, "q_75": 0.4367232569998123, "min": 0.4007669189995795, "max": 0.46051685599923076, "mean": 0.428489282299779, "std": 0.018965838646637073, "repeat": 10, "number": 1}], "params": [["False", "True"]]}, "time_setup_models_and_sims.TimeBuildSPMe.time_setup_SPMe": {"result": [0.8028474500006268], "stats": [{"ci_99": [0.7743532429994957, 0.8748498730001302], "q_25": 0.7891820747508973, "q_75": 0.8088193429998682, "min": 0.7743532429994957, "max": 0.8748498730001302, "mean": 0.8058627019001505, "std": 0.026577470762995128, "repeat": 10, "number": 1}]}, "time_setup_models_and_sims.TimeBuildSPMeSimulation.time_setup_SPMe_simulation": {"result": [0.11072905699984403, 0.218031439000697], "stats": [{"ci_99": [0.10607597300077032, 0.12731222799993702], "q_25": 0.10928147124968746, "q_75": 0.11732702974995846, "min": 0.10607597300077032, "max": 0.12731222799993702, "mean": 0.11364486809998198, "std": 0.006482657230888855, "repeat": 10, "number": 1}, {"ci_99": [0.20314178000080574, 0.23427150799943774], "q_25": 0.21344375549961114, "q_75": 0.2273098565001419, "min": 0.20314178000080574, "max": 0.23427150799943774, "mean": 0.21885607479998725, "std": 0.009765062428657873, "repeat": 10, "number": 1}], "params": [["False", "True"]]}, "time_solve_models.TimeSolveDFN.time_solve_model": {"result": [1.3196947155001908, 1.524642856000355], "stats": [{"ci_99": [1.2668578289994912, 1.3415188444264832], "q_25": 1.3188451095002165, "q_75": 1.324812529499468, "min": 1.2668578289994912, "max": 1.3339552170000388, "mean": 1.3142138086665607, "std": 0.02183662788551086, "repeat": 6, "number": 1}, {"ci_99": [1.4609777420009777, 1.5776437959993928], "q_25": 1.5104423529992346, "q_75": 1.5393173167503846, "min": 1.4609777420009777, "max": 1.5776437959993928, "mean": 1.522711506125006, "std": 0.03380252295898337, "repeat": 8, "number": 1}], "params": [["True", "False"]]}, "time_solve_models.TimeSolveSPM.time_solve_model": {"result": [0.07156057149950357, 0.11155816249902273], "stats": [{"ci_99": [0.06607308099955844, 0.07685325999955239], "q_25": 0.06853672424995239, "q_75": 0.07465169375109326, "min": 0.06607308099955844, "max": 0.07685325999955239, "mean": 0.07160139159987011, "std": 0.0034985950790801636, "repeat": 10, "number": 1}, {"ci_99": [0.10754168400126218, 0.12598841799990623], "q_25": 0.11093250850080949, "q_75": 0.11594736949973594, "min": 0.10754168400126218, "max": 0.12598841799990623, "mean": 0.11400658059992566, "std": 0.005195114320837328, "repeat": 10, "number": 1}], "params": [["True", "False"]]}, "time_solve_models.TimeSolveSPMe.time_solve_model": {"result": [0.11169601350047742, 0.18581985350010655], "stats": [{"ci_99": [0.10601627199866925, 0.11846626300030039], "q_25": 0.10817121250056516, "q_75": 0.11649284824898132, "min": 0.10601627199866925, "max": 0.11846626300030039, "mean": 0.11218816710006649, "std": 0.0044509224901521285, "repeat": 10, "number": 1}, {"ci_99": [0.1770157900009508, 0.19961235399932775], "q_25": 0.179656583999531, "q_75": 0.19344658375030122, "min": 0.1770157900009508, "max": 0.19961235399932775, "mean": 0.18675498040011007, "std": 0.007503401703471197, "repeat": 10, "number": 1}], "params": [["True", "False"]]}}, "params": {"machine": "GitHubRunner", "python": "3.8"}, "requirements": {}, "commit_hash": "1bdbdaf0530561054d155a3cd5d699ff592ea518", "date": 1588354338000, "env_name": "virtualenv-py3.8", "python": "3.8", "profiles": {}, "started_at": {"time_setup_models_and_sims.TimeBuildDFN.time_setup_DFN": 1613154871861, "time_setup_models_and_sims.TimeBuildDFNSimulation.time_setup_DFN_simulation": 1613154878083, "time_setup_models_and_sims.TimeBuildSPM.time_setup_SPM": 1613154879846, "time_setup_models_and_sims.TimeBuildSPMSimulation.time_setup_SPM_simulation": 1613154883962, "time_setup_models_and_sims.TimeBuildSPMe.time_setup_SPMe": 1613154888082, "time_setup_models_and_sims.TimeBuildSPMeSimulation.time_setup_SPMe_simulation": 1613154893252, "time_solve_models.TimeSolveDFN.time_solve_model": 1613154895466, "time_solve_models.TimeSolveSPM.time_solve_model": 1613154924911, "time_solve_models.TimeSolveSPMe.time_solve_model": 1613154936702}, "ended_at": {"time_setup_models_and_sims.TimeBuildDFN.time_setup_DFN": 1613154878083, "time_setup_models_and_sims.TimeBuildDFNSimulation.time_setup_DFN_simulation": 1613154879846, "time_setup_models_and_sims.TimeBuildSPM.time_setup_SPM": 1613154883961, "time_setup_models_and_sims.TimeBuildSPMSimulation.time_setup_SPM_simulation": 1613154888081, "time_setup_models_and_sims.TimeBuildSPMe.time_setup_SPMe": 1613154893252, "time_setup_models_and_sims.TimeBuildSPMeSimulation.time_setup_SPMe_simulation": 1613154895465, "time_solve_models.TimeSolveDFN.time_solve_model": 1613154924911, "time_solve_models.TimeSolveSPM.time_solve_model": 1613154936702, "time_solve_models.TimeSolveSPMe.time_solve_model": 1613154951553}, "benchmark_version": {"time_setup_models_and_sims.TimeBuildDFN.time_setup_DFN": "5f322e51e6b7e66125ee6949bdf25746005db467e8ffcfdcb3ace170e92bbc3d", "time_setup_models_and_sims.TimeBuildDFNSimulation.time_setup_DFN_simulation": "8de44bc542fa7d4ba28a80f24414a9444b5436673aaebba674918f5f0bfd0ebb", "time_setup_models_and_sims.TimeBuildSPM.time_setup_SPM": "0d0b3f5c67fc2da9a5794c66b70af5a45a09558d1ee95f738745385adb84fbca", "time_setup_models_and_sims.TimeBuildSPMSimulation.time_setup_SPM_simulation": "161220a99418ce4487cc29325cbae897f28d0e44ae07e1dfbfaac2cbc53a4ff9", "time_setup_models_and_sims.TimeBuildSPMe.time_setup_SPMe": "6083f5ff944353395eb4b21c97b02af555fe6528de3cd5283f5e139943945235", "time_setup_models_and_sims.TimeBuildSPMeSimulation.time_setup_SPMe_simulation": "530563cb559427795e3648d9648df9250ae100b7721f69eec356bdda7798c55e", "time_solve_models.TimeSolveDFN.time_solve_model": "914137228e20e5900cec36b0d3865f1faa2f5d479c7d6c2539514791f9ec4430", "time_solve_models.TimeSolveSPM.time_solve_model": "ef1bb5f8d1ddfa59650e20438c4b252d73e5a062714848ce1d6d5269382bc598", "time_solve_models.TimeSolveSPMe.time_solve_model": "20672028872f4620ce85e909bae705d9490de441e926510b2b0e53ff0881d87b"}, "version": 1}