{"results": {"time_setup_models_and_sims.TimeBuildDFN.time_setup_DFN": {"result": [0.6651331779999907], "stats": [{"ci_99": [0.6336305469999957, 0.6959995150000111], "q_25": 0.6562122662500016, "q_75": 0.676467826249997, "min": 0.6336305469999957, "max": 0.6959995150000111, "mean": 0.6661828718999985, "std": 0.017190117513800868, "repeat": 10, "number": 1}]}, "time_setup_models_and_sims.TimeBuildDFNSimulation.time_setup_DFN_simulation": {"result": [0.12609938350000505, 0.3017942040000037], "stats": [{"ci_99": [0.12110426699999266, 0.1343595559999926], "q_25": 0.12284143075000031, "q_75": 0.12912444349997543, "min": 0.12110426699999266, "max": 0.1343595559999926, "mean": 0.12648949109999136, "std": 0.004109611625811452, "repeat": 10, "number": 1}, {"ci_99": [0.2908388010000067, 0.3107387189999997], "q_25": 0.2937151812500076, "q_75": 0.30667967450001044, "min": 0.2908388010000067, "max": 0.3107387189999997, "mean": 0.3006680524000046, "std": 0.007077010202796137, "repeat": 10, "number": 1}], "params": [["False", "True"]]}, "time_setup_models_and_sims.TimeBuildSPM.time_setup_SPM": {"result": [0.3438504830000113], "stats": [{"ci_99": [0.3337739069999941, 0.3541343660000109], "q_25": 0.3421042252499973, "q_75": 0.3493742152499877, "min": 0.3337739069999941, "max": 0.3541343660000109, "mean": 0.3447945169000036, "std": 0.005652785460387014, "repeat": 10, "number": 1}]}, "time_setup_models_and_sims.TimeBuildSPMSimulation.time_setup_SPM_simulation": {"result": [0.10590559550000478, 0.2552641829999942], "stats": [{"ci_99": [0.10188015200000677, 0.11855948199999489], "q_25": 0.10429768099999848, "q_75": 0.10741766150000132, "min": 0.10188015200000677, "max": 0.11855948199999489, "mean": 0.10683084979999932, "std": 0.0044156548472173915, "repeat": 10, "number": 1}, {"ci_99": [0.24295231699997544, 0.26863524699999175], "q_25": 0.25032089075001096, "q_75": 0.25748292124998784, "min": 0.24295231699997544, "max": 0.26863524699999175, "mean": 0.2545463491999982, "std": 0.007323644608197457, "repeat": 10, "number": 1}], "params": [["False", "True"]]}, "time_setup_models_and_sims.TimeBuildSPMe.time_setup_SPMe": {"result": [0.5674306869999981], "stats": [{"ci_99": [0.5440906059999975, 0.6123886190000007], "q_25": 0.5548832767499974, "q_75": 0.577062481249996, "min": 0.5440906059999975, "max": 0.6123886190000007, "mean": 0.5709275635000012, "std": 0.021622506584799635, "repeat": 10, "number": 1}]}, "time_setup_models_and_sims.TimeBuildSPMeSimulation.time_setup_SPMe_simulation": {"result": [0.14135239899999874, 0.3381886039999955], "stats": [{"ci_99": [0.12975734799999827, 0.1613570979999963], "q_25": 0.13474106100000682, "q_75": 0.14588030349998604, "min": 0.12975734799999827, "max": 0.1613570979999963, "mean": 0.14121377149999717, "std": 0.008985774011869167, "repeat": 10, "number": 1}, {"ci_99": [0.3147483799999975, 0.36837338499998395], "q_25": 0.3241745904999931, "q_75": 0.356473491750009, "min": 0.3147483799999975, "max": 0.36837338499998395, "mean": 0.34112783989999684, "std": 0.018635331018422418, "repeat": 10, "number": 1}], "params": [["False", "True"]]}, "time_solve_models.TimeSolveDFN.time_solve_model": {"result": [0.6311965800000081, 0.9097163769999952], "stats": [{"ci_99": [0.5895300420000069, 0.6649544470000137], "q_25": 0.6096139567500032, "q_75": 0.6451319295000033, "min": 0.5895300420000069, "max": 0.6649544470000137, "mean": 0.6282758536000074, "std": 0.023185809830982344, "repeat": 10, "number": 1}, {"ci_99": [0.8925530170000116, 0.9469819260000065], "q_25": 0.9047814419999938, "q_75": 0.916591003750014, "min": 0.8925530170000116, "max": 0.9469819260000065, "mean": 0.9124240128000025, "std": 0.013850286574396003, "repeat": 10, "number": 1}], "params": [["True", "False"]]}, "time_solve_models.TimeSolveSPM.time_solve_model": {"result": [0.028912587999997186, 0.05930209049999746], "stats": [{"ci_99": [0.02824328099998752, 0.02949129399999606], "q_25": 0.02865433125000294, "q_75": 0.028995030750003536, "min": 0.02824328099998752, "max": 0.02949129399999606, "mean": 0.028852396900001055, "std": 0.0003615891483204751, "repeat": 10, "number": 1}, {"ci_99": [0.05797837899999081, 0.06312791100000936], "q_25": 0.05879619874998099, "q_75": 0.060353240750004034, "min": 0.05797837899999081, "max": 0.06312791100000936, "mean": 0.05983405999999718, "std": 0.0016274166841262511, "repeat": 10, "number": 1}], "params": [["True", "False"]]}, "time_solve_models.TimeSolveSPMe.time_solve_model": {"result": [0.0419821010000021, 0.10134780050000813], "stats": [{"ci_99": [0.040988502999994125, 0.04422939000002657], "q_25": 0.0415992310000064, "q_75": 0.04254585300000713, "min": 0.040988502999994125, "max": 0.04422939000002657, "mean": 0.04216091250000886, "std": 0.0008903290047612804, "repeat": 10, "number": 1}, {"ci_99": [0.0941046510000092, 0.10930974500001867], "q_25": 0.09601226350000758, "q_75": 0.10278019074998923, "min": 0.0941046510000092, "max": 0.10930974500001867, "mean": 0.10067213530000174, "std": 0.004821108419900108, "repeat": 10, "number": 1}], "params": [["True", "False"]]}}, "params": {"machine": "GitHubRunner", "python": "3.8"}, "requirements": {}, "commit_hash": "1c209f27767e020440192af7e12be5274daa81bc", "date": 1643937464000, "env_name": "virtualenv-py3.8", "python": "3.8", "profiles": {}, "started_at": {"time_setup_models_and_sims.TimeBuildDFN.time_setup_DFN": 1643944714947, "time_setup_models_and_sims.TimeBuildDFNSimulation.time_setup_DFN_simulation": 1643944719166, "time_setup_models_and_sims.TimeBuildSPM.time_setup_SPM": 1643944721933, "time_setup_models_and_sims.TimeBuildSPMSimulation.time_setup_SPM_simulation": 1643944724243, "time_setup_models_and_sims.TimeBuildSPMe.time_setup_SPMe": 1643944726559, "time_setup_models_and_sims.TimeBuildSPMeSimulation.time_setup_SPMe_simulation": 1643944730172, "time_solve_models.TimeSolveDFN.time_solve_model": 1643944733139, "time_solve_models.TimeSolveSPM.time_solve_model": 1643944757471, "time_solve_models.TimeSolveSPMe.time_solve_model": 1643944764803}, "ended_at": {"time_setup_models_and_sims.TimeBuildDFN.time_setup_DFN": 1643944719166, "time_setup_models_and_sims.TimeBuildDFNSimulation.time_setup_DFN_simulation": 1643944721932, "time_setup_models_and_sims.TimeBuildSPM.time_setup_SPM": 1643944724243, "time_setup_models_and_sims.TimeBuildSPMSimulation.time_setup_SPM_simulation": 1643944726558, "time_setup_models_and_sims.TimeBuildSPMe.time_setup_SPMe": 1643944730172, "time_setup_models_and_sims.TimeBuildSPMeSimulation.time_setup_SPMe_simulation": 1643944733139, "time_solve_models.TimeSolveDFN.time_solve_model": 1643944757470, "time_solve_models.TimeSolveSPM.time_solve_model": 1643944764802, "time_solve_models.TimeSolveSPMe.time_solve_model": 1643944775843}, "benchmark_version": {"time_setup_models_and_sims.TimeBuildDFN.time_setup_DFN": "5f322e51e6b7e66125ee6949bdf25746005db467e8ffcfdcb3ace170e92bbc3d", "time_setup_models_and_sims.TimeBuildDFNSimulation.time_setup_DFN_simulation": "8de44bc542fa7d4ba28a80f24414a9444b5436673aaebba674918f5f0bfd0ebb", "time_setup_models_and_sims.TimeBuildSPM.time_setup_SPM": "0d0b3f5c67fc2da9a5794c66b70af5a45a09558d1ee95f738745385adb84fbca", "time_setup_models_and_sims.TimeBuildSPMSimulation.time_setup_SPM_simulation": "161220a99418ce4487cc29325cbae897f28d0e44ae07e1dfbfaac2cbc53a4ff9", "time_setup_models_and_sims.TimeBuildSPMe.time_setup_SPMe": "6083f5ff944353395eb4b21c97b02af555fe6528de3cd5283f5e139943945235", "time_setup_models_and_sims.TimeBuildSPMeSimulation.time_setup_SPMe_simulation": "530563cb559427795e3648d9648df9250ae100b7721f69eec356bdda7798c55e", "time_solve_models.TimeSolveDFN.time_solve_model": "914137228e20e5900cec36b0d3865f1faa2f5d479c7d6c2539514791f9ec4430", "time_solve_models.TimeSolveSPM.time_solve_model": "ef1bb5f8d1ddfa59650e20438c4b252d73e5a062714848ce1d6d5269382bc598", "time_solve_models.TimeSolveSPMe.time_solve_model": "20672028872f4620ce85e909bae705d9490de441e926510b2b0e53ff0881d87b"}, "version": 1}