{"results": {"time_setup_models_and_sims.TimeBuildDFN.time_setup_DFN": {"result": [0.4334976525000229], "stats": [{"ci_99": [0.4321352150000166, 0.4350741100000164], "q_25": 0.43279873925001766, "q_75": 0.4340081945000165, "min": 0.4321352150000166, "max": 0.4350741100000164, "mean": 0.4334063419000159, "std": 0.0008885923938858313, "repeat": 10, "number": 1}]}, "time_setup_models_and_sims.TimeBuildDFNSimulation.time_setup_DFN_simulation": {"result": [0.08576991950002366, 0.20930677300000866], "stats": [{"ci_99": [0.08494771799999512, 0.09034343799999078], "q_25": 0.08534188999999515, "q_75": 0.08705622450001727, "min": 0.08494771799999512, "max": 0.09034343799999078, "mean": 0.08656758450000268, "std": 0.0018019202696366666, "repeat": 10, "number": 1}, {"ci_99": [0.20808350900000505, 0.21002651899999591], "q_25": 0.20898226599999958, "q_75": 0.2095014497500074, "min": 0.20808350900000505, "max": 0.21002651899999591, "mean": 0.20916030850000028, "std": 0.0005551613071343606, "repeat": 10, "number": 1}], "params": [["False", "True"]]}, "time_setup_models_and_sims.TimeBuildSPM.time_setup_SPM": {"result": [0.22903726050000728], "stats": [{"ci_99": [0.22647674799998185, 0.23221569000000386], "q_25": 0.22815883500001632, "q_75": 0.2292508867499805, "min": 0.22647674799998185, "max": 0.23221569000000386, "mean": 0.2291801588999988, "std": 0.0016491136037032523, "repeat": 10, "number": 1}]}, "time_setup_models_and_sims.TimeBuildSPMSimulation.time_setup_SPM_simulation": {"result": [0.07487675999998089, 0.17602240099999733], "stats": [{"ci_99": [0.07407383899999331, 0.0772237620000169], "q_25": 0.0744914389999849, "q_75": 0.07628925900000638, "min": 0.07407383899999331, "max": 0.0772237620000169, "mean": 0.0753922748999912, "std": 0.0011280893743081239, "repeat": 10, "number": 1}, {"ci_99": [0.17523197500000265, 0.17753689200000622], "q_25": 0.17545493349997088, "q_75": 0.17681365525000103, "min": 0.17523197500000265, "max": 0.17753689200000622, "mean": 0.1761529243999945, "std": 0.0007796590933428774, "repeat": 10, "number": 1}], "params": [["False", "True"]]}, "time_setup_models_and_sims.TimeBuildSPMe.time_setup_SPMe": {"result": [0.3745104019999843], "stats": [{"ci_99": [0.37355666600001314, 0.3757607389999862], "q_25": 0.3742037829999987, "q_75": 0.37497829549996453, "min": 0.37355666600001314, "max": 0.3757607389999862, "mean": 0.37458579249998536, "std": 0.0006826256935410244, "repeat": 10, "number": 1}]}, "time_setup_models_and_sims.TimeBuildSPMeSimulation.time_setup_SPMe_simulation": {"result": [0.09405255650000299, 0.23187520400000494], "stats": [{"ci_99": [0.09288466999998946, 0.0980273010000019], "q_25": 0.09337720774999525, "q_75": 0.09479892075000151, "min": 0.09288466999998946, "max": 0.0980273010000019, "mean": 0.09460951789999683, "std": 0.0017421780673961683, "repeat": 10, "number": 1}, {"ci_99": [0.22988328700000693, 0.23277620599998272], "q_25": 0.23138668224999748, "q_75": 0.23225009174998945, "min": 0.22988328700000693, "max": 0.23277620599998272, "mean": 0.2316815862999988, "std": 0.0008484332774394529, "repeat": 10, "number": 1}], "params": [["False", "True"]]}, "time_solve_models.TimeSolveDFN.time_solve_model": {"result": [0.5229499815000054, 0.6836005474999922], "stats": [{"ci_99": [0.5188708640000073, 0.5274774789999697], "q_25": 0.5216418157499874, "q_75": 0.5244237779999779, "min": 0.5188708640000073, "max": 0.5274774789999697, "mean": 0.5229105407999868, "std": 0.0026237709836133914, "repeat": 10, "number": 1}, {"ci_99": [0.6761410870000191, 0.6945304779999901], "q_25": 0.682916993500001, "q_75": 0.6875552957499877, "min": 0.6761410870000191, "max": 0.6945304779999901, "mean": 0.6848725838000007, "std": 0.004679317821967998, "repeat": 10, "number": 1}], "params": [["True", "False"]]}, "time_solve_models.TimeSolveSPM.time_solve_model": {"result": [0.019661076999994975, 0.04156195850001154], "stats": [{"ci_99": [0.019508376000032968, 0.019877115999975103], "q_25": 0.019576830249988575, "q_75": 0.019783066000002236, "min": 0.019508376000032968, "max": 0.019877115999975103, "mean": 0.01967748609999944, "std": 0.00011763926380471369, "repeat": 10, "number": 1}, {"ci_99": [0.040736067000011644, 0.042200948000015615], "q_25": 0.04115365300002338, "q_75": 0.04176835674996937, "min": 0.040736067000011644, "max": 0.042200948000015615, "mean": 0.04149374259999945, "std": 0.0004261519966846472, "repeat": 10, "number": 1}], "params": [["True", "False"]]}, "time_solve_models.TimeSolveSPMe.time_solve_model": {"result": [0.02929052200002502, 0.07164194599999973], "stats": [{"ci_99": [0.02894820000000209, 0.029650574000015695], "q_25": 0.029114426999996112, "q_75": 0.02935245924999208, "min": 0.02894820000000209, "max": 0.029650574000015695, "mean": 0.029267302699997798, "std": 0.0001987025533026368, "repeat": 10, "number": 1}, {"ci_99": [0.07110401099998853, 0.07247201600000608], "q_25": 0.0715893699999981, "q_75": 0.0717917130000103, "min": 0.07110401099998853, "max": 0.07247201600000608, "mean": 0.07167756960000701, "std": 0.000385737591533151, "repeat": 10, "number": 1}], "params": [["True", "False"]]}}, "params": {"machine": "GitHubRunner", "python": "3.8"}, "requirements": {}, "commit_hash": "1c209f27767e020440192af7e12be5274daa81bc", "date": 1643937464000, "env_name": "virtualenv-py3.8", "python": "3.8", "profiles": {}, "started_at": {"time_setup_models_and_sims.TimeBuildDFN.time_setup_DFN": 1644031107436, "time_setup_models_and_sims.TimeBuildDFNSimulation.time_setup_DFN_simulation": 1644031110251, "time_setup_models_and_sims.TimeBuildSPM.time_setup_SPM": 1644031112217, "time_setup_models_and_sims.TimeBuildSPMSimulation.time_setup_SPM_simulation": 1644031113779, "time_setup_models_and_sims.TimeBuildSPMe.time_setup_SPMe": 1644031115544, "time_setup_models_and_sims.TimeBuildSPMeSimulation.time_setup_SPMe_simulation": 1644031118008, "time_solve_models.TimeSolveDFN.time_solve_model": 1644031120174, "time_solve_models.TimeSolveSPM.time_solve_model": 1644031138545, "time_solve_models.TimeSolveSPMe.time_solve_model": 1644031143527}, "ended_at": {"time_setup_models_and_sims.TimeBuildDFN.time_setup_DFN": 1644031110251, "time_setup_models_and_sims.TimeBuildDFNSimulation.time_setup_DFN_simulation": 1644031112216, "time_setup_models_and_sims.TimeBuildSPM.time_setup_SPM": 1644031113778, "time_setup_models_and_sims.TimeBuildSPMSimulation.time_setup_SPM_simulation": 1644031115543, "time_setup_models_and_sims.TimeBuildSPMe.time_setup_SPMe": 1644031118007, "time_setup_models_and_sims.TimeBuildSPMeSimulation.time_setup_SPMe_simulation": 1644031120173, "time_solve_models.TimeSolveDFN.time_solve_model": 1644031138544, "time_solve_models.TimeSolveSPM.time_solve_model": 1644031143527, "time_solve_models.TimeSolveSPMe.time_solve_model": 1644031151112}, "benchmark_version": {"time_setup_models_and_sims.TimeBuildDFN.time_setup_DFN": "5f322e51e6b7e66125ee6949bdf25746005db467e8ffcfdcb3ace170e92bbc3d", "time_setup_models_and_sims.TimeBuildDFNSimulation.time_setup_DFN_simulation": "8de44bc542fa7d4ba28a80f24414a9444b5436673aaebba674918f5f0bfd0ebb", "time_setup_models_and_sims.TimeBuildSPM.time_setup_SPM": "0d0b3f5c67fc2da9a5794c66b70af5a45a09558d1ee95f738745385adb84fbca", "time_setup_models_and_sims.TimeBuildSPMSimulation.time_setup_SPM_simulation": "161220a99418ce4487cc29325cbae897f28d0e44ae07e1dfbfaac2cbc53a4ff9", "time_setup_models_and_sims.TimeBuildSPMe.time_setup_SPMe": "6083f5ff944353395eb4b21c97b02af555fe6528de3cd5283f5e139943945235", "time_setup_models_and_sims.TimeBuildSPMeSimulation.time_setup_SPMe_simulation": "530563cb559427795e3648d9648df9250ae100b7721f69eec356bdda7798c55e", "time_solve_models.TimeSolveDFN.time_solve_model": "914137228e20e5900cec36b0d3865f1faa2f5d479c7d6c2539514791f9ec4430", "time_solve_models.TimeSolveSPM.time_solve_model": "ef1bb5f8d1ddfa59650e20438c4b252d73e5a062714848ce1d6d5269382bc598", "time_solve_models.TimeSolveSPMe.time_solve_model": "20672028872f4620ce85e909bae705d9490de441e926510b2b0e53ff0881d87b"}, "version": 1}