{"results": {"time_setup_models_and_sims.TimeBuildDFN.time_setup_DFN": {"result": [0.5897551370000116], "stats": [{"ci_99": [0.5856926149999993, 0.5937635810000188], "q_25": 0.5893589904999956, "q_75": 0.5910610224999928, "min": 0.5856926149999993, "max": 0.5937635810000188, "mean": 0.590078169700007, "std": 0.0021563160860248415, "repeat": 10, "number": 1}]}, "time_setup_models_and_sims.TimeBuildDFNSimulation.time_setup_DFN_simulation": {"result": [0.1918420464999997, 0.44842564100000004], "stats": [{"ci_99": [0.18767016599997532, 0.19835531600000422], "q_25": 0.18945629799999608, "q_75": 0.19270076250002433, "min": 0.18767016599997532, "max": 0.19835531600000422, "mean": 0.19160534000000098, "std": 0.0029360962017964463, "repeat": 10, "number": 1}, {"ci_99": [0.4420684130000154, 0.45159094300001357], "q_25": 0.44538823475001976, "q_75": 0.44970868525000895, "min": 0.4420684130000154, "max": 0.45159094300001357, "mean": 0.4475997823000085, "std": 0.003050964027679117, "repeat": 10, "number": 1}], "params": [["False", "True"]]}, "time_setup_models_and_sims.TimeBuildSPM.time_setup_SPM": {"result": [0.37041825550001306], "stats": [{"ci_99": [0.3670057159999942, 0.3714846430000307], "q_25": 0.3695248712499932, "q_75": 0.370962131500022, "min": 0.3670057159999942, "max": 0.3714846430000307, "mean": 0.3699538690000054, "std": 0.0014253894761211208, "repeat": 10, "number": 1}]}, "time_setup_models_and_sims.TimeBuildSPMSimulation.time_setup_SPM_simulation": {"result": [0.18598148849997642, 0.41587690949999967], "stats": [{"ci_99": [0.1834863569999925, 0.1891506620000314], "q_25": 0.18425253550000065, "q_75": 0.18723784650000397, "min": 0.1834863569999925, "max": 0.1891506620000314, "mean": 0.18599525639999684, "std": 0.0018046082882874337, "repeat": 10, "number": 1}, {"ci_99": [0.4107677830000114, 0.42412046200001896], "q_25": 0.4126416892500018, "q_75": 0.4180355567499987, "min": 0.4107677830000114, "max": 0.42412046200001896, "mean": 0.41590715290000163, "std": 0.0037709670222019287, "repeat": 10, "number": 1}], "params": [["False", "True"]]}, "time_setup_models_and_sims.TimeBuildSPMe.time_setup_SPMe": {"result": [0.5165598189999798], "stats": [{"ci_99": [0.512161639999988, 0.5250437260000069], "q_25": 0.513849408249996, "q_75": 0.5206367545000106, "min": 0.512161639999988, "max": 0.5250437260000069, "mean": 0.5172688928999974, "std": 0.004115682743971065, "repeat": 10, "number": 1}]}, "time_setup_models_and_sims.TimeBuildSPMeSimulation.time_setup_SPMe_simulation": {"result": [0.19938040649999778, 0.4700398704999884], "stats": [{"ci_99": [0.19581487099998185, 0.20087709599999926], "q_25": 0.19897863599999965, "q_75": 0.20008069675000684, "min": 0.19581487099998185, "max": 0.20087709599999926, "mean": 0.1991704217000006, "std": 0.0013907389443280392, "repeat": 10, "number": 1}, {"ci_99": [0.46161936599997944, 0.47332941500002335], "q_25": 0.4656273495000107, "q_75": 0.4714931045000128, "min": 0.46161936599997944, "max": 0.47332941500002335, "mean": 0.4684412484000006, "std": 0.003901564848226237, "repeat": 10, "number": 1}], "params": [["False", "True"]]}, "time_solve_models.TimeSolveDFN.time_solve_model": {"result": [0.6098386665000106, 0.8029815459999838], "stats": [{"ci_99": [0.6051684660000092, 0.6138319749999823], "q_25": 0.6089630382499962, "q_75": 0.6116068440000078, "min": 0.6051684660000092, "max": 0.6138319749999823, "mean": 0.6100717977000016, "std": 0.0023692468553453724, "repeat": 10, "number": 1}, {"ci_99": [0.7954096289999484, 0.8092897439999547], "q_25": 0.8002902972500294, "q_75": 0.8061006812500011, "min": 0.7954096289999484, "max": 0.8092897439999547, "mean": 0.8029625376999945, "std": 0.004437134310582643, "repeat": 10, "number": 1}], "params": [["True", "False"]]}, "time_solve_models.TimeSolveSPM.time_solve_model": {"result": [0.023219680000011067, 0.04772330450003892], "stats": [{"ci_99": [0.022165158000007068, 0.02343044799999916], "q_25": 0.023073397250044536, "q_75": 0.023238158749975923, "min": 0.022165158000007068, "max": 0.02343044799999916, "mean": 0.023100993700012395, "std": 0.00034017486152961067, "repeat": 10, "number": 1}, {"ci_99": [0.046233049000022675, 0.048431305999997676], "q_25": 0.047010203500008174, "q_75": 0.0480792054999597, "min": 0.046233049000022675, "max": 0.048431305999997676, "mean": 0.047552872800002886, "std": 0.0006787202322773505, "repeat": 10, "number": 1}], "params": [["True", "False"]]}, "time_solve_models.TimeSolveSPMe.time_solve_model": {"result": [0.03686014000001592, 0.08494266650001236], "stats": [{"ci_99": [0.03537118400004147, 0.03732072199994718], "q_25": 0.03633015174997922, "q_75": 0.037143483749957795, "min": 0.03537118400004147, "max": 0.03732072199994718, "mean": 0.036663115299995754, "std": 0.0006084083880014574, "repeat": 10, "number": 1}, {"ci_99": [0.08270020200001227, 0.08584873000000925], "q_25": 0.08469297374999485, "q_75": 0.08514093000000855, "min": 0.08270020200001227, "max": 0.08584873000000925, "mean": 0.08482082710000327, "std": 0.0007966255001457939, "repeat": 10, "number": 1}], "params": [["True", "False"]]}}, "params": {"machine": "GitHubRunner", "python": "3.8"}, "requirements": {}, "commit_hash": "1ef394e91e2be4fc2eedfef243ff120cc390f721", "date": 1628610697000, "env_name": "virtualenv-py3.8", "python": "3.8", "profiles": {}, "started_at": {"time_setup_models_and_sims.TimeBuildDFN.time_setup_DFN": 1628824935795, "time_setup_models_and_sims.TimeBuildDFNSimulation.time_setup_DFN_simulation": 1628824939765, "time_setup_models_and_sims.TimeBuildSPM.time_setup_SPM": 1628824943939, "time_setup_models_and_sims.TimeBuildSPMSimulation.time_setup_SPM_simulation": 1628824946453, "time_setup_models_and_sims.TimeBuildSPMe.time_setup_SPMe": 1628824950425, "time_setup_models_and_sims.TimeBuildSPMeSimulation.time_setup_SPMe_simulation": 1628824953891, "time_solve_models.TimeSolveDFN.time_solve_model": 1628824958213, "time_solve_models.TimeSolveSPM.time_solve_model": 1628824981715, "time_solve_models.TimeSolveSPMe.time_solve_model": 1628824989197}, "ended_at": {"time_setup_models_and_sims.TimeBuildDFN.time_setup_DFN": 1628824939764, "time_setup_models_and_sims.TimeBuildDFNSimulation.time_setup_DFN_simulation": 1628824943937, "time_setup_models_and_sims.TimeBuildSPM.time_setup_SPM": 1628824946453, "time_setup_models_and_sims.TimeBuildSPMSimulation.time_setup_SPM_simulation": 1628824950425, "time_setup_models_and_sims.TimeBuildSPMe.time_setup_SPMe": 1628824953891, "time_setup_models_and_sims.TimeBuildSPMeSimulation.time_setup_SPMe_simulation": 1628824958213, "time_solve_models.TimeSolveDFN.time_solve_model": 1628824981714, "time_solve_models.TimeSolveSPM.time_solve_model": 1628824989196, "time_solve_models.TimeSolveSPMe.time_solve_model": 1628824999641}, "benchmark_version": {"time_setup_models_and_sims.TimeBuildDFN.time_setup_DFN": "5f322e51e6b7e66125ee6949bdf25746005db467e8ffcfdcb3ace170e92bbc3d", "time_setup_models_and_sims.TimeBuildDFNSimulation.time_setup_DFN_simulation": "8de44bc542fa7d4ba28a80f24414a9444b5436673aaebba674918f5f0bfd0ebb", "time_setup_models_and_sims.TimeBuildSPM.time_setup_SPM": "0d0b3f5c67fc2da9a5794c66b70af5a45a09558d1ee95f738745385adb84fbca", "time_setup_models_and_sims.TimeBuildSPMSimulation.time_setup_SPM_simulation": "161220a99418ce4487cc29325cbae897f28d0e44ae07e1dfbfaac2cbc53a4ff9", "time_setup_models_and_sims.TimeBuildSPMe.time_setup_SPMe": "6083f5ff944353395eb4b21c97b02af555fe6528de3cd5283f5e139943945235", "time_setup_models_and_sims.TimeBuildSPMeSimulation.time_setup_SPMe_simulation": "530563cb559427795e3648d9648df9250ae100b7721f69eec356bdda7798c55e", "time_solve_models.TimeSolveDFN.time_solve_model": "914137228e20e5900cec36b0d3865f1faa2f5d479c7d6c2539514791f9ec4430", "time_solve_models.TimeSolveSPM.time_solve_model": "ef1bb5f8d1ddfa59650e20438c4b252d73e5a062714848ce1d6d5269382bc598", "time_solve_models.TimeSolveSPMe.time_solve_model": "20672028872f4620ce85e909bae705d9490de441e926510b2b0e53ff0881d87b"}, "version": 1}