{"results": {"time_setup_models_and_sims.TimeBuildDFN.time_setup_DFN": {"result": [0.5250217099999759], "stats": [{"ci_99": [0.5219725540000013, 0.5301960649999842], "q_25": 0.5238514219999928, "q_75": 0.5266046267499718, "min": 0.5219725540000013, "max": 0.5301960649999842, "mean": 0.5254681423999841, "std": 0.002403192539139272, "repeat": 10, "number": 1}]}, "time_setup_models_and_sims.TimeBuildDFNSimulation.time_setup_DFN_simulation": {"result": [0.17113306699999953, 0.39850075649999894], "stats": [{"ci_99": [0.17050632899997709, 0.1719162409999626], "q_25": 0.17071657975000676, "q_75": 0.1714915115000224, "min": 0.17050632899997709, "max": 0.1719162409999626, "mean": 0.17114317710000365, "std": 0.0004709519443245493, "repeat": 10, "number": 1}, {"ci_99": [0.39698415999998815, 0.40766254700002946], "q_25": 0.39736266200000614, "q_75": 0.4013682607500044, "min": 0.39698415999998815, "max": 0.40766254700002946, "mean": 0.39981117470000527, "std": 0.0032391729303266415, "repeat": 10, "number": 1}], "params": [["False", "True"]]}, "time_setup_models_and_sims.TimeBuildSPM.time_setup_SPM": {"result": [0.3289578780000113], "stats": [{"ci_99": [0.3260547539999834, 0.3323143499999901], "q_25": 0.3284888225000344, "q_75": 0.3300383740000399, "min": 0.3260547539999834, "max": 0.3323143499999901, "mean": 0.3291403309000202, "std": 0.001576851386865638, "repeat": 10, "number": 1}]}, "time_setup_models_and_sims.TimeBuildSPMSimulation.time_setup_SPM_simulation": {"result": [0.16620228650000968, 0.36975700249999477], "stats": [{"ci_99": [0.16539505200000804, 0.1692235499999697], "q_25": 0.16602428625000698, "q_75": 0.16640310449999163, "min": 0.16539505200000804, "max": 0.1692235499999697, "mean": 0.16642657529999383, "std": 0.00098488375035098, "repeat": 10, "number": 1}, {"ci_99": [0.36766732399996727, 0.37175716500001954], "q_25": 0.36851779824999653, "q_75": 0.3708649090000051, "min": 0.36766732399996727, "max": 0.37175716500001954, "mean": 0.3696706962999997, "std": 0.0014450707633787549, "repeat": 10, "number": 1}], "params": [["False", "True"]]}, "time_setup_models_and_sims.TimeBuildSPMe.time_setup_SPMe": {"result": [0.46046706600000675], "stats": [{"ci_99": [0.4571928249999928, 0.4648766079999973], "q_25": 0.4594041277500054, "q_75": 0.46316451974999495, "min": 0.4571928249999928, "max": 0.4648766079999973, "mean": 0.460960701099998, "std": 0.002585085397396509, "repeat": 10, "number": 1}]}, "time_setup_models_and_sims.TimeBuildSPMeSimulation.time_setup_SPMe_simulation": {"result": [0.17897556799999847, 0.41852091100000166], "stats": [{"ci_99": [0.1771130789999802, 0.1807151689999955], "q_25": 0.17760098175003236, "q_75": 0.17961273449996895, "min": 0.1771130789999802, "max": 0.1807151689999955, "mean": 0.1787552704999939, "std": 0.0011530769925405147, "repeat": 10, "number": 1}, {"ci_99": [0.4155992219999689, 0.4261622619999912], "q_25": 0.41617989475001593, "q_75": 0.42175422649995653, "min": 0.4155992219999689, "max": 0.4261622619999912, "mean": 0.41937768579998647, "std": 0.0035874002481351276, "repeat": 10, "number": 1}], "params": [["False", "True"]]}, "time_solve_models.TimeSolveDFN.time_solve_model": {"result": [0.527665401500002, 0.6979113794999989], "stats": [{"ci_99": [0.5261489659999938, 0.5298516049999762], "q_25": 0.5268119664999915, "q_75": 0.5281980792500178, "min": 0.5261489659999938, "max": 0.5298516049999762, "mean": 0.5276667385999929, "std": 0.0010572649481676941, "repeat": 10, "number": 1}, {"ci_99": [0.6920967049999831, 0.7033429040000101], "q_25": 0.6948075407500056, "q_75": 0.7011200827499664, "min": 0.6920967049999831, "max": 0.7033429040000101, "mean": 0.6978879048999943, "std": 0.0038314319431800815, "repeat": 10, "number": 1}], "params": [["True", "False"]]}, "time_solve_models.TimeSolveSPM.time_solve_model": {"result": [0.020594507999987854, 0.04270402450001143], "stats": [{"ci_99": [0.020517217000019627, 0.020730417999970996], "q_25": 0.020561753500004443, "q_75": 0.020694304499983218, "min": 0.020517217000019627, "max": 0.020730417999970996, "mean": 0.020617598399991267, "std": 7.597791591996474e-05, "repeat": 10, "number": 1}, {"ci_99": [0.0423859399999742, 0.042991007000011905], "q_25": 0.04261599000001581, "q_75": 0.04285390699999425, "min": 0.0423859399999742, "max": 0.042991007000011905, "mean": 0.04270537420000551, "std": 0.00018290150484531588, "repeat": 10, "number": 1}], "params": [["True", "False"]]}, "time_solve_models.TimeSolveSPMe.time_solve_model": {"result": [0.03256752650000294, 0.07507777500003954], "stats": [{"ci_99": [0.03223289499999282, 0.033121364999999514], "q_25": 0.03239112100000341, "q_75": 0.032615080999974566, "min": 0.03223289499999282, "max": 0.033121364999999514, "mean": 0.03255298700000253, "std": 0.00023308819886015764, "repeat": 10, "number": 1}, {"ci_99": [0.074615051999956, 0.07591100100000858], "q_25": 0.07473950325002932, "q_75": 0.07549094850001836, "min": 0.074615051999956, "max": 0.07591100100000858, "mean": 0.07516621600000803, "std": 0.0004536578345092177, "repeat": 10, "number": 1}], "params": [["True", "False"]]}}, "params": {"machine": "GitHubRunner", "python": "3.8"}, "requirements": {}, "commit_hash": "1ef394e91e2be4fc2eedfef243ff120cc390f721", "date": 1628610697000, "env_name": "virtualenv-py3.8", "python": "3.8", "profiles": {}, "started_at": {"time_setup_models_and_sims.TimeBuildDFN.time_setup_DFN": 1628738536224, "time_setup_models_and_sims.TimeBuildDFNSimulation.time_setup_DFN_simulation": 1628738539741, "time_setup_models_and_sims.TimeBuildSPM.time_setup_SPM": 1628738543511, "time_setup_models_and_sims.TimeBuildSPMSimulation.time_setup_SPM_simulation": 1628738545772, "time_setup_models_and_sims.TimeBuildSPMe.time_setup_SPMe": 1628738549291, "time_setup_models_and_sims.TimeBuildSPMeSimulation.time_setup_SPMe_simulation": 1628738552405, "time_solve_models.TimeSolveDFN.time_solve_model": 1628738556376, "time_solve_models.TimeSolveSPM.time_solve_model": 1628738577055, "time_solve_models.TimeSolveSPMe.time_solve_model": 1628738583786}, "ended_at": {"time_setup_models_and_sims.TimeBuildDFN.time_setup_DFN": 1628738539741, "time_setup_models_and_sims.TimeBuildDFNSimulation.time_setup_DFN_simulation": 1628738543510, "time_setup_models_and_sims.TimeBuildSPM.time_setup_SPM": 1628738545772, "time_setup_models_and_sims.TimeBuildSPMSimulation.time_setup_SPM_simulation": 1628738549291, "time_setup_models_and_sims.TimeBuildSPMe.time_setup_SPMe": 1628738552405, "time_setup_models_and_sims.TimeBuildSPMeSimulation.time_setup_SPMe_simulation": 1628738556375, "time_solve_models.TimeSolveDFN.time_solve_model": 1628738577054, "time_solve_models.TimeSolveSPM.time_solve_model": 1628738583785, "time_solve_models.TimeSolveSPMe.time_solve_model": 1628738593123}, "benchmark_version": {"time_setup_models_and_sims.TimeBuildDFN.time_setup_DFN": "5f322e51e6b7e66125ee6949bdf25746005db467e8ffcfdcb3ace170e92bbc3d", "time_setup_models_and_sims.TimeBuildDFNSimulation.time_setup_DFN_simulation": "8de44bc542fa7d4ba28a80f24414a9444b5436673aaebba674918f5f0bfd0ebb", "time_setup_models_and_sims.TimeBuildSPM.time_setup_SPM": "0d0b3f5c67fc2da9a5794c66b70af5a45a09558d1ee95f738745385adb84fbca", "time_setup_models_and_sims.TimeBuildSPMSimulation.time_setup_SPM_simulation": "161220a99418ce4487cc29325cbae897f28d0e44ae07e1dfbfaac2cbc53a4ff9", "time_setup_models_and_sims.TimeBuildSPMe.time_setup_SPMe": "6083f5ff944353395eb4b21c97b02af555fe6528de3cd5283f5e139943945235", "time_setup_models_and_sims.TimeBuildSPMeSimulation.time_setup_SPMe_simulation": "530563cb559427795e3648d9648df9250ae100b7721f69eec356bdda7798c55e", "time_solve_models.TimeSolveDFN.time_solve_model": "914137228e20e5900cec36b0d3865f1faa2f5d479c7d6c2539514791f9ec4430", "time_solve_models.TimeSolveSPM.time_solve_model": "ef1bb5f8d1ddfa59650e20438c4b252d73e5a062714848ce1d6d5269382bc598", "time_solve_models.TimeSolveSPMe.time_solve_model": "20672028872f4620ce85e909bae705d9490de441e926510b2b0e53ff0881d87b"}, "version": 1}