{"results": {"time_setup_models_and_sims.TimeBuildDFN.time_setup_DFN": {"result": [0.5252948174999901], "stats": [{"ci_99": [0.5211615439999946, 0.5266207339999909], "q_25": 0.5240901284999993, "q_75": 0.5258610432499964, "min": 0.5211615439999946, "max": 0.5266207339999909, "mean": 0.5248009194999981, "std": 0.0015949739732068354, "repeat": 10, "number": 1}]}, "time_setup_models_and_sims.TimeBuildDFNSimulation.time_setup_DFN_simulation": {"result": [0.17114766799998904, 0.3994798094999936], "stats": [{"ci_99": [0.17071148499999822, 0.1716745239999966], "q_25": 0.1708649444999999, "q_75": 0.17127431699999818, "min": 0.17071148499999822, "max": 0.1716745239999966, "mean": 0.17112286409999627, "std": 0.00029648722001687593, "repeat": 10, "number": 1}, {"ci_99": [0.3989582739999946, 0.40077809599998204], "q_25": 0.39908080100001087, "q_75": 0.4001492124999899, "min": 0.3989582739999946, "max": 0.40077809599998204, "mean": 0.3996282294999986, "std": 0.0006136207193358108, "repeat": 10, "number": 1}], "params": [["False", "True"]]}, "time_setup_models_and_sims.TimeBuildSPM.time_setup_SPM": {"result": [0.3304892595000126], "stats": [{"ci_99": [0.3279598700000008, 0.33158292900000674], "q_25": 0.3296919954999993, "q_75": 0.3308045839999849, "min": 0.3279598700000008, "max": 0.33158292900000674, "mean": 0.33010172420000006, "std": 0.0010514239596251763, "repeat": 10, "number": 1}]}, "time_setup_models_and_sims.TimeBuildSPMSimulation.time_setup_SPM_simulation": {"result": [0.1668827499999992, 0.3719290064999967], "stats": [{"ci_99": [0.1659953660000042, 0.1680820919999917], "q_25": 0.16669001025000085, "q_75": 0.16736075324999433, "min": 0.1659953660000042, "max": 0.1680820919999917, "mean": 0.16701605119999954, "std": 0.0005965315603687647, "repeat": 10, "number": 1}, {"ci_99": [0.3709177159999797, 0.3730619210000157], "q_25": 0.37137319150001247, "q_75": 0.3724718687500044, "min": 0.3709177159999797, "max": 0.3730619210000157, "mean": 0.3719663482000016, "std": 0.0007289719727338239, "repeat": 10, "number": 1}], "params": [["False", "True"]]}, "time_setup_models_and_sims.TimeBuildSPMe.time_setup_SPMe": {"result": [0.46088466599999833], "stats": [{"ci_99": [0.45773282000001814, 0.46237347900000714], "q_25": 0.4596497332500107, "q_75": 0.46156885949999804, "min": 0.45773282000001814, "max": 0.46237347900000714, "mean": 0.4604942791000042, "std": 0.001481276812833776, "repeat": 10, "number": 1}]}, "time_setup_models_and_sims.TimeBuildSPMeSimulation.time_setup_SPMe_simulation": {"result": [0.17825024350000263, 0.42003326900000104], "stats": [{"ci_99": [0.17719048099999668, 0.18440701299999773], "q_25": 0.17769620375000272, "q_75": 0.17906303974998394, "min": 0.17719048099999668, "max": 0.18440701299999773, "mean": 0.17885594239999705, "std": 0.0019990128524106964, "repeat": 10, "number": 1}, {"ci_99": [0.4186708519999911, 0.4219358930000112], "q_25": 0.4189787807499954, "q_75": 0.420823528249997, "min": 0.4186708519999911, "max": 0.4219358930000112, "mean": 0.42004903889999523, "std": 0.0011668307829707488, "repeat": 10, "number": 1}], "params": [["False", "True"]]}, "time_solve_models.TimeSolveDFN.time_solve_model": {"result": [0.5312063884999958, 0.6961277980000062], "stats": [{"ci_99": [0.5281472370000131, 0.5351194060000068], "q_25": 0.5287290377500042, "q_75": 0.5320838780000088, "min": 0.5281472370000131, "max": 0.5351194060000068, "mean": 0.5308941123000039, "std": 0.002219247864541746, "repeat": 10, "number": 1}, {"ci_99": [0.6923335360000067, 0.6992127369999821], "q_25": 0.6951955045000062, "q_75": 0.6974999030000077, "min": 0.6923335360000067, "max": 0.6992127369999821, "mean": 0.6961425870000028, "std": 0.0019027001252982308, "repeat": 10, "number": 1}], "params": [["True", "False"]]}, "time_solve_models.TimeSolveSPM.time_solve_model": {"result": [0.02032540049999909, 0.04233577349998541], "stats": [{"ci_99": [0.02024825200001601, 0.020624050999998644], "q_25": 0.020281852249993904, "q_75": 0.020393299499993134, "min": 0.02024825200001601, "max": 0.020624050999998644, "mean": 0.02035854069999914, "std": 0.00010636792043869738, "repeat": 10, "number": 1}, {"ci_99": [0.04203992399999379, 0.04266391899997757], "q_25": 0.0420977475000015, "q_75": 0.04248332900000662, "min": 0.04203992399999379, "max": 0.04266391899997757, "mean": 0.042319892099990854, "std": 0.00022380822967830042, "repeat": 10, "number": 1}], "params": [["True", "False"]]}, "time_solve_models.TimeSolveSPMe.time_solve_model": {"result": [0.03214889649999009, 0.07481000100001722], "stats": [{"ci_99": [0.031843793999996706, 0.03246839899998122], "q_25": 0.03197124299998677, "q_75": 0.032300071749986614, "min": 0.031843793999996706, "max": 0.03246839899998122, "mean": 0.03213567609999472, "std": 0.0002032113904495516, "repeat": 10, "number": 1}, {"ci_99": [0.07389551399998595, 0.07538232599998196], "q_25": 0.07434048375000657, "q_75": 0.07498905924999377, "min": 0.07389551399998595, "max": 0.07538232599998196, "mean": 0.0746977510999983, "std": 0.00048554606725558815, "repeat": 10, "number": 1}], "params": [["True", "False"]]}}, "params": {"machine": "GitHubRunner", "python": "3.8"}, "requirements": {}, "commit_hash": "1ef394e91e2be4fc2eedfef243ff120cc390f721", "date": 1628610697000, "env_name": "virtualenv-py3.8", "python": "3.8", "profiles": {}, "started_at": {"time_setup_models_and_sims.TimeBuildDFN.time_setup_DFN": 1628652178410, "time_setup_models_and_sims.TimeBuildDFNSimulation.time_setup_DFN_simulation": 1628652181927, "time_setup_models_and_sims.TimeBuildSPM.time_setup_SPM": 1628652185698, "time_setup_models_and_sims.TimeBuildSPMSimulation.time_setup_SPM_simulation": 1628652187961, "time_setup_models_and_sims.TimeBuildSPMe.time_setup_SPMe": 1628652191531, "time_setup_models_and_sims.TimeBuildSPMeSimulation.time_setup_SPMe_simulation": 1628652194645, "time_solve_models.TimeSolveDFN.time_solve_model": 1628652198616, "time_solve_models.TimeSolveSPM.time_solve_model": 1628652219293, "time_solve_models.TimeSolveSPMe.time_solve_model": 1628652226024}, "ended_at": {"time_setup_models_and_sims.TimeBuildDFN.time_setup_DFN": 1628652181926, "time_setup_models_and_sims.TimeBuildDFNSimulation.time_setup_DFN_simulation": 1628652185697, "time_setup_models_and_sims.TimeBuildSPM.time_setup_SPM": 1628652187960, "time_setup_models_and_sims.TimeBuildSPMSimulation.time_setup_SPM_simulation": 1628652191530, "time_setup_models_and_sims.TimeBuildSPMe.time_setup_SPMe": 1628652194645, "time_setup_models_and_sims.TimeBuildSPMeSimulation.time_setup_SPMe_simulation": 1628652198615, "time_solve_models.TimeSolveDFN.time_solve_model": 1628652219293, "time_solve_models.TimeSolveSPM.time_solve_model": 1628652226023, "time_solve_models.TimeSolveSPMe.time_solve_model": 1628652235413}, "benchmark_version": {"time_setup_models_and_sims.TimeBuildDFN.time_setup_DFN": "5f322e51e6b7e66125ee6949bdf25746005db467e8ffcfdcb3ace170e92bbc3d", "time_setup_models_and_sims.TimeBuildDFNSimulation.time_setup_DFN_simulation": "8de44bc542fa7d4ba28a80f24414a9444b5436673aaebba674918f5f0bfd0ebb", "time_setup_models_and_sims.TimeBuildSPM.time_setup_SPM": "0d0b3f5c67fc2da9a5794c66b70af5a45a09558d1ee95f738745385adb84fbca", "time_setup_models_and_sims.TimeBuildSPMSimulation.time_setup_SPM_simulation": "161220a99418ce4487cc29325cbae897f28d0e44ae07e1dfbfaac2cbc53a4ff9", "time_setup_models_and_sims.TimeBuildSPMe.time_setup_SPMe": "6083f5ff944353395eb4b21c97b02af555fe6528de3cd5283f5e139943945235", "time_setup_models_and_sims.TimeBuildSPMeSimulation.time_setup_SPMe_simulation": "530563cb559427795e3648d9648df9250ae100b7721f69eec356bdda7798c55e", "time_solve_models.TimeSolveDFN.time_solve_model": "914137228e20e5900cec36b0d3865f1faa2f5d479c7d6c2539514791f9ec4430", "time_solve_models.TimeSolveSPM.time_solve_model": "ef1bb5f8d1ddfa59650e20438c4b252d73e5a062714848ce1d6d5269382bc598", "time_solve_models.TimeSolveSPMe.time_solve_model": "20672028872f4620ce85e909bae705d9490de441e926510b2b0e53ff0881d87b"}, "version": 1}