{"results": {"time_setup_models_and_sims.TimeBuildDFN.time_setup_DFN": {"result": [0.583527652000015], "stats": [{"ci_99": [0.5808280480000008, 0.5891118069999948], "q_25": 0.582455718250003, "q_75": 0.5865590289999858, "min": 0.5808280480000008, "max": 0.5891118069999948, "mean": 0.5843681415000048, "std": 0.0025088742038115305, "repeat": 10, "number": 1}]}, "time_setup_models_and_sims.TimeBuildDFNSimulation.time_setup_DFN_simulation": {"result": [0.16823649150001074, 0.4017334344999881], "stats": [{"ci_99": [0.16646337299999914, 0.17168100300000333], "q_25": 0.16760016025000368, "q_75": 0.169142336500002, "min": 0.16646337299999914, "max": 0.17168100300000333, "mean": 0.16848964520000892, "std": 0.0014633086041894664, "repeat": 10, "number": 1}, {"ci_99": [0.3979431270000191, 0.4050625200000013], "q_25": 0.40022132749999173, "q_75": 0.4025403555000082, "min": 0.3979431270000191, "max": 0.4050625200000013, "mean": 0.40143763930000204, "std": 0.0020075806793296664, "repeat": 10, "number": 1}], "params": [["False", "True"]]}, "time_setup_models_and_sims.TimeBuildSPM.time_setup_SPM": {"result": [0.35222094800002424], "stats": [{"ci_99": [0.3490535280000131, 0.36904262500002005], "q_25": 0.3501286872499918, "q_75": 0.35800238975002685, "min": 0.3490535280000131, "max": 0.36904262500002005, "mean": 0.354681274800015, "std": 0.006223607062729699, "repeat": 10, "number": 1}]}, "time_setup_models_and_sims.TimeBuildSPMSimulation.time_setup_SPM_simulation": {"result": [0.16166577600000664, 0.3667916484999978], "stats": [{"ci_99": [0.16013812200003485, 0.1629024739999636], "q_25": 0.1611649132499764, "q_75": 0.16232755824998435, "min": 0.16013812200003485, "max": 0.1629024739999636, "mean": 0.1616343744999938, "std": 0.0009069304373844456, "repeat": 10, "number": 1}, {"ci_99": [0.36464957999999115, 0.36926454199999625], "q_25": 0.36548798150001005, "q_75": 0.36789544074997593, "min": 0.36464957999999115, "max": 0.36926454199999625, "mean": 0.3668742565000002, "std": 0.0015629687935001782, "repeat": 10, "number": 1}], "params": [["False", "True"]]}, "time_setup_models_and_sims.TimeBuildSPMe.time_setup_SPMe": {"result": [0.5045264029999998], "stats": [{"ci_99": [0.5006893920000266, 0.5073438769999825], "q_25": 0.5034382144999938, "q_75": 0.5048959169999847, "min": 0.5006893920000266, "max": 0.5073438769999825, "mean": 0.5040731471999947, "std": 0.001808508713546945, "repeat": 10, "number": 1}]}, "time_setup_models_and_sims.TimeBuildSPMeSimulation.time_setup_SPMe_simulation": {"result": [0.173171437499974, 0.4222385264999957], "stats": [{"ci_99": [0.17071855800003277, 0.17413284700000986], "q_25": 0.17131922900000518, "q_75": 0.17395030850001092, "min": 0.17071855800003277, "max": 0.17413284700000986, "mean": 0.17268120030000206, "std": 0.0013177400452859661, "repeat": 10, "number": 1}, {"ci_99": [0.4195844139999849, 0.42961816899997984], "q_25": 0.42121185449998677, "q_75": 0.4231851697499849, "min": 0.4195844139999849, "max": 0.42961816899997984, "mean": 0.4227032721999933, "std": 0.002578656362957145, "repeat": 10, "number": 1}], "params": [["False", "True"]]}, "time_solve_models.TimeSolveDFN.time_solve_model": {"result": [0.6173378290000073, 0.818093430499971], "stats": [{"ci_99": [0.61061349900001, 0.6269267899999704], "q_25": 0.6142998287500205, "q_75": 0.6198351024999909, "min": 0.61061349900001, "max": 0.6269267899999704, "mean": 0.6174943042000052, "std": 0.004688653608596336, "repeat": 10, "number": 1}, {"ci_99": [0.8122926230000189, 0.8214564059999816], "q_25": 0.8138623185, "q_75": 0.818748373749969, "min": 0.8122926230000189, "max": 0.8214564059999816, "mean": 0.8168757847999928, "std": 0.0030917671790818987, "repeat": 10, "number": 1}], "params": [["True", "False"]]}, "time_solve_models.TimeSolveSPM.time_solve_model": {"result": [0.02386076900000944, 0.04902545649997592], "stats": [{"ci_99": [0.02355709999994815, 0.024347247999969568], "q_25": 0.023706983249994096, "q_75": 0.024223690750005744, "min": 0.02355709999994815, "max": 0.024347247999969568, "mean": 0.023943773399992097, "std": 0.000290748488802077, "repeat": 10, "number": 1}, {"ci_99": [0.048375063999969825, 0.05008257099996172], "q_25": 0.048572700249991385, "q_75": 0.04931617900003005, "min": 0.048375063999969825, "max": 0.05008257099996172, "mean": 0.049011025599992306, "std": 0.0005059526141588135, "repeat": 10, "number": 1}], "params": [["True", "False"]]}, "time_solve_models.TimeSolveSPMe.time_solve_model": {"result": [0.03813105549997431, 0.08694931299999098], "stats": [{"ci_99": [0.037770779999959814, 0.038346321999995325], "q_25": 0.037994142499968575, "q_75": 0.03828406825000741, "min": 0.037770779999959814, "max": 0.038346321999995325, "mean": 0.038119234499993125, "std": 0.00018131733650462832, "repeat": 10, "number": 1}, {"ci_99": [0.08653028800000584, 0.08768235299999105], "q_25": 0.08681868000000748, "q_75": 0.08708011900002077, "min": 0.08653028800000584, "max": 0.08768235299999105, "mean": 0.08698045360000606, "std": 0.00028951417324615076, "repeat": 10, "number": 1}], "params": [["True", "False"]]}}, "params": {"machine": "GitHubRunner", "python": "3.8"}, "requirements": {}, "commit_hash": "211bd9061d6ca2f6d33508f64e45512de42a5c26", "date": 1627405996000, "env_name": "virtualenv-py3.8", "python": "3.8", "profiles": {}, "started_at": {"time_setup_models_and_sims.TimeBuildDFN.time_setup_DFN": 1627442607926, "time_setup_models_and_sims.TimeBuildDFNSimulation.time_setup_DFN_simulation": 1627442611846, "time_setup_models_and_sims.TimeBuildSPM.time_setup_SPM": 1627442615616, "time_setup_models_and_sims.TimeBuildSPMSimulation.time_setup_SPM_simulation": 1627442618077, "time_setup_models_and_sims.TimeBuildSPMe.time_setup_SPMe": 1627442621595, "time_setup_models_and_sims.TimeBuildSPMeSimulation.time_setup_SPMe_simulation": 1627442625011, "time_solve_models.TimeSolveDFN.time_solve_model": 1627442628885, "time_solve_models.TimeSolveSPM.time_solve_model": 1627442652412, "time_solve_models.TimeSolveSPMe.time_solve_model": 1627442659743}, "ended_at": {"time_setup_models_and_sims.TimeBuildDFN.time_setup_DFN": 1627442611845, "time_setup_models_and_sims.TimeBuildDFNSimulation.time_setup_DFN_simulation": 1627442615615, "time_setup_models_and_sims.TimeBuildSPM.time_setup_SPM": 1627442618077, "time_setup_models_and_sims.TimeBuildSPMSimulation.time_setup_SPM_simulation": 1627442621595, "time_setup_models_and_sims.TimeBuildSPMe.time_setup_SPMe": 1627442625010, "time_setup_models_and_sims.TimeBuildSPMeSimulation.time_setup_SPMe_simulation": 1627442628884, "time_solve_models.TimeSolveDFN.time_solve_model": 1627442652411, "time_solve_models.TimeSolveSPM.time_solve_model": 1627442659743, "time_solve_models.TimeSolveSPMe.time_solve_model": 1627442670180}, "benchmark_version": {"time_setup_models_and_sims.TimeBuildDFN.time_setup_DFN": "5f322e51e6b7e66125ee6949bdf25746005db467e8ffcfdcb3ace170e92bbc3d", "time_setup_models_and_sims.TimeBuildDFNSimulation.time_setup_DFN_simulation": "8de44bc542fa7d4ba28a80f24414a9444b5436673aaebba674918f5f0bfd0ebb", "time_setup_models_and_sims.TimeBuildSPM.time_setup_SPM": "0d0b3f5c67fc2da9a5794c66b70af5a45a09558d1ee95f738745385adb84fbca", "time_setup_models_and_sims.TimeBuildSPMSimulation.time_setup_SPM_simulation": "161220a99418ce4487cc29325cbae897f28d0e44ae07e1dfbfaac2cbc53a4ff9", "time_setup_models_and_sims.TimeBuildSPMe.time_setup_SPMe": "6083f5ff944353395eb4b21c97b02af555fe6528de3cd5283f5e139943945235", "time_setup_models_and_sims.TimeBuildSPMeSimulation.time_setup_SPMe_simulation": "530563cb559427795e3648d9648df9250ae100b7721f69eec356bdda7798c55e", "time_solve_models.TimeSolveDFN.time_solve_model": "914137228e20e5900cec36b0d3865f1faa2f5d479c7d6c2539514791f9ec4430", "time_solve_models.TimeSolveSPM.time_solve_model": "ef1bb5f8d1ddfa59650e20438c4b252d73e5a062714848ce1d6d5269382bc598", "time_solve_models.TimeSolveSPMe.time_solve_model": "20672028872f4620ce85e909bae705d9490de441e926510b2b0e53ff0881d87b"}, "version": 1}