{"results": {"time_setup_models_and_sims.TimeBuildDFN.time_setup_DFN": {"result": [0.5019053134999965], "stats": [{"ci_99": [0.49650965000000724, 0.5098545760000093], "q_25": 0.4986322905000016, "q_75": 0.5058673522500001, "min": 0.49650965000000724, "max": 0.5098545760000093, "mean": 0.5024497061000005, "std": 0.004277531449135152, "repeat": 10, "number": 1}]}, "time_setup_models_and_sims.TimeBuildDFNSimulation.time_setup_DFN_simulation": {"result": [0.11564100000000366, 0.2827556415000032], "stats": [{"ci_99": [0.11203645300000176, 0.11909232799999359], "q_25": 0.11286652725000579, "q_75": 0.11756896724998356, "min": 0.11203645300000176, "max": 0.11909232799999359, "mean": 0.11532370949999801, "std": 0.002499936176479571, "repeat": 10, "number": 1}, {"ci_99": [0.2786549930000035, 0.28436934399999814], "q_25": 0.27970825775000563, "q_75": 0.2836911492499965, "min": 0.2786549930000035, "max": 0.28436934399999814, "mean": 0.2818798794000017, "std": 0.0021373225807454375, "repeat": 10, "number": 1}], "params": [["False", "True"]]}, "time_setup_models_and_sims.TimeBuildSPM.time_setup_SPM": {"result": [0.3088933625000081], "stats": [{"ci_99": [0.3050778159999936, 0.3116948969999953], "q_25": 0.30747638674998967, "q_75": 0.3098755522499985, "min": 0.3050778159999936, "max": 0.3116948969999953, "mean": 0.30850083589999855, "std": 0.0019489923268021017, "repeat": 10, "number": 1}]}, "time_setup_models_and_sims.TimeBuildSPMSimulation.time_setup_SPM_simulation": {"result": [0.14146901899999875, 0.3151167160000057], "stats": [{"ci_99": [0.13550682899999344, 0.14370442100002379], "q_25": 0.1364653447500075, "q_75": 0.1425930622499969, "min": 0.13550682899999344, "max": 0.14370442100002379, "mean": 0.13993249410000175, "std": 0.003179927988241375, "repeat": 10, "number": 1}, {"ci_99": [0.31103634400000146, 0.317632775000007], "q_25": 0.31181372524999773, "q_75": 0.31575231675000026, "min": 0.31103634400000146, "max": 0.317632775000007, "mean": 0.31429656290000024, "std": 0.0023430159045458726, "repeat": 10, "number": 1}], "params": [["False", "True"]]}, "time_setup_models_and_sims.TimeBuildSPMe.time_setup_SPMe": {"result": [0.43870880099999], "stats": [{"ci_99": [0.43353960700000016, 0.44408987400001365], "q_25": 0.43500993649998776, "q_75": 0.4418820630000013, "min": 0.43353960700000016, "max": 0.44408987400001365, "mean": 0.43856988319999746, "std": 0.0035972751505307875, "repeat": 10, "number": 1}]}, "time_setup_models_and_sims.TimeBuildSPMeSimulation.time_setup_SPMe_simulation": {"result": [0.13144027349999732, 0.3204086410000073], "stats": [{"ci_99": [0.12641499900000497, 0.13488611300002162], "q_25": 0.12772748225000896, "q_75": 0.13329098949999363, "min": 0.12641499900000497, "max": 0.13488611300002162, "mean": 0.13069677020000087, "std": 0.0029551242196249774, "repeat": 10, "number": 1}, {"ci_99": [0.31618090799999266, 0.32272552599999926], "q_25": 0.31746493899999706, "q_75": 0.3218054232499945, "min": 0.31618090799999266, "max": 0.32272552599999926, "mean": 0.3196732455999992, "std": 0.002403871629827532, "repeat": 10, "number": 1}], "params": [["False", "True"]]}, "time_solve_models.TimeSolveDFN.time_solve_model": {"result": [0.5106209904999943, 0.6703497289999945], "stats": [{"ci_99": [0.5060292139999945, 0.512702389000026], "q_25": 0.5099191285000018, "q_75": 0.512131483749986, "min": 0.5060292139999945, "max": 0.512702389000026, "mean": 0.5105814657999985, "std": 0.0018910411320066946, "repeat": 10, "number": 1}, {"ci_99": [0.6653050250000092, 0.6744126399999857], "q_25": 0.6681183992499911, "q_75": 0.6719651187499878, "min": 0.6653050250000092, "max": 0.6744126399999857, "mean": 0.6701877855999925, "std": 0.0026556509979814118, "repeat": 10, "number": 1}], "params": [["True", "False"]]}, "time_solve_models.TimeSolveSPM.time_solve_model": {"result": [0.019446770499996546, 0.04068669900000543], "stats": [{"ci_99": [0.019295306999993045, 0.01956991200000857], "q_25": 0.0194243250000099, "q_75": 0.01950335224999833, "min": 0.019295306999993045, "max": 0.01956991200000857, "mean": 0.01945104840000056, "std": 7.947842107289588e-05, "repeat": 10, "number": 1}, {"ci_99": [0.04044736399998783, 0.041136041000015666], "q_25": 0.04057426374999551, "q_75": 0.04078781275000409, "min": 0.04044736399998783, "max": 0.041136041000015666, "mean": 0.04069372049999913, "std": 0.000192451168923346, "repeat": 10, "number": 1}], "params": [["True", "False"]]}, "time_solve_models.TimeSolveSPMe.time_solve_model": {"result": [0.02857331700000998, 0.07084777049999502], "stats": [{"ci_99": [0.028465244999978268, 0.028862649000018337], "q_25": 0.028535793500019224, "q_75": 0.028757704999996747, "min": 0.028465244999978268, "max": 0.028862649000018337, "mean": 0.028632910000004584, "std": 0.0001341011208725081, "repeat": 10, "number": 1}, {"ci_99": [0.07068809900002293, 0.07138644500000169], "q_25": 0.07077285549998891, "q_75": 0.07097343500000619, "min": 0.07068809900002293, "max": 0.07138644500000169, "mean": 0.07090115090000211, "std": 0.00019339636280698788, "repeat": 10, "number": 1}], "params": [["True", "False"]]}}, "params": {"machine": "GitHubRunner", "python": "3.8"}, "requirements": {}, "commit_hash": "25ceb5fc0672a81567b9624200c3cbbce38cb429", "date": 1642180441000, "env_name": "virtualenv-py3.8", "python": "3.8", "profiles": {}, "started_at": {"time_setup_models_and_sims.TimeBuildDFN.time_setup_DFN": 1642303428416, "time_setup_models_and_sims.TimeBuildDFNSimulation.time_setup_DFN_simulation": 1642303431881, "time_setup_models_and_sims.TimeBuildSPM.time_setup_SPM": 1642303434748, "time_setup_models_and_sims.TimeBuildSPMSimulation.time_setup_SPM_simulation": 1642303436958, "time_setup_models_and_sims.TimeBuildSPMe.time_setup_SPMe": 1642303440225, "time_setup_models_and_sims.TimeBuildSPMeSimulation.time_setup_SPMe_simulation": 1642303443338, "time_solve_models.TimeSolveDFN.time_solve_model": 1642303446556, "time_solve_models.TimeSolveSPM.time_solve_model": 1642303466327, "time_solve_models.TimeSolveSPMe.time_solve_model": 1642303472905}, "ended_at": {"time_setup_models_and_sims.TimeBuildDFN.time_setup_DFN": 1642303431880, "time_setup_models_and_sims.TimeBuildDFNSimulation.time_setup_DFN_simulation": 1642303434747, "time_setup_models_and_sims.TimeBuildSPM.time_setup_SPM": 1642303436958, "time_setup_models_and_sims.TimeBuildSPMSimulation.time_setup_SPM_simulation": 1642303440224, "time_setup_models_and_sims.TimeBuildSPMe.time_setup_SPMe": 1642303443338, "time_setup_models_and_sims.TimeBuildSPMeSimulation.time_setup_SPMe_simulation": 1642303446556, "time_solve_models.TimeSolveDFN.time_solve_model": 1642303466326, "time_solve_models.TimeSolveSPM.time_solve_model": 1642303472905, "time_solve_models.TimeSolveSPMe.time_solve_model": 1642303481941}, "benchmark_version": {"time_setup_models_and_sims.TimeBuildDFN.time_setup_DFN": "5f322e51e6b7e66125ee6949bdf25746005db467e8ffcfdcb3ace170e92bbc3d", "time_setup_models_and_sims.TimeBuildDFNSimulation.time_setup_DFN_simulation": "8de44bc542fa7d4ba28a80f24414a9444b5436673aaebba674918f5f0bfd0ebb", "time_setup_models_and_sims.TimeBuildSPM.time_setup_SPM": "0d0b3f5c67fc2da9a5794c66b70af5a45a09558d1ee95f738745385adb84fbca", "time_setup_models_and_sims.TimeBuildSPMSimulation.time_setup_SPM_simulation": "161220a99418ce4487cc29325cbae897f28d0e44ae07e1dfbfaac2cbc53a4ff9", "time_setup_models_and_sims.TimeBuildSPMe.time_setup_SPMe": "6083f5ff944353395eb4b21c97b02af555fe6528de3cd5283f5e139943945235", "time_setup_models_and_sims.TimeBuildSPMeSimulation.time_setup_SPMe_simulation": "530563cb559427795e3648d9648df9250ae100b7721f69eec356bdda7798c55e", "time_solve_models.TimeSolveDFN.time_solve_model": "914137228e20e5900cec36b0d3865f1faa2f5d479c7d6c2539514791f9ec4430", "time_solve_models.TimeSolveSPM.time_solve_model": "ef1bb5f8d1ddfa59650e20438c4b252d73e5a062714848ce1d6d5269382bc598", "time_solve_models.TimeSolveSPMe.time_solve_model": "20672028872f4620ce85e909bae705d9490de441e926510b2b0e53ff0881d87b"}, "version": 1}