{"results": {"time_setup_models_and_sims.TimeBuildDFN.time_setup_DFN": {"result": [0.7238063085000022], "stats": [{"ci_99": [0.6986245200000099, 0.7960517590000222], "q_25": 0.7078664539999835, "q_75": 0.7404676827500367, "min": 0.6986245200000099, "max": 0.7960517590000222, "mean": 0.7297643373000028, "std": 0.028333716156126912, "repeat": 10, "number": 1}]}, "time_setup_models_and_sims.TimeBuildDFNSimulation.time_setup_DFN_simulation": {"result": [0.20725431550002327, 0.4821085665000169], "stats": [{"ci_99": [0.19975489499995547, 0.22760695900001338], "q_25": 0.2042005240000151, "q_75": 0.2210436495000323, "min": 0.19975489499995547, "max": 0.22760695900001338, "mean": 0.21194269330000565, "std": 0.009653500013988254, "repeat": 10, "number": 1}, {"ci_99": [0.47098055899999736, 0.5165963029999716], "q_25": 0.48037428625002576, "q_75": 0.501053617249994, "min": 0.47098055899999736, "max": 0.5165963029999716, "mean": 0.4896212569000113, "std": 0.015082007352499512, "repeat": 10, "number": 1}], "params": [["False", "True"]]}, "time_setup_models_and_sims.TimeBuildSPM.time_setup_SPM": {"result": [0.511310213999991], "stats": [{"ci_99": [0.48902287699996805, 0.5587541329999794], "q_25": 0.5009932130000294, "q_75": 0.5288855699999715, "min": 0.48902287699996805, "max": 0.5587541329999794, "mean": 0.5167298309999978, "std": 0.021848856307287723, "repeat": 10, "number": 1}]}, "time_setup_models_and_sims.TimeBuildSPMSimulation.time_setup_SPM_simulation": {"result": [0.25347652350001226, 0.5629653464999933], "stats": [{"ci_99": [0.2440457970000125, 0.26520285300000523], "q_25": 0.25189215324999736, "q_75": 0.2596637979999912, "min": 0.2440457970000125, "max": 0.26520285300000523, "mean": 0.25503943550000374, "std": 0.00582614858585699, "repeat": 10, "number": 1}, {"ci_99": [0.5467957429999615, 0.6024213740000164], "q_25": 0.5536445962500096, "q_75": 0.5657023104999865, "min": 0.5467957429999615, "max": 0.6024213740000164, "mean": 0.5634959651000031, "std": 0.014566498612956131, "repeat": 10, "number": 1}], "params": [["False", "True"]]}, "time_setup_models_and_sims.TimeBuildSPMe.time_setup_SPMe": {"result": [0.6759397764999733], "stats": [{"ci_99": [0.6461462300000562, 0.7120045089999962], "q_25": 0.6626739355000382, "q_75": 0.6920725027500083, "min": 0.6461462300000562, "max": 0.7120045089999962, "mean": 0.6773609457000077, "std": 0.01927668915168338, "repeat": 10, "number": 1}]}, "time_setup_models_and_sims.TimeBuildSPMeSimulation.time_setup_SPMe_simulation": {"result": [0.23870164549998663, 0.5997226184999818], "stats": [{"ci_99": [0.23003168900004312, 0.26608805500001154], "q_25": 0.2341307490000304, "q_75": 0.24697242750002601, "min": 0.23003168900004312, "max": 0.26608805500001154, "mean": 0.24310936630001265, "std": 0.01257969729839265, "repeat": 10, "number": 1}, {"ci_99": [0.5719806679999806, 0.6567702190000091], "q_25": 0.5740563454999972, "q_75": 0.6161855814999768, "min": 0.5719806679999806, "max": 0.6567702190000091, "mean": 0.600843240599994, "std": 0.027171121536595115, "repeat": 10, "number": 1}], "params": [["False", "True"]]}, "time_solve_models.TimeSolveDFN.time_solve_model": {"result": [0.5516299709999544, 0.8918125894999775], "stats": [{"ci_99": [0.53316375899999, 0.701940583999999], "q_25": 0.5430031679999843, "q_75": 0.6463390480000157, "min": 0.53316375899999, "max": 0.701940583999999, "mean": 0.589088283222212, "std": 0.06178711214736962, "repeat": 9, "number": 1}, {"ci_99": [0.7711082630000305, 0.9531234410000025], "q_25": 0.8323494642500151, "q_75": 0.9209032917500224, "min": 0.7711082630000305, "max": 0.9531234410000025, "mean": 0.8772961721999991, "std": 0.05864927810548941, "repeat": 10, "number": 1}], "params": [["True", "False"]]}, "time_solve_models.TimeSolveSPM.time_solve_model": {"result": [0.030051579999991418, 0.05375562950001722], "stats": [{"ci_99": [0.02617502099997182, 0.035717102000035084], "q_25": 0.027440012749991638, "q_75": 0.03111678550000363, "min": 0.02617502099997182, "max": 0.035717102000035084, "mean": 0.029883577599991894, "std": 0.0027920858084281384, "repeat": 10, "number": 1}, {"ci_99": [0.0481888379999873, 0.06126840299998548], "q_25": 0.04926721825000868, "q_75": 0.059102828499973725, "min": 0.0481888379999873, "max": 0.06126840299998548, "mean": 0.05433613609999384, "std": 0.005111666591631581, "repeat": 10, "number": 1}], "params": [["True", "False"]]}, "time_solve_models.TimeSolveSPMe.time_solve_model": {"result": [0.03907599049998112, 0.09283356049999725], "stats": [{"ci_99": [0.03657534100000248, 0.04556675899999618], "q_25": 0.03788433375000011, "q_75": 0.042766374500004645, "min": 0.03657534100000248, "max": 0.04556675899999618, "mean": 0.040250208199995544, "std": 0.003037396409552181, "repeat": 10, "number": 1}, {"ci_99": [0.08332994199997756, 0.10424150400001508], "q_25": 0.0870777982500357, "q_75": 0.09714940174997366, "min": 0.08332994199997756, "max": 0.10424150400001508, "mean": 0.09270194480000668, "std": 0.006350987553989638, "repeat": 10, "number": 1}], "params": [["True", "False"]]}}, "params": {"machine": "GitHubRunner", "python": "3.8"}, "requirements": {}, "commit_hash": "269629fc83774dbdea2288f466195b8805e72df2", "date": 1635867834000, "env_name": "virtualenv-py3.8", "python": "3.8", "profiles": {}, "started_at": {"time_setup_models_and_sims.TimeBuildDFN.time_setup_DFN": 1635909741128, "time_setup_models_and_sims.TimeBuildDFNSimulation.time_setup_DFN_simulation": 1635909745947, "time_setup_models_and_sims.TimeBuildSPM.time_setup_SPM": 1635909750617, "time_setup_models_and_sims.TimeBuildSPMSimulation.time_setup_SPM_simulation": 1635909754179, "time_setup_models_and_sims.TimeBuildSPMe.time_setup_SPMe": 1635909759450, "time_setup_models_and_sims.TimeBuildSPMeSimulation.time_setup_SPMe_simulation": 1635909764066, "time_solve_models.TimeSolveDFN.time_solve_model": 1635909769689, "time_solve_models.TimeSolveSPM.time_solve_model": 1635909795735, "time_solve_models.TimeSolveSPMe.time_solve_model": 1635909807083}, "ended_at": {"time_setup_models_and_sims.TimeBuildDFN.time_setup_DFN": 1635909745946, "time_setup_models_and_sims.TimeBuildDFNSimulation.time_setup_DFN_simulation": 1635909750616, "time_setup_models_and_sims.TimeBuildSPM.time_setup_SPM": 1635909754179, "time_setup_models_and_sims.TimeBuildSPMSimulation.time_setup_SPM_simulation": 1635909759449, "time_setup_models_and_sims.TimeBuildSPMe.time_setup_SPMe": 1635909764065, "time_setup_models_and_sims.TimeBuildSPMeSimulation.time_setup_SPMe_simulation": 1635909769689, "time_solve_models.TimeSolveDFN.time_solve_model": 1635909795734, "time_solve_models.TimeSolveSPM.time_solve_model": 1635909807083, "time_solve_models.TimeSolveSPMe.time_solve_model": 1635909821737}, "benchmark_version": {"time_setup_models_and_sims.TimeBuildDFN.time_setup_DFN": "5f322e51e6b7e66125ee6949bdf25746005db467e8ffcfdcb3ace170e92bbc3d", "time_setup_models_and_sims.TimeBuildDFNSimulation.time_setup_DFN_simulation": "8de44bc542fa7d4ba28a80f24414a9444b5436673aaebba674918f5f0bfd0ebb", "time_setup_models_and_sims.TimeBuildSPM.time_setup_SPM": "0d0b3f5c67fc2da9a5794c66b70af5a45a09558d1ee95f738745385adb84fbca", "time_setup_models_and_sims.TimeBuildSPMSimulation.time_setup_SPM_simulation": "161220a99418ce4487cc29325cbae897f28d0e44ae07e1dfbfaac2cbc53a4ff9", "time_setup_models_and_sims.TimeBuildSPMe.time_setup_SPMe": "6083f5ff944353395eb4b21c97b02af555fe6528de3cd5283f5e139943945235", "time_setup_models_and_sims.TimeBuildSPMeSimulation.time_setup_SPMe_simulation": "530563cb559427795e3648d9648df9250ae100b7721f69eec356bdda7798c55e", "time_solve_models.TimeSolveDFN.time_solve_model": "914137228e20e5900cec36b0d3865f1faa2f5d479c7d6c2539514791f9ec4430", "time_solve_models.TimeSolveSPM.time_solve_model": "ef1bb5f8d1ddfa59650e20438c4b252d73e5a062714848ce1d6d5269382bc598", "time_solve_models.TimeSolveSPMe.time_solve_model": "20672028872f4620ce85e909bae705d9490de441e926510b2b0e53ff0881d87b"}, "version": 1}