{"results": {"time_setup_models_and_sims.TimeBuildDFN.time_setup_DFN": {"result": [0.9492891774998498], "stats": [{"ci_99": [0.9252846780000255, 0.9730134930000531], "q_25": 0.9324985925002238, "q_75": 0.9683867877500916, "min": 0.9252846780000255, "max": 0.9730134930000531, "mean": 0.9497488998000335, "std": 0.018022287419586943, "repeat": 10, "number": 1}]}, "time_setup_models_and_sims.TimeBuildDFNSimulation.time_setup_DFN_simulation": {"result": [0.13299569900027564, 0.21803547449985672], "stats": [{"ci_99": [0.11563279299980422, 0.1506136040002275], "q_25": 0.1265844179999931, "q_75": 0.13981201324997983, "min": 0.11563279299980422, "max": 0.1506136040002275, "mean": 0.13320316030003596, "std": 0.009634199508531654, "repeat": 10, "number": 1}, {"ci_99": [0.1907285080001202, 0.2258207059999222], "q_25": 0.21180424700003186, "q_75": 0.2191927860000078, "min": 0.1907285080001202, "max": 0.2258207059999222, "mean": 0.21421736799993596, "std": 0.009656914545963758, "repeat": 10, "number": 1}], "params": [["False", "True"]]}, "time_setup_models_and_sims.TimeBuildSPM.time_setup_SPM": {"result": [0.6891137544998855], "stats": [{"ci_99": [0.6736395120001362, 0.7489266879997558], "q_25": 0.6821920937502455, "q_75": 0.7181791834998421, "min": 0.6736395120001362, "max": 0.7489266879997558, "mean": 0.7013151551000192, "std": 0.02680324772844796, "repeat": 10, "number": 1}]}, "time_setup_models_and_sims.TimeBuildSPMSimulation.time_setup_SPM_simulation": {"result": [0.30234041750009055, 0.352353125000036], "stats": [{"ci_99": [0.2723963640000875, 0.34450119099983567], "q_25": 0.28980066725011966, "q_75": 0.30771664724977654, "min": 0.2723963640000875, "max": 0.34450119099983567, "mean": 0.30032308509998984, "std": 0.019355715093097275, "repeat": 10, "number": 1}, {"ci_99": [0.33148476499991375, 0.3965046349999284], "q_25": 0.3440767767501711, "q_75": 0.3653117042500753, "min": 0.33148476499991375, "max": 0.3965046349999284, "mean": 0.3564210918000299, "std": 0.018838793386607933, "repeat": 10, "number": 1}], "params": [["False", "True"]]}, "time_setup_models_and_sims.TimeBuildSPMe.time_setup_SPMe": {"result": [0.81139646250017], "stats": [{"ci_99": [0.7594316859999708, 0.8616764180001155], "q_25": 0.7732613212499473, "q_75": 0.824530437750127, "min": 0.7594316859999708, "max": 0.8616764180001155, "mean": 0.8043534152000575, "std": 0.03208436312568777, "repeat": 10, "number": 1}]}, "time_setup_models_and_sims.TimeBuildSPMeSimulation.time_setup_SPMe_simulation": {"result": [0.14300199850003992, 0.22695247599995128], "stats": [{"ci_99": [0.1413612380001723, 0.1487934150000001], "q_25": 0.14209999950003294, "q_75": 0.14700339500006976, "min": 0.1413612380001723, "max": 0.1487934150000001, "mean": 0.14434250100007376, "std": 0.002740094877404721, "repeat": 10, "number": 1}, {"ci_99": [0.2244599300001937, 0.2563930480000636], "q_25": 0.22528646875014147, "q_75": 0.2368383465001216, "min": 0.2244599300001937, "max": 0.2563930480000636, "mean": 0.23326786890006587, "std": 0.01183694220558519, "repeat": 10, "number": 1}], "params": [["False", "True"]]}, "time_solve_models.TimeSolveDFN.time_solve_model": {"result": [1.43765677149986, 1.635672548499997], "stats": [{"ci_99": [1.3797916009133353, 1.5264661217532123], "q_25": 1.4132825515000604, "q_75": 1.488545161000161, "min": 1.410807487999591, "max": 1.5219863679999435, "mean": 1.4531288613332738, "std": 0.04393084968690526, "repeat": 6, "number": 1}, {"ci_99": [1.6038338390003446, 1.6863879949996772], "q_25": 1.615141162750092, "q_75": 1.6600774715001307, "min": 1.6038338390003446, "max": 1.6863879949996772, "mean": 1.6398967837500322, "std": 0.027470671456212507, "repeat": 8, "number": 1}], "params": [["True", "False"]]}, "time_solve_models.TimeSolveSPM.time_solve_model": {"result": [0.062355764000130876, 0.11457440950016462], "stats": [{"ci_99": [0.06060030800017557, 0.0757931970001664], "q_25": 0.06180393074998847, "q_75": 0.06675219950000155, "min": 0.06060030800017557, "max": 0.0757931970001664, "mean": 0.06505013200007852, "std": 0.005287564698245302, "repeat": 10, "number": 1}, {"ci_99": [0.10713282000006075, 0.1214894960003221], "q_25": 0.10993245900010606, "q_75": 0.11865310675011642, "min": 0.10713282000006075, "max": 0.1214894960003221, "mean": 0.11448353920013687, "std": 0.005155417854668989, "repeat": 10, "number": 1}], "params": [["True", "False"]]}, "time_solve_models.TimeSolveSPMe.time_solve_model": {"result": [0.10767811250002524, 0.17874668149988793], "stats": [{"ci_99": [0.09778083900027923, 0.12203121899983671], "q_25": 0.1041463062499588, "q_75": 0.11668235749993983, "min": 0.09778083900027923, "max": 0.12203121899983671, "mean": 0.10950331559993173, "std": 0.007589949755967867, "repeat": 10, "number": 1}, {"ci_99": [0.16693361600027856, 0.19170788300016284], "q_25": 0.17219737624964182, "q_75": 0.1823706142502033, "min": 0.16693361600027856, "max": 0.19170788300016284, "mean": 0.178338168099981, "std": 0.007707736515207398, "repeat": 10, "number": 1}], "params": [["True", "False"]]}}, "params": {"machine": "GitHubRunner", "python": "3.8"}, "requirements": {}, "commit_hash": "28fb33934d91b4ad3e327bfa196a222a84ace157", "date": 1611244522000, "env_name": "virtualenv-py3.8", "python": "3.8", "profiles": {}, "started_at": {"time_setup_models_and_sims.TimeBuildDFN.time_setup_DFN": 1613143813543, "time_setup_models_and_sims.TimeBuildDFNSimulation.time_setup_DFN_simulation": 1613143819516, "time_setup_models_and_sims.TimeBuildSPM.time_setup_SPM": 1613143821884, "time_setup_models_and_sims.TimeBuildSPMSimulation.time_setup_SPM_simulation": 1613143826403, "time_setup_models_and_sims.TimeBuildSPMe.time_setup_SPMe": 1613143830733, "time_setup_models_and_sims.TimeBuildSPMeSimulation.time_setup_SPMe_simulation": 1613143835903, "time_solve_models.TimeSolveDFN.time_solve_model": 1613143838426, "time_solve_models.TimeSolveSPM.time_solve_model": 1613143869831, "time_solve_models.TimeSolveSPMe.time_solve_model": 1613143882431}, "ended_at": {"time_setup_models_and_sims.TimeBuildDFN.time_setup_DFN": 1613143819516, "time_setup_models_and_sims.TimeBuildDFNSimulation.time_setup_DFN_simulation": 1613143821884, "time_setup_models_and_sims.TimeBuildSPM.time_setup_SPM": 1613143826403, "time_setup_models_and_sims.TimeBuildSPMSimulation.time_setup_SPM_simulation": 1613143830732, "time_setup_models_and_sims.TimeBuildSPMe.time_setup_SPMe": 1613143835903, "time_setup_models_and_sims.TimeBuildSPMeSimulation.time_setup_SPMe_simulation": 1613143838426, "time_solve_models.TimeSolveDFN.time_solve_model": 1613143869830, "time_solve_models.TimeSolveSPM.time_solve_model": 1613143882430, "time_solve_models.TimeSolveSPMe.time_solve_model": 1613143897684}, "benchmark_version": {"time_setup_models_and_sims.TimeBuildDFN.time_setup_DFN": "5f322e51e6b7e66125ee6949bdf25746005db467e8ffcfdcb3ace170e92bbc3d", "time_setup_models_and_sims.TimeBuildDFNSimulation.time_setup_DFN_simulation": "8de44bc542fa7d4ba28a80f24414a9444b5436673aaebba674918f5f0bfd0ebb", "time_setup_models_and_sims.TimeBuildSPM.time_setup_SPM": "0d0b3f5c67fc2da9a5794c66b70af5a45a09558d1ee95f738745385adb84fbca", "time_setup_models_and_sims.TimeBuildSPMSimulation.time_setup_SPM_simulation": "161220a99418ce4487cc29325cbae897f28d0e44ae07e1dfbfaac2cbc53a4ff9", "time_setup_models_and_sims.TimeBuildSPMe.time_setup_SPMe": "6083f5ff944353395eb4b21c97b02af555fe6528de3cd5283f5e139943945235", "time_setup_models_and_sims.TimeBuildSPMeSimulation.time_setup_SPMe_simulation": "530563cb559427795e3648d9648df9250ae100b7721f69eec356bdda7798c55e", "time_solve_models.TimeSolveDFN.time_solve_model": "914137228e20e5900cec36b0d3865f1faa2f5d479c7d6c2539514791f9ec4430", "time_solve_models.TimeSolveSPM.time_solve_model": "ef1bb5f8d1ddfa59650e20438c4b252d73e5a062714848ce1d6d5269382bc598", "time_solve_models.TimeSolveSPMe.time_solve_model": "20672028872f4620ce85e909bae705d9490de441e926510b2b0e53ff0881d87b"}, "version": 1}