{"results": {"time_setup_models_and_sims.TimeBuildDFN.time_setup_DFN": {"result": [0.7346452870000064], "stats": [{"ci_99": [0.669563791999991, 0.8008047980000015], "q_25": 0.7187008324999766, "q_75": 0.7571021632499892, "min": 0.669563791999991, "max": 0.8008047980000015, "mean": 0.736680067499995, "std": 0.035972915620161305, "repeat": 10, "number": 1}]}, "time_setup_models_and_sims.TimeBuildDFNSimulation.time_setup_DFN_simulation": {"result": [0.20164112749999674, 0.4915459424999966], "stats": [{"ci_99": [0.19543168800004196, 0.2172462529999848], "q_25": 0.19927620274999214, "q_75": 0.211739525750005, "min": 0.19543168800004196, "max": 0.2172462529999848, "mean": 0.20519045200000222, "std": 0.007676540579107183, "repeat": 10, "number": 1}, {"ci_99": [0.48584268700000166, 0.5277077270000063], "q_25": 0.48722323074999707, "q_75": 0.5049175594999866, "min": 0.48584268700000166, "max": 0.5277077270000063, "mean": 0.49782988429999475, "std": 0.01344017952379732, "repeat": 10, "number": 1}], "params": [["False", "True"]]}, "time_setup_models_and_sims.TimeBuildSPM.time_setup_SPM": {"result": [0.5042685755000207], "stats": [{"ci_99": [0.48349910199999613, 0.5398226130000126], "q_25": 0.49622785699999383, "q_75": 0.5127096699999925, "min": 0.48349910199999613, "max": 0.5398226130000126, "mean": 0.5061256867000026, "std": 0.01544187915871624, "repeat": 10, "number": 1}]}, "time_setup_models_and_sims.TimeBuildSPMSimulation.time_setup_SPM_simulation": {"result": [0.256222441999995, 0.5587323424999937], "stats": [{"ci_99": [0.24496473899995408, 0.27010499100001084], "q_25": 0.25123873374999306, "q_75": 0.26593813100002706, "min": 0.24496473899995408, "max": 0.27010499100001084, "mean": 0.257686699300001, "std": 0.008643901063250376, "repeat": 10, "number": 1}, {"ci_99": [0.5426052430000254, 0.585965060999996], "q_25": 0.5525417047499985, "q_75": 0.569264638500016, "min": 0.5426052430000254, "max": 0.585965060999996, "mean": 0.5614053725000104, "std": 0.013096743623277833, "repeat": 10, "number": 1}], "params": [["False", "True"]]}, "time_setup_models_and_sims.TimeBuildSPMe.time_setup_SPMe": {"result": [0.681527510500004], "stats": [{"ci_99": [0.6461367420000101, 0.7138170350000053], "q_25": 0.6493052212499961, "q_75": 0.6874326877499968, "min": 0.6461367420000101, "max": 0.7138170350000053, "mean": 0.6736141967000038, "std": 0.022292073864605196, "repeat": 10, "number": 1}]}, "time_setup_models_and_sims.TimeBuildSPMeSimulation.time_setup_SPMe_simulation": {"result": [0.24024348949998853, 0.5701269689999862], "stats": [{"ci_99": [0.22717669299998988, 0.264985299999978], "q_25": 0.23135016925001395, "q_75": 0.2517462829999957, "min": 0.22717669299998988, "max": 0.264985299999978, "mean": 0.24281595459999322, "std": 0.013366211510738269, "repeat": 10, "number": 1}, {"ci_99": [0.5500606119999816, 0.6153634589999797], "q_25": 0.5638241580000027, "q_75": 0.5763972462499964, "min": 0.5500606119999816, "max": 0.6153634589999797, "mean": 0.5737941769999964, "std": 0.017049127160942354, "repeat": 10, "number": 1}], "params": [["False", "True"]]}, "time_solve_models.TimeSolveDFN.time_solve_model": {"result": [0.573192673500003, 0.7047070369999915], "stats": [{"ci_99": [0.5296478729999876, 0.5933455080000272], "q_25": 0.5491156319999817, "q_75": 0.586820989749981, "min": 0.5296478729999876, "max": 0.5933455080000272, "mean": 0.5667456330000021, "std": 0.02293847678881663, "repeat": 10, "number": 1}, {"ci_99": [0.6897931199999903, 0.732359946000031], "q_25": 0.6946007422500031, "q_75": 0.7252661762499741, "min": 0.6897931199999903, "max": 0.732359946000031, "mean": 0.7091875535999975, "std": 0.015849119106362525, "repeat": 10, "number": 1}], "params": [["True", "False"]]}, "time_solve_models.TimeSolveSPM.time_solve_model": {"result": [0.02671779500002458, 0.050993815999959224], "stats": [{"ci_99": [0.024488027000018064, 0.029170093000004726], "q_25": 0.025873191749994362, "q_75": 0.0282714022499988, "min": 0.024488027000018064, "max": 0.029170093000004726, "mean": 0.026925576500002536, "std": 0.0014415945951635825, "repeat": 10, "number": 1}, {"ci_99": [0.04824482000003627, 0.05732636700003013], "q_25": 0.04984048999999402, "q_75": 0.05187146875000792, "min": 0.04824482000003627, "max": 0.05732636700003013, "mean": 0.05129497300000026, "std": 0.002412592738792972, "repeat": 10, "number": 1}], "params": [["True", "False"]]}, "time_solve_models.TimeSolveSPMe.time_solve_model": {"result": [0.037111561000017446, 0.0837127144999954], "stats": [{"ci_99": [0.035190638000017316, 0.04228686999999809], "q_25": 0.036036860500018975, "q_75": 0.03848563649998482, "min": 0.035190638000017316, "max": 0.04228686999999809, "mean": 0.037733444400004146, "std": 0.0023537770493548657, "repeat": 10, "number": 1}, {"ci_99": [0.07860777199999802, 0.09034069299997327], "q_25": 0.08157884500000989, "q_75": 0.08571063475001495, "min": 0.07860777199999802, "max": 0.09034069299997327, "mean": 0.08395655619999616, "std": 0.0033937006977424952, "repeat": 10, "number": 1}], "params": [["True", "False"]]}}, "params": {"machine": "GitHubRunner", "python": "3.8"}, "requirements": {}, "commit_hash": "28ff4b5271e149eb9fdfce1640dda90110a2ea20", "date": 1631563794000, "env_name": "virtualenv-py3.8", "python": "3.8", "profiles": {}, "started_at": {"time_setup_models_and_sims.TimeBuildDFN.time_setup_DFN": 1631589674011, "time_setup_models_and_sims.TimeBuildDFNSimulation.time_setup_DFN_simulation": 1631589678928, "time_setup_models_and_sims.TimeBuildSPM.time_setup_SPM": 1631589683447, "time_setup_models_and_sims.TimeBuildSPMSimulation.time_setup_SPM_simulation": 1631589686813, "time_setup_models_and_sims.TimeBuildSPMe.time_setup_SPMe": 1631589692038, "time_setup_models_and_sims.TimeBuildSPMeSimulation.time_setup_SPMe_simulation": 1631589696404, "time_solve_models.TimeSolveDFN.time_solve_model": 1631589701575, "time_solve_models.TimeSolveSPM.time_solve_model": 1631589725494, "time_solve_models.TimeSolveSPMe.time_solve_model": 1631589735025}, "ended_at": {"time_setup_models_and_sims.TimeBuildDFN.time_setup_DFN": 1631589678928, "time_setup_models_and_sims.TimeBuildDFNSimulation.time_setup_DFN_simulation": 1631589683446, "time_setup_models_and_sims.TimeBuildSPM.time_setup_SPM": 1631589686813, "time_setup_models_and_sims.TimeBuildSPMSimulation.time_setup_SPM_simulation": 1631589692038, "time_setup_models_and_sims.TimeBuildSPMe.time_setup_SPMe": 1631589696404, "time_setup_models_and_sims.TimeBuildSPMeSimulation.time_setup_SPMe_simulation": 1631589701574, "time_solve_models.TimeSolveDFN.time_solve_model": 1631589725493, "time_solve_models.TimeSolveSPM.time_solve_model": 1631589735024, "time_solve_models.TimeSolveSPMe.time_solve_model": 1631589747864}, "benchmark_version": {"time_setup_models_and_sims.TimeBuildDFN.time_setup_DFN": "5f322e51e6b7e66125ee6949bdf25746005db467e8ffcfdcb3ace170e92bbc3d", "time_setup_models_and_sims.TimeBuildDFNSimulation.time_setup_DFN_simulation": "8de44bc542fa7d4ba28a80f24414a9444b5436673aaebba674918f5f0bfd0ebb", "time_setup_models_and_sims.TimeBuildSPM.time_setup_SPM": "0d0b3f5c67fc2da9a5794c66b70af5a45a09558d1ee95f738745385adb84fbca", "time_setup_models_and_sims.TimeBuildSPMSimulation.time_setup_SPM_simulation": "161220a99418ce4487cc29325cbae897f28d0e44ae07e1dfbfaac2cbc53a4ff9", "time_setup_models_and_sims.TimeBuildSPMe.time_setup_SPMe": "6083f5ff944353395eb4b21c97b02af555fe6528de3cd5283f5e139943945235", "time_setup_models_and_sims.TimeBuildSPMeSimulation.time_setup_SPMe_simulation": "530563cb559427795e3648d9648df9250ae100b7721f69eec356bdda7798c55e", "time_solve_models.TimeSolveDFN.time_solve_model": "914137228e20e5900cec36b0d3865f1faa2f5d479c7d6c2539514791f9ec4430", "time_solve_models.TimeSolveSPM.time_solve_model": "ef1bb5f8d1ddfa59650e20438c4b252d73e5a062714848ce1d6d5269382bc598", "time_solve_models.TimeSolveSPMe.time_solve_model": "20672028872f4620ce85e909bae705d9490de441e926510b2b0e53ff0881d87b"}, "version": 1}