{"results": {"time_setup_models_and_sims.TimeBuildDFN.time_setup_DFN": {"result": [0.5482466615000021], "stats": [{"ci_99": [0.5140055659999803, 0.5733978659999934], "q_25": 0.5398925492500268, "q_75": 0.5568554859999892, "min": 0.5140055659999803, "max": 0.5733978659999934, "mean": 0.5479111710999973, "std": 0.015655980716741694, "repeat": 10, "number": 1}]}, "time_setup_models_and_sims.TimeBuildDFNSimulation.time_setup_DFN_simulation": {"result": [0.15903973349998068, 0.3866860329999895], "stats": [{"ci_99": [0.1512019250000094, 0.16978586799996265], "q_25": 0.15678968499996415, "q_75": 0.1639988702499977, "min": 0.1512019250000094, "max": 0.16978586799996265, "mean": 0.16031218299999067, "std": 0.005246802554397538, "repeat": 10, "number": 1}, {"ci_99": [0.3598616069999707, 0.40213534099996195], "q_25": 0.37865581525002767, "q_75": 0.39798200524998606, "min": 0.3598616069999707, "max": 0.40213534099996195, "mean": 0.3859629619999964, "std": 0.012783434306947488, "repeat": 10, "number": 1}], "params": [["False", "True"]]}, "time_setup_models_and_sims.TimeBuildSPM.time_setup_SPM": {"result": [0.3803896254999586], "stats": [{"ci_99": [0.3663671119999208, 0.3938931010000033], "q_25": 0.37325148400002206, "q_75": 0.3896880862500183, "min": 0.3663671119999208, "max": 0.3938931010000033, "mean": 0.38053617749999946, "std": 0.009636118681559891, "repeat": 10, "number": 1}]}, "time_setup_models_and_sims.TimeBuildSPMSimulation.time_setup_SPM_simulation": {"result": [0.20325934399994594, 0.4216131109999992], "stats": [{"ci_99": [0.1856006250000064, 0.2175384999999892], "q_25": 0.19955163424998545, "q_75": 0.20683449349996863, "min": 0.1856006250000064, "max": 0.2175384999999892, "mean": 0.20264253609998945, "std": 0.00861389884926382, "repeat": 10, "number": 1}, {"ci_99": [0.4130327009999064, 0.4342251479999959], "q_25": 0.4137737807499917, "q_75": 0.4287924049999816, "min": 0.4130327009999064, "max": 0.4342251479999959, "mean": 0.42179445069996857, "std": 0.007782500698960351, "repeat": 10, "number": 1}], "params": [["False", "True"]]}, "time_setup_models_and_sims.TimeBuildSPMe.time_setup_SPMe": {"result": [0.49433381949998534], "stats": [{"ci_99": [0.47035015999995267, 0.512869161000026], "q_25": 0.47631789749996756, "q_75": 0.49820572024995613, "min": 0.47035015999995267, "max": 0.512869161000026, "mean": 0.48991265669997686, "std": 0.013412980863326153, "repeat": 10, "number": 1}]}, "time_setup_models_and_sims.TimeBuildSPMeSimulation.time_setup_SPMe_simulation": {"result": [0.1868504840000469, 0.43037836199994217], "stats": [{"ci_99": [0.18244724800001677, 0.19223664100002225], "q_25": 0.184383777500031, "q_75": 0.18884311350004168, "min": 0.18244724800001677, "max": 0.19223664100002225, "mean": 0.1868444856000167, "std": 0.0028726022174340566, "repeat": 10, "number": 1}, {"ci_99": [0.4155667140000219, 0.4602996810000377], "q_25": 0.4269135179999921, "q_75": 0.44326058575005334, "min": 0.4155667140000219, "max": 0.4602996810000377, "mean": 0.4350050506000002, "std": 0.01316459842509248, "repeat": 10, "number": 1}], "params": [["False", "True"]]}, "time_solve_models.TimeSolveDFN.time_solve_model": {"result": [0.5386253839999711, 0.7189664675000245], "stats": [{"ci_99": [0.5265679080000609, 0.5528637699999308], "q_25": 0.5353202162499855, "q_75": 0.5442384432500091, "min": 0.5265679080000609, "max": 0.5528637699999308, "mean": 0.5395378290999986, "std": 0.008082838541323719, "repeat": 10, "number": 1}, {"ci_99": [0.6941250410000066, 0.7462688850000063], "q_25": 0.7085384814999998, "q_75": 0.7263585905000411, "min": 0.6941250410000066, "max": 0.7462688850000063, "mean": 0.7178608164000082, "std": 0.015322111294746593, "repeat": 10, "number": 1}], "params": [["True", "False"]]}, "time_solve_models.TimeSolveSPM.time_solve_model": {"result": [0.020320326999978988, 0.04273877250000169], "stats": [{"ci_99": [0.019081379999988712, 0.022003507000022182], "q_25": 0.019606023000008577, "q_75": 0.021634929500038425, "min": 0.019081379999988712, "max": 0.022003507000022182, "mean": 0.020517262600003507, "std": 0.0010588229963660464, "repeat": 10, "number": 1}, {"ci_99": [0.04045365000001766, 0.04399971500004085], "q_25": 0.042416903000003, "q_75": 0.043622143999982654, "min": 0.04045365000001766, "max": 0.04399971500004085, "mean": 0.042700879599999554, "std": 0.0010571150362156027, "repeat": 10, "number": 1}], "params": [["True", "False"]]}, "time_solve_models.TimeSolveSPMe.time_solve_model": {"result": [0.030444915999964905, 0.07630306699999778], "stats": [{"ci_99": [0.02821618800004444, 0.032468917999949554], "q_25": 0.02925034625002354, "q_75": 0.03170795924999936, "min": 0.02821618800004444, "max": 0.032468917999949554, "mean": 0.030479466700001012, "std": 0.001489680594593783, "repeat": 10, "number": 1}, {"ci_99": [0.06788485800007038, 0.07842958000003364], "q_25": 0.07419950249999374, "q_75": 0.07750430774999018, "min": 0.06788485800007038, "max": 0.07842958000003364, "mean": 0.07503975670001069, "std": 0.003407534926478935, "repeat": 10, "number": 1}], "params": [["True", "False"]]}}, "params": {"machine": "GitHubRunner", "python": "3.8"}, "requirements": {}, "commit_hash": "28ff4b5271e149eb9fdfce1640dda90110a2ea20", "date": 1631563794000, "env_name": "virtualenv-py3.8", "python": "3.8", "profiles": {}, "started_at": {"time_setup_models_and_sims.TimeBuildDFN.time_setup_DFN": 1631676094370, "time_setup_models_and_sims.TimeBuildDFNSimulation.time_setup_DFN_simulation": 1631676098087, "time_setup_models_and_sims.TimeBuildSPM.time_setup_SPM": 1631676101610, "time_setup_models_and_sims.TimeBuildSPMSimulation.time_setup_SPM_simulation": 1631676104123, "time_setup_models_and_sims.TimeBuildSPMe.time_setup_SPMe": 1631676108144, "time_setup_models_and_sims.TimeBuildSPMeSimulation.time_setup_SPMe_simulation": 1631676111509, "time_solve_models.TimeSolveDFN.time_solve_model": 1631676115582, "time_solve_models.TimeSolveSPM.time_solve_model": 1631676136657, "time_solve_models.TimeSolveSPMe.time_solve_model": 1631676144341}, "ended_at": {"time_setup_models_and_sims.TimeBuildDFN.time_setup_DFN": 1631676098087, "time_setup_models_and_sims.TimeBuildDFNSimulation.time_setup_DFN_simulation": 1631676101608, "time_setup_models_and_sims.TimeBuildSPM.time_setup_SPM": 1631676104122, "time_setup_models_and_sims.TimeBuildSPMSimulation.time_setup_SPM_simulation": 1631676108143, "time_setup_models_and_sims.TimeBuildSPMe.time_setup_SPMe": 1631676111509, "time_setup_models_and_sims.TimeBuildSPMeSimulation.time_setup_SPMe_simulation": 1631676115581, "time_solve_models.TimeSolveDFN.time_solve_model": 1631676136656, "time_solve_models.TimeSolveSPM.time_solve_model": 1631676144340, "time_solve_models.TimeSolveSPMe.time_solve_model": 1631676154381}, "benchmark_version": {"time_setup_models_and_sims.TimeBuildDFN.time_setup_DFN": "5f322e51e6b7e66125ee6949bdf25746005db467e8ffcfdcb3ace170e92bbc3d", "time_setup_models_and_sims.TimeBuildDFNSimulation.time_setup_DFN_simulation": "8de44bc542fa7d4ba28a80f24414a9444b5436673aaebba674918f5f0bfd0ebb", "time_setup_models_and_sims.TimeBuildSPM.time_setup_SPM": "0d0b3f5c67fc2da9a5794c66b70af5a45a09558d1ee95f738745385adb84fbca", "time_setup_models_and_sims.TimeBuildSPMSimulation.time_setup_SPM_simulation": "161220a99418ce4487cc29325cbae897f28d0e44ae07e1dfbfaac2cbc53a4ff9", "time_setup_models_and_sims.TimeBuildSPMe.time_setup_SPMe": "6083f5ff944353395eb4b21c97b02af555fe6528de3cd5283f5e139943945235", "time_setup_models_and_sims.TimeBuildSPMeSimulation.time_setup_SPMe_simulation": "530563cb559427795e3648d9648df9250ae100b7721f69eec356bdda7798c55e", "time_solve_models.TimeSolveDFN.time_solve_model": "914137228e20e5900cec36b0d3865f1faa2f5d479c7d6c2539514791f9ec4430", "time_solve_models.TimeSolveSPM.time_solve_model": "ef1bb5f8d1ddfa59650e20438c4b252d73e5a062714848ce1d6d5269382bc598", "time_solve_models.TimeSolveSPMe.time_solve_model": "20672028872f4620ce85e909bae705d9490de441e926510b2b0e53ff0881d87b"}, "version": 1}