{"results": {"time_setup_models_and_sims.TimeBuildDFN.time_setup_DFN": {"result": [1.2354798555002162], "stats": [{"ci_99": [1.1940499689999342, 1.270372779000354], "q_25": 1.224802490250113, "q_75": 1.2511186557496785, "min": 1.1940499689999342, "max": 1.270372779000354, "mean": 1.2359622486000261, "std": 0.023553410657257277, "repeat": 10, "number": 1}]}, "time_setup_models_and_sims.TimeBuildDFNSimulation.time_setup_DFN_simulation": {"result": [0.28514806149951255, 0.6017366684995977], "stats": [{"ci_99": [0.27670227300041006, 0.30153906699979416], "q_25": 0.2812199272500493, "q_75": 0.28722683849946407, "min": 0.27670227300041006, "max": 0.30153906699979416, "mean": 0.2856124345998978, "std": 0.006635557983618471, "repeat": 10, "number": 1}, {"ci_99": [0.5639534259998982, 0.632831764999537], "q_25": 0.5807820222494229, "q_75": 0.6225457592497605, "min": 0.5639534259998982, "max": 0.632831764999537, "mean": 0.6013167155997508, "std": 0.022737044637756325, "repeat": 10, "number": 1}], "params": [["False", "True"]]}, "time_setup_models_and_sims.TimeBuildSPM.time_setup_SPM": {"result": [0.8028317189996415], "stats": [{"ci_99": [0.7915648079997482, 0.8784475200000088], "q_25": 0.7947880814997461, "q_75": 0.8282197892494878, "min": 0.7915648079997482, "max": 0.8784475200000088, "mean": 0.8168321384998307, "std": 0.03035509307928699, "repeat": 10, "number": 1}]}, "time_setup_models_and_sims.TimeBuildSPMSimulation.time_setup_SPM_simulation": {"result": [0.4084661504998621, 0.7541425609997532], "stats": [{"ci_99": [0.3787040249999336, 0.4340894019996995], "q_25": 0.38412630325001373, "q_75": 0.41528702650066407, "min": 0.3787040249999336, "max": 0.4340894019996995, "mean": 0.40408033639996577, "std": 0.01861898726543684, "repeat": 10, "number": 1}, {"ci_99": [0.7199560449998899, 0.7896735029999036], "q_25": 0.7469736580003428, "q_75": 0.7645895862501675, "min": 0.7199560449998899, "max": 0.7896735029999036, "mean": 0.7544248337000681, "std": 0.020209097618293603, "repeat": 10, "number": 1}], "params": [["False", "True"]]}, "time_setup_models_and_sims.TimeBuildSPMe.time_setup_SPMe": {"result": [1.0467561930004194], "stats": [{"ci_99": [1.0007970319993547, 1.0852498480007853], "q_25": 1.013611791500125, "q_75": 1.0701465457498216, "min": 1.0007970319993547, "max": 1.0852498480007853, "mean": 1.0434315788001185, "std": 0.03109449148539561, "repeat": 10, "number": 1}]}, "time_setup_models_and_sims.TimeBuildSPMeSimulation.time_setup_SPMe_simulation": {"result": [0.3336752824998257, 0.6257402329997603], "stats": [{"ci_99": [0.3130017930006943, 0.3424906769996596], "q_25": 0.32412814575013726, "q_75": 0.3372955240001829, "min": 0.3130017930006943, "max": 0.3424906769996596, "mean": 0.33052333760015246, "std": 0.008672273591125646, "repeat": 10, "number": 1}, {"ci_99": [0.6026340980006353, 0.6761908830003449], "q_25": 0.6174705970001924, "q_75": 0.6403510982499938, "min": 0.6026340980006353, "max": 0.6761908830003449, "mean": 0.6323088059000839, "std": 0.02227051808254439, "repeat": 10, "number": 1}], "params": [["False", "True"]]}, "time_solve_models.TimeSolveDFN.time_solve_model": {"result": [1.3913921350003875, 1.6115969790002964], "stats": [{"ci_99": [1.3065241996495804, 1.4588014359503667], "q_25": 1.3731931009997425, "q_75": 1.4067443630001435, "min": 1.310425519999626, "max": 1.4315589699999691, "mean": 1.3826628177999738, "std": 0.040877520051370735, "repeat": 5, "number": 1}, {"ci_99": [1.5472315243210697, 1.6699217570128275], "q_25": 1.5740242145002412, "q_75": 1.6351175897502799, "min": 1.5624724830004197, "max": 1.6613356500001828, "mean": 1.6085766406669488, "std": 0.03654269387041067, "repeat": 6, "number": 1}], "params": [["True", "False"]]}, "time_solve_models.TimeSolveSPM.time_solve_model": {"result": [0.06278279649995966, 0.11014657000032457], "stats": [{"ci_99": [0.06082498100022349, 0.07409688600000663], "q_25": 0.06147640224935458, "q_75": 0.06386839800006783, "min": 0.06082498100022349, "max": 0.07409688600000663, "mean": 0.06397676129990941, "std": 0.0038819647943532506, "repeat": 10, "number": 1}, {"ci_99": [0.10396802100058267, 0.12573567500021454], "q_25": 0.10498172499956127, "q_75": 0.11594853725000576, "min": 0.10396802100058267, "max": 0.12573567500021454, "mean": 0.11131423100005122, "std": 0.006778236504667141, "repeat": 10, "number": 1}], "params": [["True", "False"]]}, "time_solve_models.TimeSolveSPMe.time_solve_model": {"result": [0.10787980099985361, 0.1773780835001162], "stats": [{"ci_99": [0.10267010900042806, 0.11546409400034463], "q_25": 0.10514302474962278, "q_75": 0.11370043024953702, "min": 0.10267010900042806, "max": 0.11546409400034463, "mean": 0.10904102169997713, "std": 0.004553962088775046, "repeat": 10, "number": 1}, {"ci_99": [0.17137922500023706, 0.2077165070004412], "q_25": 0.17561857674991188, "q_75": 0.1895833420001054, "min": 0.17137922500023706, "max": 0.2077165070004412, "mean": 0.18387735470023472, "std": 0.012086112683206899, "repeat": 10, "number": 1}], "params": [["True", "False"]]}}, "params": {"machine": "GitHubRunner", "python": "3.8"}, "requirements": {}, "commit_hash": "2f594b2ca63505f3bb3efca1d6eae9889be77cd2", "date": 1603475190000, "env_name": "virtualenv-py3.8", "python": "3.8", "profiles": {}, "started_at": {"time_setup_models_and_sims.TimeBuildDFN.time_setup_DFN": 1613147633001, "time_setup_models_and_sims.TimeBuildDFNSimulation.time_setup_DFN_simulation": 1613147640834, "time_setup_models_and_sims.TimeBuildSPM.time_setup_SPM": 1613147646510, "time_setup_models_and_sims.TimeBuildSPMSimulation.time_setup_SPM_simulation": 1613147651680, "time_setup_models_and_sims.TimeBuildSPMe.time_setup_SPMe": 1613147659111, "time_setup_models_and_sims.TimeBuildSPMeSimulation.time_setup_SPMe_simulation": 1613147665685, "time_solve_models.TimeSolveDFN.time_solve_model": 1613147671860, "time_solve_models.TimeSolveSPM.time_solve_model": 1613147701503, "time_solve_models.TimeSolveSPMe.time_solve_model": 1613147715603}, "ended_at": {"time_setup_models_and_sims.TimeBuildDFN.time_setup_DFN": 1613147640833, "time_setup_models_and_sims.TimeBuildDFNSimulation.time_setup_DFN_simulation": 1613147646509, "time_setup_models_and_sims.TimeBuildSPM.time_setup_SPM": 1613147651680, "time_setup_models_and_sims.TimeBuildSPMSimulation.time_setup_SPM_simulation": 1613147659110, "time_setup_models_and_sims.TimeBuildSPMe.time_setup_SPMe": 1613147665684, "time_setup_models_and_sims.TimeBuildSPMeSimulation.time_setup_SPMe_simulation": 1613147671860, "time_solve_models.TimeSolveDFN.time_solve_model": 1613147701502, "time_solve_models.TimeSolveSPM.time_solve_model": 1613147715602, "time_solve_models.TimeSolveSPMe.time_solve_model": 1613147733814}, "benchmark_version": {"time_setup_models_and_sims.TimeBuildDFN.time_setup_DFN": "5f322e51e6b7e66125ee6949bdf25746005db467e8ffcfdcb3ace170e92bbc3d", "time_setup_models_and_sims.TimeBuildDFNSimulation.time_setup_DFN_simulation": "8de44bc542fa7d4ba28a80f24414a9444b5436673aaebba674918f5f0bfd0ebb", "time_setup_models_and_sims.TimeBuildSPM.time_setup_SPM": "0d0b3f5c67fc2da9a5794c66b70af5a45a09558d1ee95f738745385adb84fbca", "time_setup_models_and_sims.TimeBuildSPMSimulation.time_setup_SPM_simulation": "161220a99418ce4487cc29325cbae897f28d0e44ae07e1dfbfaac2cbc53a4ff9", "time_setup_models_and_sims.TimeBuildSPMe.time_setup_SPMe": "6083f5ff944353395eb4b21c97b02af555fe6528de3cd5283f5e139943945235", "time_setup_models_and_sims.TimeBuildSPMeSimulation.time_setup_SPMe_simulation": "530563cb559427795e3648d9648df9250ae100b7721f69eec356bdda7798c55e", "time_solve_models.TimeSolveDFN.time_solve_model": "914137228e20e5900cec36b0d3865f1faa2f5d479c7d6c2539514791f9ec4430", "time_solve_models.TimeSolveSPM.time_solve_model": "ef1bb5f8d1ddfa59650e20438c4b252d73e5a062714848ce1d6d5269382bc598", "time_solve_models.TimeSolveSPMe.time_solve_model": "20672028872f4620ce85e909bae705d9490de441e926510b2b0e53ff0881d87b"}, "version": 1}