{"results": {"time_setup_models_and_sims.TimeBuildDFN.time_setup_DFN": {"result": [0.5093005294999955], "stats": [{"ci_99": [0.5053049290000331, 0.5115607840000393], "q_25": 0.5084792824999766, "q_75": 0.5103117777499762, "min": 0.5053049290000331, "max": 0.5115607840000393, "mean": 0.5091935796999962, "std": 0.0017100819532362436, "repeat": 10, "number": 1}]}, "time_setup_models_and_sims.TimeBuildDFNSimulation.time_setup_DFN_simulation": {"result": [0.1572215409999842, 0.3695859084999711], "stats": [{"ci_99": [0.1558809260000089, 0.15772597200003702], "q_25": 0.15666256874999362, "q_75": 0.1575708919999954, "min": 0.1558809260000089, "max": 0.15772597200003702, "mean": 0.15704785100000435, "std": 0.0005816207460969838, "repeat": 10, "number": 1}, {"ci_99": [0.36831517600001007, 0.3720850720000044], "q_25": 0.3692667044999922, "q_75": 0.3699102397500127, "min": 0.36831517600001007, "max": 0.3720850720000044, "mean": 0.3698390912999912, "std": 0.0010906788458745756, "repeat": 10, "number": 1}], "params": [["False", "True"]]}, "time_setup_models_and_sims.TimeBuildSPM.time_setup_SPM": {"result": [0.36551859200002923], "stats": [{"ci_99": [0.363616358999991, 0.36819004500000574], "q_25": 0.365130046250016, "q_75": 0.3668249412500302, "min": 0.363616358999991, "max": 0.36819004500000574, "mean": 0.36588606370000887, "std": 0.0012859586814946836, "repeat": 10, "number": 1}]}, "time_setup_models_and_sims.TimeBuildSPMSimulation.time_setup_SPM_simulation": {"result": [0.1952927584999884, 0.42589468549999765], "stats": [{"ci_99": [0.1944145970000477, 0.1970744519999812], "q_25": 0.1948941284999961, "q_75": 0.19567104524998058, "min": 0.1944145970000477, "max": 0.1970744519999812, "mean": 0.19541943459999517, "std": 0.0007689996811431969, "repeat": 10, "number": 1}, {"ci_99": [0.42460853699998324, 0.427604945999974], "q_25": 0.42504579724999303, "q_75": 0.42617526024996266, "min": 0.42460853699998324, "max": 0.427604945999974, "mean": 0.425745732099989, "std": 0.000874520355140892, "repeat": 10, "number": 1}], "params": [["False", "True"]]}, "time_setup_models_and_sims.TimeBuildSPMe.time_setup_SPMe": {"result": [0.4730525635000049], "stats": [{"ci_99": [0.46791461100002607, 0.47501783800004205], "q_25": 0.47184583375000955, "q_75": 0.47346213625002065, "min": 0.46791461100002607, "max": 0.47501783800004205, "mean": 0.4725574713000128, "std": 0.001836472576909581, "repeat": 10, "number": 1}]}, "time_setup_models_and_sims.TimeBuildSPMeSimulation.time_setup_SPMe_simulation": {"result": [0.1829591394999852, 0.42754500800000983], "stats": [{"ci_99": [0.18158030500001132, 0.18598238300000958], "q_25": 0.1826035054999977, "q_75": 0.18308890824999935, "min": 0.18158030500001132, "max": 0.18598238300000958, "mean": 0.18303666439999802, "std": 0.0010994887603824133, "repeat": 10, "number": 1}, {"ci_99": [0.42665772899999865, 0.42936120999996774], "q_25": 0.42718178075003266, "q_75": 0.4286076377500052, "min": 0.42665772899999865, "max": 0.42936120999996774, "mean": 0.4278381680999985, "std": 0.0009238442653833563, "repeat": 10, "number": 1}], "params": [["False", "True"]]}, "time_solve_models.TimeSolveDFN.time_solve_model": {"result": [0.5087725095000053, 0.6691887000000065], "stats": [{"ci_99": [0.5068880470000181, 0.5115563800000018], "q_25": 0.507349501500002, "q_75": 0.5091783914999723, "min": 0.5068880470000181, "max": 0.5115563800000018, "mean": 0.5086218611999982, "std": 0.001402549816192446, "repeat": 10, "number": 1}, {"ci_99": [0.6660369680000144, 0.6739009720000126], "q_25": 0.6686129120000004, "q_75": 0.6706542342499802, "min": 0.6660369680000144, "max": 0.6739009720000126, "mean": 0.6695784731000061, "std": 0.0020396158408721517, "repeat": 10, "number": 1}], "params": [["True", "False"]]}, "time_solve_models.TimeSolveSPM.time_solve_model": {"result": [0.019337638999957107, 0.04088393250000877], "stats": [{"ci_99": [0.019204287000036402, 0.01953779600000871], "q_25": 0.019288338249978665, "q_75": 0.019403854500012585, "min": 0.019204287000036402, "max": 0.01953779600000871, "mean": 0.019352276799992296, "std": 0.00010114473728852774, "repeat": 10, "number": 1}, {"ci_99": [0.040697623000028216, 0.04126814599999307], "q_25": 0.040822503249998476, "q_75": 0.040981258000016396, "min": 0.040697623000028216, "max": 0.04126814599999307, "mean": 0.04091914320000569, "std": 0.0001687444676890246, "repeat": 10, "number": 1}], "params": [["True", "False"]]}, "time_solve_models.TimeSolveSPMe.time_solve_model": {"result": [0.02873132450000071, 0.07051167750000786], "stats": [{"ci_99": [0.028573021999989123, 0.029082433999974455], "q_25": 0.028603596499991113, "q_75": 0.02886342700001876, "min": 0.028573021999989123, "max": 0.029082433999974455, "mean": 0.0287511148999954, "std": 0.0001639862126335425, "repeat": 10, "number": 1}, {"ci_99": [0.07020526700000573, 0.0711078900000075], "q_25": 0.07030472399998189, "q_75": 0.07071595625001237, "min": 0.07020526700000573, "max": 0.0711078900000075, "mean": 0.07055067969999981, "std": 0.00027540295626430543, "repeat": 10, "number": 1}], "params": [["True", "False"]]}}, "params": {"machine": "GitHubRunner", "python": "3.8"}, "requirements": {}, "commit_hash": "32a6a3e3f7cef2a1eb0ac916796b4028cdcdbdf1", "date": 1632253528000, "env_name": "virtualenv-py3.8", "python": "3.8", "profiles": {}, "started_at": {"time_setup_models_and_sims.TimeBuildDFN.time_setup_DFN": 1632453691226, "time_setup_models_and_sims.TimeBuildDFNSimulation.time_setup_DFN_simulation": 1632453694645, "time_setup_models_and_sims.TimeBuildSPM.time_setup_SPM": 1632453698114, "time_setup_models_and_sims.TimeBuildSPMSimulation.time_setup_SPM_simulation": 1632453700626, "time_setup_models_and_sims.TimeBuildSPMe.time_setup_SPMe": 1632453704697, "time_setup_models_and_sims.TimeBuildSPMeSimulation.time_setup_SPMe_simulation": 1632453707914, "time_solve_models.TimeSolveDFN.time_solve_model": 1632453711884, "time_solve_models.TimeSolveSPM.time_solve_model": 1632453731954, "time_solve_models.TimeSolveSPMe.time_solve_model": 1632453739335}, "ended_at": {"time_setup_models_and_sims.TimeBuildDFN.time_setup_DFN": 1632453694645, "time_setup_models_and_sims.TimeBuildDFNSimulation.time_setup_DFN_simulation": 1632453698113, "time_setup_models_and_sims.TimeBuildSPM.time_setup_SPM": 1632453700626, "time_setup_models_and_sims.TimeBuildSPMSimulation.time_setup_SPM_simulation": 1632453704696, "time_setup_models_and_sims.TimeBuildSPMe.time_setup_SPMe": 1632453707913, "time_setup_models_and_sims.TimeBuildSPMeSimulation.time_setup_SPMe_simulation": 1632453711883, "time_solve_models.TimeSolveDFN.time_solve_model": 1632453731953, "time_solve_models.TimeSolveSPM.time_solve_model": 1632453739335, "time_solve_models.TimeSolveSPMe.time_solve_model": 1632453748972}, "benchmark_version": {"time_setup_models_and_sims.TimeBuildDFN.time_setup_DFN": "5f322e51e6b7e66125ee6949bdf25746005db467e8ffcfdcb3ace170e92bbc3d", "time_setup_models_and_sims.TimeBuildDFNSimulation.time_setup_DFN_simulation": "8de44bc542fa7d4ba28a80f24414a9444b5436673aaebba674918f5f0bfd0ebb", "time_setup_models_and_sims.TimeBuildSPM.time_setup_SPM": "0d0b3f5c67fc2da9a5794c66b70af5a45a09558d1ee95f738745385adb84fbca", "time_setup_models_and_sims.TimeBuildSPMSimulation.time_setup_SPM_simulation": "161220a99418ce4487cc29325cbae897f28d0e44ae07e1dfbfaac2cbc53a4ff9", "time_setup_models_and_sims.TimeBuildSPMe.time_setup_SPMe": "6083f5ff944353395eb4b21c97b02af555fe6528de3cd5283f5e139943945235", "time_setup_models_and_sims.TimeBuildSPMeSimulation.time_setup_SPMe_simulation": "530563cb559427795e3648d9648df9250ae100b7721f69eec356bdda7798c55e", "time_solve_models.TimeSolveDFN.time_solve_model": "914137228e20e5900cec36b0d3865f1faa2f5d479c7d6c2539514791f9ec4430", "time_solve_models.TimeSolveSPM.time_solve_model": "ef1bb5f8d1ddfa59650e20438c4b252d73e5a062714848ce1d6d5269382bc598", "time_solve_models.TimeSolveSPMe.time_solve_model": "20672028872f4620ce85e909bae705d9490de441e926510b2b0e53ff0881d87b"}, "version": 1}