{"results": {"time_setup_models_and_sims.TimeBuildDFN.time_setup_DFN": {"result": [0.5140736290000021], "stats": [{"ci_99": [0.5068732130000058, 0.516504561000005], "q_25": 0.5116891034999966, "q_75": 0.5162008267499871, "min": 0.5068732130000058, "max": 0.516504561000005, "mean": 0.5135512500999966, "std": 0.0029974044966305635, "repeat": 10, "number": 1}]}, "time_setup_models_and_sims.TimeBuildDFNSimulation.time_setup_DFN_simulation": {"result": [0.15809172149999995, 0.37088412500000345], "stats": [{"ci_99": [0.15631865199999595, 0.16016535300002488], "q_25": 0.15749453049999573, "q_75": 0.1586671619999933, "min": 0.15631865199999595, "max": 0.16016535300002488, "mean": 0.15817691219999688, "std": 0.0010277570025208115, "repeat": 10, "number": 1}, {"ci_99": [0.36892801299998723, 0.3734418479999988], "q_25": 0.37066872524999184, "q_75": 0.3724818009999922, "min": 0.36892801299998723, "max": 0.3734418479999988, "mean": 0.3714189040999969, "std": 0.0013672111293836216, "repeat": 10, "number": 1}], "params": [["False", "True"]]}, "time_setup_models_and_sims.TimeBuildSPM.time_setup_SPM": {"result": [0.3672246699999988], "stats": [{"ci_99": [0.365381100999997, 0.368523209999978], "q_25": 0.3669010412499958, "q_75": 0.36797445500000237, "min": 0.365381100999997, "max": 0.368523209999978, "mean": 0.3672241889999981, "std": 0.0009148846784859383, "repeat": 10, "number": 1}]}, "time_setup_models_and_sims.TimeBuildSPMSimulation.time_setup_SPM_simulation": {"result": [0.19495999199999403, 0.4274442404999945], "stats": [{"ci_99": [0.19429808700002127, 0.19622384199999487], "q_25": 0.1948147674999916, "q_75": 0.19553295899999057, "min": 0.19429808700002127, "max": 0.19622384199999487, "mean": 0.19513725189999603, "std": 0.0005842325613558962, "repeat": 10, "number": 1}, {"ci_99": [0.4234619050000106, 0.4302259130000152], "q_25": 0.4259408307499939, "q_75": 0.42846113849998346, "min": 0.4234619050000106, "max": 0.4302259130000152, "mean": 0.4272495585999991, "std": 0.0019026948825334445, "repeat": 10, "number": 1}], "params": [["False", "True"]]}, "time_setup_models_and_sims.TimeBuildSPMe.time_setup_SPMe": {"result": [0.4775139740000185], "stats": [{"ci_99": [0.47445023500000616, 0.4792969449999873], "q_25": 0.4763739164999876, "q_75": 0.4788064412500077, "min": 0.47445023500000616, "max": 0.4792969449999873, "mean": 0.4773683693000038, "std": 0.0015805908913934976, "repeat": 10, "number": 1}]}, "time_setup_models_and_sims.TimeBuildSPMeSimulation.time_setup_SPMe_simulation": {"result": [0.18317172500000822, 0.42849904199999855], "stats": [{"ci_99": [0.18255026899998938, 0.18500887000001853], "q_25": 0.18303117599998586, "q_75": 0.1836824372500132, "min": 0.18255026899998938, "max": 0.18500887000001853, "mean": 0.1834414860999999, "std": 0.0007655371792449631, "repeat": 10, "number": 1}, {"ci_99": [0.42661091300001885, 0.4323853889999896], "q_25": 0.4276022637499892, "q_75": 0.430967206499993, "min": 0.42661091300001885, "max": 0.4323853889999896, "mean": 0.4291737385999966, "std": 0.0019804376023483923, "repeat": 10, "number": 1}], "params": [["False", "True"]]}, "time_solve_models.TimeSolveDFN.time_solve_model": {"result": [0.5128425074999967, 0.6713428390000047], "stats": [{"ci_99": [0.5101993819999961, 0.5169431429999918], "q_25": 0.5113446952499956, "q_75": 0.5131264482499915, "min": 0.5101993819999961, "max": 0.5169431429999918, "mean": 0.5127591094999928, "std": 0.0019471577921373266, "repeat": 10, "number": 1}, {"ci_99": [0.6677526009999895, 0.6755907840000077], "q_25": 0.6696705100000031, "q_75": 0.6723318307499966, "min": 0.6677526009999895, "max": 0.6755907840000077, "mean": 0.6713261648000014, "std": 0.002473760110021585, "repeat": 10, "number": 1}], "params": [["True", "False"]]}, "time_solve_models.TimeSolveSPM.time_solve_model": {"result": [0.019205760999994936, 0.040785146500013525], "stats": [{"ci_99": [0.019095910000004324, 0.019544803000002275], "q_25": 0.019180083000001957, "q_75": 0.01930000075001459, "min": 0.019095910000004324, "max": 0.019544803000002275, "mean": 0.019249215900003946, "std": 0.00011956049377438606, "repeat": 10, "number": 1}, {"ci_99": [0.04050828000001161, 0.041437131999998655], "q_25": 0.04065849775000174, "q_75": 0.04095595175, "min": 0.04050828000001161, "max": 0.041437131999998655, "mean": 0.040836167700001626, "std": 0.0002487928612917245, "repeat": 10, "number": 1}], "params": [["True", "False"]]}, "time_solve_models.TimeSolveSPMe.time_solve_model": {"result": [0.028556968000003735, 0.07038888750000183], "stats": [{"ci_99": [0.028092506999996658, 0.028906371999994462], "q_25": 0.028249384250003118, "q_75": 0.028636751999982835, "min": 0.028092506999996658, "max": 0.028906371999994462, "mean": 0.028487069499996666, "std": 0.0002709498874658919, "repeat": 10, "number": 1}, {"ci_99": [0.06940167000001907, 0.07124819700001694], "q_25": 0.06984045424999152, "q_75": 0.07056471999999303, "min": 0.06940167000001907, "max": 0.07124819700001694, "mean": 0.07025837880000267, "std": 0.0005316002699121392, "repeat": 10, "number": 1}], "params": [["True", "False"]]}}, "params": {"machine": "GitHubRunner", "python": "3.8"}, "requirements": {}, "commit_hash": "32a6a3e3f7cef2a1eb0ac916796b4028cdcdbdf1", "date": 1632253528000, "env_name": "virtualenv-py3.8", "python": "3.8", "profiles": {}, "started_at": {"time_setup_models_and_sims.TimeBuildDFN.time_setup_DFN": 1632280874440, "time_setup_models_and_sims.TimeBuildDFNSimulation.time_setup_DFN_simulation": 1632280877855, "time_setup_models_and_sims.TimeBuildSPM.time_setup_SPM": 1632280881324, "time_setup_models_and_sims.TimeBuildSPMSimulation.time_setup_SPM_simulation": 1632280883838, "time_setup_models_and_sims.TimeBuildSPMe.time_setup_SPMe": 1632280887958, "time_setup_models_and_sims.TimeBuildSPMeSimulation.time_setup_SPMe_simulation": 1632280891172, "time_solve_models.TimeSolveDFN.time_solve_model": 1632280895193, "time_solve_models.TimeSolveSPM.time_solve_model": 1632280915314, "time_solve_models.TimeSolveSPMe.time_solve_model": 1632280922696}, "ended_at": {"time_setup_models_and_sims.TimeBuildDFN.time_setup_DFN": 1632280877855, "time_setup_models_and_sims.TimeBuildDFNSimulation.time_setup_DFN_simulation": 1632280881323, "time_setup_models_and_sims.TimeBuildSPM.time_setup_SPM": 1632280883837, "time_setup_models_and_sims.TimeBuildSPMSimulation.time_setup_SPM_simulation": 1632280887958, "time_setup_models_and_sims.TimeBuildSPMe.time_setup_SPMe": 1632280891172, "time_setup_models_and_sims.TimeBuildSPMeSimulation.time_setup_SPMe_simulation": 1632280895192, "time_solve_models.TimeSolveDFN.time_solve_model": 1632280915314, "time_solve_models.TimeSolveSPM.time_solve_model": 1632280922695, "time_solve_models.TimeSolveSPMe.time_solve_model": 1632280932335}, "benchmark_version": {"time_setup_models_and_sims.TimeBuildDFN.time_setup_DFN": "5f322e51e6b7e66125ee6949bdf25746005db467e8ffcfdcb3ace170e92bbc3d", "time_setup_models_and_sims.TimeBuildDFNSimulation.time_setup_DFN_simulation": "8de44bc542fa7d4ba28a80f24414a9444b5436673aaebba674918f5f0bfd0ebb", "time_setup_models_and_sims.TimeBuildSPM.time_setup_SPM": "0d0b3f5c67fc2da9a5794c66b70af5a45a09558d1ee95f738745385adb84fbca", "time_setup_models_and_sims.TimeBuildSPMSimulation.time_setup_SPM_simulation": "161220a99418ce4487cc29325cbae897f28d0e44ae07e1dfbfaac2cbc53a4ff9", "time_setup_models_and_sims.TimeBuildSPMe.time_setup_SPMe": "6083f5ff944353395eb4b21c97b02af555fe6528de3cd5283f5e139943945235", "time_setup_models_and_sims.TimeBuildSPMeSimulation.time_setup_SPMe_simulation": "530563cb559427795e3648d9648df9250ae100b7721f69eec356bdda7798c55e", "time_solve_models.TimeSolveDFN.time_solve_model": "914137228e20e5900cec36b0d3865f1faa2f5d479c7d6c2539514791f9ec4430", "time_solve_models.TimeSolveSPM.time_solve_model": "ef1bb5f8d1ddfa59650e20438c4b252d73e5a062714848ce1d6d5269382bc598", "time_solve_models.TimeSolveSPMe.time_solve_model": "20672028872f4620ce85e909bae705d9490de441e926510b2b0e53ff0881d87b"}, "version": 1}