{"results": {"time_setup_models_and_sims.TimeBuildDFN.time_setup_DFN": {"result": [0.7058895659999962], "stats": [{"ci_99": [0.6883709349999947, 0.7487023150000027], "q_25": 0.6959145202499926, "q_75": 0.7077581029999962, "min": 0.6883709349999947, "max": 0.7487023150000027, "mean": 0.7081370093999965, "std": 0.016999628843801833, "repeat": 10, "number": 1}]}, "time_setup_models_and_sims.TimeBuildDFNSimulation.time_setup_DFN_simulation": {"result": [0.12659278649999806, 0.31035215599999333], "stats": [{"ci_99": [0.11921035100002086, 0.13447404699999765], "q_25": 0.12615652925000376, "q_75": 0.12886277099999432, "min": 0.11921035100002086, "max": 0.13447404699999765, "mean": 0.12716125050000357, "std": 0.0036273115579011704, "repeat": 10, "number": 1}, {"ci_99": [0.2971045639999943, 0.3196564129999899], "q_25": 0.30750803524999526, "q_75": 0.31254846599999553, "min": 0.2971045639999943, "max": 0.3196564129999899, "mean": 0.3093094360999942, "std": 0.007090434169344594, "repeat": 10, "number": 1}], "params": [["False", "True"]]}, "time_setup_models_and_sims.TimeBuildSPM.time_setup_SPM": {"result": [0.3628841660000006], "stats": [{"ci_99": [0.3499084270000026, 0.3743852830000094], "q_25": 0.35918242175001325, "q_75": 0.37279898025001046, "min": 0.3499084270000026, "max": 0.3743852830000094, "mean": 0.36423642460000283, "std": 0.008096163655754034, "repeat": 10, "number": 1}]}, "time_setup_models_and_sims.TimeBuildSPMSimulation.time_setup_SPM_simulation": {"result": [0.108534061499995, 0.2533721485000058], "stats": [{"ci_99": [0.10584242600000948, 0.11217484599998784], "q_25": 0.10645145274998669, "q_75": 0.1097008639999899, "min": 0.10584242600000948, "max": 0.11217484599998784, "mean": 0.10855211169999564, "std": 0.0022371651367194736, "repeat": 10, "number": 1}, {"ci_99": [0.24608226600000194, 0.264190181999993], "q_25": 0.25173688400001737, "q_75": 0.25746351975000437, "min": 0.24608226600000194, "max": 0.264190181999993, "mean": 0.2546210516000002, "std": 0.004910675785460667, "repeat": 10, "number": 1}], "params": [["False", "True"]]}, "time_setup_models_and_sims.TimeBuildSPMe.time_setup_SPMe": {"result": [0.5916726465000011], "stats": [{"ci_99": [0.5789753450000035, 0.6151080690000015], "q_25": 0.5854584365000051, "q_75": 0.6063351112499902, "min": 0.5789753450000035, "max": 0.6151080690000015, "mean": 0.5952822214999998, "std": 0.01286273593640656, "repeat": 10, "number": 1}]}, "time_setup_models_and_sims.TimeBuildSPMeSimulation.time_setup_SPMe_simulation": {"result": [0.13758463050000103, 0.34604588550001836], "stats": [{"ci_99": [0.13173663099999544, 0.1475836529999981], "q_25": 0.13648297674999554, "q_75": 0.14336707250001268, "min": 0.13173663099999544, "max": 0.1475836529999981, "mean": 0.13922210070000177, "std": 0.00466384137456095, "repeat": 10, "number": 1}, {"ci_99": [0.3355807730000038, 0.35541931299999874], "q_25": 0.33760026199999515, "q_75": 0.35173897250000863, "min": 0.3355807730000038, "max": 0.35541931299999874, "mean": 0.3453876352000066, "std": 0.0074574566216724595, "repeat": 10, "number": 1}], "params": [["False", "True"]]}, "time_solve_models.TimeSolveDFN.time_solve_model": {"result": [0.7043808150000075, 0.914361117999988], "stats": [{"ci_99": [0.6822146290000148, 0.7348075929999993], "q_25": 0.6859492912500045, "q_75": 0.7184011807500141, "min": 0.6822146290000148, "max": 0.7348075929999993, "mean": 0.7043787765000076, "std": 0.01848560659052281, "repeat": 8, "number": 1}, {"ci_99": [0.889302396000005, 0.9573286319999852], "q_25": 0.9028050544999928, "q_75": 0.9345912712500066, "min": 0.889302396000005, "max": 0.9573286319999852, "mean": 0.9194434507999972, "std": 0.022376538342011944, "repeat": 10, "number": 1}], "params": [["True", "False"]]}, "time_solve_models.TimeSolveSPM.time_solve_model": {"result": [0.030381533999999988, 0.06213550550002367], "stats": [{"ci_99": [0.028845551000017622, 0.03317087299998889], "q_25": 0.029142530249991694, "q_75": 0.03084724949998474, "min": 0.028845551000017622, "max": 0.03317087299998889, "mean": 0.03038512439999863, "std": 0.0013472465002050346, "repeat": 10, "number": 1}, {"ci_99": [0.05887971900000366, 0.07282141799998954], "q_25": 0.05992255874999586, "q_75": 0.06259979599998644, "min": 0.05887971900000366, "max": 0.07282141799998954, "mean": 0.06298383060000105, "std": 0.00432954352025486, "repeat": 10, "number": 1}], "params": [["True", "False"]]}, "time_solve_models.TimeSolveSPMe.time_solve_model": {"result": [0.04368138450000458, 0.10733465299999523], "stats": [{"ci_99": [0.042520196000026544, 0.04707490900000266], "q_25": 0.042988962500011496, "q_75": 0.04419286174999115, "min": 0.042520196000026544, "max": 0.04707490900000266, "mean": 0.04389387040000372, "std": 0.001303170779802173, "repeat": 10, "number": 1}, {"ci_99": [0.10172050500000296, 0.11039262299999564], "q_25": 0.10577689349999275, "q_75": 0.10781331650001391, "min": 0.10172050500000296, "max": 0.11039262299999564, "mean": 0.10658139649999895, "std": 0.0027132705963594248, "repeat": 10, "number": 1}], "params": [["True", "False"]]}}, "params": {"machine": "GitHubRunner", "python": "3.8"}, "requirements": {}, "commit_hash": "33c6d787d1455ac56a08ab228d2c51b9ba65240c", "date": 1643031705000, "env_name": "virtualenv-py3.8", "python": "3.8", "profiles": {}, "started_at": {"time_setup_models_and_sims.TimeBuildDFN.time_setup_DFN": 1643426439971, "time_setup_models_and_sims.TimeBuildDFNSimulation.time_setup_DFN_simulation": 1643426444592, "time_setup_models_and_sims.TimeBuildSPM.time_setup_SPM": 1643426447613, "time_setup_models_and_sims.TimeBuildSPMSimulation.time_setup_SPM_simulation": 1643426450126, "time_setup_models_and_sims.TimeBuildSPMe.time_setup_SPMe": 1643426452745, "time_setup_models_and_sims.TimeBuildSPMeSimulation.time_setup_SPMe_simulation": 1643426456712, "time_solve_models.TimeSolveDFN.time_solve_model": 1643426460082, "time_solve_models.TimeSolveSPM.time_solve_model": 1643426483726, "time_solve_models.TimeSolveSPMe.time_solve_model": 1643426491310}, "ended_at": {"time_setup_models_and_sims.TimeBuildDFN.time_setup_DFN": 1643426444591, "time_setup_models_and_sims.TimeBuildDFNSimulation.time_setup_DFN_simulation": 1643426447611, "time_setup_models_and_sims.TimeBuildSPM.time_setup_SPM": 1643426450125, "time_setup_models_and_sims.TimeBuildSPMSimulation.time_setup_SPM_simulation": 1643426452744, "time_setup_models_and_sims.TimeBuildSPMe.time_setup_SPMe": 1643426456712, "time_setup_models_and_sims.TimeBuildSPMeSimulation.time_setup_SPMe_simulation": 1643426460081, "time_solve_models.TimeSolveDFN.time_solve_model": 1643426483726, "time_solve_models.TimeSolveSPM.time_solve_model": 1643426491310, "time_solve_models.TimeSolveSPMe.time_solve_model": 1643426502756}, "benchmark_version": {"time_setup_models_and_sims.TimeBuildDFN.time_setup_DFN": "5f322e51e6b7e66125ee6949bdf25746005db467e8ffcfdcb3ace170e92bbc3d", "time_setup_models_and_sims.TimeBuildDFNSimulation.time_setup_DFN_simulation": "8de44bc542fa7d4ba28a80f24414a9444b5436673aaebba674918f5f0bfd0ebb", "time_setup_models_and_sims.TimeBuildSPM.time_setup_SPM": "0d0b3f5c67fc2da9a5794c66b70af5a45a09558d1ee95f738745385adb84fbca", "time_setup_models_and_sims.TimeBuildSPMSimulation.time_setup_SPM_simulation": "161220a99418ce4487cc29325cbae897f28d0e44ae07e1dfbfaac2cbc53a4ff9", "time_setup_models_and_sims.TimeBuildSPMe.time_setup_SPMe": "6083f5ff944353395eb4b21c97b02af555fe6528de3cd5283f5e139943945235", "time_setup_models_and_sims.TimeBuildSPMeSimulation.time_setup_SPMe_simulation": "530563cb559427795e3648d9648df9250ae100b7721f69eec356bdda7798c55e", "time_solve_models.TimeSolveDFN.time_solve_model": "914137228e20e5900cec36b0d3865f1faa2f5d479c7d6c2539514791f9ec4430", "time_solve_models.TimeSolveSPM.time_solve_model": "ef1bb5f8d1ddfa59650e20438c4b252d73e5a062714848ce1d6d5269382bc598", "time_solve_models.TimeSolveSPMe.time_solve_model": "20672028872f4620ce85e909bae705d9490de441e926510b2b0e53ff0881d87b"}, "version": 1}