{"results": {"time_setup_models_and_sims.TimeBuildDFN.time_setup_DFN": {"result": [0.43030963350000206], "stats": [{"ci_99": [0.42827852000002054, 0.43213835099999187], "q_25": 0.42932222499999284, "q_75": 0.4314302949999984, "min": 0.42827852000002054, "max": 0.43213835099999187, "mean": 0.4302843413999966, "std": 0.0012389727778990142, "repeat": 10, "number": 1}]}, "time_setup_models_and_sims.TimeBuildDFNSimulation.time_setup_DFN_simulation": {"result": [0.08124690500000042, 0.1962156229999863], "stats": [{"ci_99": [0.08064445299999079, 0.08191805699999577], "q_25": 0.08103423449999525, "q_75": 0.08154902500001526, "min": 0.08064445299999079, "max": 0.08191805699999577, "mean": 0.08127470529999811, "std": 0.0003638430412278861, "repeat": 10, "number": 1}, {"ci_99": [0.19557062600000563, 0.19825512199997775], "q_25": 0.19583814925000098, "q_75": 0.19736520700001137, "min": 0.19557062600000563, "max": 0.19825512199997775, "mean": 0.19657155379999836, "std": 0.0009342996303451324, "repeat": 10, "number": 1}], "params": [["False", "True"]]}, "time_setup_models_and_sims.TimeBuildSPM.time_setup_SPM": {"result": [0.2229018345000071], "stats": [{"ci_99": [0.2217062629999873, 0.22688091300000224], "q_25": 0.2220789940000074, "q_75": 0.22389992800000869, "min": 0.2217062629999873, "max": 0.22688091300000224, "mean": 0.22324531160000446, "std": 0.0015039697805562828, "repeat": 10, "number": 1}]}, "time_setup_models_and_sims.TimeBuildSPMSimulation.time_setup_SPM_simulation": {"result": [0.07082765500001642, 0.1648891779999957], "stats": [{"ci_99": [0.07005762000000004, 0.07141662399999404], "q_25": 0.07059353850000605, "q_75": 0.07091416349999236, "min": 0.07005762000000004, "max": 0.07141662399999404, "mean": 0.07078218500000162, "std": 0.0003835289091135157, "repeat": 10, "number": 1}, {"ci_99": [0.1635206139999923, 0.16543321899999341], "q_25": 0.164013869999998, "q_75": 0.16531476400000145, "min": 0.1635206139999923, "max": 0.16543321899999341, "mean": 0.16468644720000042, "std": 0.0007161405348564545, "repeat": 10, "number": 1}], "params": [["False", "True"]]}, "time_setup_models_and_sims.TimeBuildSPMe.time_setup_SPMe": {"result": [0.36548579099999756], "stats": [{"ci_99": [0.36330295800001977, 0.3688850789999947], "q_25": 0.36531584425001995, "q_75": 0.3661482054999894, "min": 0.36330295800001977, "max": 0.3688850789999947, "mean": 0.3657856001000027, "std": 0.001400423658005558, "repeat": 10, "number": 1}]}, "time_setup_models_and_sims.TimeBuildSPMeSimulation.time_setup_SPMe_simulation": {"result": [0.08893151300000568, 0.21945443250000096], "stats": [{"ci_99": [0.08783243300001686, 0.0934011479999981], "q_25": 0.08875031199998062, "q_75": 0.08989043849999945, "min": 0.08783243300001686, "max": 0.0934011479999981, "mean": 0.0897424720999993, "std": 0.0018651715517381717, "repeat": 10, "number": 1}, {"ci_99": [0.2180684789999816, 0.22088520099998732], "q_25": 0.21865828349998395, "q_75": 0.22006966300000386, "min": 0.2180684789999816, "max": 0.22088520099998732, "mean": 0.21940935919999732, "std": 0.0009129182546780629, "repeat": 10, "number": 1}], "params": [["False", "True"]]}, "time_solve_models.TimeSolveDFN.time_solve_model": {"result": [0.5133928369999978, 0.6717507844999915], "stats": [{"ci_99": [0.5122840660000065, 0.516057853999996], "q_25": 0.5127385959999984, "q_75": 0.5145819887500096, "min": 0.5122840660000065, "max": 0.516057853999996, "mean": 0.513790652100002, "std": 0.0012998892090526491, "repeat": 10, "number": 1}, {"ci_99": [0.6669509189999872, 0.6789417030000209], "q_25": 0.6701712445000041, "q_75": 0.6754042365000146, "min": 0.6669509189999872, "max": 0.6789417030000209, "mean": 0.6724137356, "std": 0.003636702912244606, "repeat": 10, "number": 1}], "params": [["True", "False"]]}, "time_solve_models.TimeSolveSPM.time_solve_model": {"result": [0.019547359000000597, 0.040536308000000076], "stats": [{"ci_99": [0.01936210499999902, 0.019842912999990858], "q_25": 0.019466881250004064, "q_75": 0.01967381224998377, "min": 0.01936210499999902, "max": 0.019842912999990858, "mean": 0.019565409299994486, "std": 0.00014429870592001985, "repeat": 10, "number": 1}, {"ci_99": [0.04017168300001117, 0.04099093399997855], "q_25": 0.04030310899999279, "q_75": 0.040762682000021755, "min": 0.04017168300001117, "max": 0.04099093399997855, "mean": 0.04054409810000266, "std": 0.0002582298956756082, "repeat": 10, "number": 1}], "params": [["True", "False"]]}, "time_solve_models.TimeSolveSPMe.time_solve_model": {"result": [0.0288294810000167, 0.07063372349999497], "stats": [{"ci_99": [0.028664330999987442, 0.029315241000006154], "q_25": 0.02878623925000312, "q_75": 0.02899303800001718, "min": 0.028664330999987442, "max": 0.029315241000006154, "mean": 0.028900850700006232, "std": 0.00017808703384043645, "repeat": 10, "number": 1}, {"ci_99": [0.07032522099999028, 0.07076290499998095], "q_25": 0.07051181050000821, "q_75": 0.0706884659999929, "min": 0.07032522099999028, "max": 0.07076290499998095, "mean": 0.07057956609999394, "std": 0.00014585342028189727, "repeat": 10, "number": 1}], "params": [["True", "False"]]}}, "params": {"machine": "GitHubRunner", "python": "3.8"}, "requirements": {}, "commit_hash": "33c6d787d1455ac56a08ab228d2c51b9ba65240c", "date": 1643031705000, "env_name": "virtualenv-py3.8", "python": "3.8", "profiles": {}, "started_at": {"time_setup_models_and_sims.TimeBuildDFN.time_setup_DFN": 1643253626333, "time_setup_models_and_sims.TimeBuildDFNSimulation.time_setup_DFN_simulation": 1643253629197, "time_setup_models_and_sims.TimeBuildSPM.time_setup_SPM": 1643253631312, "time_setup_models_and_sims.TimeBuildSPMSimulation.time_setup_SPM_simulation": 1643253632921, "time_setup_models_and_sims.TimeBuildSPMe.time_setup_SPMe": 1643253634735, "time_setup_models_and_sims.TimeBuildSPMeSimulation.time_setup_SPMe_simulation": 1643253637247, "time_solve_models.TimeSolveDFN.time_solve_model": 1643253639463, "time_solve_models.TimeSolveSPM.time_solve_model": 1643253657630, "time_solve_models.TimeSolveSPMe.time_solve_model": 1643253662503}, "ended_at": {"time_setup_models_and_sims.TimeBuildDFN.time_setup_DFN": 1643253629196, "time_setup_models_and_sims.TimeBuildDFNSimulation.time_setup_DFN_simulation": 1643253631311, "time_setup_models_and_sims.TimeBuildSPM.time_setup_SPM": 1643253632921, "time_setup_models_and_sims.TimeBuildSPMSimulation.time_setup_SPM_simulation": 1643253634734, "time_setup_models_and_sims.TimeBuildSPMe.time_setup_SPMe": 1643253637247, "time_setup_models_and_sims.TimeBuildSPMeSimulation.time_setup_SPMe_simulation": 1643253639462, "time_solve_models.TimeSolveDFN.time_solve_model": 1643253657630, "time_solve_models.TimeSolveSPM.time_solve_model": 1643253662503, "time_solve_models.TimeSolveSPMe.time_solve_model": 1643253669834}, "benchmark_version": {"time_setup_models_and_sims.TimeBuildDFN.time_setup_DFN": "5f322e51e6b7e66125ee6949bdf25746005db467e8ffcfdcb3ace170e92bbc3d", "time_setup_models_and_sims.TimeBuildDFNSimulation.time_setup_DFN_simulation": "8de44bc542fa7d4ba28a80f24414a9444b5436673aaebba674918f5f0bfd0ebb", "time_setup_models_and_sims.TimeBuildSPM.time_setup_SPM": "0d0b3f5c67fc2da9a5794c66b70af5a45a09558d1ee95f738745385adb84fbca", "time_setup_models_and_sims.TimeBuildSPMSimulation.time_setup_SPM_simulation": "161220a99418ce4487cc29325cbae897f28d0e44ae07e1dfbfaac2cbc53a4ff9", "time_setup_models_and_sims.TimeBuildSPMe.time_setup_SPMe": "6083f5ff944353395eb4b21c97b02af555fe6528de3cd5283f5e139943945235", "time_setup_models_and_sims.TimeBuildSPMeSimulation.time_setup_SPMe_simulation": "530563cb559427795e3648d9648df9250ae100b7721f69eec356bdda7798c55e", "time_solve_models.TimeSolveDFN.time_solve_model": "914137228e20e5900cec36b0d3865f1faa2f5d479c7d6c2539514791f9ec4430", "time_solve_models.TimeSolveSPM.time_solve_model": "ef1bb5f8d1ddfa59650e20438c4b252d73e5a062714848ce1d6d5269382bc598", "time_solve_models.TimeSolveSPMe.time_solve_model": "20672028872f4620ce85e909bae705d9490de441e926510b2b0e53ff0881d87b"}, "version": 1}