{"results": {"time_setup_models_and_sims.TimeBuildDFN.time_setup_DFN": {"result": [0.42582373749999647], "stats": [{"ci_99": [0.41460435999999845, 0.4466939480000178], "q_25": 0.4217219290000074, "q_75": 0.42985970050001043, "min": 0.41460435999999845, "max": 0.4466939480000178, "mean": 0.42701690120000535, "std": 0.009260479136380697, "repeat": 10, "number": 1}]}, "time_setup_models_and_sims.TimeBuildDFNSimulation.time_setup_DFN_simulation": {"result": [0.07849300200000187, 0.19361441900001353], "stats": [{"ci_99": [0.07655412099998671, 0.08650532499999031], "q_25": 0.07730243824999405, "q_75": 0.08038132900001216, "min": 0.07655412099998671, "max": 0.08650532499999031, "mean": 0.07932506159999661, "std": 0.002899996619238085, "repeat": 10, "number": 1}, {"ci_99": [0.18853528299999311, 0.2076575620000085], "q_25": 0.191662840250018, "q_75": 0.1965880067500052, "min": 0.18853528299999311, "max": 0.2076575620000085, "mean": 0.19475859560000686, "std": 0.005324519335120004, "repeat": 10, "number": 1}], "params": [["False", "True"]]}, "time_setup_models_and_sims.TimeBuildSPM.time_setup_SPM": {"result": [0.2279141285000037], "stats": [{"ci_99": [0.21755739400001062, 0.23853407300001095], "q_25": 0.22263366299999632, "q_75": 0.23446825049998665, "min": 0.21755739400001062, "max": 0.23853407300001095, "mean": 0.22836585999999953, "std": 0.006953263075057995, "repeat": 10, "number": 1}]}, "time_setup_models_and_sims.TimeBuildSPMSimulation.time_setup_SPM_simulation": {"result": [0.06956499149998763, 0.16059289599999715], "stats": [{"ci_99": [0.06549583299999995, 0.07350214799998867], "q_25": 0.0668401752500074, "q_75": 0.07140579150001969, "min": 0.06549583299999995, "max": 0.07350214799998867, "mean": 0.06942927079999776, "std": 0.0026948489836839374, "repeat": 10, "number": 1}, {"ci_99": [0.1570986780000112, 0.17122630900001923], "q_25": 0.15890539550000682, "q_75": 0.16260849175001368, "min": 0.1570986780000112, "max": 0.17122630900001923, "mean": 0.16187792870000237, "std": 0.004427804272681678, "repeat": 10, "number": 1}], "params": [["False", "True"]]}, "time_setup_models_and_sims.TimeBuildSPMe.time_setup_SPMe": {"result": [0.36153791800001045], "stats": [{"ci_99": [0.3526093559999879, 0.38879823300001704], "q_25": 0.3577230767500055, "q_75": 0.363807500500009, "min": 0.3526093559999879, "max": 0.38879823300001704, "mean": 0.3634448551000048, "std": 0.00952248203550999, "repeat": 10, "number": 1}]}, "time_setup_models_and_sims.TimeBuildSPMeSimulation.time_setup_SPMe_simulation": {"result": [0.0873865545000001, 0.21719773199998826], "stats": [{"ci_99": [0.08342372399999931, 0.09745988199998123], "q_25": 0.08619554925000017, "q_75": 0.08994593500000292, "min": 0.08342372399999931, "max": 0.09745988199998123, "mean": 0.08841081669999937, "std": 0.0038777753773459396, "repeat": 10, "number": 1}, {"ci_99": [0.2084367570000154, 0.22706970900000556], "q_25": 0.21103067599999292, "q_75": 0.22197488650000707, "min": 0.2084367570000154, "max": 0.22706970900000556, "mean": 0.21668529990000138, "std": 0.006206558657416251, "repeat": 10, "number": 1}], "params": [["False", "True"]]}, "time_solve_models.TimeSolveDFN.time_solve_model": {"result": [0.5288747535000056, 0.6956772840000127], "stats": [{"ci_99": [0.5153558430000089, 0.562978424000022], "q_25": 0.5197171995000005, "q_75": 0.5406528742499788, "min": 0.5153558430000089, "max": 0.562978424000022, "mean": 0.5314677135000011, "std": 0.014428328501727638, "repeat": 10, "number": 1}, {"ci_99": [0.6855381199999897, 0.7123245370000006], "q_25": 0.6903408955000074, "q_75": 0.6977130882499907, "min": 0.6855381199999897, "max": 0.7123245370000006, "mean": 0.6949278891000006, "std": 0.007320295200664254, "repeat": 10, "number": 1}], "params": [["True", "False"]]}, "time_solve_models.TimeSolveSPM.time_solve_model": {"result": [0.0206712995000089, 0.041204247999999666], "stats": [{"ci_99": [0.01898826100000406, 0.022291241000004902], "q_25": 0.019692349249993413, "q_75": 0.0213584632499888, "min": 0.01898826100000406, "max": 0.022291241000004902, "mean": 0.020567306700002064, "std": 0.0010233505515578156, "repeat": 10, "number": 1}, {"ci_99": [0.03842233299999975, 0.04535479000000464], "q_25": 0.0403604722499864, "q_75": 0.0431008162499964, "min": 0.03842233299999975, "max": 0.04535479000000464, "mean": 0.0416991262999943, "std": 0.0021759084051741627, "repeat": 10, "number": 1}], "params": [["True", "False"]]}, "time_solve_models.TimeSolveSPMe.time_solve_model": {"result": [0.02886849849998896, 0.07398707050001008], "stats": [{"ci_99": [0.027782872000017278, 0.032187061000001904], "q_25": 0.028165327000003515, "q_75": 0.029283800750008027, "min": 0.027782872000017278, "max": 0.032187061000001904, "mean": 0.029113559600000373, "std": 0.0012708660732240395, "repeat": 10, "number": 1}, {"ci_99": [0.06743269399999008, 0.08123362000000611], "q_25": 0.0711208590000183, "q_75": 0.07688687874999545, "min": 0.06743269399999008, "max": 0.08123362000000611, "mean": 0.07423601030000385, "std": 0.004215997842167368, "repeat": 10, "number": 1}], "params": [["True", "False"]]}}, "params": {"machine": "GitHubRunner", "python": "3.8"}, "requirements": {}, "commit_hash": "33c6d787d1455ac56a08ab228d2c51b9ba65240c", "date": 1643031705000, "env_name": "virtualenv-py3.8", "python": "3.8", "profiles": {}, "started_at": {"time_setup_models_and_sims.TimeBuildDFN.time_setup_DFN": 1643512773009, "time_setup_models_and_sims.TimeBuildDFNSimulation.time_setup_DFN_simulation": 1643512775875, "time_setup_models_and_sims.TimeBuildSPM.time_setup_SPM": 1643512777944, "time_setup_models_and_sims.TimeBuildSPMSimulation.time_setup_SPM_simulation": 1643512779605, "time_setup_models_and_sims.TimeBuildSPMe.time_setup_SPMe": 1643512781372, "time_setup_models_and_sims.TimeBuildSPMeSimulation.time_setup_SPMe_simulation": 1643512783835, "time_solve_models.TimeSolveDFN.time_solve_model": 1643512786050, "time_solve_models.TimeSolveSPM.time_solve_model": 1643512804575, "time_solve_models.TimeSolveSPMe.time_solve_model": 1643512809601}, "ended_at": {"time_setup_models_and_sims.TimeBuildDFN.time_setup_DFN": 1643512775875, "time_setup_models_and_sims.TimeBuildDFNSimulation.time_setup_DFN_simulation": 1643512777942, "time_setup_models_and_sims.TimeBuildSPM.time_setup_SPM": 1643512779605, "time_setup_models_and_sims.TimeBuildSPMSimulation.time_setup_SPM_simulation": 1643512781372, "time_setup_models_and_sims.TimeBuildSPMe.time_setup_SPMe": 1643512783835, "time_setup_models_and_sims.TimeBuildSPMeSimulation.time_setup_SPMe_simulation": 1643512786050, "time_solve_models.TimeSolveDFN.time_solve_model": 1643512804574, "time_solve_models.TimeSolveSPM.time_solve_model": 1643512809600, "time_solve_models.TimeSolveSPMe.time_solve_model": 1643512817037}, "benchmark_version": {"time_setup_models_and_sims.TimeBuildDFN.time_setup_DFN": "5f322e51e6b7e66125ee6949bdf25746005db467e8ffcfdcb3ace170e92bbc3d", "time_setup_models_and_sims.TimeBuildDFNSimulation.time_setup_DFN_simulation": "8de44bc542fa7d4ba28a80f24414a9444b5436673aaebba674918f5f0bfd0ebb", "time_setup_models_and_sims.TimeBuildSPM.time_setup_SPM": "0d0b3f5c67fc2da9a5794c66b70af5a45a09558d1ee95f738745385adb84fbca", "time_setup_models_and_sims.TimeBuildSPMSimulation.time_setup_SPM_simulation": "161220a99418ce4487cc29325cbae897f28d0e44ae07e1dfbfaac2cbc53a4ff9", "time_setup_models_and_sims.TimeBuildSPMe.time_setup_SPMe": "6083f5ff944353395eb4b21c97b02af555fe6528de3cd5283f5e139943945235", "time_setup_models_and_sims.TimeBuildSPMeSimulation.time_setup_SPMe_simulation": "530563cb559427795e3648d9648df9250ae100b7721f69eec356bdda7798c55e", "time_solve_models.TimeSolveDFN.time_solve_model": "914137228e20e5900cec36b0d3865f1faa2f5d479c7d6c2539514791f9ec4430", "time_solve_models.TimeSolveSPM.time_solve_model": "ef1bb5f8d1ddfa59650e20438c4b252d73e5a062714848ce1d6d5269382bc598", "time_solve_models.TimeSolveSPMe.time_solve_model": "20672028872f4620ce85e909bae705d9490de441e926510b2b0e53ff0881d87b"}, "version": 1}