{"results": {"time_setup_models_and_sims.TimeBuildDFN.time_setup_DFN": {"result": [0.4257809934999983], "stats": [{"ci_99": [0.4238401570000008, 0.4304936559999959], "q_25": 0.42450128500000517, "q_75": 0.4295438957500046, "min": 0.4238401570000008, "max": 0.4304936559999959, "mean": 0.42674555350000104, "std": 0.002542763837109076, "repeat": 10, "number": 1}]}, "time_setup_models_and_sims.TimeBuildDFNSimulation.time_setup_DFN_simulation": {"result": [0.08156608200000193, 0.19430738350001064], "stats": [{"ci_99": [0.08056597999998871, 0.08410450899999944], "q_25": 0.08109128400000998, "q_75": 0.08189187099999629, "min": 0.08056597999998871, "max": 0.08410450899999944, "mean": 0.08169301829999967, "std": 0.0009520769862081093, "repeat": 10, "number": 1}, {"ci_99": [0.19290294800001107, 0.20080937199999482], "q_25": 0.19402328900000043, "q_75": 0.1969253964999922, "min": 0.19290294800001107, "max": 0.20080937199999482, "mean": 0.19558348760000116, "std": 0.0023292480950709285, "repeat": 10, "number": 1}], "params": [["False", "True"]]}, "time_setup_models_and_sims.TimeBuildSPM.time_setup_SPM": {"result": [0.22078425000000124], "stats": [{"ci_99": [0.2198950009999976, 0.22290251300000818], "q_25": 0.22034367600000593, "q_75": 0.22215583124999938, "min": 0.2198950009999976, "max": 0.22290251300000818, "mean": 0.22123909150000146, "std": 0.0011050526728909624, "repeat": 10, "number": 1}]}, "time_setup_models_and_sims.TimeBuildSPMSimulation.time_setup_SPM_simulation": {"result": [0.06940645049999716, 0.16275795499998935], "stats": [{"ci_99": [0.06889460800002212, 0.07026236000000097], "q_25": 0.06932279800000174, "q_75": 0.06993709725000485, "min": 0.06889460800002212, "max": 0.07026236000000097, "mean": 0.06956839470000062, "std": 0.00041708127068557007, "repeat": 10, "number": 1}, {"ci_99": [0.16119194300000572, 0.16640889399999992], "q_25": 0.1621890682500009, "q_75": 0.16318095174997893, "min": 0.16119194300000572, "max": 0.16640889399999992, "mean": 0.16293649729999515, "std": 0.0013344034063318565, "repeat": 10, "number": 1}], "params": [["False", "True"]]}, "time_setup_models_and_sims.TimeBuildSPMe.time_setup_SPMe": {"result": [0.36247733900000156], "stats": [{"ci_99": [0.3610113750000039, 0.3652471180000134], "q_25": 0.3621043795000176, "q_75": 0.36406609174999716, "min": 0.3610113750000039, "max": 0.3652471180000134, "mean": 0.3629928958000036, "std": 0.0012834488408860721, "repeat": 10, "number": 1}]}, "time_setup_models_and_sims.TimeBuildSPMeSimulation.time_setup_SPMe_simulation": {"result": [0.08725169750000106, 0.21608218699999782], "stats": [{"ci_99": [0.08645114000000831, 0.09162001500000372], "q_25": 0.08691469550000264, "q_75": 0.08789488299999348, "min": 0.08645114000000831, "max": 0.09162001500000372, "mean": 0.0880386805000029, "std": 0.0018315209305286707, "repeat": 10, "number": 1}, {"ci_99": [0.21419702499997584, 0.22023570499999323], "q_25": 0.21578714274998845, "q_75": 0.2169631040000013, "min": 0.21419702499997584, "max": 0.22023570499999323, "mean": 0.21657327999999296, "std": 0.0016610705140702184, "repeat": 10, "number": 1}], "params": [["False", "True"]]}, "time_solve_models.TimeSolveDFN.time_solve_model": {"result": [0.5079484434999983, 0.6662492999999969], "stats": [{"ci_99": [0.5048918180000044, 0.5107762399999842], "q_25": 0.5067910949999828, "q_75": 0.5087306637500077, "min": 0.5048918180000044, "max": 0.5107762399999842, "mean": 0.5078428906999974, "std": 0.0015415753223919136, "repeat": 10, "number": 1}, {"ci_99": [0.6585423840000004, 0.6708528700000045], "q_25": 0.6649957690000008, "q_75": 0.6680609277500054, "min": 0.6585423840000004, "max": 0.6708528700000045, "mean": 0.6657296528000017, "std": 0.003536739031344909, "repeat": 10, "number": 1}], "params": [["True", "False"]]}, "time_solve_models.TimeSolveSPM.time_solve_model": {"result": [0.019447411999991004, 0.04019485249999377], "stats": [{"ci_99": [0.01931746500000031, 0.019578569000003654], "q_25": 0.01940961249998452, "q_75": 0.01946737100000462, "min": 0.01931746500000031, "max": 0.019578569000003654, "mean": 0.019436199899993768, "std": 7.020975300764663e-05, "repeat": 10, "number": 1}, {"ci_99": [0.03995713800000544, 0.04042844500000342], "q_25": 0.04014850275000015, "q_75": 0.040216541750005774, "min": 0.03995713800000544, "max": 0.04042844500000342, "mean": 0.04020163719999914, "std": 0.00012243459903314965, "repeat": 10, "number": 1}], "params": [["True", "False"]]}, "time_solve_models.TimeSolveSPMe.time_solve_model": {"result": [0.028669687999993698, 0.07020945450000227], "stats": [{"ci_99": [0.02859358500001008, 0.02961600099999373], "q_25": 0.02862943800000295, "q_75": 0.028720519750002893, "min": 0.02859358500001008, "max": 0.02961600099999373, "mean": 0.028762742000000684, "std": 0.00028905731269297357, "repeat": 10, "number": 1}, {"ci_99": [0.06995254800000339, 0.07128126599999973], "q_25": 0.07006200000000007, "q_75": 0.07040058175000752, "min": 0.06995254800000339, "max": 0.07128126599999973, "mean": 0.07030241420000038, "std": 0.00036430215552729807, "repeat": 10, "number": 1}], "params": [["True", "False"]]}}, "params": {"machine": "GitHubRunner", "python": "3.8"}, "requirements": {}, "commit_hash": "33c6d787d1455ac56a08ab228d2c51b9ba65240c", "date": 1643031705000, "env_name": "virtualenv-py3.8", "python": "3.8", "profiles": {}, "started_at": {"time_setup_models_and_sims.TimeBuildDFN.time_setup_DFN": 1643167204547, "time_setup_models_and_sims.TimeBuildDFNSimulation.time_setup_DFN_simulation": 1643167207360, "time_setup_models_and_sims.TimeBuildSPM.time_setup_SPM": 1643167209423, "time_setup_models_and_sims.TimeBuildSPMSimulation.time_setup_SPM_simulation": 1643167210982, "time_setup_models_and_sims.TimeBuildSPMe.time_setup_SPMe": 1643167212795, "time_setup_models_and_sims.TimeBuildSPMeSimulation.time_setup_SPMe_simulation": 1643167215256, "time_solve_models.TimeSolveDFN.time_solve_model": 1643167217420, "time_solve_models.TimeSolveSPM.time_solve_model": 1643167235329, "time_solve_models.TimeSolveSPMe.time_solve_model": 1643167240100}, "ended_at": {"time_setup_models_and_sims.TimeBuildDFN.time_setup_DFN": 1643167207359, "time_setup_models_and_sims.TimeBuildDFNSimulation.time_setup_DFN_simulation": 1643167209422, "time_setup_models_and_sims.TimeBuildSPM.time_setup_SPM": 1643167210981, "time_setup_models_and_sims.TimeBuildSPMSimulation.time_setup_SPM_simulation": 1643167212794, "time_setup_models_and_sims.TimeBuildSPMe.time_setup_SPMe": 1643167215256, "time_setup_models_and_sims.TimeBuildSPMeSimulation.time_setup_SPMe_simulation": 1643167217419, "time_solve_models.TimeSolveDFN.time_solve_model": 1643167235329, "time_solve_models.TimeSolveSPM.time_solve_model": 1643167240100, "time_solve_models.TimeSolveSPMe.time_solve_model": 1643167247378}, "benchmark_version": {"time_setup_models_and_sims.TimeBuildDFN.time_setup_DFN": "5f322e51e6b7e66125ee6949bdf25746005db467e8ffcfdcb3ace170e92bbc3d", "time_setup_models_and_sims.TimeBuildDFNSimulation.time_setup_DFN_simulation": "8de44bc542fa7d4ba28a80f24414a9444b5436673aaebba674918f5f0bfd0ebb", "time_setup_models_and_sims.TimeBuildSPM.time_setup_SPM": "0d0b3f5c67fc2da9a5794c66b70af5a45a09558d1ee95f738745385adb84fbca", "time_setup_models_and_sims.TimeBuildSPMSimulation.time_setup_SPM_simulation": "161220a99418ce4487cc29325cbae897f28d0e44ae07e1dfbfaac2cbc53a4ff9", "time_setup_models_and_sims.TimeBuildSPMe.time_setup_SPMe": "6083f5ff944353395eb4b21c97b02af555fe6528de3cd5283f5e139943945235", "time_setup_models_and_sims.TimeBuildSPMeSimulation.time_setup_SPMe_simulation": "530563cb559427795e3648d9648df9250ae100b7721f69eec356bdda7798c55e", "time_solve_models.TimeSolveDFN.time_solve_model": "914137228e20e5900cec36b0d3865f1faa2f5d479c7d6c2539514791f9ec4430", "time_solve_models.TimeSolveSPM.time_solve_model": "ef1bb5f8d1ddfa59650e20438c4b252d73e5a062714848ce1d6d5269382bc598", "time_solve_models.TimeSolveSPMe.time_solve_model": "20672028872f4620ce85e909bae705d9490de441e926510b2b0e53ff0881d87b"}, "version": 1}