{"results": {"time_setup_models_and_sims.TimeBuildDFN.time_setup_DFN": {"result": [0.5134783289999802], "stats": [{"ci_99": [0.5092126179999923, 0.5202156020000075], "q_25": 0.5113044494999741, "q_75": 0.5169491677500062, "min": 0.5092126179999923, "max": 0.5202156020000075, "mean": 0.5142524589999965, "std": 0.0036091306737222615, "repeat": 10, "number": 1}]}, "time_setup_models_and_sims.TimeBuildDFNSimulation.time_setup_DFN_simulation": {"result": [0.095579607000019, 0.2302372279999645], "stats": [{"ci_99": [0.09426382800000965, 0.10120444799997586], "q_25": 0.0952177864999868, "q_75": 0.09818031524999782, "min": 0.09426382800000965, "max": 0.10120444799997586, "mean": 0.09662453110000228, "std": 0.0022792663518538007, "repeat": 10, "number": 1}, {"ci_99": [0.22792127200000323, 0.23216398099998514], "q_25": 0.22887274399998603, "q_75": 0.2306229340000101, "min": 0.22792127200000323, "max": 0.23216398099998514, "mean": 0.2300155318999913, "std": 0.0013987995752749937, "repeat": 10, "number": 1}], "params": [["False", "True"]]}, "time_setup_models_and_sims.TimeBuildSPM.time_setup_SPM": {"result": [0.26383944300002327], "stats": [{"ci_99": [0.2612403219999919, 0.2688029249999886], "q_25": 0.26266320474996974, "q_75": 0.26575798724995536, "min": 0.2612403219999919, "max": 0.2688029249999886, "mean": 0.2642229643999883, "std": 0.0022256404311216896, "repeat": 10, "number": 1}]}, "time_setup_models_and_sims.TimeBuildSPMSimulation.time_setup_SPM_simulation": {"result": [0.08293998799999258, 0.19334418500002926], "stats": [{"ci_99": [0.08129910000002383, 0.08758756299999959], "q_25": 0.0825107550000439, "q_75": 0.08436359524998238, "min": 0.08129910000002383, "max": 0.08758756299999959, "mean": 0.08353061360000424, "std": 0.001737467325085119, "repeat": 10, "number": 1}, {"ci_99": [0.1906474249999519, 0.19545872899999495], "q_25": 0.19212428824995698, "q_75": 0.19441082724999603, "min": 0.1906474249999519, "max": 0.19545872899999495, "mean": 0.19322814159999666, "std": 0.0014186299357976562, "repeat": 10, "number": 1}], "params": [["False", "True"]]}, "time_setup_models_and_sims.TimeBuildSPMe.time_setup_SPMe": {"result": [0.43436563299997033], "stats": [{"ci_99": [0.4319308589999764, 0.43781206399995654], "q_25": 0.43283384499999045, "q_75": 0.43505918924998355, "min": 0.4319308589999764, "max": 0.43781206399995654, "mean": 0.43434392929999033, "std": 0.0018434202365605946, "repeat": 10, "number": 1}]}, "time_setup_models_and_sims.TimeBuildSPMeSimulation.time_setup_SPMe_simulation": {"result": [0.10341275600001154, 0.25703496150001115], "stats": [{"ci_99": [0.10220790899995791, 0.10961319799997682], "q_25": 0.10308403850001469, "q_75": 0.10397115424999015, "min": 0.10220790899995791, "max": 0.10961319799997682, "mean": 0.10444053229999213, "std": 0.0025239717597641343, "repeat": 10, "number": 1}, {"ci_99": [0.2546868789999621, 0.2657165830000281], "q_25": 0.25594251725003403, "q_75": 0.2584103059999876, "min": 0.2546868789999621, "max": 0.2657165830000281, "mean": 0.25780785050000077, "std": 0.0029966066412859442, "repeat": 10, "number": 1}], "params": [["False", "True"]]}, "time_solve_models.TimeSolveDFN.time_solve_model": {"result": [0.6286919214999784, 0.8208312864999812], "stats": [{"ci_99": [0.6249479109999925, 0.641266115999997], "q_25": 0.6271152352499882, "q_75": 0.631803234500012, "min": 0.6249479109999925, "max": 0.641266115999997, "mean": 0.6300943438999923, "std": 0.004866902170766948, "repeat": 10, "number": 1}, {"ci_99": [0.8127443310000331, 0.8245405860000119], "q_25": 0.8171726594999882, "q_75": 0.8216824480000184, "min": 0.8127443310000331, "max": 0.8245405860000119, "mean": 0.8196466913999985, "std": 0.0035314729949347833, "repeat": 10, "number": 1}], "params": [["True", "False"]]}, "time_solve_models.TimeSolveSPM.time_solve_model": {"result": [0.023555310500000814, 0.048944153500002585], "stats": [{"ci_99": [0.023437329000046248, 0.02359088899999051], "q_25": 0.02353372074999527, "q_75": 0.023570564000010563, "min": 0.023437329000046248, "max": 0.02359088899999051, "mean": 0.023545488100006652, "std": 4.199275723060273e-05, "repeat": 10, "number": 1}, {"ci_99": [0.048596962999965854, 0.04949928599995701], "q_25": 0.04879468149999866, "q_75": 0.04913079100002449, "min": 0.048596962999965854, "max": 0.04949928599995701, "mean": 0.049004495499997344, "std": 0.0002940069516554304, "repeat": 10, "number": 1}], "params": [["True", "False"]]}, "time_solve_models.TimeSolveSPMe.time_solve_model": {"result": [0.03514663300001075, 0.08565097249999098], "stats": [{"ci_99": [0.03498740899999575, 0.03533263799999986], "q_25": 0.035036974500002316, "q_75": 0.03528202149999515, "min": 0.03498740899999575, "max": 0.03533263799999986, "mean": 0.03515564319999385, "std": 0.00012608059419241864, "repeat": 10, "number": 1}, {"ci_99": [0.08526484600002959, 0.08976258199999165], "q_25": 0.08546229275000883, "q_75": 0.08607059199997025, "min": 0.08526484600002959, "max": 0.08976258199999165, "mean": 0.08609383629999456, "std": 0.001257692487189535, "repeat": 10, "number": 1}], "params": [["True", "False"]]}}, "params": {"machine": "GitHubRunner", "python": "3.8"}, "requirements": {}, "commit_hash": "33c6d787d1455ac56a08ab228d2c51b9ba65240c", "date": 1643031705000, "env_name": "virtualenv-py3.8", "python": "3.8", "profiles": {}, "started_at": {"time_setup_models_and_sims.TimeBuildDFN.time_setup_DFN": 1643599228087, "time_setup_models_and_sims.TimeBuildDFNSimulation.time_setup_DFN_simulation": 1643599231505, "time_setup_models_and_sims.TimeBuildSPM.time_setup_SPM": 1643599233824, "time_setup_models_and_sims.TimeBuildSPMSimulation.time_setup_SPM_simulation": 1643599235686, "time_setup_models_and_sims.TimeBuildSPMe.time_setup_SPMe": 1643599237806, "time_setup_models_and_sims.TimeBuildSPMeSimulation.time_setup_SPMe_simulation": 1643599240772, "time_solve_models.TimeSolveDFN.time_solve_model": 1643599243343, "time_solve_models.TimeSolveSPM.time_solve_model": 1643599265230, "time_solve_models.TimeSolveSPMe.time_solve_model": 1643599270971}, "ended_at": {"time_setup_models_and_sims.TimeBuildDFN.time_setup_DFN": 1643599231504, "time_setup_models_and_sims.TimeBuildDFNSimulation.time_setup_DFN_simulation": 1643599233823, "time_setup_models_and_sims.TimeBuildSPM.time_setup_SPM": 1643599235685, "time_setup_models_and_sims.TimeBuildSPMSimulation.time_setup_SPM_simulation": 1643599237804, "time_setup_models_and_sims.TimeBuildSPMe.time_setup_SPMe": 1643599240772, "time_setup_models_and_sims.TimeBuildSPMeSimulation.time_setup_SPMe_simulation": 1643599243342, "time_solve_models.TimeSolveDFN.time_solve_model": 1643599265229, "time_solve_models.TimeSolveSPM.time_solve_model": 1643599270970, "time_solve_models.TimeSolveSPMe.time_solve_model": 1643599279663}, "benchmark_version": {"time_setup_models_and_sims.TimeBuildDFN.time_setup_DFN": "5f322e51e6b7e66125ee6949bdf25746005db467e8ffcfdcb3ace170e92bbc3d", "time_setup_models_and_sims.TimeBuildDFNSimulation.time_setup_DFN_simulation": "8de44bc542fa7d4ba28a80f24414a9444b5436673aaebba674918f5f0bfd0ebb", "time_setup_models_and_sims.TimeBuildSPM.time_setup_SPM": "0d0b3f5c67fc2da9a5794c66b70af5a45a09558d1ee95f738745385adb84fbca", "time_setup_models_and_sims.TimeBuildSPMSimulation.time_setup_SPM_simulation": "161220a99418ce4487cc29325cbae897f28d0e44ae07e1dfbfaac2cbc53a4ff9", "time_setup_models_and_sims.TimeBuildSPMe.time_setup_SPMe": "6083f5ff944353395eb4b21c97b02af555fe6528de3cd5283f5e139943945235", "time_setup_models_and_sims.TimeBuildSPMeSimulation.time_setup_SPMe_simulation": "530563cb559427795e3648d9648df9250ae100b7721f69eec356bdda7798c55e", "time_solve_models.TimeSolveDFN.time_solve_model": "914137228e20e5900cec36b0d3865f1faa2f5d479c7d6c2539514791f9ec4430", "time_solve_models.TimeSolveSPM.time_solve_model": "ef1bb5f8d1ddfa59650e20438c4b252d73e5a062714848ce1d6d5269382bc598", "time_solve_models.TimeSolveSPMe.time_solve_model": "20672028872f4620ce85e909bae705d9490de441e926510b2b0e53ff0881d87b"}, "version": 1}