{"results": {"time_setup_models_and_sims.TimeBuildDFN.time_setup_DFN": {"result": [0.9023533415002021], "stats": [{"ci_99": [0.8745142520001536, 0.9208903849994385], "q_25": 0.8914819247504511, "q_75": 0.9104380740000124, "min": 0.8745142520001536, "max": 0.9208903849994385, "mean": 0.9005004687001928, "std": 0.013821747374018003, "repeat": 10, "number": 1}]}, "time_setup_models_and_sims.TimeBuildDFNSimulation.time_setup_DFN_simulation": {"result": [0.07867726399990715, 0.17051682249984879], "stats": [{"ci_99": [0.0765100500002518, 0.08257889100059401], "q_25": 0.07765558024948405, "q_75": 0.08084773125028732, "min": 0.0765100500002518, "max": 0.08257889100059401, "mean": 0.07922914809996655, "std": 0.0019266908633228576, "repeat": 10, "number": 1}, {"ci_99": [0.1536692990002848, 0.18527053199977672], "q_25": 0.16089800100053253, "q_75": 0.17528788550043828, "min": 0.1536692990002848, "max": 0.18527053199977672, "mean": 0.16955012600010377, "std": 0.00987111127377098, "repeat": 10, "number": 1}], "params": [["False", "True"]]}, "time_setup_models_and_sims.TimeBuildSPM.time_setup_SPM": {"result": [0.66243836249987], "stats": [{"ci_99": [0.6303451320000022, 0.6708099949992175], "q_25": 0.641773667750158, "q_75": 0.6688679372502975, "min": 0.6303451320000022, "max": 0.6708099949992175, "mean": 0.6555544290999933, "std": 0.015665392879477304, "repeat": 10, "number": 1}]}, "time_setup_models_and_sims.TimeBuildSPMSimulation.time_setup_SPM_simulation": {"result": [0.25203610600010506, 0.48012598000013895], "stats": [{"ci_99": [0.2271614330002194, 0.2618685709994679], "q_25": 0.24773520350026956, "q_75": 0.252962440499914, "min": 0.2271614330002194, "max": 0.2618685709994679, "mean": 0.2493871771999693, "std": 0.009228938016912826, "repeat": 10, "number": 1}, {"ci_99": [0.45401184299953457, 0.4945398540003225], "q_25": 0.47610382150037367, "q_75": 0.48761755399982576, "min": 0.45401184299953457, "max": 0.4945398540003225, "mean": 0.4791425133001212, "std": 0.011707689956557408, "repeat": 10, "number": 1}], "params": [["False", "True"]]}, "time_setup_models_and_sims.TimeBuildSPMe.time_setup_SPMe": {"result": [0.7930306300004304], "stats": [{"ci_99": [0.7445511169999008, 0.813447542999711], "q_25": 0.7720131625003432, "q_75": 0.7988877302495894, "min": 0.7445511169999008, "max": 0.813447542999711, "mean": 0.7845388292000279, "std": 0.022052405264312656, "repeat": 10, "number": 1}]}, "time_setup_models_and_sims.TimeBuildSPMeSimulation.time_setup_SPMe_simulation": {"result": [0.10356279149982583, 0.19438113800015344], "stats": [{"ci_99": [0.09667159399941738, 0.11402391399951739], "q_25": 0.10057742200024222, "q_75": 0.10663323649964696, "min": 0.09667159399941738, "max": 0.11402391399951739, "mean": 0.10452483839981142, "std": 0.005447883695111941, "repeat": 10, "number": 1}, {"ci_99": [0.18956575300035183, 0.20885530000032304], "q_25": 0.1915882490002332, "q_75": 0.19766251800001555, "min": 0.18956575300035183, "max": 0.20885530000032304, "mean": 0.19631034590020136, "std": 0.006567308363940279, "repeat": 10, "number": 1}], "params": [["False", "True"]]}, "time_solve_models.TimeSolveDFN.time_solve_model": {"result": [0.9933724074994643, 1.1947991910001292], "stats": [{"ci_99": [0.9685346532699056, 1.0172798887294832], "q_25": 0.9801893017495331, "q_75": 1.0026186574996245, "min": 0.9740895509994516, "max": 1.0151135860005525, "mean": 0.9929072709996944, "std": 0.014504212771837876, "repeat": 6, "number": 1}, {"ci_99": [1.177024739999979, 1.2169094729997596], "q_25": 1.185544562750465, "q_75": 1.2033309657499558, "min": 1.177024739999979, "max": 1.2169094729997596, "mean": 1.1961505133750734, "std": 0.01358232745006739, "repeat": 8, "number": 1}], "params": [["True", "False"]]}, "time_solve_models.TimeSolveSPM.time_solve_model": {"result": [0.05641875350011105, 0.09989716349991795], "stats": [{"ci_99": [0.05447748999995383, 0.058308216000114044], "q_25": 0.055549196749780094, "q_75": 0.057112907250257194, "min": 0.05447748999995383, "max": 0.058308216000114044, "mean": 0.0564676435000365, "std": 0.0011739354107363896, "repeat": 10, "number": 1}, {"ci_99": [0.09518317800029763, 0.12265187800039712], "q_25": 0.09873123150009633, "q_75": 0.10072009249961411, "min": 0.09518317800029763, "max": 0.12265187800039712, "mean": 0.10206140889995367, "std": 0.0074635600451218075, "repeat": 10, "number": 1}], "params": [["True", "False"]]}, "time_solve_models.TimeSolveSPMe.time_solve_model": {"result": [0.08231213750013922, 0.1561988640000891], "stats": [{"ci_99": [0.07548823800061655, 0.08609341600003972], "q_25": 0.07822955749998073, "q_75": 0.08400707624946335, "min": 0.07548823800061655, "max": 0.08609341600003972, "mean": 0.08142495119991508, "std": 0.0034171066289829487, "repeat": 10, "number": 1}, {"ci_99": [0.14217611700041743, 0.16774329300005775], "q_25": 0.14746135400059757, "q_75": 0.16127869799993277, "min": 0.14217611700041743, "max": 0.16774329300005775, "mean": 0.15444928170018102, "std": 0.008389981535347554, "repeat": 10, "number": 1}], "params": [["True", "False"]]}}, "params": {"machine": "GitHubRunner", "python": "3.8"}, "requirements": {}, "commit_hash": "33e22789da09bf1415c92c8424a70c7ef9db1bb7", "date": 1604452343000, "env_name": "virtualenv-py3.8", "python": "3.8", "profiles": {}, "started_at": {"time_setup_models_and_sims.TimeBuildDFN.time_setup_DFN": 1613146743654, "time_setup_models_and_sims.TimeBuildDFNSimulation.time_setup_DFN_simulation": 1613146749326, "time_setup_models_and_sims.TimeBuildSPM.time_setup_SPM": 1613146751190, "time_setup_models_and_sims.TimeBuildSPMSimulation.time_setup_SPM_simulation": 1613146755407, "time_setup_models_and_sims.TimeBuildSPMe.time_setup_SPMe": 1613146760381, "time_setup_models_and_sims.TimeBuildSPMeSimulation.time_setup_SPMe_simulation": 1613146765500, "time_solve_models.TimeSolveDFN.time_solve_model": 1613146767666, "time_solve_models.TimeSolveSPM.time_solve_model": 1613146792209, "time_solve_models.TimeSolveSPMe.time_solve_model": 1613146803603}, "ended_at": {"time_setup_models_and_sims.TimeBuildDFN.time_setup_DFN": 1613146749326, "time_setup_models_and_sims.TimeBuildDFNSimulation.time_setup_DFN_simulation": 1613146751189, "time_setup_models_and_sims.TimeBuildSPM.time_setup_SPM": 1613146755406, "time_setup_models_and_sims.TimeBuildSPMSimulation.time_setup_SPM_simulation": 1613146760380, "time_setup_models_and_sims.TimeBuildSPMe.time_setup_SPMe": 1613146765500, "time_setup_models_and_sims.TimeBuildSPMeSimulation.time_setup_SPMe_simulation": 1613146767665, "time_solve_models.TimeSolveDFN.time_solve_model": 1613146792208, "time_solve_models.TimeSolveSPM.time_solve_model": 1613146803602, "time_solve_models.TimeSolveSPMe.time_solve_model": 1613146817654}, "benchmark_version": {"time_setup_models_and_sims.TimeBuildDFN.time_setup_DFN": "5f322e51e6b7e66125ee6949bdf25746005db467e8ffcfdcb3ace170e92bbc3d", "time_setup_models_and_sims.TimeBuildDFNSimulation.time_setup_DFN_simulation": "8de44bc542fa7d4ba28a80f24414a9444b5436673aaebba674918f5f0bfd0ebb", "time_setup_models_and_sims.TimeBuildSPM.time_setup_SPM": "0d0b3f5c67fc2da9a5794c66b70af5a45a09558d1ee95f738745385adb84fbca", "time_setup_models_and_sims.TimeBuildSPMSimulation.time_setup_SPM_simulation": "161220a99418ce4487cc29325cbae897f28d0e44ae07e1dfbfaac2cbc53a4ff9", "time_setup_models_and_sims.TimeBuildSPMe.time_setup_SPMe": "6083f5ff944353395eb4b21c97b02af555fe6528de3cd5283f5e139943945235", "time_setup_models_and_sims.TimeBuildSPMeSimulation.time_setup_SPMe_simulation": "530563cb559427795e3648d9648df9250ae100b7721f69eec356bdda7798c55e", "time_solve_models.TimeSolveDFN.time_solve_model": "914137228e20e5900cec36b0d3865f1faa2f5d479c7d6c2539514791f9ec4430", "time_solve_models.TimeSolveSPM.time_solve_model": "ef1bb5f8d1ddfa59650e20438c4b252d73e5a062714848ce1d6d5269382bc598", "time_solve_models.TimeSolveSPMe.time_solve_model": "20672028872f4620ce85e909bae705d9490de441e926510b2b0e53ff0881d87b"}, "version": 1}