{"results": {"time_setup_models_and_sims.TimeBuildDFN.time_setup_DFN": {"result": [0.9089760245005891], "stats": [{"ci_99": [0.8854593039995962, 0.9501750729996274], "q_25": 0.907960665999326, "q_75": 0.9299839514997075, "min": 0.8854593039995962, "max": 0.9501750729996274, "mean": 0.9154749312998319, "std": 0.01997472473645749, "repeat": 10, "number": 1}]}, "time_setup_models_and_sims.TimeBuildDFNSimulation.time_setup_DFN_simulation": {"result": [0.09988887200051977, 0.2098839684995255], "stats": [{"ci_99": [0.09537948999968648, 0.10162263500023982], "q_25": 0.09868286325036024, "q_75": 0.10072015350033325, "min": 0.09537948999968648, "max": 0.10162263500023982, "mean": 0.09949460940006247, "std": 0.0017165937496929102, "repeat": 10, "number": 1}, {"ci_99": [0.19451320699954522, 0.2178723759989225], "q_25": 0.20228798799962533, "q_75": 0.21493397975064, "min": 0.19451320699954522, "max": 0.2178723759989225, "mean": 0.20843663769992418, "std": 0.007375176661577416, "repeat": 10, "number": 1}], "params": [["False", "True"]]}, "time_setup_models_and_sims.TimeBuildSPM.time_setup_SPM": {"result": [0.6911222489989086], "stats": [{"ci_99": [0.6536754279986781, 0.7175402889988618], "q_25": 0.6688799380008277, "q_75": 0.7092524800004867, "min": 0.6536754279986781, "max": 0.7175402889988618, "mean": 0.6887740016996758, "std": 0.022797412762942757, "repeat": 10, "number": 1}]}, "time_setup_models_and_sims.TimeBuildSPMSimulation.time_setup_SPM_simulation": {"result": [0.2654690199997276, 0.5450773920001666], "stats": [{"ci_99": [0.26103108800089103, 0.2845924590001232], "q_25": 0.26285127599976477, "q_75": 0.2688010687506903, "min": 0.26103108800089103, "max": 0.2845924590001232, "mean": 0.26756735519993524, "std": 0.007042453658938868, "repeat": 10, "number": 1}, {"ci_99": [0.49816060299963283, 0.5637605780011654], "q_25": 0.5177122197496828, "q_75": 0.5482007897494441, "min": 0.49816060299963283, "max": 0.5637605780011654, "mean": 0.5356491642000037, "std": 0.02052676228511484, "repeat": 10, "number": 1}], "params": [["False", "True"]]}, "time_setup_models_and_sims.TimeBuildSPMe.time_setup_SPMe": {"result": [0.8137037850001434], "stats": [{"ci_99": [0.780378743998881, 0.8686280829988391], "q_25": 0.7923365062501944, "q_75": 0.8327413732513378, "min": 0.780378743998881, "max": 0.8686280829988391, "mean": 0.8166353163998792, "std": 0.027762003510395053, "repeat": 10, "number": 1}]}, "time_setup_models_and_sims.TimeBuildSPMeSimulation.time_setup_SPMe_simulation": {"result": [0.13596193299963488, 0.2621006954996119], "stats": [{"ci_99": [0.12805582599867193, 0.1432851360004861], "q_25": 0.13032861774991034, "q_75": 0.1381170482500238, "min": 0.12805582599867193, "max": 0.1432851360004861, "mean": 0.13503140629982227, "std": 0.004849400821669381, "repeat": 10, "number": 1}, {"ci_99": [0.24827909499981615, 0.2819753399999172], "q_25": 0.2521037487504145, "q_75": 0.2687801692504763, "min": 0.24827909499981615, "max": 0.2819753399999172, "mean": 0.26196943480008483, "std": 0.0105928855479501, "repeat": 10, "number": 1}], "params": [["False", "True"]]}, "time_solve_models.TimeSolveDFN.time_solve_model": {"result": [1.3238190744996245, 1.4950652624993381], "stats": [{"ci_99": [1.2551841770000465, 1.362774829844345], "q_25": 1.2890397975011183, "q_75": 1.3348112540002148, "min": 1.2551841770000465, "max": 1.3451674290008668, "mean": 1.3106519623336983, "std": 0.03276288832249398, "repeat": 6, "number": 1}, {"ci_99": [1.4672998120004195, 1.5514490219993604], "q_25": 1.48082188474973, "q_75": 1.5250849292501698, "min": 1.4672998120004195, "max": 1.5514490219993604, "mean": 1.5030512956248003, "std": 0.02923918241215556, "repeat": 8, "number": 1}], "params": [["True", "False"]]}, "time_solve_models.TimeSolveSPM.time_solve_model": {"result": [0.06876354749965685, 0.11062810049952532], "stats": [{"ci_99": [0.06605257800038089, 0.07518504400104575], "q_25": 0.06793324124873834, "q_75": 0.0716294427502362, "min": 0.06605257800038089, "max": 0.07518504400104575, "mean": 0.06971268409997719, "std": 0.003076562074733587, "repeat": 10, "number": 1}, {"ci_99": [0.10890358799952082, 0.1277782239994849], "q_25": 0.10991531999979998, "q_75": 0.11251501325023128, "min": 0.10890358799952082, "max": 0.1277782239994849, "mean": 0.11325663909992727, "std": 0.005785303607077665, "repeat": 10, "number": 1}], "params": [["True", "False"]]}, "time_solve_models.TimeSolveSPMe.time_solve_model": {"result": [0.10739922650009248, 0.18811596049908985], "stats": [{"ci_99": [0.10461905699958152, 0.1188540599996486], "q_25": 0.10679424675072369, "q_75": 0.10904733875077, "min": 0.10461905699958152, "max": 0.1188540599996486, "mean": 0.10927376020008524, "std": 0.004313856387647666, "repeat": 10, "number": 1}, {"ci_99": [0.1718590430009499, 0.19962574299825064], "q_25": 0.1781028382497425, "q_75": 0.1895451454997783, "min": 0.1718590430009499, "max": 0.19962574299825064, "mean": 0.18590924449963495, "std": 0.00865557371759629, "repeat": 10, "number": 1}], "params": [["True", "False"]]}}, "params": {"machine": "GitHubRunner", "python": "3.8"}, "requirements": {}, "commit_hash": "3701026b0ee99a030df1e8ef009d2e895ba02daf", "date": 1591029231000, "env_name": "virtualenv-py3.8", "python": "3.8", "profiles": {}, "started_at": {"time_setup_models_and_sims.TimeBuildDFN.time_setup_DFN": 1613152992516, "time_setup_models_and_sims.TimeBuildDFNSimulation.time_setup_DFN_simulation": 1613152998236, "time_setup_models_and_sims.TimeBuildSPM.time_setup_SPM": 1613153000301, "time_setup_models_and_sims.TimeBuildSPMSimulation.time_setup_SPM_simulation": 1613153004818, "time_setup_models_and_sims.TimeBuildSPMe.time_setup_SPMe": 1613153009947, "time_setup_models_and_sims.TimeBuildSPMeSimulation.time_setup_SPMe_simulation": 1613153015117, "time_solve_models.TimeSolveDFN.time_solve_model": 1613153017682, "time_solve_models.TimeSolveSPM.time_solve_model": 1613153046334, "time_solve_models.TimeSolveSPMe.time_solve_model": 1613153058629}, "ended_at": {"time_setup_models_and_sims.TimeBuildDFN.time_setup_DFN": 1613152998236, "time_setup_models_and_sims.TimeBuildDFNSimulation.time_setup_DFN_simulation": 1613153000300, "time_setup_models_and_sims.TimeBuildSPM.time_setup_SPM": 1613153004817, "time_setup_models_and_sims.TimeBuildSPMSimulation.time_setup_SPM_simulation": 1613153009947, "time_setup_models_and_sims.TimeBuildSPMe.time_setup_SPMe": 1613153015116, "time_setup_models_and_sims.TimeBuildSPMeSimulation.time_setup_SPMe_simulation": 1613153017681, "time_solve_models.TimeSolveDFN.time_solve_model": 1613153046333, "time_solve_models.TimeSolveSPM.time_solve_model": 1613153058628, "time_solve_models.TimeSolveSPMe.time_solve_model": 1613153073889}, "benchmark_version": {"time_setup_models_and_sims.TimeBuildDFN.time_setup_DFN": "5f322e51e6b7e66125ee6949bdf25746005db467e8ffcfdcb3ace170e92bbc3d", "time_setup_models_and_sims.TimeBuildDFNSimulation.time_setup_DFN_simulation": "8de44bc542fa7d4ba28a80f24414a9444b5436673aaebba674918f5f0bfd0ebb", "time_setup_models_and_sims.TimeBuildSPM.time_setup_SPM": "0d0b3f5c67fc2da9a5794c66b70af5a45a09558d1ee95f738745385adb84fbca", "time_setup_models_and_sims.TimeBuildSPMSimulation.time_setup_SPM_simulation": "161220a99418ce4487cc29325cbae897f28d0e44ae07e1dfbfaac2cbc53a4ff9", "time_setup_models_and_sims.TimeBuildSPMe.time_setup_SPMe": "6083f5ff944353395eb4b21c97b02af555fe6528de3cd5283f5e139943945235", "time_setup_models_and_sims.TimeBuildSPMeSimulation.time_setup_SPMe_simulation": "530563cb559427795e3648d9648df9250ae100b7721f69eec356bdda7798c55e", "time_solve_models.TimeSolveDFN.time_solve_model": "914137228e20e5900cec36b0d3865f1faa2f5d479c7d6c2539514791f9ec4430", "time_solve_models.TimeSolveSPM.time_solve_model": "ef1bb5f8d1ddfa59650e20438c4b252d73e5a062714848ce1d6d5269382bc598", "time_solve_models.TimeSolveSPMe.time_solve_model": "20672028872f4620ce85e909bae705d9490de441e926510b2b0e53ff0881d87b"}, "version": 1}