{"results": {"time_setup_models_and_sims.TimeBuildDFN.time_setup_DFN": {"result": [0.6701915809999974], "stats": [{"ci_99": [0.6510357800000008, 0.7123413649999861], "q_25": 0.6618847262500012, "q_75": 0.7001445099999977, "min": 0.6510357800000008, "max": 0.7123413649999861, "mean": 0.6790548996999959, "std": 0.020703032164136083, "repeat": 10, "number": 1}]}, "time_setup_models_and_sims.TimeBuildDFNSimulation.time_setup_DFN_simulation": {"result": [0.20031348600000598, 0.4769585574999837], "stats": [{"ci_99": [0.1934917210000009, 0.21554411400001072], "q_25": 0.19906217399999804, "q_75": 0.20320252474999023, "min": 0.1934917210000009, "max": 0.21554411400001072, "mean": 0.20181830320000102, "std": 0.005672236943844482, "repeat": 10, "number": 1}, {"ci_99": [0.4642693460000089, 0.4967861750000111], "q_25": 0.4668442009999971, "q_75": 0.48906989274999546, "min": 0.4642693460000089, "max": 0.4967861750000111, "mean": 0.4785537288999947, "std": 0.011929012423887936, "repeat": 10, "number": 1}], "params": [["False", "True"]]}, "time_setup_models_and_sims.TimeBuildSPM.time_setup_SPM": {"result": [0.4746222670000009], "stats": [{"ci_99": [0.4652652580000023, 0.48976373899999714], "q_25": 0.4707205335000033, "q_75": 0.4849287762500012, "min": 0.4652652580000023, "max": 0.48976373899999714, "mean": 0.4770648879000007, "std": 0.007923600247162783, "repeat": 10, "number": 1}]}, "time_setup_models_and_sims.TimeBuildSPMSimulation.time_setup_SPM_simulation": {"result": [0.2504946699999877, 0.5404940230000008], "stats": [{"ci_99": [0.23781660699998497, 0.2632906000000048], "q_25": 0.24166316225000273, "q_75": 0.25511642950001345, "min": 0.23781660699998497, "max": 0.2632906000000048, "mean": 0.2494203564999978, "std": 0.008381533744001255, "repeat": 10, "number": 1}, {"ci_99": [0.5290491769999903, 0.5487176710000057], "q_25": 0.5363083977499876, "q_75": 0.541496913500005, "min": 0.5290491769999903, "max": 0.5487176710000057, "mean": 0.5393433473000016, "std": 0.00502912433830458, "repeat": 10, "number": 1}], "params": [["False", "True"]]}, "time_setup_models_and_sims.TimeBuildSPMe.time_setup_SPMe": {"result": [0.6262881465000021], "stats": [{"ci_99": [0.6138349779999999, 0.6449805750000053], "q_25": 0.6161885472500046, "q_75": 0.6381993092499982, "min": 0.6138349779999999, "max": 0.6449805750000053, "mean": 0.6273543286000034, "std": 0.01165984186130103, "repeat": 10, "number": 1}]}, "time_setup_models_and_sims.TimeBuildSPMeSimulation.time_setup_SPMe_simulation": {"result": [0.22936759950000862, 0.5454888725000018], "stats": [{"ci_99": [0.22497522899999467, 0.24751363299998275], "q_25": 0.22804334124999315, "q_75": 0.2370308252500095, "min": 0.22497522899999467, "max": 0.24751363299998275, "mean": 0.23245531649999976, "std": 0.006695890525472865, "repeat": 10, "number": 1}, {"ci_99": [0.5290670850000083, 0.5574885180000138], "q_25": 0.5432722994999963, "q_75": 0.5508344309999913, "min": 0.5290670850000083, "max": 0.5574885180000138, "mean": 0.5451917131000016, "std": 0.007985408238650217, "repeat": 10, "number": 1}], "params": [["False", "True"]]}, "time_solve_models.TimeSolveDFN.time_solve_model": {"result": [0.5950717175000051, 0.775471392500009], "stats": [{"ci_99": [0.589576118999986, 0.6017793979999908], "q_25": 0.5930176197500003, "q_75": 0.5974570592500044, "min": 0.589576118999986, "max": 0.6017793979999908, "mean": 0.5952698026999969, "std": 0.0036109126441701703, "repeat": 10, "number": 1}, {"ci_99": [0.7620174360000078, 0.8095183080000083], "q_25": 0.7704706194999886, "q_75": 0.7802327217499965, "min": 0.7620174360000078, "max": 0.8095183080000083, "mean": 0.7778322904000049, "std": 0.012412860727101044, "repeat": 10, "number": 1}], "params": [["True", "False"]]}, "time_solve_models.TimeSolveSPM.time_solve_model": {"result": [0.02463333699999737, 0.05060785199999884], "stats": [{"ci_99": [0.02413245600001801, 0.028094500999998218], "q_25": 0.024565769999988163, "q_75": 0.024995612250009458, "min": 0.02413245600001801, "max": 0.028094500999998218, "mean": 0.02499240720000273, "std": 0.0010730512512411874, "repeat": 10, "number": 1}, {"ci_99": [0.049602646000010964, 0.052823654999997416], "q_25": 0.04976560600000113, "q_75": 0.05147545924999264, "min": 0.049602646000010964, "max": 0.052823654999997416, "mean": 0.05078997090000144, "std": 0.0011109097819569477, "repeat": 10, "number": 1}], "params": [["True", "False"]]}, "time_solve_models.TimeSolveSPMe.time_solve_model": {"result": [0.03550815650000061, 0.08619430150000085], "stats": [{"ci_99": [0.03460327799999163, 0.037624771999986706], "q_25": 0.03504023674999246, "q_75": 0.03560825574999171, "min": 0.03460327799999163, "max": 0.037624771999986706, "mean": 0.03571679099999301, "std": 0.0010019217995958605, "repeat": 10, "number": 1}, {"ci_99": [0.08389819100000295, 0.08792621500001019], "q_25": 0.08462218800003996, "q_75": 0.08681044499998336, "min": 0.08389819100000295, "max": 0.08792621500001019, "mean": 0.08583988540000576, "std": 0.0013134978909608976, "repeat": 10, "number": 1}], "params": [["True", "False"]]}}, "params": {"machine": "GitHubRunner", "python": "3.8"}, "requirements": {}, "commit_hash": "375fd53edc7131fb947de92896d677699be4f473", "date": 1636648496000, "env_name": "virtualenv-py3.8", "python": "3.8", "profiles": {}, "started_at": {"time_setup_models_and_sims.TimeBuildDFN.time_setup_DFN": 1636687344195, "time_setup_models_and_sims.TimeBuildDFNSimulation.time_setup_DFN_simulation": 1636687348610, "time_setup_models_and_sims.TimeBuildSPM.time_setup_SPM": 1636687353129, "time_setup_models_and_sims.TimeBuildSPMSimulation.time_setup_SPM_simulation": 1636687356390, "time_setup_models_and_sims.TimeBuildSPMe.time_setup_SPMe": 1636687361560, "time_setup_models_and_sims.TimeBuildSPMeSimulation.time_setup_SPMe_simulation": 1636687365725, "time_solve_models.TimeSolveDFN.time_solve_model": 1636687370845, "time_solve_models.TimeSolveSPM.time_solve_model": 1636687395061, "time_solve_models.TimeSolveSPMe.time_solve_model": 1636687404391}, "ended_at": {"time_setup_models_and_sims.TimeBuildDFN.time_setup_DFN": 1636687348610, "time_setup_models_and_sims.TimeBuildDFNSimulation.time_setup_DFN_simulation": 1636687353128, "time_setup_models_and_sims.TimeBuildSPM.time_setup_SPM": 1636687356390, "time_setup_models_and_sims.TimeBuildSPMSimulation.time_setup_SPM_simulation": 1636687361559, "time_setup_models_and_sims.TimeBuildSPMe.time_setup_SPMe": 1636687365724, "time_setup_models_and_sims.TimeBuildSPMeSimulation.time_setup_SPMe_simulation": 1636687370844, "time_solve_models.TimeSolveDFN.time_solve_model": 1636687395060, "time_solve_models.TimeSolveSPM.time_solve_model": 1636687404391, "time_solve_models.TimeSolveSPMe.time_solve_model": 1636687416683}, "benchmark_version": {"time_setup_models_and_sims.TimeBuildDFN.time_setup_DFN": "5f322e51e6b7e66125ee6949bdf25746005db467e8ffcfdcb3ace170e92bbc3d", "time_setup_models_and_sims.TimeBuildDFNSimulation.time_setup_DFN_simulation": "8de44bc542fa7d4ba28a80f24414a9444b5436673aaebba674918f5f0bfd0ebb", "time_setup_models_and_sims.TimeBuildSPM.time_setup_SPM": "0d0b3f5c67fc2da9a5794c66b70af5a45a09558d1ee95f738745385adb84fbca", "time_setup_models_and_sims.TimeBuildSPMSimulation.time_setup_SPM_simulation": "161220a99418ce4487cc29325cbae897f28d0e44ae07e1dfbfaac2cbc53a4ff9", "time_setup_models_and_sims.TimeBuildSPMe.time_setup_SPMe": "6083f5ff944353395eb4b21c97b02af555fe6528de3cd5283f5e139943945235", "time_setup_models_and_sims.TimeBuildSPMeSimulation.time_setup_SPMe_simulation": "530563cb559427795e3648d9648df9250ae100b7721f69eec356bdda7798c55e", "time_solve_models.TimeSolveDFN.time_solve_model": "914137228e20e5900cec36b0d3865f1faa2f5d479c7d6c2539514791f9ec4430", "time_solve_models.TimeSolveSPM.time_solve_model": "ef1bb5f8d1ddfa59650e20438c4b252d73e5a062714848ce1d6d5269382bc598", "time_solve_models.TimeSolveSPMe.time_solve_model": "20672028872f4620ce85e909bae705d9490de441e926510b2b0e53ff0881d87b"}, "version": 1}