{"results": {"time_setup_models_and_sims.TimeBuildDFN.time_setup_DFN": {"result": [1.1795084144996508], "stats": [{"ci_99": [1.1486042399992584, 1.1920239460014272], "q_25": 1.1612886362490826, "q_75": 1.1864806937505818, "min": 1.1486042399992584, "max": 1.1920239460014272, "mean": 1.1741472526997314, "std": 0.014557734674976277, "repeat": 10, "number": 1}]}, "time_setup_models_and_sims.TimeBuildDFNSimulation.time_setup_DFN_simulation": {"result": [0.28291267700114986, 0.578064465999887], "stats": [{"ci_99": [0.26842303599914885, 0.311161761999756], "q_25": 0.2726326889996926, "q_75": 0.29116343925034016, "min": 0.26842303599914885, "max": 0.311161761999756, "mean": 0.2848630817001322, "std": 0.014242286066295422, "repeat": 10, "number": 1}, {"ci_99": [0.5526231920011924, 0.6218797170004109], "q_25": 0.5633558990007259, "q_75": 0.6031462594987715, "min": 0.5526231920011924, "max": 0.6218797170004109, "mean": 0.584173061599904, "std": 0.024132812675436294, "repeat": 10, "number": 1}], "params": [["False", "True"]]}, "time_setup_models_and_sims.TimeBuildSPM.time_setup_SPM": {"result": [0.8012206985004013], "stats": [{"ci_99": [0.7728874080003152, 0.8678038210000523], "q_25": 0.7761514222497681, "q_75": 0.847661959249308, "min": 0.7728874080003152, "max": 0.8678038210000523, "mean": 0.8122351213000002, "std": 0.03651164794363969, "repeat": 10, "number": 1}]}, "time_setup_models_and_sims.TimeBuildSPMSimulation.time_setup_SPM_simulation": {"result": [0.3927085139994233, 0.7555204490008691], "stats": [{"ci_99": [0.3647228649988392, 0.4127022280008532], "q_25": 0.3837035572496461, "q_75": 0.3992169692501193, "min": 0.3647228649988392, "max": 0.4127022280008532, "mean": 0.39169816599969637, "std": 0.012827080026668266, "repeat": 10, "number": 1}, {"ci_99": [0.6951713679991371, 0.7917014469985588], "q_25": 0.7232794054998521, "q_75": 0.7789846384994235, "min": 0.6951713679991371, "max": 0.7917014469985588, "mean": 0.749654574699889, "std": 0.03295365643411948, "repeat": 10, "number": 1}], "params": [["False", "True"]]}, "time_setup_models_and_sims.TimeBuildSPMe.time_setup_SPMe": {"result": [0.9741452264997861], "stats": [{"ci_99": [0.9476430149989028, 1.0505977570010145], "q_25": 0.9684922962496785, "q_75": 1.0060546427498593, "min": 0.9476430149989028, "max": 1.0505977570010145, "mean": 0.9897606826998526, "std": 0.031285688080867534, "repeat": 10, "number": 1}]}, "time_setup_models_and_sims.TimeBuildSPMeSimulation.time_setup_SPMe_simulation": {"result": [0.32130081100058305, 0.6125730659996407], "stats": [{"ci_99": [0.2966962460013747, 0.33694912899954943], "q_25": 0.3113370770001893, "q_75": 0.3246623077498043, "min": 0.2966962460013747, "max": 0.33694912899954943, "mean": 0.3188093530003243, "std": 0.011929679304339186, "repeat": 10, "number": 1}, {"ci_99": [0.5714770240010694, 0.644315634999657], "q_25": 0.5936563640002532, "q_75": 0.6329979310003182, "min": 0.5714770240010694, "max": 0.644315634999657, "mean": 0.6114245073997153, "std": 0.02359651396641257, "repeat": 10, "number": 1}], "params": [["False", "True"]]}, "time_solve_models.TimeSolveDFN.time_solve_model": {"result": [1.407783650998681, 1.6344002414998613], "stats": [{"ci_99": [1.2940066625028095, 1.463092584697139], "q_25": 1.3285928450004576, "q_75": 1.4120313669991447, "min": 1.327196931000799, "max": 1.41714332400079, "mean": 1.3785496235999743, "std": 0.04146783807928905, "repeat": 5, "number": 1}, {"ci_99": [1.5538256943034139, 1.7148521820311362], "q_25": 1.594619392000368, "q_75": 1.677783064250434, "min": 1.5721145670013357, "max": 1.6915154650014301, "mean": 1.634338938167275, "std": 0.046503516833591135, "repeat": 6, "number": 1}], "params": [["True", "False"]]}, "time_solve_models.TimeSolveSPM.time_solve_model": {"result": [0.06593379700007063, 0.11852974000066752], "stats": [{"ci_99": [0.06006155299837701, 0.07012502500037954], "q_25": 0.061846587749187165, "q_75": 0.0688682667505418, "min": 0.06006155299837701, "max": 0.07012502500037954, "mean": 0.06548609199981001, "std": 0.003623600545604033, "repeat": 10, "number": 1}, {"ci_99": [0.10599709300004179, 0.12711335099993448], "q_25": 0.10978287249963614, "q_75": 0.12195026974904977, "min": 0.10599709300004179, "max": 0.12711335099993448, "mean": 0.11647776469981182, "std": 0.0069679277950450095, "repeat": 10, "number": 1}], "params": [["True", "False"]]}, "time_solve_models.TimeSolveSPMe.time_solve_model": {"result": [0.10848446399995737, 0.1815346564999345], "stats": [{"ci_99": [0.1042433800012077, 0.12127360599879466], "q_25": 0.10612369499995111, "q_75": 0.11215426949956964, "min": 0.1042433800012077, "max": 0.12127360599879466, "mean": 0.10968646299988905, "std": 0.004995581493842088, "repeat": 10, "number": 1}, {"ci_99": [0.17209158600053343, 0.20794175299852213], "q_25": 0.17340278024994404, "q_75": 0.19090762899895708, "min": 0.17209158600053343, "max": 0.20794175299852213, "mean": 0.18352282619980542, "std": 0.01125671584919904, "repeat": 10, "number": 1}], "params": [["True", "False"]]}}, "params": {"machine": "GitHubRunner", "python": "3.8"}, "requirements": {}, "commit_hash": "377fc45e60c168a61749374fdec0bab63c0b86cb", "date": 1598953014000, "env_name": "virtualenv-py3.8", "python": "3.8", "profiles": {}, "started_at": {"time_setup_models_and_sims.TimeBuildDFN.time_setup_DFN": 1613149663482, "time_setup_models_and_sims.TimeBuildDFNSimulation.time_setup_DFN_simulation": 1613149670908, "time_setup_models_and_sims.TimeBuildSPM.time_setup_SPM": 1613149676484, "time_setup_models_and_sims.TimeBuildSPMSimulation.time_setup_SPM_simulation": 1613149681754, "time_setup_models_and_sims.TimeBuildSPMe.time_setup_SPMe": 1613149689035, "time_setup_models_and_sims.TimeBuildSPMeSimulation.time_setup_SPMe_simulation": 1613149695308, "time_solve_models.TimeSolveDFN.time_solve_model": 1613149701291, "time_solve_models.TimeSolveSPM.time_solve_model": 1613149726977, "time_solve_models.TimeSolveSPMe.time_solve_model": 1613149741250}, "ended_at": {"time_setup_models_and_sims.TimeBuildDFN.time_setup_DFN": 1613149670908, "time_setup_models_and_sims.TimeBuildDFNSimulation.time_setup_DFN_simulation": 1613149676483, "time_setup_models_and_sims.TimeBuildSPM.time_setup_SPM": 1613149681754, "time_setup_models_and_sims.TimeBuildSPMSimulation.time_setup_SPM_simulation": 1613149689034, "time_setup_models_and_sims.TimeBuildSPMe.time_setup_SPMe": 1613149695308, "time_setup_models_and_sims.TimeBuildSPMeSimulation.time_setup_SPMe_simulation": 1613149701290, "time_solve_models.TimeSolveDFN.time_solve_model": 1613149726976, "time_solve_models.TimeSolveSPM.time_solve_model": 1613149741249, "time_solve_models.TimeSolveSPMe.time_solve_model": 1613149759169}, "benchmark_version": {"time_setup_models_and_sims.TimeBuildDFN.time_setup_DFN": "5f322e51e6b7e66125ee6949bdf25746005db467e8ffcfdcb3ace170e92bbc3d", "time_setup_models_and_sims.TimeBuildDFNSimulation.time_setup_DFN_simulation": "8de44bc542fa7d4ba28a80f24414a9444b5436673aaebba674918f5f0bfd0ebb", "time_setup_models_and_sims.TimeBuildSPM.time_setup_SPM": "0d0b3f5c67fc2da9a5794c66b70af5a45a09558d1ee95f738745385adb84fbca", "time_setup_models_and_sims.TimeBuildSPMSimulation.time_setup_SPM_simulation": "161220a99418ce4487cc29325cbae897f28d0e44ae07e1dfbfaac2cbc53a4ff9", "time_setup_models_and_sims.TimeBuildSPMe.time_setup_SPMe": "6083f5ff944353395eb4b21c97b02af555fe6528de3cd5283f5e139943945235", "time_setup_models_and_sims.TimeBuildSPMeSimulation.time_setup_SPMe_simulation": "530563cb559427795e3648d9648df9250ae100b7721f69eec356bdda7798c55e", "time_solve_models.TimeSolveDFN.time_solve_model": "914137228e20e5900cec36b0d3865f1faa2f5d479c7d6c2539514791f9ec4430", "time_solve_models.TimeSolveSPM.time_solve_model": "ef1bb5f8d1ddfa59650e20438c4b252d73e5a062714848ce1d6d5269382bc598", "time_solve_models.TimeSolveSPMe.time_solve_model": "20672028872f4620ce85e909bae705d9490de441e926510b2b0e53ff0881d87b"}, "version": 1}