{"results": {"time_setup_models_and_sims.TimeBuildDFN.time_setup_DFN": {"result": [0.4716491670000096], "stats": [{"ci_99": [0.4391367169999967, 0.5024070199999926], "q_25": 0.44118713500000695, "q_75": 0.49882249375000143, "min": 0.4391367169999967, "max": 0.5024070199999926, "mean": 0.4707026574000011, "std": 0.028638327591032346, "repeat": 10, "number": 1}]}, "time_setup_models_and_sims.TimeBuildDFNSimulation.time_setup_DFN_simulation": {"result": [0.10868497299999547, 0.2663144634999952], "stats": [{"ci_99": [0.09972736700001406, 0.11821577000000616], "q_25": 0.1041499807500017, "q_75": 0.1142279952499976, "min": 0.09972736700001406, "max": 0.11821577000000616, "mean": 0.10892352210000097, "std": 0.006498195093689858, "repeat": 10, "number": 1}, {"ci_99": [0.2490072639999994, 0.2827590440000023], "q_25": 0.25175551325000356, "q_75": 0.28114473299999077, "min": 0.2490072639999994, "max": 0.2827590440000023, "mean": 0.26623153919999965, "std": 0.014633122753899316, "repeat": 10, "number": 1}], "params": [["False", "True"]]}, "time_setup_models_and_sims.TimeBuildSPM.time_setup_SPM": {"result": [0.287949974], "stats": [{"ci_99": [0.26574997299999836, 0.30954591799999776], "q_25": 0.26803548000000177, "q_75": 0.30519578974999817, "min": 0.26574997299999836, "max": 0.30954591799999776, "mean": 0.2871806600999989, "std": 0.019131309033691084, "repeat": 10, "number": 1}]}, "time_setup_models_and_sims.TimeBuildSPMSimulation.time_setup_SPM_simulation": {"result": [0.1294310535000065, 0.29564996900000295], "stats": [{"ci_99": [0.11655306299999779, 0.14237992900000052], "q_25": 0.12225700149999597, "q_75": 0.13980818724999722, "min": 0.11655306299999779, "max": 0.14237992900000052, "mean": 0.12993974429999894, "std": 0.009764850307844328, "repeat": 10, "number": 1}, {"ci_99": [0.26557773299998644, 0.3149331539999878], "q_25": 0.2730618757500025, "q_75": 0.3134770932499933, "min": 0.26557773299998644, "max": 0.3149331539999878, "mean": 0.2926620033999967, "std": 0.021049214993545895, "repeat": 10, "number": 1}], "params": [["False", "True"]]}, "time_setup_models_and_sims.TimeBuildSPMe.time_setup_SPMe": {"result": [0.40451365750000434], "stats": [{"ci_99": [0.3726318120000087, 0.4376091090000074], "q_25": 0.3766400169999926, "q_75": 0.4354494682500025, "min": 0.3726318120000087, "max": 0.4376091090000074, "mean": 0.4055871744000015, "std": 0.029646921526254453, "repeat": 10, "number": 1}]}, "time_setup_models_and_sims.TimeBuildSPMeSimulation.time_setup_SPMe_simulation": {"result": [0.12113395600000132, 0.29697219799999885], "stats": [{"ci_99": [0.10781228499999429, 0.1343021240000013], "q_25": 0.11426775699999325, "q_75": 0.13035784625000701, "min": 0.10781228499999429, "max": 0.1343021240000013, "mean": 0.12137375730000315, "std": 0.009355966316083283, "repeat": 10, "number": 1}, {"ci_99": [0.273884594000009, 0.32221611500000336], "q_25": 0.27545535525000275, "q_75": 0.32028420249999456, "min": 0.273884594000009, "max": 0.32221611500000336, "mean": 0.29764357509999967, "std": 0.022133803479577926, "repeat": 10, "number": 1}], "params": [["False", "True"]]}, "time_solve_models.TimeSolveDFN.time_solve_model": {"result": [0.4691051745000081, 0.6156376794999971], "stats": [{"ci_99": [0.43213436199999933, 0.5058985990000053], "q_25": 0.43546237950000233, "q_75": 0.5041317692500016, "min": 0.43213436199999933, "max": 0.5058985990000053, "mean": 0.46915850909999934, "std": 0.03470578342032304, "repeat": 10, "number": 1}, {"ci_99": [0.5641512950000163, 0.6659407270000202], "q_25": 0.5676796952499856, "q_75": 0.6616371715000007, "min": 0.5641512950000163, "max": 0.6659407270000202, "mean": 0.6150286333000011, "std": 0.04768784502893534, "repeat": 10, "number": 1}], "params": [["True", "False"]]}, "time_solve_models.TimeSolveSPM.time_solve_model": {"result": [0.017239287999998965, 0.03573826950000125], "stats": [{"ci_99": [0.016993535999972664, 0.01827832999998691], "q_25": 0.017150100999998585, "q_75": 0.017724612499996795, "min": 0.016993535999972664, "max": 0.01827832999998691, "mean": 0.0174277515999961, "std": 0.0004040022066405011, "repeat": 10, "number": 1}, {"ci_99": [0.03475414600001159, 0.03661589399999343], "q_25": 0.0355604512499923, "q_75": 0.03595422299999029, "min": 0.03475414600001159, "max": 0.03661589399999343, "mean": 0.03574458230000062, "std": 0.0005212538931555368, "repeat": 10, "number": 1}], "params": [["True", "False"]]}, "time_solve_models.TimeSolveSPMe.time_solve_model": {"result": [0.02549287150000623, 0.06171626599999058], "stats": [{"ci_99": [0.024720089999988204, 0.026443059000001767], "q_25": 0.025212751499999797, "q_75": 0.02573642449998914, "min": 0.024720089999988204, "max": 0.026443059000001767, "mean": 0.025504799999995952, "std": 0.0004978341993617666, "repeat": 10, "number": 1}, {"ci_99": [0.06066668799999775, 0.06249308499999984], "q_25": 0.061522444999994264, "q_75": 0.06194228524999801, "min": 0.06066668799999775, "max": 0.06249308499999984, "mean": 0.06172248339999555, "std": 0.0004939699507297435, "repeat": 10, "number": 1}], "params": [["True", "False"]]}}, "params": {"machine": "GitHubRunner", "python": "3.8"}, "requirements": {}, "commit_hash": "393ff5d3a7b63aaca6183c751fb55f7e3d755d78", "date": 1642436814000, "env_name": "virtualenv-py3.8", "python": "3.8", "profiles": {}, "started_at": {"time_setup_models_and_sims.TimeBuildDFN.time_setup_DFN": 1642648779524, "time_setup_models_and_sims.TimeBuildDFNSimulation.time_setup_DFN_simulation": 1642648782637, "time_setup_models_and_sims.TimeBuildSPM.time_setup_SPM": 1642648785254, "time_setup_models_and_sims.TimeBuildSPMSimulation.time_setup_SPM_simulation": 1642648787214, "time_setup_models_and_sims.TimeBuildSPMe.time_setup_SPMe": 1642648790081, "time_setup_models_and_sims.TimeBuildSPMeSimulation.time_setup_SPMe_simulation": 1642648792742, "time_solve_models.TimeSolveDFN.time_solve_model": 1642648795509, "time_solve_models.TimeSolveSPM.time_solve_model": 1642648812519, "time_solve_models.TimeSolveSPMe.time_solve_model": 1642648818295}, "ended_at": {"time_setup_models_and_sims.TimeBuildDFN.time_setup_DFN": 1642648782637, "time_setup_models_and_sims.TimeBuildDFNSimulation.time_setup_DFN_simulation": 1642648785253, "time_setup_models_and_sims.TimeBuildSPM.time_setup_SPM": 1642648787213, "time_setup_models_and_sims.TimeBuildSPMSimulation.time_setup_SPM_simulation": 1642648790080, "time_setup_models_and_sims.TimeBuildSPMe.time_setup_SPMe": 1642648792742, "time_setup_models_and_sims.TimeBuildSPMeSimulation.time_setup_SPMe_simulation": 1642648795509, "time_solve_models.TimeSolveDFN.time_solve_model": 1642648812518, "time_solve_models.TimeSolveSPM.time_solve_model": 1642648818294, "time_solve_models.TimeSolveSPMe.time_solve_model": 1642648826282}, "benchmark_version": {"time_setup_models_and_sims.TimeBuildDFN.time_setup_DFN": "5f322e51e6b7e66125ee6949bdf25746005db467e8ffcfdcb3ace170e92bbc3d", "time_setup_models_and_sims.TimeBuildDFNSimulation.time_setup_DFN_simulation": "8de44bc542fa7d4ba28a80f24414a9444b5436673aaebba674918f5f0bfd0ebb", "time_setup_models_and_sims.TimeBuildSPM.time_setup_SPM": "0d0b3f5c67fc2da9a5794c66b70af5a45a09558d1ee95f738745385adb84fbca", "time_setup_models_and_sims.TimeBuildSPMSimulation.time_setup_SPM_simulation": "161220a99418ce4487cc29325cbae897f28d0e44ae07e1dfbfaac2cbc53a4ff9", "time_setup_models_and_sims.TimeBuildSPMe.time_setup_SPMe": "6083f5ff944353395eb4b21c97b02af555fe6528de3cd5283f5e139943945235", "time_setup_models_and_sims.TimeBuildSPMeSimulation.time_setup_SPMe_simulation": "530563cb559427795e3648d9648df9250ae100b7721f69eec356bdda7798c55e", "time_solve_models.TimeSolveDFN.time_solve_model": "914137228e20e5900cec36b0d3865f1faa2f5d479c7d6c2539514791f9ec4430", "time_solve_models.TimeSolveSPM.time_solve_model": "ef1bb5f8d1ddfa59650e20438c4b252d73e5a062714848ce1d6d5269382bc598", "time_solve_models.TimeSolveSPMe.time_solve_model": "20672028872f4620ce85e909bae705d9490de441e926510b2b0e53ff0881d87b"}, "version": 1}