{"results": {"time_setup_models_and_sims.TimeBuildDFN.time_setup_DFN": {"result": [0.500214114500011], "stats": [{"ci_99": [0.4956679339999823, 0.5078131509999935], "q_25": 0.4972388682500224, "q_75": 0.5052114792499651, "min": 0.4956679339999823, "max": 0.5078131509999935, "mean": 0.5010166927999933, "std": 0.004423878538576184, "repeat": 10, "number": 1}]}, "time_setup_models_and_sims.TimeBuildDFNSimulation.time_setup_DFN_simulation": {"result": [0.11538773249998258, 0.2809771004999959], "stats": [{"ci_99": [0.1113958260000345, 0.11849932699999499], "q_25": 0.11305469800001333, "q_75": 0.11721638400000245, "min": 0.1113958260000345, "max": 0.11849932699999499, "mean": 0.11521662030000357, "std": 0.0023624961363620535, "repeat": 10, "number": 1}, {"ci_99": [0.2784543579999763, 0.28359143199998016], "q_25": 0.2801193870000134, "q_75": 0.28263519499998324, "min": 0.2784543579999763, "max": 0.28359143199998016, "mean": 0.28118635069999415, "std": 0.001614380862192453, "repeat": 10, "number": 1}], "params": [["False", "True"]]}, "time_setup_models_and_sims.TimeBuildSPM.time_setup_SPM": {"result": [0.30820136650001473], "stats": [{"ci_99": [0.30406814299999496, 0.3121791490000305], "q_25": 0.3067708952499828, "q_75": 0.3110518575000185, "min": 0.30406814299999496, "max": 0.3121791490000305, "mean": 0.30844402409999816, "std": 0.002667478890927267, "repeat": 10, "number": 1}]}, "time_setup_models_and_sims.TimeBuildSPMSimulation.time_setup_SPM_simulation": {"result": [0.14156989649998764, 0.31455448200000546], "stats": [{"ci_99": [0.13579310000000078, 0.1443164030000048], "q_25": 0.13766560599999877, "q_75": 0.14250941974998454, "min": 0.13579310000000078, "max": 0.1443164030000048, "mean": 0.1404472544999976, "std": 0.002905159481220134, "repeat": 10, "number": 1}, {"ci_99": [0.3116970170000286, 0.31849964099995987], "q_25": 0.31314927750000265, "q_75": 0.3170147982499856, "min": 0.3116970170000286, "max": 0.31849964099995987, "mean": 0.315022358300007, "std": 0.0023875122456772043, "repeat": 10, "number": 1}], "params": [["False", "True"]]}, "time_setup_models_and_sims.TimeBuildSPMe.time_setup_SPMe": {"result": [0.4377351420000082], "stats": [{"ci_99": [0.43354005600002665, 0.44196404400003075], "q_25": 0.4353204472499925, "q_75": 0.4407290730000284, "min": 0.43354005600002665, "max": 0.44196404400003075, "mean": 0.4378259189000119, "std": 0.002927407340302796, "repeat": 10, "number": 1}]}, "time_setup_models_and_sims.TimeBuildSPMeSimulation.time_setup_SPMe_simulation": {"result": [0.13127908700002422, 0.3191342865000024], "stats": [{"ci_99": [0.12692722399998502, 0.13440905999999586], "q_25": 0.12910837574997913, "q_75": 0.13267538475002993, "min": 0.12692722399998502, "max": 0.13440905999999586, "mean": 0.13096329600001014, "std": 0.0024854020202074276, "repeat": 10, "number": 1}, {"ci_99": [0.3160129419999862, 0.3246546339999554], "q_25": 0.31734552675001737, "q_75": 0.32021542674998216, "min": 0.3160129419999862, "max": 0.3246546339999554, "mean": 0.3194223839999893, "std": 0.0027165512142502415, "repeat": 10, "number": 1}], "params": [["False", "True"]]}, "time_solve_models.TimeSolveDFN.time_solve_model": {"result": [0.5093386540000324, 0.6670035594999888], "stats": [{"ci_99": [0.5045181499999671, 0.5141818110000145], "q_25": 0.5081413074999546, "q_75": 0.5101513279999779, "min": 0.5045181499999671, "max": 0.5141818110000145, "mean": 0.5094219492999855, "std": 0.0024672563023281063, "repeat": 10, "number": 1}, {"ci_99": [0.6646186190000094, 0.6757084710000072], "q_25": 0.665550247750005, "q_75": 0.6691663217500263, "min": 0.6646186190000094, "max": 0.6757084710000072, "mean": 0.6681340775000024, "std": 0.003474063631449978, "repeat": 10, "number": 1}], "params": [["True", "False"]]}, "time_solve_models.TimeSolveSPM.time_solve_model": {"result": [0.019178427500008866, 0.04049344599999927], "stats": [{"ci_99": [0.019109479999997347, 0.01930737399999316], "q_25": 0.019153355999975474, "q_75": 0.01922385474999544, "min": 0.019109479999997347, "max": 0.01930737399999316, "mean": 0.019189922699996486, "std": 5.434464273618649e-05, "repeat": 10, "number": 1}, {"ci_99": [0.040263243000026705, 0.04080651300000682], "q_25": 0.04037125425003296, "q_75": 0.04064099024996892, "min": 0.040263243000026705, "max": 0.04080651300000682, "mean": 0.04050967800000649, "std": 0.00018531416158436038, "repeat": 10, "number": 1}], "params": [["True", "False"]]}, "time_solve_models.TimeSolveSPMe.time_solve_model": {"result": [0.028560752499998898, 0.07050206299996375], "stats": [{"ci_99": [0.02821631099999422, 0.028809907999971074], "q_25": 0.02829513724998378, "q_75": 0.028631909999973004, "min": 0.02821631099999422, "max": 0.028809907999971074, "mean": 0.02849115709998955, "std": 0.00020246808952458412, "repeat": 10, "number": 1}, {"ci_99": [0.06998167000000421, 0.0709253439999884], "q_25": 0.07018123975001345, "q_75": 0.07079527675001884, "min": 0.06998167000000421, "max": 0.0709253439999884, "mean": 0.07048084219999282, "std": 0.0003384786474008134, "repeat": 10, "number": 1}], "params": [["True", "False"]]}}, "params": {"machine": "GitHubRunner", "python": "3.8"}, "requirements": {}, "commit_hash": "393ff5d3a7b63aaca6183c751fb55f7e3d755d78", "date": 1642436814000, "env_name": "virtualenv-py3.8", "python": "3.8", "profiles": {}, "started_at": {"time_setup_models_and_sims.TimeBuildDFN.time_setup_DFN": 1642476222562, "time_setup_models_and_sims.TimeBuildDFNSimulation.time_setup_DFN_simulation": 1642476226027, "time_setup_models_and_sims.TimeBuildSPM.time_setup_SPM": 1642476228894, "time_setup_models_and_sims.TimeBuildSPMSimulation.time_setup_SPM_simulation": 1642476231104, "time_setup_models_and_sims.TimeBuildSPMe.time_setup_SPMe": 1642476234372, "time_setup_models_and_sims.TimeBuildSPMeSimulation.time_setup_SPMe_simulation": 1642476237485, "time_solve_models.TimeSolveDFN.time_solve_model": 1642476240702, "time_solve_models.TimeSolveSPM.time_solve_model": 1642476260367, "time_solve_models.TimeSolveSPMe.time_solve_model": 1642476266844}, "ended_at": {"time_setup_models_and_sims.TimeBuildDFN.time_setup_DFN": 1642476226027, "time_setup_models_and_sims.TimeBuildDFNSimulation.time_setup_DFN_simulation": 1642476228893, "time_setup_models_and_sims.TimeBuildSPM.time_setup_SPM": 1642476231104, "time_setup_models_and_sims.TimeBuildSPMSimulation.time_setup_SPM_simulation": 1642476234371, "time_setup_models_and_sims.TimeBuildSPMe.time_setup_SPMe": 1642476237485, "time_setup_models_and_sims.TimeBuildSPMeSimulation.time_setup_SPMe_simulation": 1642476240702, "time_solve_models.TimeSolveDFN.time_solve_model": 1642476260367, "time_solve_models.TimeSolveSPM.time_solve_model": 1642476266844, "time_solve_models.TimeSolveSPMe.time_solve_model": 1642476275878}, "benchmark_version": {"time_setup_models_and_sims.TimeBuildDFN.time_setup_DFN": "5f322e51e6b7e66125ee6949bdf25746005db467e8ffcfdcb3ace170e92bbc3d", "time_setup_models_and_sims.TimeBuildDFNSimulation.time_setup_DFN_simulation": "8de44bc542fa7d4ba28a80f24414a9444b5436673aaebba674918f5f0bfd0ebb", "time_setup_models_and_sims.TimeBuildSPM.time_setup_SPM": "0d0b3f5c67fc2da9a5794c66b70af5a45a09558d1ee95f738745385adb84fbca", "time_setup_models_and_sims.TimeBuildSPMSimulation.time_setup_SPM_simulation": "161220a99418ce4487cc29325cbae897f28d0e44ae07e1dfbfaac2cbc53a4ff9", "time_setup_models_and_sims.TimeBuildSPMe.time_setup_SPMe": "6083f5ff944353395eb4b21c97b02af555fe6528de3cd5283f5e139943945235", "time_setup_models_and_sims.TimeBuildSPMeSimulation.time_setup_SPMe_simulation": "530563cb559427795e3648d9648df9250ae100b7721f69eec356bdda7798c55e", "time_solve_models.TimeSolveDFN.time_solve_model": "914137228e20e5900cec36b0d3865f1faa2f5d479c7d6c2539514791f9ec4430", "time_solve_models.TimeSolveSPM.time_solve_model": "ef1bb5f8d1ddfa59650e20438c4b252d73e5a062714848ce1d6d5269382bc598", "time_solve_models.TimeSolveSPMe.time_solve_model": "20672028872f4620ce85e909bae705d9490de441e926510b2b0e53ff0881d87b"}, "version": 1}