{"results": {"time_setup_models_and_sims.TimeBuildDFN.time_setup_DFN": {"result": [0.6929299635000135], "stats": [{"ci_99": [0.6824799400000074, 0.7118439380000012], "q_25": 0.6893641574999947, "q_75": 0.6970759799999797, "min": 0.6824799400000074, "max": 0.7118439380000012, "mean": 0.6940898647000011, "std": 0.008169743757110602, "repeat": 10, "number": 1}]}, "time_setup_models_and_sims.TimeBuildDFNSimulation.time_setup_DFN_simulation": {"result": [0.1907944040000018, 0.45762201599998775], "stats": [{"ci_99": [0.18538746300001208, 0.1929284139999936], "q_25": 0.1875785865000026, "q_75": 0.19206318575000125, "min": 0.18538746300001208, "max": 0.1929284139999936, "mean": 0.18969309740000426, "std": 0.002712738088945013, "repeat": 10, "number": 1}, {"ci_99": [0.44467427899999734, 0.4724221230000012], "q_25": 0.44921093074999874, "q_75": 0.46426583275000155, "min": 0.44467427899999734, "max": 0.4724221230000012, "mean": 0.45749484320000133, "std": 0.009361176414362031, "repeat": 10, "number": 1}], "params": [["False", "True"]]}, "time_setup_models_and_sims.TimeBuildSPM.time_setup_SPM": {"result": [0.41053581599999234], "stats": [{"ci_99": [0.38944417700000145, 0.43821959199999583], "q_25": 0.3953067002500248, "q_75": 0.41464642350000247, "min": 0.38944417700000145, "max": 0.43821959199999583, "mean": 0.4074023800000049, "std": 0.014249564709740382, "repeat": 10, "number": 1}]}, "time_setup_models_and_sims.TimeBuildSPMSimulation.time_setup_SPM_simulation": {"result": [0.1805635919999986, 0.425757376500016], "stats": [{"ci_99": [0.16644210499998735, 0.1974621199999831], "q_25": 0.17175279925000808, "q_75": 0.1851069680000137, "min": 0.16644210499998735, "max": 0.1974621199999831, "mean": 0.1798371400999997, "std": 0.009044045002368831, "repeat": 10, "number": 1}, {"ci_99": [0.3886614799999961, 0.4566566090000208], "q_25": 0.4122346330000042, "q_75": 0.4420597250000142, "min": 0.3886614799999961, "max": 0.4566566090000208, "mean": 0.42454565470000605, "std": 0.02094972147548076, "repeat": 10, "number": 1}], "params": [["False", "True"]]}, "time_setup_models_and_sims.TimeBuildSPMe.time_setup_SPMe": {"result": [0.6010609639999984], "stats": [{"ci_99": [0.5701931140000056, 0.6107055459999913], "q_25": 0.5951532832499993, "q_75": 0.6064591202500011, "min": 0.5701931140000056, "max": 0.6107055459999913, "mean": 0.5970736003999975, "std": 0.01283895414722276, "repeat": 10, "number": 1}]}, "time_setup_models_and_sims.TimeBuildSPMeSimulation.time_setup_SPMe_simulation": {"result": [0.19186453700000072, 0.5023363690000053], "stats": [{"ci_99": [0.18275726900000677, 0.2074508240000057], "q_25": 0.1901619990000114, "q_75": 0.19532043399998855, "min": 0.18275726900000677, "max": 0.2074508240000057, "mean": 0.192758289599999, "std": 0.006153553957720734, "repeat": 10, "number": 1}, {"ci_99": [0.46056064199999014, 0.5740535170000101], "q_25": 0.4801058252499857, "q_75": 0.5169602384999976, "min": 0.46056064199999014, "max": 0.5740535170000101, "mean": 0.5036672210000006, "std": 0.031847842531549, "repeat": 10, "number": 1}], "params": [["False", "True"]]}, "time_solve_models.TimeSolveDFN.time_solve_model": {"result": [0.6928552294999974, 0.8845814344999923], "stats": [{"ci_99": [0.6302079750000189, 0.7148665009999888], "q_25": 0.6755197959999961, "q_75": 0.7023195240000177, "min": 0.6302079750000189, "max": 0.7148665009999888, "mean": 0.6847995923750005, "std": 0.02599377387959639, "repeat": 8, "number": 1}, {"ci_99": [0.834107844000016, 0.9898879039999997], "q_25": 0.8556530809999998, "q_75": 0.9153834254999964, "min": 0.834107844000016, "max": 0.9898879039999997, "mean": 0.8902577440000016, "std": 0.04464414660346337, "repeat": 10, "number": 1}], "params": [["True", "False"]]}, "time_solve_models.TimeSolveSPM.time_solve_model": {"result": [0.026273986000006744, 0.0554308015000089], "stats": [{"ci_99": [0.024988894999978584, 0.030142339000008178], "q_25": 0.02600640174999569, "q_75": 0.02685435249999557, "min": 0.024988894999978584, "max": 0.030142339000008178, "mean": 0.026647803900002032, "std": 0.001364258206892904, "repeat": 10, "number": 1}, {"ci_99": [0.053592089999995096, 0.059014341999983344], "q_25": 0.05491380549999292, "q_75": 0.05563032499999565, "min": 0.053592089999995096, "max": 0.059014341999983344, "mean": 0.055489288399996894, "std": 0.001428847091926571, "repeat": 10, "number": 1}], "params": [["True", "False"]]}, "time_solve_models.TimeSolveSPMe.time_solve_model": {"result": [0.042318180999998845, 0.09573885799999005], "stats": [{"ci_99": [0.040074822000008226, 0.045034261000012066], "q_25": 0.041536285750005675, "q_75": 0.043525918750006554, "min": 0.040074822000008226, "max": 0.045034261000012066, "mean": 0.0425769114000019, "std": 0.0015069065743007976, "repeat": 10, "number": 1}, {"ci_99": [0.08993727100002502, 0.1037018030000354], "q_25": 0.09373846474999681, "q_75": 0.09823661400000105, "min": 0.08993727100002502, "max": 0.1037018030000354, "mean": 0.0960319456999997, "std": 0.003597913866893604, "repeat": 10, "number": 1}], "params": [["True", "False"]]}}, "params": {"machine": "GitHubRunner", "python": "3.8"}, "requirements": {}, "commit_hash": "396c9ef14d0a2bd3ad10fdfe176a78ed0474c965", "date": 1626875098000, "env_name": "virtualenv-py3.8", "python": "3.8", "profiles": {}, "started_at": {"time_setup_models_and_sims.TimeBuildDFN.time_setup_DFN": 1627096992774, "time_setup_models_and_sims.TimeBuildDFNSimulation.time_setup_DFN_simulation": 1627096997341, "time_setup_models_and_sims.TimeBuildSPM.time_setup_SPM": 1627097001510, "time_setup_models_and_sims.TimeBuildSPMSimulation.time_setup_SPM_simulation": 1627097004322, "time_setup_models_and_sims.TimeBuildSPMe.time_setup_SPMe": 1627097008391, "time_setup_models_and_sims.TimeBuildSPMeSimulation.time_setup_SPMe_simulation": 1627097012412, "time_solve_models.TimeSolveDFN.time_solve_model": 1627097017081, "time_solve_models.TimeSolveSPM.time_solve_model": 1627097041561, "time_solve_models.TimeSolveSPMe.time_solve_model": 1627097050292}, "ended_at": {"time_setup_models_and_sims.TimeBuildDFN.time_setup_DFN": 1627096997340, "time_setup_models_and_sims.TimeBuildDFNSimulation.time_setup_DFN_simulation": 1627097001509, "time_setup_models_and_sims.TimeBuildSPM.time_setup_SPM": 1627097004322, "time_setup_models_and_sims.TimeBuildSPMSimulation.time_setup_SPM_simulation": 1627097008389, "time_setup_models_and_sims.TimeBuildSPMe.time_setup_SPMe": 1627097012411, "time_setup_models_and_sims.TimeBuildSPMeSimulation.time_setup_SPMe_simulation": 1627097017080, "time_solve_models.TimeSolveDFN.time_solve_model": 1627097041560, "time_solve_models.TimeSolveSPM.time_solve_model": 1627097050291, "time_solve_models.TimeSolveSPMe.time_solve_model": 1627097062280}, "benchmark_version": {"time_setup_models_and_sims.TimeBuildDFN.time_setup_DFN": "5f322e51e6b7e66125ee6949bdf25746005db467e8ffcfdcb3ace170e92bbc3d", "time_setup_models_and_sims.TimeBuildDFNSimulation.time_setup_DFN_simulation": "8de44bc542fa7d4ba28a80f24414a9444b5436673aaebba674918f5f0bfd0ebb", "time_setup_models_and_sims.TimeBuildSPM.time_setup_SPM": "0d0b3f5c67fc2da9a5794c66b70af5a45a09558d1ee95f738745385adb84fbca", "time_setup_models_and_sims.TimeBuildSPMSimulation.time_setup_SPM_simulation": "161220a99418ce4487cc29325cbae897f28d0e44ae07e1dfbfaac2cbc53a4ff9", "time_setup_models_and_sims.TimeBuildSPMe.time_setup_SPMe": "6083f5ff944353395eb4b21c97b02af555fe6528de3cd5283f5e139943945235", "time_setup_models_and_sims.TimeBuildSPMeSimulation.time_setup_SPMe_simulation": "530563cb559427795e3648d9648df9250ae100b7721f69eec356bdda7798c55e", "time_solve_models.TimeSolveDFN.time_solve_model": "914137228e20e5900cec36b0d3865f1faa2f5d479c7d6c2539514791f9ec4430", "time_solve_models.TimeSolveSPM.time_solve_model": "ef1bb5f8d1ddfa59650e20438c4b252d73e5a062714848ce1d6d5269382bc598", "time_solve_models.TimeSolveSPMe.time_solve_model": "20672028872f4620ce85e909bae705d9490de441e926510b2b0e53ff0881d87b"}, "version": 1}