{"results": {"time_setup_models_and_sims.TimeBuildDFN.time_setup_DFN": {"result": [0.4808373560000234], "stats": [{"ci_99": [0.478222239000047, 0.48482350099999394], "q_25": 0.4805741754999957, "q_75": 0.4824956389999926, "min": 0.478222239000047, "max": 0.48482350099999394, "mean": 0.4814426504000096, "std": 0.0019075684171659336, "repeat": 10, "number": 1}]}, "time_setup_models_and_sims.TimeBuildDFNSimulation.time_setup_DFN_simulation": {"result": [0.13629780700000538, 0.3271933349999756], "stats": [{"ci_99": [0.13512639200001786, 0.14464331099998162], "q_25": 0.1356078752500025, "q_75": 0.13681744999999523, "min": 0.13512639200001786, "max": 0.14464331099998162, "mean": 0.13695823330000395, "std": 0.002636553473007424, "repeat": 10, "number": 1}, {"ci_99": [0.32510447099997464, 0.3280428959999995], "q_25": 0.32588493099997606, "q_75": 0.3275141889999986, "min": 0.32510447099997464, "max": 0.3280428959999995, "mean": 0.32679896629998667, "std": 0.001007226040783993, "repeat": 10, "number": 1}], "params": [["False", "True"]]}, "time_setup_models_and_sims.TimeBuildSPM.time_setup_SPM": {"result": [0.29219143500000655], "stats": [{"ci_99": [0.2911534240000151, 0.2994494300000383], "q_25": 0.29156695299998603, "q_75": 0.2932281454999952, "min": 0.2911534240000151, "max": 0.2994494300000383, "mean": 0.2930143261000069, "std": 0.0023809859699705873, "repeat": 10, "number": 1}]}, "time_setup_models_and_sims.TimeBuildSPMSimulation.time_setup_SPM_simulation": {"result": [0.13136024500002463, 0.2993574920000128], "stats": [{"ci_99": [0.13015179600000693, 0.13262089599999172], "q_25": 0.13100744775000805, "q_75": 0.13169250949999878, "min": 0.13015179600000693, "max": 0.13262089599999172, "mean": 0.13134127490000652, "std": 0.000702262360915116, "repeat": 10, "number": 1}, {"ci_99": [0.29708538699998144, 0.30170565899999247], "q_25": 0.2976959687499914, "q_75": 0.3004698717500105, "min": 0.29708538699998144, "max": 0.30170565899999247, "mean": 0.2992240685000013, "std": 0.001514162656062331, "repeat": 10, "number": 1}], "params": [["False", "True"]]}, "time_setup_models_and_sims.TimeBuildSPMe.time_setup_SPMe": {"result": [0.4178686644999914], "stats": [{"ci_99": [0.4141563430000019, 0.4208778020000068], "q_25": 0.41703930950004064, "q_75": 0.41844788875000916, "min": 0.4141563430000019, "max": 0.4208778020000068, "mean": 0.4174549689000003, "std": 0.0019384780121141996, "repeat": 10, "number": 1}]}, "time_setup_models_and_sims.TimeBuildSPMeSimulation.time_setup_SPMe_simulation": {"result": [0.14040249149999795, 0.34303076549997513], "stats": [{"ci_99": [0.13980246099998794, 0.14175181999996767], "q_25": 0.14016289049999386, "q_75": 0.1407349567499807, "min": 0.13980246099998794, "max": 0.14175181999996767, "mean": 0.1405063777999885, "std": 0.0005561382237009075, "repeat": 10, "number": 1}, {"ci_99": [0.34186340699994844, 0.350591847999965], "q_25": 0.342217386750022, "q_75": 0.34412069625000186, "min": 0.34186340699994844, "max": 0.350591847999965, "mean": 0.34385013269998693, "std": 0.002467996224029384, "repeat": 10, "number": 1}], "params": [["False", "True"]]}, "time_solve_models.TimeSolveDFN.time_solve_model": {"result": [0.5031577170000219, 0.6660231195000108], "stats": [{"ci_99": [0.4993772819999549, 0.5056279510000081], "q_25": 0.5026327749999808, "q_75": 0.5037642757500151, "min": 0.4993772819999549, "max": 0.5056279510000081, "mean": 0.5029263030000095, "std": 0.0018319641636014353, "repeat": 10, "number": 1}, {"ci_99": [0.6636480359999837, 0.6682873049999785], "q_25": 0.6654064552500074, "q_75": 0.6671499240000287, "min": 0.6636480359999837, "max": 0.6682873049999785, "mean": 0.6662333469000032, "std": 0.001350260407132491, "repeat": 10, "number": 1}], "params": [["True", "False"]]}, "time_solve_models.TimeSolveSPM.time_solve_model": {"result": [0.019670918000002757, 0.04069449699997563], "stats": [{"ci_99": [0.019578045999992355, 0.01969717499997614], "q_25": 0.019639094749976493, "q_75": 0.019682352749967436, "min": 0.019578045999992355, "max": 0.01969717499997614, "mean": 0.0196561974999895, "std": 3.863595660681692e-05, "repeat": 10, "number": 1}, {"ci_99": [0.04048230699999067, 0.04366174899996622], "q_25": 0.040590723999969214, "q_75": 0.040777977250016306, "min": 0.04048230699999067, "max": 0.04366174899996622, "mean": 0.04096439759999271, "std": 0.0009070310661733112, "repeat": 10, "number": 1}], "params": [["True", "False"]]}, "time_solve_models.TimeSolveSPMe.time_solve_model": {"result": [0.030916837500001293, 0.07165975399999525], "stats": [{"ci_99": [0.030845496000040384, 0.03110115700002325], "q_25": 0.03088500324997767, "q_75": 0.031074689750013818, "min": 0.030845496000040384, "max": 0.03110115700002325, "mean": 0.03096600560001548, "std": 0.00010184255856188967, "repeat": 10, "number": 1}, {"ci_99": [0.071520511000017, 0.07211571800002048], "q_25": 0.07159846250000612, "q_75": 0.0719496210000159, "min": 0.071520511000017, "max": 0.07211571800002048, "mean": 0.07175671470001248, "std": 0.00020163992403349418, "repeat": 10, "number": 1}], "params": [["True", "False"]]}}, "params": {"machine": "GitHubRunner", "python": "3.8"}, "requirements": {}, "commit_hash": "396c9ef14d0a2bd3ad10fdfe176a78ed0474c965", "date": 1626875098000, "env_name": "virtualenv-py3.8", "python": "3.8", "profiles": {}, "started_at": {"time_setup_models_and_sims.TimeBuildDFN.time_setup_DFN": 1627010553876, "time_setup_models_and_sims.TimeBuildDFNSimulation.time_setup_DFN_simulation": 1627010557089, "time_setup_models_and_sims.TimeBuildSPM.time_setup_SPM": 1627010560106, "time_setup_models_and_sims.TimeBuildSPMSimulation.time_setup_SPM_simulation": 1627010562114, "time_setup_models_and_sims.TimeBuildSPMe.time_setup_SPMe": 1627010564980, "time_setup_models_and_sims.TimeBuildSPMeSimulation.time_setup_SPMe_simulation": 1627010567791, "time_solve_models.TimeSolveDFN.time_solve_model": 1627010571007, "time_solve_models.TimeSolveSPM.time_solve_model": 1627010590314, "time_solve_models.TimeSolveSPMe.time_solve_model": 1627010596488}, "ended_at": {"time_setup_models_and_sims.TimeBuildDFN.time_setup_DFN": 1627010557089, "time_setup_models_and_sims.TimeBuildDFNSimulation.time_setup_DFN_simulation": 1627010560105, "time_setup_models_and_sims.TimeBuildSPM.time_setup_SPM": 1627010562114, "time_setup_models_and_sims.TimeBuildSPMSimulation.time_setup_SPM_simulation": 1627010564979, "time_setup_models_and_sims.TimeBuildSPMe.time_setup_SPMe": 1627010567791, "time_setup_models_and_sims.TimeBuildSPMeSimulation.time_setup_SPMe_simulation": 1627010571006, "time_solve_models.TimeSolveDFN.time_solve_model": 1627010590314, "time_solve_models.TimeSolveSPM.time_solve_model": 1627010596487, "time_solve_models.TimeSolveSPMe.time_solve_model": 1627010605169}, "benchmark_version": {"time_setup_models_and_sims.TimeBuildDFN.time_setup_DFN": "5f322e51e6b7e66125ee6949bdf25746005db467e8ffcfdcb3ace170e92bbc3d", "time_setup_models_and_sims.TimeBuildDFNSimulation.time_setup_DFN_simulation": "8de44bc542fa7d4ba28a80f24414a9444b5436673aaebba674918f5f0bfd0ebb", "time_setup_models_and_sims.TimeBuildSPM.time_setup_SPM": "0d0b3f5c67fc2da9a5794c66b70af5a45a09558d1ee95f738745385adb84fbca", "time_setup_models_and_sims.TimeBuildSPMSimulation.time_setup_SPM_simulation": "161220a99418ce4487cc29325cbae897f28d0e44ae07e1dfbfaac2cbc53a4ff9", "time_setup_models_and_sims.TimeBuildSPMe.time_setup_SPMe": "6083f5ff944353395eb4b21c97b02af555fe6528de3cd5283f5e139943945235", "time_setup_models_and_sims.TimeBuildSPMeSimulation.time_setup_SPMe_simulation": "530563cb559427795e3648d9648df9250ae100b7721f69eec356bdda7798c55e", "time_solve_models.TimeSolveDFN.time_solve_model": "914137228e20e5900cec36b0d3865f1faa2f5d479c7d6c2539514791f9ec4430", "time_solve_models.TimeSolveSPM.time_solve_model": "ef1bb5f8d1ddfa59650e20438c4b252d73e5a062714848ce1d6d5269382bc598", "time_solve_models.TimeSolveSPMe.time_solve_model": "20672028872f4620ce85e909bae705d9490de441e926510b2b0e53ff0881d87b"}, "version": 1}