{"results": {"time_setup_models_and_sims.TimeBuildDFN.time_setup_DFN": {"result": [0.5367130414999934], "stats": [{"ci_99": [0.5100967630000071, 0.568009853999996], "q_25": 0.5284465439999941, "q_75": 0.547474447250007, "min": 0.5100967630000071, "max": 0.568009853999996, "mean": 0.5380817519000004, "std": 0.01740627468516673, "repeat": 10, "number": 1}]}, "time_setup_models_and_sims.TimeBuildDFNSimulation.time_setup_DFN_simulation": {"result": [0.14981697899999347, 0.3593853194999923], "stats": [{"ci_99": [0.14399383399998555, 0.1541435140000118], "q_25": 0.14908126200000638, "q_75": 0.15081386275000241, "min": 0.14399383399998555, "max": 0.1541435140000118, "mean": 0.1495492292999984, "std": 0.002684657314703984, "repeat": 10, "number": 1}, {"ci_99": [0.34425458600000525, 0.3657477709999881], "q_25": 0.35031662800000163, "q_75": 0.3634171025000015, "min": 0.34425458600000525, "max": 0.3657477709999881, "mean": 0.35726842589999563, "std": 0.007427068981769229, "repeat": 10, "number": 1}], "params": [["False", "True"]]}, "time_setup_models_and_sims.TimeBuildSPM.time_setup_SPM": {"result": [0.316344255500006], "stats": [{"ci_99": [0.30174717000002715, 0.33493154200000674], "q_25": 0.30714848500000613, "q_75": 0.32874284749999916, "min": 0.30174717000002715, "max": 0.33493154200000674, "mean": 0.3179295232000044, "std": 0.01171396288395026, "repeat": 10, "number": 1}]}, "time_setup_models_and_sims.TimeBuildSPMSimulation.time_setup_SPM_simulation": {"result": [0.14140139399999896, 0.32827346600001306], "stats": [{"ci_99": [0.13899491300000477, 0.15017321799999195], "q_25": 0.14058158875000615, "q_75": 0.14494255700001446, "min": 0.13899491300000477, "max": 0.15017321799999195, "mean": 0.14320759410000364, "std": 0.0037409777896099555, "repeat": 10, "number": 1}, {"ci_99": [0.3111153459999798, 0.3490877480000023], "q_25": 0.31402595574999026, "q_75": 0.3345550259999932, "min": 0.3111153459999798, "max": 0.3490877480000023, "mean": 0.32693602909999697, "std": 0.012722461973275477, "repeat": 10, "number": 1}], "params": [["False", "True"]]}, "time_setup_models_and_sims.TimeBuildSPMe.time_setup_SPMe": {"result": [0.4569517229999889], "stats": [{"ci_99": [0.44167276499999275, 0.47419035999999437], "q_25": 0.44937905999998407, "q_75": 0.46736653100001035, "min": 0.44167276499999275, "max": 0.47419035999999437, "mean": 0.4578377371999949, "std": 0.010315142588037274, "repeat": 10, "number": 1}]}, "time_setup_models_and_sims.TimeBuildSPMeSimulation.time_setup_SPMe_simulation": {"result": [0.15500134650000064, 0.38882023149999156], "stats": [{"ci_99": [0.14969168199999672, 0.1598921179999877], "q_25": 0.15178248325000254, "q_75": 0.15760683950001209, "min": 0.14969168199999672, "max": 0.1598921179999877, "mean": 0.15474915560000113, "std": 0.003696728280294752, "repeat": 10, "number": 1}, {"ci_99": [0.3683976359999974, 0.39514089499999727], "q_25": 0.3781823404999898, "q_75": 0.3910832657499981, "min": 0.3683976359999974, "max": 0.39514089499999727, "mean": 0.384619788599997, "std": 0.009251917840007942, "repeat": 10, "number": 1}], "params": [["False", "True"]]}, "time_solve_models.TimeSolveDFN.time_solve_model": {"result": [0.5795313019999924, 0.772882801999998], "stats": [{"ci_99": [0.5520180199999913, 0.6118673050000041], "q_25": 0.5682017464999873, "q_75": 0.5978175739999969, "min": 0.5520180199999913, "max": 0.6118673050000041, "mean": 0.5820821271999961, "std": 0.0178136353678366, "repeat": 10, "number": 1}, {"ci_99": [0.7289751609999939, 0.7968804729999874], "q_25": 0.7488193729999963, "q_75": 0.7932844379999935, "min": 0.7289751609999939, "max": 0.7968804729999874, "mean": 0.7691977665999957, "std": 0.02442445103568985, "repeat": 10, "number": 1}], "params": [["True", "False"]]}, "time_solve_models.TimeSolveSPM.time_solve_model": {"result": [0.022757196499995302, 0.04453095949999408], "stats": [{"ci_99": [0.020456275000015012, 0.023092864000005875], "q_25": 0.020851352249984245, "q_75": 0.022864254499992853, "min": 0.020456275000015012, "max": 0.023092864000005875, "mean": 0.022015259799997012, "std": 0.0010578091048121848, "repeat": 10, "number": 1}, {"ci_99": [0.04193041700000322, 0.04697755999998776], "q_25": 0.04400238300000581, "q_75": 0.04522009275000016, "min": 0.04193041700000322, "max": 0.04697755999998776, "mean": 0.04438545039999724, "std": 0.001450375388403672, "repeat": 10, "number": 1}], "params": [["True", "False"]]}, "time_solve_models.TimeSolveSPMe.time_solve_model": {"result": [0.034555671500001495, 0.07942608549998909], "stats": [{"ci_99": [0.033360201000022016, 0.036677438999987544], "q_25": 0.033944956500000956, "q_75": 0.035144363749992635, "min": 0.033360201000022016, "max": 0.036677438999987544, "mean": 0.03463521480000224, "std": 0.0009280990712414935, "repeat": 10, "number": 1}, {"ci_99": [0.07695944400001054, 0.08261708700001691], "q_25": 0.07823452049999702, "q_75": 0.08095993449999384, "min": 0.07695944400001054, "max": 0.08261708700001691, "mean": 0.07949315730000137, "std": 0.0018361741622289743, "repeat": 10, "number": 1}], "params": [["True", "False"]]}}, "params": {"machine": "GitHubRunner", "python": "3.8"}, "requirements": {}, "commit_hash": "396c9ef14d0a2bd3ad10fdfe176a78ed0474c965", "date": 1626875098000, "env_name": "virtualenv-py3.8", "python": "3.8", "profiles": {}, "started_at": {"time_setup_models_and_sims.TimeBuildDFN.time_setup_DFN": 1627269737659, "time_setup_models_and_sims.TimeBuildDFNSimulation.time_setup_DFN_simulation": 1627269741226, "time_setup_models_and_sims.TimeBuildSPM.time_setup_SPM": 1627269744545, "time_setup_models_and_sims.TimeBuildSPMSimulation.time_setup_SPM_simulation": 1627269746709, "time_setup_models_and_sims.TimeBuildSPMe.time_setup_SPMe": 1627269749727, "time_setup_models_and_sims.TimeBuildSPMeSimulation.time_setup_SPMe_simulation": 1627269752791, "time_solve_models.TimeSolveDFN.time_solve_model": 1627269756268, "time_solve_models.TimeSolveSPM.time_solve_model": 1627269777696, "time_solve_models.TimeSolveSPMe.time_solve_model": 1627269784276}, "ended_at": {"time_setup_models_and_sims.TimeBuildDFN.time_setup_DFN": 1627269741226, "time_setup_models_and_sims.TimeBuildDFNSimulation.time_setup_DFN_simulation": 1627269744544, "time_setup_models_and_sims.TimeBuildSPM.time_setup_SPM": 1627269746708, "time_setup_models_and_sims.TimeBuildSPMSimulation.time_setup_SPM_simulation": 1627269749727, "time_setup_models_and_sims.TimeBuildSPMe.time_setup_SPMe": 1627269752790, "time_setup_models_and_sims.TimeBuildSPMeSimulation.time_setup_SPMe_simulation": 1627269756267, "time_solve_models.TimeSolveDFN.time_solve_model": 1627269777695, "time_solve_models.TimeSolveSPM.time_solve_model": 1627269784275, "time_solve_models.TimeSolveSPMe.time_solve_model": 1627269793572}, "benchmark_version": {"time_setup_models_and_sims.TimeBuildDFN.time_setup_DFN": "5f322e51e6b7e66125ee6949bdf25746005db467e8ffcfdcb3ace170e92bbc3d", "time_setup_models_and_sims.TimeBuildDFNSimulation.time_setup_DFN_simulation": "8de44bc542fa7d4ba28a80f24414a9444b5436673aaebba674918f5f0bfd0ebb", "time_setup_models_and_sims.TimeBuildSPM.time_setup_SPM": "0d0b3f5c67fc2da9a5794c66b70af5a45a09558d1ee95f738745385adb84fbca", "time_setup_models_and_sims.TimeBuildSPMSimulation.time_setup_SPM_simulation": "161220a99418ce4487cc29325cbae897f28d0e44ae07e1dfbfaac2cbc53a4ff9", "time_setup_models_and_sims.TimeBuildSPMe.time_setup_SPMe": "6083f5ff944353395eb4b21c97b02af555fe6528de3cd5283f5e139943945235", "time_setup_models_and_sims.TimeBuildSPMeSimulation.time_setup_SPMe_simulation": "530563cb559427795e3648d9648df9250ae100b7721f69eec356bdda7798c55e", "time_solve_models.TimeSolveDFN.time_solve_model": "914137228e20e5900cec36b0d3865f1faa2f5d479c7d6c2539514791f9ec4430", "time_solve_models.TimeSolveSPM.time_solve_model": "ef1bb5f8d1ddfa59650e20438c4b252d73e5a062714848ce1d6d5269382bc598", "time_solve_models.TimeSolveSPMe.time_solve_model": "20672028872f4620ce85e909bae705d9490de441e926510b2b0e53ff0881d87b"}, "version": 1}