{"results": {"time_setup_models_and_sims.TimeBuildDFN.time_setup_DFN": {"result": [0.4644099639999979], "stats": [{"ci_99": [0.46050876500000015, 0.47037990399999785], "q_25": 0.4621047995000147, "q_75": 0.46767615275000907, "min": 0.46050876500000015, "max": 0.47037990399999785, "mean": 0.464917317900003, "std": 0.003230203934643444, "repeat": 10, "number": 1}]}, "time_setup_models_and_sims.TimeBuildDFNSimulation.time_setup_DFN_simulation": {"result": [0.11605350450000174, 0.2853656169999965], "stats": [{"ci_99": [0.11258938599999624, 0.1212405469999851], "q_25": 0.11395701475000308, "q_75": 0.11853112449999159, "min": 0.11258938599999624, "max": 0.1212405469999851, "mean": 0.11643924959999907, "std": 0.002785113603788354, "repeat": 10, "number": 1}, {"ci_99": [0.28213330099998757, 0.28987456699999825], "q_25": 0.2844504059999977, "q_75": 0.28783112400000377, "min": 0.28213330099998757, "max": 0.28987456699999825, "mean": 0.2859994870999955, "std": 0.002452563115658779, "repeat": 10, "number": 1}], "params": [["False", "True"]]}, "time_setup_models_and_sims.TimeBuildSPM.time_setup_SPM": {"result": [0.33863547100000346], "stats": [{"ci_99": [0.331936730999999, 0.34239936800000237], "q_25": 0.33686669875001485, "q_75": 0.34150778450000985, "min": 0.331936730999999, "max": 0.34239936800000237, "mean": 0.3384298879000056, "std": 0.0033651152245785998, "repeat": 10, "number": 1}]}, "time_setup_models_and_sims.TimeBuildSPMSimulation.time_setup_SPM_simulation": {"result": [0.1362371780000018, 0.3061668295000075], "stats": [{"ci_99": [0.13112611100000038, 0.13989908599998557], "q_25": 0.1330565767500076, "q_75": 0.13690375174999758, "min": 0.13112611100000038, "max": 0.13989908599998557, "mean": 0.13534797690000316, "std": 0.002689742819461637, "repeat": 10, "number": 1}, {"ci_99": [0.3041294690000029, 0.31049062299999264], "q_25": 0.3053072872499918, "q_75": 0.3092278692500088, "min": 0.3041294690000029, "max": 0.31049062299999264, "mean": 0.3069899637000006, "std": 0.002178251112812313, "repeat": 10, "number": 1}], "params": [["False", "True"]]}, "time_setup_models_and_sims.TimeBuildSPMe.time_setup_SPMe": {"result": [0.44055415750001714], "stats": [{"ci_99": [0.43613349100000676, 0.44613057999998773], "q_25": 0.4385835632500026, "q_75": 0.44345737950000697, "min": 0.43613349100000676, "max": 0.44613057999998773, "mean": 0.44107863770000366, "std": 0.0032097602566692578, "repeat": 10, "number": 1}]}, "time_setup_models_and_sims.TimeBuildSPMeSimulation.time_setup_SPMe_simulation": {"result": [0.12853240550000322, 0.31608899699999427], "stats": [{"ci_99": [0.12575920999999823, 0.13392243499998813], "q_25": 0.12659576024999808, "q_75": 0.1294042962500015, "min": 0.12575920999999823, "max": 0.13392243499998813, "mean": 0.12877959859999918, "std": 0.0026707176814556584, "repeat": 10, "number": 1}, {"ci_99": [0.311251532, 0.32004754600001206], "q_25": 0.31342982374999906, "q_75": 0.31782616774998473, "min": 0.311251532, "max": 0.32004754600001206, "mean": 0.3157079660999983, "std": 0.0027197596072437813, "repeat": 10, "number": 1}], "params": [["False", "True"]]}, "time_solve_models.TimeSolveDFN.time_solve_model": {"result": [0.459717140500004, 0.6039939529999998], "stats": [{"ci_99": [0.4514620810000025, 0.4691691149999997], "q_25": 0.4573955810000072, "q_75": 0.4671670379999995, "min": 0.4514620810000025, "max": 0.4691691149999997, "mean": 0.46137593130000026, "std": 0.005794536295394227, "repeat": 10, "number": 1}, {"ci_99": [0.5974797819999935, 0.616512001000018], "q_25": 0.6006180222500035, "q_75": 0.6076044652499917, "min": 0.5974797819999935, "max": 0.616512001000018, "mean": 0.6048310652000026, "std": 0.005383103137281544, "repeat": 10, "number": 1}], "params": [["True", "False"]]}, "time_solve_models.TimeSolveSPM.time_solve_model": {"result": [0.017878832500002773, 0.03741933650000817], "stats": [{"ci_99": [0.01756442800001423, 0.018101134999994883], "q_25": 0.017697354499993878, "q_75": 0.017982782749996318, "min": 0.01756442800001423, "max": 0.018101134999994883, "mean": 0.017845770999997512, "std": 0.00018394340565645845, "repeat": 10, "number": 1}, {"ci_99": [0.03700637399998641, 0.04051311899999632], "q_25": 0.037168251250008666, "q_75": 0.037529337999991697, "min": 0.03700637399998641, "max": 0.04051311899999632, "mean": 0.037646086000000877, "std": 0.0009751805086804122, "repeat": 10, "number": 1}], "params": [["True", "False"]]}, "time_solve_models.TimeSolveSPMe.time_solve_model": {"result": [0.02626733649999835, 0.06362717599999712], "stats": [{"ci_99": [0.025944835999979432, 0.02654744100001949], "q_25": 0.02612821299999979, "q_75": 0.02642481800000951, "min": 0.025944835999979432, "max": 0.02654744100001949, "mean": 0.02625807919999943, "std": 0.00019314697325406124, "repeat": 10, "number": 1}, {"ci_99": [0.06325341899997738, 0.06422973499999785], "q_25": 0.06344964849999712, "q_75": 0.06387327724998215, "min": 0.06325341899997738, "max": 0.06422973499999785, "mean": 0.0636720458999946, "std": 0.0003048599468393449, "repeat": 10, "number": 1}], "params": [["True", "False"]]}}, "params": {"machine": "GitHubRunner", "python": "3.8"}, "requirements": {}, "commit_hash": "39f36ead3ba9cdf8d0f1150f4294b766b35419ef", "date": 1637351226000, "env_name": "virtualenv-py3.8", "python": "3.8", "profiles": {}, "started_at": {"time_setup_models_and_sims.TimeBuildDFN.time_setup_DFN": 1637378489910, "time_setup_models_and_sims.TimeBuildDFNSimulation.time_setup_DFN_simulation": 1637378493075, "time_setup_models_and_sims.TimeBuildSPM.time_setup_SPM": 1637378495792, "time_setup_models_and_sims.TimeBuildSPMSimulation.time_setup_SPM_simulation": 1637378498103, "time_setup_models_and_sims.TimeBuildSPMe.time_setup_SPMe": 1637378501120, "time_setup_models_and_sims.TimeBuildSPMeSimulation.time_setup_SPMe_simulation": 1637378504133, "time_solve_models.TimeSolveDFN.time_solve_model": 1637378507152, "time_solve_models.TimeSolveSPM.time_solve_model": 1637378525414, "time_solve_models.TimeSolveSPMe.time_solve_model": 1637378532243}, "ended_at": {"time_setup_models_and_sims.TimeBuildDFN.time_setup_DFN": 1637378493075, "time_setup_models_and_sims.TimeBuildDFNSimulation.time_setup_DFN_simulation": 1637378495791, "time_setup_models_and_sims.TimeBuildSPM.time_setup_SPM": 1637378498103, "time_setup_models_and_sims.TimeBuildSPMSimulation.time_setup_SPM_simulation": 1637378501119, "time_setup_models_and_sims.TimeBuildSPMe.time_setup_SPMe": 1637378504133, "time_setup_models_and_sims.TimeBuildSPMeSimulation.time_setup_SPMe_simulation": 1637378507151, "time_solve_models.TimeSolveDFN.time_solve_model": 1637378525414, "time_solve_models.TimeSolveSPM.time_solve_model": 1637378532243, "time_solve_models.TimeSolveSPMe.time_solve_model": 1637378541127}, "benchmark_version": {"time_setup_models_and_sims.TimeBuildDFN.time_setup_DFN": "5f322e51e6b7e66125ee6949bdf25746005db467e8ffcfdcb3ace170e92bbc3d", "time_setup_models_and_sims.TimeBuildDFNSimulation.time_setup_DFN_simulation": "8de44bc542fa7d4ba28a80f24414a9444b5436673aaebba674918f5f0bfd0ebb", "time_setup_models_and_sims.TimeBuildSPM.time_setup_SPM": "0d0b3f5c67fc2da9a5794c66b70af5a45a09558d1ee95f738745385adb84fbca", "time_setup_models_and_sims.TimeBuildSPMSimulation.time_setup_SPM_simulation": "161220a99418ce4487cc29325cbae897f28d0e44ae07e1dfbfaac2cbc53a4ff9", "time_setup_models_and_sims.TimeBuildSPMe.time_setup_SPMe": "6083f5ff944353395eb4b21c97b02af555fe6528de3cd5283f5e139943945235", "time_setup_models_and_sims.TimeBuildSPMeSimulation.time_setup_SPMe_simulation": "530563cb559427795e3648d9648df9250ae100b7721f69eec356bdda7798c55e", "time_solve_models.TimeSolveDFN.time_solve_model": "914137228e20e5900cec36b0d3865f1faa2f5d479c7d6c2539514791f9ec4430", "time_solve_models.TimeSolveSPM.time_solve_model": "ef1bb5f8d1ddfa59650e20438c4b252d73e5a062714848ce1d6d5269382bc598", "time_solve_models.TimeSolveSPMe.time_solve_model": "20672028872f4620ce85e909bae705d9490de441e926510b2b0e53ff0881d87b"}, "version": 1}