{"results": {"time_setup_models_and_sims.TimeBuildDFN.time_setup_DFN": {"result": [0.5256605629999882], "stats": [{"ci_99": [0.5216968980000161, 0.5296935309999924], "q_25": 0.5236883042500011, "q_75": 0.5265996617499908, "min": 0.5216968980000161, "max": 0.5296935309999924, "mean": 0.5254491418000015, "std": 0.0022229363554582414, "repeat": 10, "number": 1}]}, "time_setup_models_and_sims.TimeBuildDFNSimulation.time_setup_DFN_simulation": {"result": [0.13614786699999115, 0.3311895510000227], "stats": [{"ci_99": [0.13376484299999447, 0.139473602999999], "q_25": 0.13576657349999266, "q_75": 0.13704801749998552, "min": 0.13376484299999447, "max": 0.139473602999999, "mean": 0.13626746929999456, "std": 0.0015682876257623228, "repeat": 10, "number": 1}, {"ci_99": [0.32550190799997836, 0.3364837589999752], "q_25": 0.33002457374998073, "q_75": 0.3326105625000082, "min": 0.32550190799997836, "max": 0.3364837589999752, "mean": 0.331146899700002, "std": 0.0027598450194746536, "repeat": 10, "number": 1}], "params": [["False", "True"]]}, "time_setup_models_and_sims.TimeBuildSPM.time_setup_SPM": {"result": [0.37971799750002333], "stats": [{"ci_99": [0.37833109199999626, 0.38831494499999053], "q_25": 0.37909779324999704, "q_75": 0.380579599750007, "min": 0.37833109199999626, "max": 0.38831494499999053, "mean": 0.3810105740000097, "std": 0.0032537125488336523, "repeat": 10, "number": 1}]}, "time_setup_models_and_sims.TimeBuildSPMSimulation.time_setup_SPM_simulation": {"result": [0.1584526480000079, 0.35121062999996866], "stats": [{"ci_99": [0.1554026199999612, 0.16100249000004396], "q_25": 0.15680563349999943, "q_75": 0.1590230287500134, "min": 0.1554026199999612, "max": 0.16100249000004396, "mean": 0.1581001899000057, "std": 0.0015816022074762609, "repeat": 10, "number": 1}, {"ci_99": [0.34865251500002614, 0.3538073540000255], "q_25": 0.34987433299997406, "q_75": 0.35222806875002277, "min": 0.34865251500002614, "max": 0.3538073540000255, "mean": 0.351162861499995, "std": 0.00155976039851053, "repeat": 10, "number": 1}], "params": [["False", "True"]]}, "time_setup_models_and_sims.TimeBuildSPMe.time_setup_SPMe": {"result": [0.4962664765000113], "stats": [{"ci_99": [0.49303621000001385, 0.5042278969999643], "q_25": 0.49587069650002036, "q_75": 0.4976923335000265, "min": 0.49303621000001385, "max": 0.5042278969999643, "mean": 0.496925256500009, "std": 0.003026440253756778, "repeat": 10, "number": 1}]}, "time_setup_models_and_sims.TimeBuildSPMeSimulation.time_setup_SPMe_simulation": {"result": [0.14902408649999188, 0.3643121960000144], "stats": [{"ci_99": [0.14621991499996057, 0.15179076300000816], "q_25": 0.1481376244999808, "q_75": 0.14945257274997914, "min": 0.14621991499996057, "max": 0.15179076300000816, "mean": 0.14879532599998696, "std": 0.001456668363356278, "repeat": 10, "number": 1}, {"ci_99": [0.36205739499996525, 0.36895630400005075], "q_25": 0.3632099272499971, "q_75": 0.3660034637500047, "min": 0.36205739499996525, "max": 0.36895630400005075, "mean": 0.36469084710000743, "std": 0.002006823299287513, "repeat": 10, "number": 1}], "params": [["False", "True"]]}, "time_solve_models.TimeSolveDFN.time_solve_model": {"result": [0.5345134764999955, 0.6895869880000021], "stats": [{"ci_99": [0.5213374329999851, 0.5463239640000097], "q_25": 0.5252188100000126, "q_75": 0.5383312349999727, "min": 0.5213374329999851, "max": 0.5463239640000097, "mean": 0.533275217399995, "std": 0.008295405781040932, "repeat": 10, "number": 1}, {"ci_99": [0.6839530880000098, 0.7038393500000097], "q_25": 0.6852781687500027, "q_75": 0.6931980882499857, "min": 0.6839530880000098, "max": 0.7038393500000097, "mean": 0.6910139177000019, "std": 0.0067034297107975895, "repeat": 10, "number": 1}], "params": [["True", "False"]]}, "time_solve_models.TimeSolveSPM.time_solve_model": {"result": [0.019892769499989527, 0.042938957999979266], "stats": [{"ci_99": [0.0195245609999688, 0.020573179999985314], "q_25": 0.019674862250028013, "q_75": 0.02002582475000736, "min": 0.0195245609999688, "max": 0.020573179999985314, "mean": 0.019899779099995386, "std": 0.00028667803188256924, "repeat": 10, "number": 1}, {"ci_99": [0.04230021499995473, 0.04343259899997065], "q_25": 0.042434565500030885, "q_75": 0.043120131749958546, "min": 0.04230021499995473, "max": 0.04343259899997065, "mean": 0.042836252899985536, "std": 0.00039084559822835473, "repeat": 10, "number": 1}], "params": [["True", "False"]]}, "time_solve_models.TimeSolveSPMe.time_solve_model": {"result": [0.029624615999978232, 0.07269001149998644], "stats": [{"ci_99": [0.02926201799999717, 0.03042290899998079], "q_25": 0.02954369100001486, "q_75": 0.029837530000008883, "min": 0.02926201799999717, "max": 0.03042290899998079, "mean": 0.02970463179999001, "std": 0.0003381345383234719, "repeat": 10, "number": 1}, {"ci_99": [0.0711104080000382, 0.07396411100000932], "q_25": 0.07233920500002, "q_75": 0.07319661799999722, "min": 0.0711104080000382, "max": 0.07396411100000932, "mean": 0.07266851550000411, "std": 0.0008679178779063827, "repeat": 10, "number": 1}], "params": [["True", "False"]]}}, "params": {"machine": "GitHubRunner", "python": "3.8"}, "requirements": {}, "commit_hash": "39f36ead3ba9cdf8d0f1150f4294b766b35419ef", "date": 1637351226000, "env_name": "virtualenv-py3.8", "python": "3.8", "profiles": {}, "started_at": {"time_setup_models_and_sims.TimeBuildDFN.time_setup_DFN": 1637551243934, "time_setup_models_and_sims.TimeBuildDFNSimulation.time_setup_DFN_simulation": 1637551247452, "time_setup_models_and_sims.TimeBuildSPM.time_setup_SPM": 1637551250521, "time_setup_models_and_sims.TimeBuildSPMSimulation.time_setup_SPM_simulation": 1637551253135, "time_setup_models_and_sims.TimeBuildSPMe.time_setup_SPMe": 1637551256506, "time_setup_models_and_sims.TimeBuildSPMeSimulation.time_setup_SPMe_simulation": 1637551259873, "time_solve_models.TimeSolveDFN.time_solve_model": 1637551263294, "time_solve_models.TimeSolveSPM.time_solve_model": 1637551283831, "time_solve_models.TimeSolveSPMe.time_solve_model": 1637551291367}, "ended_at": {"time_setup_models_and_sims.TimeBuildDFN.time_setup_DFN": 1637551247451, "time_setup_models_and_sims.TimeBuildDFNSimulation.time_setup_DFN_simulation": 1637551250520, "time_setup_models_and_sims.TimeBuildSPM.time_setup_SPM": 1637551253134, "time_setup_models_and_sims.TimeBuildSPMSimulation.time_setup_SPM_simulation": 1637551256505, "time_setup_models_and_sims.TimeBuildSPMe.time_setup_SPMe": 1637551259872, "time_setup_models_and_sims.TimeBuildSPMeSimulation.time_setup_SPMe_simulation": 1637551263294, "time_solve_models.TimeSolveDFN.time_solve_model": 1637551283830, "time_solve_models.TimeSolveSPM.time_solve_model": 1637551291366, "time_solve_models.TimeSolveSPMe.time_solve_model": 1637551301361}, "benchmark_version": {"time_setup_models_and_sims.TimeBuildDFN.time_setup_DFN": "5f322e51e6b7e66125ee6949bdf25746005db467e8ffcfdcb3ace170e92bbc3d", "time_setup_models_and_sims.TimeBuildDFNSimulation.time_setup_DFN_simulation": "8de44bc542fa7d4ba28a80f24414a9444b5436673aaebba674918f5f0bfd0ebb", "time_setup_models_and_sims.TimeBuildSPM.time_setup_SPM": "0d0b3f5c67fc2da9a5794c66b70af5a45a09558d1ee95f738745385adb84fbca", "time_setup_models_and_sims.TimeBuildSPMSimulation.time_setup_SPM_simulation": "161220a99418ce4487cc29325cbae897f28d0e44ae07e1dfbfaac2cbc53a4ff9", "time_setup_models_and_sims.TimeBuildSPMe.time_setup_SPMe": "6083f5ff944353395eb4b21c97b02af555fe6528de3cd5283f5e139943945235", "time_setup_models_and_sims.TimeBuildSPMeSimulation.time_setup_SPMe_simulation": "530563cb559427795e3648d9648df9250ae100b7721f69eec356bdda7798c55e", "time_solve_models.TimeSolveDFN.time_solve_model": "914137228e20e5900cec36b0d3865f1faa2f5d479c7d6c2539514791f9ec4430", "time_solve_models.TimeSolveSPM.time_solve_model": "ef1bb5f8d1ddfa59650e20438c4b252d73e5a062714848ce1d6d5269382bc598", "time_solve_models.TimeSolveSPMe.time_solve_model": "20672028872f4620ce85e909bae705d9490de441e926510b2b0e53ff0881d87b"}, "version": 1}