{"results": {"time_setup_models_and_sims.TimeBuildDFN.time_setup_DFN": {"result": [0.5169858775000051], "stats": [{"ci_99": [0.5112206789999902, 0.5317723710000166], "q_25": 0.5142522847500075, "q_75": 0.5211197119999937, "min": 0.5112206789999902, "max": 0.5317723710000166, "mean": 0.5182746906999995, "std": 0.0059198760365826416, "repeat": 10, "number": 1}]}, "time_setup_models_and_sims.TimeBuildDFNSimulation.time_setup_DFN_simulation": {"result": [0.13257234549999453, 0.3212225854999957], "stats": [{"ci_99": [0.12799114700001724, 0.13709473899999125], "q_25": 0.12909940250000318, "q_75": 0.13348980224999707, "min": 0.12799114700001724, "max": 0.13709473899999125, "mean": 0.13213499019999803, "std": 0.003039782458969735, "repeat": 10, "number": 1}, {"ci_99": [0.3176693669999793, 0.3244104040000195], "q_25": 0.319827652249991, "q_75": 0.3233147884999994, "min": 0.3176693669999793, "max": 0.3244104040000195, "mean": 0.321228629899997, "std": 0.0022663648046014756, "repeat": 10, "number": 1}], "params": [["False", "True"]]}, "time_setup_models_and_sims.TimeBuildSPM.time_setup_SPM": {"result": [0.377732347999995], "stats": [{"ci_99": [0.37301907199997686, 0.3803968800000064], "q_25": 0.37438199150000173, "q_75": 0.3785620637500031, "min": 0.37301907199997686, "max": 0.3803968800000064, "mean": 0.37688936679999757, "std": 0.002482375099667299, "repeat": 10, "number": 1}]}, "time_setup_models_and_sims.TimeBuildSPMSimulation.time_setup_SPM_simulation": {"result": [0.15418979800000443, 0.34539867750001463], "stats": [{"ci_99": [0.14905717800002094, 0.15652739600000132], "q_25": 0.15013527450000197, "q_75": 0.15620520824999318, "min": 0.14905717800002094, "max": 0.15652739600000132, "mean": 0.15330256749999763, "std": 0.0029400774056098575, "repeat": 10, "number": 1}, {"ci_99": [0.34105134099999646, 0.3479427030000011], "q_25": 0.3415946444999918, "q_75": 0.34640640174999504, "min": 0.34105134099999646, "max": 0.3479427030000011, "mean": 0.34443518599999834, "std": 0.002561678969019852, "repeat": 10, "number": 1}], "params": [["False", "True"]]}, "time_setup_models_and_sims.TimeBuildSPMe.time_setup_SPMe": {"result": [0.4905494475000012], "stats": [{"ci_99": [0.4838230920000228, 0.4938612249999892], "q_25": 0.4876008077499776, "q_75": 0.49191170399998185, "min": 0.4838230920000228, "max": 0.4938612249999892, "mean": 0.4896274572999914, "std": 0.003002164880457529, "repeat": 10, "number": 1}]}, "time_setup_models_and_sims.TimeBuildSPMeSimulation.time_setup_SPMe_simulation": {"result": [0.1447177744999948, 0.3539970705000002], "stats": [{"ci_99": [0.14098355699999843, 0.14912760799998637], "q_25": 0.14225978374999215, "q_75": 0.1460191497499892, "min": 0.14098355699999843, "max": 0.14912760799998637, "mean": 0.14458412819999467, "std": 0.002565904269440522, "repeat": 10, "number": 1}, {"ci_99": [0.34973694299998215, 0.36262561000000915], "q_25": 0.3531540075000166, "q_75": 0.35501178024998836, "min": 0.34973694299998215, "max": 0.36262561000000915, "mean": 0.35445496070000215, "std": 0.003203409044350128, "repeat": 10, "number": 1}], "params": [["False", "True"]]}, "time_solve_models.TimeSolveDFN.time_solve_model": {"result": [0.5223357755000109, 0.6933827594999968], "stats": [{"ci_99": [0.5153378299999929, 0.5331428480000113], "q_25": 0.5185440712499982, "q_75": 0.5265439247500154, "min": 0.5153378299999929, "max": 0.5331428480000113, "mean": 0.523118565300004, "std": 0.0052723563985693665, "repeat": 10, "number": 1}, {"ci_99": [0.6807244139999966, 0.6988273819999904], "q_25": 0.6929675442500027, "q_75": 0.6957818307500006, "min": 0.6807244139999966, "max": 0.6988273819999904, "mean": 0.6933494043999986, "std": 0.004705236914221607, "repeat": 10, "number": 1}], "params": [["True", "False"]]}, "time_solve_models.TimeSolveSPM.time_solve_model": {"result": [0.019611586500005274, 0.04138629100000912], "stats": [{"ci_99": [0.019426622999986876, 0.019913751999979468], "q_25": 0.01953207400000423, "q_75": 0.019701549000004093, "min": 0.019426622999986876, "max": 0.019913751999979468, "mean": 0.019631346799997118, "std": 0.00015766837710627237, "repeat": 10, "number": 1}, {"ci_99": [0.041062063999959264, 0.04181287500000508], "q_25": 0.04122033000000869, "q_75": 0.041557114249997085, "min": 0.041062063999959264, "max": 0.04181287500000508, "mean": 0.04140077749999875, "std": 0.0002196336449350904, "repeat": 10, "number": 1}], "params": [["True", "False"]]}, "time_solve_models.TimeSolveSPMe.time_solve_model": {"result": [0.029053114499987487, 0.07108509200000412], "stats": [{"ci_99": [0.02874624999998332, 0.029293692000010196], "q_25": 0.028899360499991644, "q_75": 0.029144413999972585, "min": 0.02874624999998332, "max": 0.029293692000010196, "mean": 0.029030018399993196, "std": 0.00016105649393753312, "repeat": 10, "number": 1}, {"ci_99": [0.07087135599999783, 0.07170823499996004], "q_25": 0.07102133325000182, "q_75": 0.07118015024995827, "min": 0.07087135599999783, "max": 0.07170823499996004, "mean": 0.0711635693999881, "std": 0.00026988473050857574, "repeat": 10, "number": 1}], "params": [["True", "False"]]}}, "params": {"machine": "GitHubRunner", "python": "3.8"}, "requirements": {}, "commit_hash": "39f36ead3ba9cdf8d0f1150f4294b766b35419ef", "date": 1637351226000, "env_name": "virtualenv-py3.8", "python": "3.8", "profiles": {}, "started_at": {"time_setup_models_and_sims.TimeBuildDFN.time_setup_DFN": 1637464889787, "time_setup_models_and_sims.TimeBuildDFNSimulation.time_setup_DFN_simulation": 1637464893252, "time_setup_models_and_sims.TimeBuildSPM.time_setup_SPM": 1637464896320, "time_setup_models_and_sims.TimeBuildSPMSimulation.time_setup_SPM_simulation": 1637464898882, "time_setup_models_and_sims.TimeBuildSPMe.time_setup_SPMe": 1637464902252, "time_setup_models_and_sims.TimeBuildSPMeSimulation.time_setup_SPMe_simulation": 1637464905618, "time_solve_models.TimeSolveDFN.time_solve_model": 1637464908987, "time_solve_models.TimeSolveSPM.time_solve_model": 1637464929315, "time_solve_models.TimeSolveSPMe.time_solve_model": 1637464936849}, "ended_at": {"time_setup_models_and_sims.TimeBuildDFN.time_setup_DFN": 1637464893252, "time_setup_models_and_sims.TimeBuildDFNSimulation.time_setup_DFN_simulation": 1637464896319, "time_setup_models_and_sims.TimeBuildSPM.time_setup_SPM": 1637464898882, "time_setup_models_and_sims.TimeBuildSPMSimulation.time_setup_SPM_simulation": 1637464902251, "time_setup_models_and_sims.TimeBuildSPMe.time_setup_SPMe": 1637464905617, "time_setup_models_and_sims.TimeBuildSPMeSimulation.time_setup_SPMe_simulation": 1637464908986, "time_solve_models.TimeSolveDFN.time_solve_model": 1637464929315, "time_solve_models.TimeSolveSPM.time_solve_model": 1637464936848, "time_solve_models.TimeSolveSPMe.time_solve_model": 1637464946691}, "benchmark_version": {"time_setup_models_and_sims.TimeBuildDFN.time_setup_DFN": "5f322e51e6b7e66125ee6949bdf25746005db467e8ffcfdcb3ace170e92bbc3d", "time_setup_models_and_sims.TimeBuildDFNSimulation.time_setup_DFN_simulation": "8de44bc542fa7d4ba28a80f24414a9444b5436673aaebba674918f5f0bfd0ebb", "time_setup_models_and_sims.TimeBuildSPM.time_setup_SPM": "0d0b3f5c67fc2da9a5794c66b70af5a45a09558d1ee95f738745385adb84fbca", "time_setup_models_and_sims.TimeBuildSPMSimulation.time_setup_SPM_simulation": "161220a99418ce4487cc29325cbae897f28d0e44ae07e1dfbfaac2cbc53a4ff9", "time_setup_models_and_sims.TimeBuildSPMe.time_setup_SPMe": "6083f5ff944353395eb4b21c97b02af555fe6528de3cd5283f5e139943945235", "time_setup_models_and_sims.TimeBuildSPMeSimulation.time_setup_SPMe_simulation": "530563cb559427795e3648d9648df9250ae100b7721f69eec356bdda7798c55e", "time_solve_models.TimeSolveDFN.time_solve_model": "914137228e20e5900cec36b0d3865f1faa2f5d479c7d6c2539514791f9ec4430", "time_solve_models.TimeSolveSPM.time_solve_model": "ef1bb5f8d1ddfa59650e20438c4b252d73e5a062714848ce1d6d5269382bc598", "time_solve_models.TimeSolveSPMe.time_solve_model": "20672028872f4620ce85e909bae705d9490de441e926510b2b0e53ff0881d87b"}, "version": 1}