{"results": {"time_setup_models_and_sims.TimeBuildDFN.time_setup_DFN": {"result": [0.5168406035000004], "stats": [{"ci_99": [0.5125372560000017, 0.5212751530000048], "q_25": 0.515493065250002, "q_75": 0.5175885180000073, "min": 0.5125372560000017, "max": 0.5212751530000048, "mean": 0.5166794917000018, "std": 0.002156169447070949, "repeat": 10, "number": 1}]}, "time_setup_models_and_sims.TimeBuildDFNSimulation.time_setup_DFN_simulation": {"result": [0.1548249960000021, 0.36389322250000333], "stats": [{"ci_99": [0.1536586710000023, 0.1560692220000135], "q_25": 0.1540871812500022, "q_75": 0.15525947100000437, "min": 0.1536586710000023, "max": 0.1560692220000135, "mean": 0.15475423480000217, "std": 0.0007577250401120105, "repeat": 10, "number": 1}, {"ci_99": [0.36242371400000195, 0.36688835300000733], "q_25": 0.36359902750000117, "q_75": 0.3646768994999974, "min": 0.36242371400000195, "max": 0.36688835300000733, "mean": 0.36432890850000066, "std": 0.0012570772463962362, "repeat": 10, "number": 1}], "params": [["False", "True"]]}, "time_setup_models_and_sims.TimeBuildSPM.time_setup_SPM": {"result": [0.3665724065000049], "stats": [{"ci_99": [0.3634740260000058, 0.36718135600000323], "q_25": 0.36607234274998746, "q_75": 0.36701014050001035, "min": 0.3634740260000058, "max": 0.36718135600000323, "mean": 0.3662560925000008, "std": 0.001055380554190638, "repeat": 10, "number": 1}]}, "time_setup_models_and_sims.TimeBuildSPMSimulation.time_setup_SPM_simulation": {"result": [0.19233339100000535, 0.4200582024999946], "stats": [{"ci_99": [0.19082612399999732, 0.19410161400000447], "q_25": 0.1917658602499941, "q_75": 0.1927653209999889, "min": 0.19082612399999732, "max": 0.19410161400000447, "mean": 0.19227803609999797, "std": 0.0009547581627964204, "repeat": 10, "number": 1}, {"ci_99": [0.4179896799999909, 0.42092984900000374], "q_25": 0.41964299949999173, "q_75": 0.4205574275000039, "min": 0.4179896799999909, "max": 0.42092984900000374, "mean": 0.4198905702000005, "std": 0.0009036372283796752, "repeat": 10, "number": 1}], "params": [["False", "True"]]}, "time_setup_models_and_sims.TimeBuildSPMe.time_setup_SPMe": {"result": [0.47572705950000227], "stats": [{"ci_99": [0.4748506849999927, 0.47818919099998425], "q_25": 0.47539984100000154, "q_75": 0.4762114672499962, "min": 0.4748506849999927, "max": 0.47818919099998425, "mean": 0.47598218059999764, "std": 0.000981985955428765, "repeat": 10, "number": 1}]}, "time_setup_models_and_sims.TimeBuildSPMeSimulation.time_setup_SPMe_simulation": {"result": [0.17859246199998324, 0.41749829750000345], "stats": [{"ci_99": [0.17772190200000182, 0.17978282800001466], "q_25": 0.1781780582499941, "q_75": 0.17892564124999666, "min": 0.17772190200000182, "max": 0.17978282800001466, "mean": 0.178580082699996, "std": 0.0006070291846185042, "repeat": 10, "number": 1}, {"ci_99": [0.4165461309999898, 0.419245544000006], "q_25": 0.4171449695000078, "q_75": 0.41823225600000313, "min": 0.4165461309999898, "max": 0.419245544000006, "mean": 0.41770436430000046, "std": 0.0008087451340101514, "repeat": 10, "number": 1}], "params": [["False", "True"]]}, "time_solve_models.TimeSolveDFN.time_solve_model": {"result": [0.5083781870000053, 0.667693513499998], "stats": [{"ci_99": [0.5053639829999952, 0.5138679540000055], "q_25": 0.5082117517500038, "q_75": 0.5090538505000133, "min": 0.5053639829999952, "max": 0.5138679540000055, "mean": 0.5088069566000015, "std": 0.0020571053999530325, "repeat": 10, "number": 1}, {"ci_99": [0.6648088099999825, 0.6690156669999965], "q_25": 0.6670111114999884, "q_75": 0.6683843097500031, "min": 0.6648088099999825, "max": 0.6690156669999965, "mean": 0.6674335507999956, "std": 0.0012365098281470587, "repeat": 10, "number": 1}], "params": [["True", "False"]]}, "time_solve_models.TimeSolveSPM.time_solve_model": {"result": [0.0194145999999904, 0.0410292799999894], "stats": [{"ci_99": [0.019294647999998915, 0.019576169999993454], "q_25": 0.01934555174999275, "q_75": 0.019472393999990345, "min": 0.019294647999998915, "max": 0.019576169999993454, "mean": 0.019418028599994842, "std": 8.816020412950362e-05, "repeat": 10, "number": 1}, {"ci_99": [0.040652424999990444, 0.04118966799998702], "q_25": 0.040798586249998436, "q_75": 0.04110816775000359, "min": 0.040652424999990444, "max": 0.04118966799998702, "mean": 0.04096455729999491, "std": 0.00017647050301811704, "repeat": 10, "number": 1}], "params": [["True", "False"]]}, "time_solve_models.TimeSolveSPMe.time_solve_model": {"result": [0.028746275499997864, 0.07062942199999611], "stats": [{"ci_99": [0.028539869000013596, 0.02902007800000206], "q_25": 0.028709647749998624, "q_75": 0.028835531999988007, "min": 0.028539869000013596, "max": 0.02902007800000206, "mean": 0.0287738872000034, "std": 0.00012585622276183647, "repeat": 10, "number": 1}, {"ci_99": [0.07030792599999813, 0.0710152350000044], "q_25": 0.07043817200000291, "q_75": 0.0707287754999939, "min": 0.07030792599999813, "max": 0.0710152350000044, "mean": 0.07061486590000357, "std": 0.0002213768434707266, "repeat": 10, "number": 1}], "params": [["True", "False"]]}}, "params": {"machine": "GitHubRunner", "python": "3.8"}, "requirements": {}, "commit_hash": "3a120d766fdd87b3a7f9212920c0d6d68544832f", "date": 1635177742000, "env_name": "virtualenv-py3.8", "python": "3.8", "profiles": {}, "started_at": {"time_setup_models_and_sims.TimeBuildDFN.time_setup_DFN": 1635304914498, "time_setup_models_and_sims.TimeBuildDFNSimulation.time_setup_DFN_simulation": 1635304917963, "time_setup_models_and_sims.TimeBuildSPM.time_setup_SPM": 1635304921432, "time_setup_models_and_sims.TimeBuildSPMSimulation.time_setup_SPM_simulation": 1635304923944, "time_setup_models_and_sims.TimeBuildSPMe.time_setup_SPMe": 1635304927963, "time_setup_models_and_sims.TimeBuildSPMeSimulation.time_setup_SPMe_simulation": 1635304931177, "time_solve_models.TimeSolveDFN.time_solve_model": 1635304935096, "time_solve_models.TimeSolveSPM.time_solve_model": 1635304955111, "time_solve_models.TimeSolveSPMe.time_solve_model": 1635304962491}, "ended_at": {"time_setup_models_and_sims.TimeBuildDFN.time_setup_DFN": 1635304917963, "time_setup_models_and_sims.TimeBuildDFNSimulation.time_setup_DFN_simulation": 1635304921431, "time_setup_models_and_sims.TimeBuildSPM.time_setup_SPM": 1635304923944, "time_setup_models_and_sims.TimeBuildSPMSimulation.time_setup_SPM_simulation": 1635304927963, "time_setup_models_and_sims.TimeBuildSPMe.time_setup_SPMe": 1635304931176, "time_setup_models_and_sims.TimeBuildSPMeSimulation.time_setup_SPMe_simulation": 1635304935095, "time_solve_models.TimeSolveDFN.time_solve_model": 1635304955111, "time_solve_models.TimeSolveSPM.time_solve_model": 1635304962490, "time_solve_models.TimeSolveSPMe.time_solve_model": 1635304972125}, "benchmark_version": {"time_setup_models_and_sims.TimeBuildDFN.time_setup_DFN": "5f322e51e6b7e66125ee6949bdf25746005db467e8ffcfdcb3ace170e92bbc3d", "time_setup_models_and_sims.TimeBuildDFNSimulation.time_setup_DFN_simulation": "8de44bc542fa7d4ba28a80f24414a9444b5436673aaebba674918f5f0bfd0ebb", "time_setup_models_and_sims.TimeBuildSPM.time_setup_SPM": "0d0b3f5c67fc2da9a5794c66b70af5a45a09558d1ee95f738745385adb84fbca", "time_setup_models_and_sims.TimeBuildSPMSimulation.time_setup_SPM_simulation": "161220a99418ce4487cc29325cbae897f28d0e44ae07e1dfbfaac2cbc53a4ff9", "time_setup_models_and_sims.TimeBuildSPMe.time_setup_SPMe": "6083f5ff944353395eb4b21c97b02af555fe6528de3cd5283f5e139943945235", "time_setup_models_and_sims.TimeBuildSPMeSimulation.time_setup_SPMe_simulation": "530563cb559427795e3648d9648df9250ae100b7721f69eec356bdda7798c55e", "time_solve_models.TimeSolveDFN.time_solve_model": "914137228e20e5900cec36b0d3865f1faa2f5d479c7d6c2539514791f9ec4430", "time_solve_models.TimeSolveSPM.time_solve_model": "ef1bb5f8d1ddfa59650e20438c4b252d73e5a062714848ce1d6d5269382bc598", "time_solve_models.TimeSolveSPMe.time_solve_model": "20672028872f4620ce85e909bae705d9490de441e926510b2b0e53ff0881d87b"}, "version": 1}