{"results": {"time_setup_models_and_sims.TimeBuildDFN.time_setup_DFN": {"result": [0.5013072014999977], "stats": [{"ci_99": [0.49711770800001887, 0.5101960579999911], "q_25": 0.5000739422499976, "q_75": 0.5030284434999928, "min": 0.49711770800001887, "max": 0.5101960579999911, "mean": 0.5020742131999981, "std": 0.003465966639709935, "repeat": 10, "number": 1}]}, "time_setup_models_and_sims.TimeBuildDFNSimulation.time_setup_DFN_simulation": {"result": [0.11855699950001508, 0.2851372394999885], "stats": [{"ci_99": [0.11628129900000772, 0.12382264000001442], "q_25": 0.11801197099998717, "q_75": 0.11909905250001884, "min": 0.11628129900000772, "max": 0.12382264000001442, "mean": 0.1187544620000068, "std": 0.001986752114509359, "repeat": 10, "number": 1}, {"ci_99": [0.2832891520000089, 0.2875272349999989], "q_25": 0.28379815874999537, "q_75": 0.28576533700000084, "min": 0.2832891520000089, "max": 0.2875272349999989, "mean": 0.2850046880999969, "std": 0.001287496170549673, "repeat": 10, "number": 1}], "params": [["False", "True"]]}, "time_setup_models_and_sims.TimeBuildSPM.time_setup_SPM": {"result": [0.30882733099998916], "stats": [{"ci_99": [0.3069445559999906, 0.31092303899998797], "q_25": 0.3086086010000173, "q_75": 0.3105411344999993, "min": 0.3069445559999906, "max": 0.31092303899998797, "mean": 0.3092684621000018, "std": 0.0012419545051894504, "repeat": 10, "number": 1}]}, "time_setup_models_and_sims.TimeBuildSPMSimulation.time_setup_SPM_simulation": {"result": [0.1418276744999929, 0.317038168499991], "stats": [{"ci_99": [0.14122253400000773, 0.14389586999999437], "q_25": 0.14135390449999363, "q_75": 0.14242032125000037, "min": 0.14122253400000773, "max": 0.14389586999999437, "mean": 0.1420530723999974, "std": 0.0008355007659949905, "repeat": 10, "number": 1}, {"ci_99": [0.31488176499999554, 0.318104433000002], "q_25": 0.31636783650000666, "q_75": 0.317619500499994, "min": 0.31488176499999554, "max": 0.318104433000002, "mean": 0.3168608043999967, "std": 0.0009536946521415404, "repeat": 10, "number": 1}], "params": [["False", "True"]]}, "time_setup_models_and_sims.TimeBuildSPMe.time_setup_SPMe": {"result": [0.4404487959999983], "stats": [{"ci_99": [0.4365039900000056, 0.4423815940000111], "q_25": 0.4397438240000042, "q_75": 0.44185648950001166, "min": 0.4365039900000056, "max": 0.4423815940000111, "mean": 0.44047675060000413, "std": 0.001698274836008373, "repeat": 10, "number": 1}]}, "time_setup_models_and_sims.TimeBuildSPMeSimulation.time_setup_SPMe_simulation": {"result": [0.13184282749999454, 0.3225374075000076], "stats": [{"ci_99": [0.13029104800000368, 0.13527802699999825], "q_25": 0.13102710425000197, "q_75": 0.1334890682500074, "min": 0.13029104800000368, "max": 0.13527802699999825, "mean": 0.13230008410000096, "std": 0.0016240348738772966, "repeat": 10, "number": 1}, {"ci_99": [0.3215269599999999, 0.32396755800002097], "q_25": 0.3224389294999952, "q_75": 0.3228716955000053, "min": 0.3215269599999999, "max": 0.32396755800002097, "mean": 0.32268384790000654, "std": 0.0006063816308340689, "repeat": 10, "number": 1}], "params": [["False", "True"]]}, "time_solve_models.TimeSolveDFN.time_solve_model": {"result": [0.5126908994999866, 0.6716620214999978], "stats": [{"ci_99": [0.5070922330000087, 0.5187081400000011], "q_25": 0.5102965412499998, "q_75": 0.5148055914999929, "min": 0.5070922330000087, "max": 0.5187081400000011, "mean": 0.5127161941999987, "std": 0.003195342098279792, "repeat": 10, "number": 1}, {"ci_99": [0.6676913240000033, 0.6764225309999858], "q_25": 0.6681605397499908, "q_75": 0.6731755659999976, "min": 0.6676913240000033, "max": 0.6764225309999858, "mean": 0.6712852835999967, "std": 0.003012061262964098, "repeat": 10, "number": 1}], "params": [["True", "False"]]}, "time_solve_models.TimeSolveSPM.time_solve_model": {"result": [0.01940929750000464, 0.04113888150000378], "stats": [{"ci_99": [0.01937395300001299, 0.019476842999978317], "q_25": 0.019393069250000394, "q_75": 0.019448066999999014, "min": 0.01937395300001299, "max": 0.019476842999978317, "mean": 0.019418267899999363, "std": 3.496508743213229e-05, "repeat": 10, "number": 1}, {"ci_99": [0.04092691000002446, 0.04157011800000987], "q_25": 0.041095749999982445, "q_75": 0.041222473500013734, "min": 0.04092691000002446, "max": 0.04157011800000987, "mean": 0.04116635200000189, "std": 0.00017587399562713518, "repeat": 10, "number": 1}], "params": [["True", "False"]]}, "time_solve_models.TimeSolveSPMe.time_solve_model": {"result": [0.028796728000003213, 0.07127963949999128], "stats": [{"ci_99": [0.02860998299999551, 0.029046388000011802], "q_25": 0.028715848749989448, "q_75": 0.02886858249999591, "min": 0.02860998299999551, "max": 0.029046388000011802, "mean": 0.028807058300000677, "std": 0.00013028117748286225, "repeat": 10, "number": 1}, {"ci_99": [0.07096608699998797, 0.07172872399999619], "q_25": 0.07118765999999255, "q_75": 0.07144577100000049, "min": 0.07096608699998797, "max": 0.07172872399999619, "mean": 0.07131603959999495, "std": 0.00022173261776197592, "repeat": 10, "number": 1}], "params": [["True", "False"]]}}, "params": {"machine": "GitHubRunner", "python": "3.8"}, "requirements": {}, "commit_hash": "40132c553882f0323481a5b59f2219a20ab674e3", "date": 1640799383000, "env_name": "virtualenv-py3.8", "python": "3.8", "profiles": {}, "started_at": {"time_setup_models_and_sims.TimeBuildDFN.time_setup_DFN": 1640834485590, "time_setup_models_and_sims.TimeBuildDFNSimulation.time_setup_DFN_simulation": 1640834488955, "time_setup_models_and_sims.TimeBuildSPM.time_setup_SPM": 1640834491672, "time_setup_models_and_sims.TimeBuildSPMSimulation.time_setup_SPM_simulation": 1640834493834, "time_setup_models_and_sims.TimeBuildSPMe.time_setup_SPMe": 1640834496903, "time_setup_models_and_sims.TimeBuildSPMeSimulation.time_setup_SPMe_simulation": 1640834499917, "time_solve_models.TimeSolveDFN.time_solve_model": 1640834502936, "time_solve_models.TimeSolveSPM.time_solve_model": 1640834522710, "time_solve_models.TimeSolveSPMe.time_solve_model": 1640834529290}, "ended_at": {"time_setup_models_and_sims.TimeBuildDFN.time_setup_DFN": 1640834488955, "time_setup_models_and_sims.TimeBuildDFNSimulation.time_setup_DFN_simulation": 1640834491671, "time_setup_models_and_sims.TimeBuildSPM.time_setup_SPM": 1640834493833, "time_setup_models_and_sims.TimeBuildSPMSimulation.time_setup_SPM_simulation": 1640834496903, "time_setup_models_and_sims.TimeBuildSPMe.time_setup_SPMe": 1640834499917, "time_setup_models_and_sims.TimeBuildSPMeSimulation.time_setup_SPMe_simulation": 1640834502935, "time_solve_models.TimeSolveDFN.time_solve_model": 1640834522710, "time_solve_models.TimeSolveSPM.time_solve_model": 1640834529290, "time_solve_models.TimeSolveSPMe.time_solve_model": 1640834538377}, "benchmark_version": {"time_setup_models_and_sims.TimeBuildDFN.time_setup_DFN": "5f322e51e6b7e66125ee6949bdf25746005db467e8ffcfdcb3ace170e92bbc3d", "time_setup_models_and_sims.TimeBuildDFNSimulation.time_setup_DFN_simulation": "8de44bc542fa7d4ba28a80f24414a9444b5436673aaebba674918f5f0bfd0ebb", "time_setup_models_and_sims.TimeBuildSPM.time_setup_SPM": "0d0b3f5c67fc2da9a5794c66b70af5a45a09558d1ee95f738745385adb84fbca", "time_setup_models_and_sims.TimeBuildSPMSimulation.time_setup_SPM_simulation": "161220a99418ce4487cc29325cbae897f28d0e44ae07e1dfbfaac2cbc53a4ff9", "time_setup_models_and_sims.TimeBuildSPMe.time_setup_SPMe": "6083f5ff944353395eb4b21c97b02af555fe6528de3cd5283f5e139943945235", "time_setup_models_and_sims.TimeBuildSPMeSimulation.time_setup_SPMe_simulation": "530563cb559427795e3648d9648df9250ae100b7721f69eec356bdda7798c55e", "time_solve_models.TimeSolveDFN.time_solve_model": "914137228e20e5900cec36b0d3865f1faa2f5d479c7d6c2539514791f9ec4430", "time_solve_models.TimeSolveSPM.time_solve_model": "ef1bb5f8d1ddfa59650e20438c4b252d73e5a062714848ce1d6d5269382bc598", "time_solve_models.TimeSolveSPMe.time_solve_model": "20672028872f4620ce85e909bae705d9490de441e926510b2b0e53ff0881d87b"}, "version": 1}