{"results": {"time_setup_models_and_sims.TimeBuildDFN.time_setup_DFN": {"result": [0.9089495724992958], "stats": [{"ci_99": [0.8775955470009649, 0.9609344489999785], "q_25": 0.8929000574999009, "q_75": 0.942369288500231, "min": 0.8775955470009649, "max": 0.9609344489999785, "mean": 0.9166277283002273, "std": 0.0289201216395581, "repeat": 10, "number": 1}]}, "time_setup_models_and_sims.TimeBuildDFNSimulation.time_setup_DFN_simulation": {"result": [0.10278114300035668, 0.20540858550066332], "stats": [{"ci_99": [0.09359567699902982, 0.11137710500042886], "q_25": 0.09920849250056563, "q_75": 0.10671199599983083, "min": 0.09359567699902982, "max": 0.11137710500042886, "mean": 0.1024542608001866, "std": 0.005599866382760844, "repeat": 10, "number": 1}, {"ci_99": [0.1915176849997806, 0.21512325500043517], "q_25": 0.19286509475023195, "q_75": 0.21108775074981168, "min": 0.1915176849997806, "max": 0.21512325500043517, "mean": 0.20295310750007048, "std": 0.008967584314777994, "repeat": 10, "number": 1}], "params": [["False", "True"]]}, "time_setup_models_and_sims.TimeBuildSPM.time_setup_SPM": {"result": [0.6545074325003952], "stats": [{"ci_99": [0.6350604920007754, 0.7187100970004394], "q_25": 0.6450349647498115, "q_75": 0.6672452249999878, "min": 0.6350604920007754, "max": 0.7187100970004394, "mean": 0.6624056698001368, "std": 0.025570343034375425, "repeat": 10, "number": 1}]}, "time_setup_models_and_sims.TimeBuildSPMSimulation.time_setup_SPM_simulation": {"result": [0.25438373949964443, 0.5033175399994434], "stats": [{"ci_99": [0.24851969699921028, 0.2872902770013752], "q_25": 0.2521221479992164, "q_75": 0.2706321570003638, "min": 0.24851969699921028, "max": 0.2872902770013752, "mean": 0.2621718357997452, "std": 0.013904050078726466, "repeat": 10, "number": 1}, {"ci_99": [0.47161260999928345, 0.5475321599988092], "q_25": 0.49249721074966146, "q_75": 0.5130550842495722, "min": 0.47161260999928345, "max": 0.5475321599988092, "mean": 0.5072577379994982, "std": 0.02318665548609029, "repeat": 10, "number": 1}], "params": [["False", "True"]]}, "time_setup_models_and_sims.TimeBuildSPMe.time_setup_SPMe": {"result": [0.7999553345007371], "stats": [{"ci_99": [0.7810718480013747, 0.8646524520008825], "q_25": 0.7900379625002643, "q_75": 0.8302877795003951, "min": 0.7810718480013747, "max": 0.8646524520008825, "mean": 0.8116218890003438, "std": 0.027026927826517652, "repeat": 10, "number": 1}]}, "time_setup_models_and_sims.TimeBuildSPMeSimulation.time_setup_SPMe_simulation": {"result": [0.1343228209998415, 0.25231062449984165], "stats": [{"ci_99": [0.12065607200020168, 0.15112019200023497], "q_25": 0.1250293292509923, "q_75": 0.14313998524949056, "min": 0.12065607200020168, "max": 0.15112019200023497, "mean": 0.13454248279995226, "std": 0.010129190433347927, "repeat": 10, "number": 1}, {"ci_99": [0.2418153490016266, 0.2665280269993673], "q_25": 0.2493528287495792, "q_75": 0.26062600974955785, "min": 0.2418153490016266, "max": 0.2665280269993673, "mean": 0.25400892699999533, "std": 0.007668269186626543, "repeat": 10, "number": 1}], "params": [["False", "True"]]}, "time_solve_models.TimeSolveDFN.time_solve_model": {"result": [1.325391233499431, 1.5069598965001205], "stats": [{"ci_99": [1.2650325480008178, 1.3666245842095657], "q_25": 1.2996690224999838, "q_75": 1.343607990500459, "min": 1.2650325480008178, "max": 1.3495938579999347, "mean": 1.3176973446667641, "std": 0.030446856832339133, "repeat": 6, "number": 1}, {"ci_99": [1.4396035099998699, 1.5392757299996447], "q_25": 1.4955876892508968, "q_75": 1.5262720107493806, "min": 1.4396035099998699, "max": 1.5392757299996447, "mean": 1.502598052375106, "std": 0.031370940745534794, "repeat": 8, "number": 1}], "params": [["True", "False"]]}, "time_solve_models.TimeSolveSPM.time_solve_model": {"result": [0.0681781930006764, 0.11795915299899207], "stats": [{"ci_99": [0.06571107499985374, 0.07687295600044308], "q_25": 0.06733516200029044, "q_75": 0.06904114949975337, "min": 0.06571107499985374, "max": 0.07687295600044308, "mean": 0.06876651730017329, "std": 0.0029629629130543916, "repeat": 10, "number": 1}, {"ci_99": [0.10970569299934141, 0.1261210110005777], "q_25": 0.11289494125048805, "q_75": 0.1205947469993589, "min": 0.10970569299934141, "max": 0.1261210110005777, "mean": 0.11716508699992119, "std": 0.005170358397130652, "repeat": 10, "number": 1}], "params": [["True", "False"]]}, "time_solve_models.TimeSolveSPMe.time_solve_model": {"result": [0.1158687880006255, 0.17811188749965368], "stats": [{"ci_99": [0.10660407100112934, 0.12519080499987467], "q_25": 0.10992104475008091, "q_75": 0.11806167875010942, "min": 0.10660407100112934, "max": 0.12519080499987467, "mean": 0.11518466290035576, "std": 0.005935011476542532, "repeat": 10, "number": 1}, {"ci_99": [0.17404515800080844, 0.19676442299896735], "q_25": 0.17493141449904215, "q_75": 0.1813789117500164, "min": 0.17404515800080844, "max": 0.19676442299896735, "mean": 0.1799525010996149, "std": 0.006731078568031856, "repeat": 10, "number": 1}], "params": [["True", "False"]]}}, "params": {"machine": "GitHubRunner", "python": "3.8"}, "requirements": {}, "commit_hash": "40e20456cfb904e4338bd6e37b3cff1ab7aed4db", "date": 1591015320000, "env_name": "virtualenv-py3.8", "python": "3.8", "profiles": {}, "started_at": {"time_setup_models_and_sims.TimeBuildDFN.time_setup_DFN": 1613153160574, "time_setup_models_and_sims.TimeBuildDFNSimulation.time_setup_DFN_simulation": 1613153166444, "time_setup_models_and_sims.TimeBuildSPM.time_setup_SPM": 1613153168458, "time_setup_models_and_sims.TimeBuildSPMSimulation.time_setup_SPM_simulation": 1613153172825, "time_setup_models_and_sims.TimeBuildSPMe.time_setup_SPMe": 1613153177697, "time_setup_models_and_sims.TimeBuildSPMeSimulation.time_setup_SPMe_simulation": 1613153182867, "time_solve_models.TimeSolveDFN.time_solve_model": 1613153185483, "time_solve_models.TimeSolveSPM.time_solve_model": 1613153214377, "time_solve_models.TimeSolveSPMe.time_solve_model": 1613153226528}, "ended_at": {"time_setup_models_and_sims.TimeBuildDFN.time_setup_DFN": 1613153166444, "time_setup_models_and_sims.TimeBuildDFNSimulation.time_setup_DFN_simulation": 1613153168457, "time_setup_models_and_sims.TimeBuildSPM.time_setup_SPM": 1613153172825, "time_setup_models_and_sims.TimeBuildSPMSimulation.time_setup_SPM_simulation": 1613153177696, "time_setup_models_and_sims.TimeBuildSPMe.time_setup_SPMe": 1613153182866, "time_setup_models_and_sims.TimeBuildSPMeSimulation.time_setup_SPMe_simulation": 1613153185482, "time_solve_models.TimeSolveDFN.time_solve_model": 1613153214376, "time_solve_models.TimeSolveSPM.time_solve_model": 1613153226528, "time_solve_models.TimeSolveSPMe.time_solve_model": 1613153241580}, "benchmark_version": {"time_setup_models_and_sims.TimeBuildDFN.time_setup_DFN": "5f322e51e6b7e66125ee6949bdf25746005db467e8ffcfdcb3ace170e92bbc3d", "time_setup_models_and_sims.TimeBuildDFNSimulation.time_setup_DFN_simulation": "8de44bc542fa7d4ba28a80f24414a9444b5436673aaebba674918f5f0bfd0ebb", "time_setup_models_and_sims.TimeBuildSPM.time_setup_SPM": "0d0b3f5c67fc2da9a5794c66b70af5a45a09558d1ee95f738745385adb84fbca", "time_setup_models_and_sims.TimeBuildSPMSimulation.time_setup_SPM_simulation": "161220a99418ce4487cc29325cbae897f28d0e44ae07e1dfbfaac2cbc53a4ff9", "time_setup_models_and_sims.TimeBuildSPMe.time_setup_SPMe": "6083f5ff944353395eb4b21c97b02af555fe6528de3cd5283f5e139943945235", "time_setup_models_and_sims.TimeBuildSPMeSimulation.time_setup_SPMe_simulation": "530563cb559427795e3648d9648df9250ae100b7721f69eec356bdda7798c55e", "time_solve_models.TimeSolveDFN.time_solve_model": "914137228e20e5900cec36b0d3865f1faa2f5d479c7d6c2539514791f9ec4430", "time_solve_models.TimeSolveSPM.time_solve_model": "ef1bb5f8d1ddfa59650e20438c4b252d73e5a062714848ce1d6d5269382bc598", "time_solve_models.TimeSolveSPMe.time_solve_model": "20672028872f4620ce85e909bae705d9490de441e926510b2b0e53ff0881d87b"}, "version": 1}