{"results": {"time_setup_models_and_sims.TimeBuildDFN.time_setup_DFN": {"result": [1.0118571530001645], "stats": [{"ci_99": [0.9800409260005836, 1.0612388080007804], "q_25": 0.9996884925003542, "q_75": 1.0477217380012007, "min": 0.9800409260005836, "max": 1.0612388080007804, "mean": 1.0199514126003124, "std": 0.028165071849026512, "repeat": 10, "number": 1}]}, "time_setup_models_and_sims.TimeBuildDFNSimulation.time_setup_DFN_simulation": {"result": [0.09738346700032707, 0.19015335049971327], "stats": [{"ci_99": [0.08981066200067289, 0.10772449300020526], "q_25": 0.0921564284994929, "q_75": 0.10033226450059374, "min": 0.08981066200067289, "max": 0.10772449300020526, "mean": 0.09706384480014094, "std": 0.0053032149394505275, "repeat": 10, "number": 1}, {"ci_99": [0.178575517000354, 0.21511398300026485], "q_25": 0.18041138025046166, "q_75": 0.20379779950008015, "min": 0.178575517000354, "max": 0.21511398300026485, "mean": 0.19291963089999625, "std": 0.013120678010688903, "repeat": 10, "number": 1}], "params": [["False", "True"]]}, "time_setup_models_and_sims.TimeBuildSPM.time_setup_SPM": {"result": [0.6878678155007947], "stats": [{"ci_99": [0.6546268259990029, 0.7160761670002103], "q_25": 0.6650534497498484, "q_75": 0.7064244992498061, "min": 0.6546268259990029, "max": 0.7160761670002103, "mean": 0.6865570957001182, "std": 0.022227677022694552, "repeat": 10, "number": 1}]}, "time_setup_models_and_sims.TimeBuildSPMSimulation.time_setup_SPM_simulation": {"result": [0.2459318085011546, 0.46337101549943327], "stats": [{"ci_99": [0.22986329499872227, 0.25528438199944503], "q_25": 0.24302026275017852, "q_75": 0.25104065074947357, "min": 0.22986329499872227, "max": 0.25528438199944503, "mean": 0.24599837150017265, "std": 0.007205388711440105, "repeat": 10, "number": 1}, {"ci_99": [0.4352218010008073, 0.48476057300104003], "q_25": 0.445115399250426, "q_75": 0.47452124249957706, "min": 0.4352218010008073, "max": 0.48476057300104003, "mean": 0.4609191140003531, "std": 0.017339993012097057, "repeat": 10, "number": 1}], "params": [["False", "True"]]}, "time_setup_models_and_sims.TimeBuildSPMe.time_setup_SPMe": {"result": [0.8602863904989135], "stats": [{"ci_99": [0.8019432979999692, 0.8866349340005399], "q_25": 0.827552499000376, "q_75": 0.8763674707497557, "min": 0.8019432979999692, "max": 0.8866349340005399, "mean": 0.852687597899785, "std": 0.027762518088979365, "repeat": 10, "number": 1}]}, "time_setup_models_and_sims.TimeBuildSPMeSimulation.time_setup_SPMe_simulation": {"result": [0.11571265200018388, 0.23424902450005902], "stats": [{"ci_99": [0.11203852600010578, 0.13030005800101208], "q_25": 0.11483264549951855, "q_75": 0.11801756774957539, "min": 0.11203852600010578, "max": 0.13030005800101208, "mean": 0.11730752370003757, "std": 0.004737984172863905, "repeat": 10, "number": 1}, {"ci_99": [0.2163866919981956, 0.2507744480008114], "q_25": 0.2279069757510115, "q_75": 0.24157712974965762, "min": 0.2163866919981956, "max": 0.2507744480008114, "mean": 0.23428714469991974, "std": 0.00971278026519793, "repeat": 10, "number": 1}], "params": [["False", "True"]]}, "time_solve_models.TimeSolveDFN.time_solve_model": {"result": [1.3242640459993709, 1.5228780929992354], "stats": [{"ci_99": [1.293289314813041, 1.377717027999097], "q_25": 1.3119428159989184, "q_75": 1.3373928084993167, "min": 1.3048478130003787, "max": 1.377717027999097, "mean": 1.3301162891660472, "std": 0.024443203718656544, "repeat": 6, "number": 1}, {"ci_99": [1.4425426220004738, 1.6095128309989377], "q_25": 1.4811425332504768, "q_75": 1.5465630339999734, "min": 1.4425426220004738, "max": 1.6095128309989377, "mean": 1.5186436102496828, "std": 0.054809681656577014, "repeat": 8, "number": 1}], "params": [["True", "False"]]}, "time_solve_models.TimeSolveSPM.time_solve_model": {"result": [0.07001856500028225, 0.11220317449988215], "stats": [{"ci_99": [0.06538238099892624, 0.07585785700030101], "q_25": 0.06660196550046749, "q_75": 0.07172322774931672, "min": 0.06538238099892624, "max": 0.07585785700030101, "mean": 0.06969010270022409, "std": 0.0032237401335943857, "repeat": 10, "number": 1}, {"ci_99": [0.10640858400074649, 0.11617555500015442], "q_25": 0.10939937900002406, "q_75": 0.11567542650027463, "min": 0.10640858400074649, "max": 0.11617555500015442, "mean": 0.11216114500020921, "std": 0.00346053806621068, "repeat": 10, "number": 1}], "params": [["True", "False"]]}, "time_solve_models.TimeSolveSPMe.time_solve_model": {"result": [0.11056391249985609, 0.18049087599956692], "stats": [{"ci_99": [0.10502977200121677, 0.12154209300024377], "q_25": 0.10608740549969298, "q_75": 0.11549387374998332, "min": 0.10502977200121677, "max": 0.12154209300024377, "mean": 0.11167496140005824, "std": 0.005892283161441252, "repeat": 10, "number": 1}, {"ci_99": [0.1732313749998866, 0.1962777440003265], "q_25": 0.17409483049959817, "q_75": 0.18485793350055246, "min": 0.1732313749998866, "max": 0.1962777440003265, "mean": 0.18175597640001798, "std": 0.008318960875639998, "repeat": 10, "number": 1}], "params": [["True", "False"]]}}, "params": {"machine": "GitHubRunner", "python": "3.8"}, "requirements": {}, "commit_hash": "43565a641a8e9e5cd2730cfe3477c7430ef407a1", "date": 1589987238000, "env_name": "virtualenv-py3.8", "python": "3.8", "profiles": {}, "started_at": {"time_setup_models_and_sims.TimeBuildDFN.time_setup_DFN": 1613154023279, "time_setup_models_and_sims.TimeBuildDFNSimulation.time_setup_DFN_simulation": 1613154029652, "time_setup_models_and_sims.TimeBuildSPM.time_setup_SPM": 1613154031616, "time_setup_models_and_sims.TimeBuildSPMSimulation.time_setup_SPM_simulation": 1613154036084, "time_setup_models_and_sims.TimeBuildSPMe.time_setup_SPMe": 1613154040555, "time_setup_models_and_sims.TimeBuildSPMeSimulation.time_setup_SPMe_simulation": 1613154045924, "time_solve_models.TimeSolveDFN.time_solve_model": 1613154048188, "time_solve_models.TimeSolveSPM.time_solve_model": 1613154078387, "time_solve_models.TimeSolveSPMe.time_solve_model": 1613154090647}, "ended_at": {"time_setup_models_and_sims.TimeBuildDFN.time_setup_DFN": 1613154029652, "time_setup_models_and_sims.TimeBuildDFNSimulation.time_setup_DFN_simulation": 1613154031615, "time_setup_models_and_sims.TimeBuildSPM.time_setup_SPM": 1613154036084, "time_setup_models_and_sims.TimeBuildSPMSimulation.time_setup_SPM_simulation": 1613154040555, "time_setup_models_and_sims.TimeBuildSPMe.time_setup_SPMe": 1613154045924, "time_setup_models_and_sims.TimeBuildSPMeSimulation.time_setup_SPMe_simulation": 1613154048187, "time_solve_models.TimeSolveDFN.time_solve_model": 1613154078386, "time_solve_models.TimeSolveSPM.time_solve_model": 1613154090647, "time_solve_models.TimeSolveSPMe.time_solve_model": 1613154106201}, "benchmark_version": {"time_setup_models_and_sims.TimeBuildDFN.time_setup_DFN": "5f322e51e6b7e66125ee6949bdf25746005db467e8ffcfdcb3ace170e92bbc3d", "time_setup_models_and_sims.TimeBuildDFNSimulation.time_setup_DFN_simulation": "8de44bc542fa7d4ba28a80f24414a9444b5436673aaebba674918f5f0bfd0ebb", "time_setup_models_and_sims.TimeBuildSPM.time_setup_SPM": "0d0b3f5c67fc2da9a5794c66b70af5a45a09558d1ee95f738745385adb84fbca", "time_setup_models_and_sims.TimeBuildSPMSimulation.time_setup_SPM_simulation": "161220a99418ce4487cc29325cbae897f28d0e44ae07e1dfbfaac2cbc53a4ff9", "time_setup_models_and_sims.TimeBuildSPMe.time_setup_SPMe": "6083f5ff944353395eb4b21c97b02af555fe6528de3cd5283f5e139943945235", "time_setup_models_and_sims.TimeBuildSPMeSimulation.time_setup_SPMe_simulation": "530563cb559427795e3648d9648df9250ae100b7721f69eec356bdda7798c55e", "time_solve_models.TimeSolveDFN.time_solve_model": "914137228e20e5900cec36b0d3865f1faa2f5d479c7d6c2539514791f9ec4430", "time_solve_models.TimeSolveSPM.time_solve_model": "ef1bb5f8d1ddfa59650e20438c4b252d73e5a062714848ce1d6d5269382bc598", "time_solve_models.TimeSolveSPMe.time_solve_model": "20672028872f4620ce85e909bae705d9490de441e926510b2b0e53ff0881d87b"}, "version": 1}