{"results": {"time_setup_models_and_sims.TimeBuildDFN.time_setup_DFN": {"result": [0.5074758055000004], "stats": [{"ci_99": [0.5012547540000014, 0.5134311040000057], "q_25": 0.5043316745000013, "q_75": 0.5106680145000055, "min": 0.5012547540000014, "max": 0.5134311040000057, "mean": 0.5075926929000005, "std": 0.004000308982579173, "repeat": 10, "number": 1}]}, "time_setup_models_and_sims.TimeBuildDFNSimulation.time_setup_DFN_simulation": {"result": [0.13117031799998813, 0.3172313279999983], "stats": [{"ci_99": [0.12736461500000473, 0.13556632899999954], "q_25": 0.12812824875000217, "q_75": 0.13232028499999515, "min": 0.12736461500000473, "max": 0.13556632899999954, "mean": 0.13075648189999356, "std": 0.0026893737676749177, "repeat": 10, "number": 1}, {"ci_99": [0.31400556299999494, 0.32212718100001325], "q_25": 0.3150103447500001, "q_75": 0.31937649324999384, "min": 0.31400556299999494, "max": 0.32212718100001325, "mean": 0.31752808389999954, "std": 0.002731535911124201, "repeat": 10, "number": 1}], "params": [["False", "True"]]}, "time_setup_models_and_sims.TimeBuildSPM.time_setup_SPM": {"result": [0.3738409465000032], "stats": [{"ci_99": [0.36838319900000727, 0.37743704199999684], "q_25": 0.37207873274998704, "q_75": 0.37559845450001816, "min": 0.36838319900000727, "max": 0.37743704199999684, "mean": 0.37337189080000144, "std": 0.002904953955106024, "repeat": 10, "number": 1}]}, "time_setup_models_and_sims.TimeBuildSPMSimulation.time_setup_SPM_simulation": {"result": [0.15360509000000633, 0.3417833615000063], "stats": [{"ci_99": [0.14736612799998738, 0.1556879869999932], "q_25": 0.14793837499999185, "q_75": 0.15535050050000265, "min": 0.14736612799998738, "max": 0.1556879869999932, "mean": 0.15197558189999966, "std": 0.0035537132080205804, "repeat": 10, "number": 1}, {"ci_99": [0.33666724399998316, 0.3455323369999803], "q_25": 0.33882239825000227, "q_75": 0.34474203974999895, "min": 0.33666724399998316, "max": 0.3455323369999803, "mean": 0.34152143839999527, "std": 0.003320405513901417, "repeat": 10, "number": 1}], "params": [["False", "True"]]}, "time_setup_models_and_sims.TimeBuildSPMe.time_setup_SPMe": {"result": [0.4888844870000071], "stats": [{"ci_99": [0.48239018099999953, 0.4954534000000024], "q_25": 0.4868055547499992, "q_75": 0.4900319177500023, "min": 0.48239018099999953, "max": 0.4954534000000024, "mean": 0.4883848034000039, "std": 0.003491573268136448, "repeat": 10, "number": 1}]}, "time_setup_models_and_sims.TimeBuildSPMeSimulation.time_setup_SPMe_simulation": {"result": [0.144011737999989, 0.3519448870000019], "stats": [{"ci_99": [0.13850259200000892, 0.14837396999999442], "q_25": 0.140727885000004, "q_75": 0.14519835475000065, "min": 0.13850259200000892, "max": 0.14837396999999442, "mean": 0.14345676840000293, "std": 0.0031107648536364014, "repeat": 10, "number": 1}, {"ci_99": [0.34760605499999997, 0.3534252599999945], "q_25": 0.34861015125000705, "q_75": 0.3529860049999911, "min": 0.34760605499999997, "max": 0.3534252599999945, "mean": 0.35098295040000094, "std": 0.0022806178641319396, "repeat": 10, "number": 1}], "params": [["False", "True"]]}, "time_solve_models.TimeSolveDFN.time_solve_model": {"result": [0.5158112249999931, 0.6737200804999901], "stats": [{"ci_99": [0.5101965599999971, 0.5195741010000177], "q_25": 0.5142381147500075, "q_75": 0.5169638322499992, "min": 0.5101965599999971, "max": 0.5195741010000177, "mean": 0.5155264554000013, "std": 0.0024650443092831473, "repeat": 10, "number": 1}, {"ci_99": [0.6710638840000058, 0.6801059150000128], "q_25": 0.6729747732499831, "q_75": 0.6783450272499962, "min": 0.6710638840000058, "max": 0.6801059150000128, "mean": 0.6751870261999926, "std": 0.0031911951347297378, "repeat": 10, "number": 1}], "params": [["True", "False"]]}, "time_solve_models.TimeSolveSPM.time_solve_model": {"result": [0.01951097650000122, 0.041317809499986424], "stats": [{"ci_99": [0.019230261999979348, 0.01982289199997922], "q_25": 0.01931303800001416, "q_75": 0.01972254024999387, "min": 0.019230261999979348, "max": 0.01982289199997922, "mean": 0.01952267679999977, "std": 0.00021086820368218612, "repeat": 10, "number": 1}, {"ci_99": [0.041046359000006305, 0.0418406169999912], "q_25": 0.041106225749999226, "q_75": 0.041542016499988677, "min": 0.041046359000006305, "max": 0.0418406169999912, "mean": 0.04136403599999596, "std": 0.00026772689102186396, "repeat": 10, "number": 1}], "params": [["True", "False"]]}, "time_solve_models.TimeSolveSPMe.time_solve_model": {"result": [0.028730980000005957, 0.07130704749998529], "stats": [{"ci_99": [0.02842981899999586, 0.029122142000005624], "q_25": 0.02863674725001175, "q_75": 0.028877113250004527, "min": 0.02842981899999586, "max": 0.029122142000005624, "mean": 0.028759000400006583, "std": 0.00019678396409748686, "repeat": 10, "number": 1}, {"ci_99": [0.07061213800000132, 0.0717246540000076], "q_25": 0.0709025337500151, "q_75": 0.07148876674998661, "min": 0.07061213800000132, "max": 0.0717246540000076, "mean": 0.07122469990000013, "std": 0.00036494151751781926, "repeat": 10, "number": 1}], "params": [["True", "False"]]}}, "params": {"machine": "GitHubRunner", "python": "3.8"}, "requirements": {}, "commit_hash": "4aa4776285d7a418d7b21f9ab33902073dee1b4b", "date": 1636749642000, "env_name": "virtualenv-py3.8", "python": "3.8", "profiles": {}, "started_at": {"time_setup_models_and_sims.TimeBuildDFN.time_setup_DFN": 1636773708853, "time_setup_models_and_sims.TimeBuildDFNSimulation.time_setup_DFN_simulation": 1636773712319, "time_setup_models_and_sims.TimeBuildSPM.time_setup_SPM": 1636773715337, "time_setup_models_and_sims.TimeBuildSPMSimulation.time_setup_SPM_simulation": 1636773717899, "time_setup_models_and_sims.TimeBuildSPMe.time_setup_SPMe": 1636773721269, "time_setup_models_and_sims.TimeBuildSPMeSimulation.time_setup_SPMe_simulation": 1636773724583, "time_solve_models.TimeSolveDFN.time_solve_model": 1636773727902, "time_solve_models.TimeSolveSPM.time_solve_model": 1636773748025, "time_solve_models.TimeSolveSPMe.time_solve_model": 1636773755558}, "ended_at": {"time_setup_models_and_sims.TimeBuildDFN.time_setup_DFN": 1636773712319, "time_setup_models_and_sims.TimeBuildDFNSimulation.time_setup_DFN_simulation": 1636773715336, "time_setup_models_and_sims.TimeBuildSPM.time_setup_SPM": 1636773717899, "time_setup_models_and_sims.TimeBuildSPMSimulation.time_setup_SPM_simulation": 1636773721268, "time_setup_models_and_sims.TimeBuildSPMe.time_setup_SPMe": 1636773724583, "time_setup_models_and_sims.TimeBuildSPMeSimulation.time_setup_SPMe_simulation": 1636773727901, "time_solve_models.TimeSolveDFN.time_solve_model": 1636773748024, "time_solve_models.TimeSolveSPM.time_solve_model": 1636773755557, "time_solve_models.TimeSolveSPMe.time_solve_model": 1636773765403}, "benchmark_version": {"time_setup_models_and_sims.TimeBuildDFN.time_setup_DFN": "5f322e51e6b7e66125ee6949bdf25746005db467e8ffcfdcb3ace170e92bbc3d", "time_setup_models_and_sims.TimeBuildDFNSimulation.time_setup_DFN_simulation": "8de44bc542fa7d4ba28a80f24414a9444b5436673aaebba674918f5f0bfd0ebb", "time_setup_models_and_sims.TimeBuildSPM.time_setup_SPM": "0d0b3f5c67fc2da9a5794c66b70af5a45a09558d1ee95f738745385adb84fbca", "time_setup_models_and_sims.TimeBuildSPMSimulation.time_setup_SPM_simulation": "161220a99418ce4487cc29325cbae897f28d0e44ae07e1dfbfaac2cbc53a4ff9", "time_setup_models_and_sims.TimeBuildSPMe.time_setup_SPMe": "6083f5ff944353395eb4b21c97b02af555fe6528de3cd5283f5e139943945235", "time_setup_models_and_sims.TimeBuildSPMeSimulation.time_setup_SPMe_simulation": "530563cb559427795e3648d9648df9250ae100b7721f69eec356bdda7798c55e", "time_solve_models.TimeSolveDFN.time_solve_model": "914137228e20e5900cec36b0d3865f1faa2f5d479c7d6c2539514791f9ec4430", "time_solve_models.TimeSolveSPM.time_solve_model": "ef1bb5f8d1ddfa59650e20438c4b252d73e5a062714848ce1d6d5269382bc598", "time_solve_models.TimeSolveSPMe.time_solve_model": "20672028872f4620ce85e909bae705d9490de441e926510b2b0e53ff0881d87b"}, "version": 1}