{"results": {"time_setup_models_and_sims.TimeBuildDFN.time_setup_DFN": {"result": [0.9310726385001544], "stats": [{"ci_99": [0.866348673000175, 0.9610815579999326], "q_25": 0.9156877039995379, "q_75": 0.9515254332500263, "min": 0.866348673000175, "max": 0.9610815579999326, "mean": 0.9262216332997923, "std": 0.02940715005336604, "repeat": 10, "number": 1}]}, "time_setup_models_and_sims.TimeBuildDFNSimulation.time_setup_DFN_simulation": {"result": [0.10527751199970226, 0.1968274239998209], "stats": [{"ci_99": [0.09849581200069224, 0.11033909800062247], "q_25": 0.10190656250097163, "q_75": 0.10794905625061801, "min": 0.09849581200069224, "max": 0.11033909800062247, "mean": 0.10501338000030955, "std": 0.0038234002072713553, "repeat": 10, "number": 1}, {"ci_99": [0.1896581730015896, 0.20780670500062115], "q_25": 0.1942191297507634, "q_75": 0.20147478324952317, "min": 0.1896581730015896, "max": 0.20780670500062115, "mean": 0.19798080280015712, "std": 0.00572898611750644, "repeat": 10, "number": 1}], "params": [["False", "True"]]}, "time_setup_models_and_sims.TimeBuildSPM.time_setup_SPM": {"result": [0.6815641805005725], "stats": [{"ci_99": [0.6408239359989238, 0.699179657998684], "q_25": 0.667465582249406, "q_75": 0.6858103402510096, "min": 0.6408239359989238, "max": 0.699179657998684, "mean": 0.6761195930999747, "std": 0.015660535530863502, "repeat": 10, "number": 1}]}, "time_setup_models_and_sims.TimeBuildSPMSimulation.time_setup_SPM_simulation": {"result": [0.2718268669996178, 0.4888367859994105], "stats": [{"ci_99": [0.25377663600011147, 0.28801298500002304], "q_25": 0.26382833324987587, "q_75": 0.2766655030009133, "min": 0.25377663600011147, "max": 0.28801298500002304, "mean": 0.27057207800025934, "std": 0.01028572594977618, "repeat": 10, "number": 1}, {"ci_99": [0.468711692999932, 0.5229081850011426], "q_25": 0.48004599749947374, "q_75": 0.5004540487498161, "min": 0.468711692999932, "max": 0.5229081850011426, "mean": 0.4911221139996996, "std": 0.016264603032660644, "repeat": 10, "number": 1}], "params": [["False", "True"]]}, "time_setup_models_and_sims.TimeBuildSPMe.time_setup_SPMe": {"result": [0.81572035499903], "stats": [{"ci_99": [0.7651974339987646, 0.8487377440014825], "q_25": 0.7970350679997864, "q_75": 0.8391554697495849, "min": 0.7651974339987646, "max": 0.8487377440014825, "mean": 0.8153417697994882, "std": 0.02627130083939123, "repeat": 10, "number": 1}]}, "time_setup_models_and_sims.TimeBuildSPMeSimulation.time_setup_SPMe_simulation": {"result": [0.12767712399909215, 0.2659488244999011], "stats": [{"ci_99": [0.12218118400051026, 0.13691649099928327], "q_25": 0.12369681999962268, "q_75": 0.13097059799883937, "min": 0.12218118400051026, "max": 0.13691649099928327, "mean": 0.12777382459953515, "std": 0.00455485399849728, "repeat": 10, "number": 1}, {"ci_99": [0.24817729699861957, 0.2750140909993206], "q_25": 0.2541857890000756, "q_75": 0.2711082367495692, "min": 0.24817729699861957, "max": 0.2750140909993206, "mean": 0.26335763579972993, "std": 0.009716531458361318, "repeat": 10, "number": 1}], "params": [["False", "True"]]}, "time_solve_models.TimeSolveDFN.time_solve_model": {"result": [1.3837861120000525, 1.6086795869996422], "stats": [{"ci_99": [1.354487135466664, 1.4355705900015892], "q_25": 1.373511760751171, "q_75": 1.4023039967501063, "min": 1.367038585998671, "max": 1.4355705900015892, "mean": 1.3914575003336722, "std": 0.02381681765640299, "repeat": 6, "number": 1}, {"ci_99": [1.5347898979998718, 1.66009631399902], "q_25": 1.5704089877499428, "q_75": 1.636732442751054, "min": 1.5347898979998718, "max": 1.66009631399902, "mean": 1.6036669134998647, "std": 0.040675324614121315, "repeat": 8, "number": 1}], "params": [["True", "False"]]}, "time_solve_models.TimeSolveSPM.time_solve_model": {"result": [0.06674418300008256, 0.1100020960011534], "stats": [{"ci_99": [0.06212354999843228, 0.07004140600110986], "q_25": 0.06410628774983707, "q_75": 0.06777676549972966, "min": 0.06212354999843228, "max": 0.07004140600110986, "mean": 0.06609941810002055, "std": 0.0024765744935812298, "repeat": 10, "number": 1}, {"ci_99": [0.10444325500066043, 0.1249866039997869], "q_25": 0.1071523249997881, "q_75": 0.11354237224895769, "min": 0.10444325500066043, "max": 0.1249866039997869, "mean": 0.11180842890007625, "std": 0.006334131409269769, "repeat": 10, "number": 1}], "params": [["True", "False"]]}, "time_solve_models.TimeSolveSPMe.time_solve_model": {"result": [0.11373067249951418, 0.1863801979998243], "stats": [{"ci_99": [0.10360175000096206, 0.12301789000048302], "q_25": 0.10450378124915005, "q_75": 0.11929273724945233, "min": 0.10360175000096206, "max": 0.12301789000048302, "mean": 0.1125435039999502, "std": 0.007229828961842362, "repeat": 10, "number": 1}, {"ci_99": [0.1751854670001194, 0.2142462499996327], "q_25": 0.18113390999906187, "q_75": 0.18999132424914933, "min": 0.1751854670001194, "max": 0.2142462499996327, "mean": 0.18768909729951702, "std": 0.010673963489293717, "repeat": 10, "number": 1}], "params": [["True", "False"]]}}, "params": {"machine": "GitHubRunner", "python": "3.8"}, "requirements": {}, "commit_hash": "4d10b27a65e129a1146212fe458f51c35d93d4eb", "date": 1594645337000, "env_name": "virtualenv-py3.8", "python": "3.8", "profiles": {}, "started_at": {"time_setup_models_and_sims.TimeBuildDFN.time_setup_DFN": 1613150788598, "time_setup_models_and_sims.TimeBuildDFNSimulation.time_setup_DFN_simulation": 1613150794520, "time_setup_models_and_sims.TimeBuildSPM.time_setup_SPM": 1613150796534, "time_setup_models_and_sims.TimeBuildSPMSimulation.time_setup_SPM_simulation": 1613150800901, "time_setup_models_and_sims.TimeBuildSPMe.time_setup_SPMe": 1613150805773, "time_setup_models_and_sims.TimeBuildSPMeSimulation.time_setup_SPMe_simulation": 1613150810942, "time_solve_models.TimeSolveDFN.time_solve_model": 1613150813508, "time_solve_models.TimeSolveSPM.time_solve_model": 1613150843354, "time_solve_models.TimeSolveSPMe.time_solve_model": 1613150855647}, "ended_at": {"time_setup_models_and_sims.TimeBuildDFN.time_setup_DFN": 1613150794520, "time_setup_models_and_sims.TimeBuildDFNSimulation.time_setup_DFN_simulation": 1613150796533, "time_setup_models_and_sims.TimeBuildSPM.time_setup_SPM": 1613150800901, "time_setup_models_and_sims.TimeBuildSPMSimulation.time_setup_SPM_simulation": 1613150805772, "time_setup_models_and_sims.TimeBuildSPMe.time_setup_SPMe": 1613150810941, "time_setup_models_and_sims.TimeBuildSPMeSimulation.time_setup_SPMe_simulation": 1613150813507, "time_solve_models.TimeSolveDFN.time_solve_model": 1613150843353, "time_solve_models.TimeSolveSPM.time_solve_model": 1613150855647, "time_solve_models.TimeSolveSPMe.time_solve_model": 1613150870598}, "benchmark_version": {"time_setup_models_and_sims.TimeBuildDFN.time_setup_DFN": "5f322e51e6b7e66125ee6949bdf25746005db467e8ffcfdcb3ace170e92bbc3d", "time_setup_models_and_sims.TimeBuildDFNSimulation.time_setup_DFN_simulation": "8de44bc542fa7d4ba28a80f24414a9444b5436673aaebba674918f5f0bfd0ebb", "time_setup_models_and_sims.TimeBuildSPM.time_setup_SPM": "0d0b3f5c67fc2da9a5794c66b70af5a45a09558d1ee95f738745385adb84fbca", "time_setup_models_and_sims.TimeBuildSPMSimulation.time_setup_SPM_simulation": "161220a99418ce4487cc29325cbae897f28d0e44ae07e1dfbfaac2cbc53a4ff9", "time_setup_models_and_sims.TimeBuildSPMe.time_setup_SPMe": "6083f5ff944353395eb4b21c97b02af555fe6528de3cd5283f5e139943945235", "time_setup_models_and_sims.TimeBuildSPMeSimulation.time_setup_SPMe_simulation": "530563cb559427795e3648d9648df9250ae100b7721f69eec356bdda7798c55e", "time_solve_models.TimeSolveDFN.time_solve_model": "914137228e20e5900cec36b0d3865f1faa2f5d479c7d6c2539514791f9ec4430", "time_solve_models.TimeSolveSPM.time_solve_model": "ef1bb5f8d1ddfa59650e20438c4b252d73e5a062714848ce1d6d5269382bc598", "time_solve_models.TimeSolveSPMe.time_solve_model": "20672028872f4620ce85e909bae705d9490de441e926510b2b0e53ff0881d87b"}, "version": 1}