{"results": {"time_setup_models_and_sims.TimeBuildDFN.time_setup_DFN": {"result": [0.5168916715000051], "stats": [{"ci_99": [0.5142033490000131, 0.520553518000014], "q_25": 0.5165815867500072, "q_75": 0.5171754809999953, "min": 0.5142033490000131, "max": 0.520553518000014, "mean": 0.5169236119000032, "std": 0.0015257215430039594, "repeat": 10, "number": 1}]}, "time_setup_models_and_sims.TimeBuildDFNSimulation.time_setup_DFN_simulation": {"result": [0.15484875099998874, 0.36371706699999606], "stats": [{"ci_99": [0.15338068399998406, 0.15573406699999737], "q_25": 0.1545908294999947, "q_75": 0.15513726799999716, "min": 0.15338068399998406, "max": 0.15573406699999737, "mean": 0.15473981789999697, "std": 0.0006962361877288581, "repeat": 10, "number": 1}, {"ci_99": [0.36301341899999784, 0.365620339000003], "q_25": 0.3632935912499988, "q_75": 0.36460795225000453, "min": 0.36301341899999784, "max": 0.365620339000003, "mean": 0.36400221140000044, "std": 0.0008890195262827727, "repeat": 10, "number": 1}], "params": [["False", "True"]]}, "time_setup_models_and_sims.TimeBuildSPM.time_setup_SPM": {"result": [0.3673561525000082], "stats": [{"ci_99": [0.36391310900000917, 0.3699281860000099], "q_25": 0.36698224599998497, "q_75": 0.3682751430000195, "min": 0.36391310900000917, "max": 0.3699281860000099, "mean": 0.3674175932000054, "std": 0.001720692938952597, "repeat": 10, "number": 1}]}, "time_setup_models_and_sims.TimeBuildSPMSimulation.time_setup_SPM_simulation": {"result": [0.19277727949999246, 0.4183069594999864], "stats": [{"ci_99": [0.19148796200002494, 0.19534995799998], "q_25": 0.1917912650000062, "q_75": 0.19395027850000446, "min": 0.19148796200002494, "max": 0.19534995799998, "mean": 0.19292467470000077, "std": 0.001257268340156142, "repeat": 10, "number": 1}, {"ci_99": [0.41660280400000715, 0.4213985549999961], "q_25": 0.4179345885000103, "q_75": 0.4185229250000191, "min": 0.41660280400000715, "max": 0.4213985549999961, "mean": 0.41862739120000186, "std": 0.0014145958950111358, "repeat": 10, "number": 1}], "params": [["False", "True"]]}, "time_setup_models_and_sims.TimeBuildSPMe.time_setup_SPMe": {"result": [0.47730169650000676], "stats": [{"ci_99": [0.4749950909999825, 0.4795936719999929], "q_25": 0.476056834249988, "q_75": 0.4783806500000125, "min": 0.4749950909999825, "max": 0.4795936719999929, "mean": 0.47721524979999685, "std": 0.0014200658723640851, "repeat": 10, "number": 1}]}, "time_setup_models_and_sims.TimeBuildSPMeSimulation.time_setup_SPMe_simulation": {"result": [0.17923463900000058, 0.4177865645000054], "stats": [{"ci_99": [0.1783742989999837, 0.18129939300001752], "q_25": 0.1786932734999951, "q_75": 0.17975967649999802, "min": 0.1783742989999837, "max": 0.18129939300001752, "mean": 0.1793610405999999, "std": 0.0008463433581350282, "repeat": 10, "number": 1}, {"ci_99": [0.4157668709999882, 0.41960923200002753], "q_25": 0.4171413267499986, "q_75": 0.41811614625000715, "min": 0.4157668709999882, "max": 0.41960923200002753, "mean": 0.4177829732000049, "std": 0.0010719839388496624, "repeat": 10, "number": 1}], "params": [["False", "True"]]}, "time_solve_models.TimeSolveDFN.time_solve_model": {"result": [0.5095812809999956, 0.6687459354999987], "stats": [{"ci_99": [0.507774865000016, 0.5123203830000023], "q_25": 0.508624991749997, "q_75": 0.5100525032500087, "min": 0.507774865000016, "max": 0.5123203830000023, "mean": 0.5096960378999995, "std": 0.0014683037754903898, "repeat": 10, "number": 1}, {"ci_99": [0.6668770400000312, 0.6733172119999722], "q_25": 0.6679381025000097, "q_75": 0.6695548255000006, "min": 0.6668770400000312, "max": 0.6733172119999722, "mean": 0.6690892522999974, "std": 0.0017891840315417522, "repeat": 10, "number": 1}], "params": [["True", "False"]]}, "time_solve_models.TimeSolveSPM.time_solve_model": {"result": [0.019433558000017115, 0.04114403749998985], "stats": [{"ci_99": [0.019319013000028917, 0.019499402999997528], "q_25": 0.019374313000000143, "q_75": 0.01945521150001639, "min": 0.019319013000028917, "max": 0.019499402999997528, "mean": 0.01941661770001133, "std": 5.43298663828754e-05, "repeat": 10, "number": 1}, {"ci_99": [0.04083764900002507, 0.04430128599994987], "q_25": 0.040987222750011654, "q_75": 0.041239177000022664, "min": 0.04083764900002507, "max": 0.04430128599994987, "mean": 0.04157629199999917, "std": 0.0010777264384850109, "repeat": 10, "number": 1}], "params": [["True", "False"]]}, "time_solve_models.TimeSolveSPMe.time_solve_model": {"result": [0.028548662999995145, 0.07005931950000388], "stats": [{"ci_99": [0.02843651000000591, 0.028675215000021126], "q_25": 0.02850843599999564, "q_75": 0.028616239000008648, "min": 0.02843651000000591, "max": 0.028675215000021126, "mean": 0.02855974200000446, "std": 7.15198288995081e-05, "repeat": 10, "number": 1}, {"ci_99": [0.06972326599998269, 0.07090067799998678], "q_25": 0.06983013025002549, "q_75": 0.07044558224998809, "min": 0.06972326599998269, "max": 0.07090067799998678, "mean": 0.07014953249999678, "std": 0.0003856492677311985, "repeat": 10, "number": 1}], "params": [["True", "False"]]}}, "params": {"machine": "GitHubRunner", "python": "3.8"}, "requirements": {}, "commit_hash": "4ece78629d3c2ae9aa5e1da78544f6d64b0026c0", "date": 1634824298000, "env_name": "virtualenv-py3.8", "python": "3.8", "profiles": {}, "started_at": {"time_setup_models_and_sims.TimeBuildDFN.time_setup_DFN": 1635132120466, "time_setup_models_and_sims.TimeBuildDFNSimulation.time_setup_DFN_simulation": 1635132123931, "time_setup_models_and_sims.TimeBuildSPM.time_setup_SPM": 1635132127400, "time_setup_models_and_sims.TimeBuildSPMSimulation.time_setup_SPM_simulation": 1635132129912, "time_setup_models_and_sims.TimeBuildSPMe.time_setup_SPMe": 1635132133981, "time_setup_models_and_sims.TimeBuildSPMeSimulation.time_setup_SPMe_simulation": 1635132137194, "time_solve_models.TimeSolveDFN.time_solve_model": 1635132141114, "time_solve_models.TimeSolveSPM.time_solve_model": 1635132161234, "time_solve_models.TimeSolveSPMe.time_solve_model": 1635132168614}, "ended_at": {"time_setup_models_and_sims.TimeBuildDFN.time_setup_DFN": 1635132123931, "time_setup_models_and_sims.TimeBuildDFNSimulation.time_setup_DFN_simulation": 1635132127399, "time_setup_models_and_sims.TimeBuildSPM.time_setup_SPM": 1635132129911, "time_setup_models_and_sims.TimeBuildSPMSimulation.time_setup_SPM_simulation": 1635132133980, "time_setup_models_and_sims.TimeBuildSPMe.time_setup_SPMe": 1635132137194, "time_setup_models_and_sims.TimeBuildSPMeSimulation.time_setup_SPMe_simulation": 1635132141113, "time_solve_models.TimeSolveDFN.time_solve_model": 1635132161233, "time_solve_models.TimeSolveSPM.time_solve_model": 1635132168614, "time_solve_models.TimeSolveSPMe.time_solve_model": 1635132178249}, "benchmark_version": {"time_setup_models_and_sims.TimeBuildDFN.time_setup_DFN": "5f322e51e6b7e66125ee6949bdf25746005db467e8ffcfdcb3ace170e92bbc3d", "time_setup_models_and_sims.TimeBuildDFNSimulation.time_setup_DFN_simulation": "8de44bc542fa7d4ba28a80f24414a9444b5436673aaebba674918f5f0bfd0ebb", "time_setup_models_and_sims.TimeBuildSPM.time_setup_SPM": "0d0b3f5c67fc2da9a5794c66b70af5a45a09558d1ee95f738745385adb84fbca", "time_setup_models_and_sims.TimeBuildSPMSimulation.time_setup_SPM_simulation": "161220a99418ce4487cc29325cbae897f28d0e44ae07e1dfbfaac2cbc53a4ff9", "time_setup_models_and_sims.TimeBuildSPMe.time_setup_SPMe": "6083f5ff944353395eb4b21c97b02af555fe6528de3cd5283f5e139943945235", "time_setup_models_and_sims.TimeBuildSPMeSimulation.time_setup_SPMe_simulation": "530563cb559427795e3648d9648df9250ae100b7721f69eec356bdda7798c55e", "time_solve_models.TimeSolveDFN.time_solve_model": "914137228e20e5900cec36b0d3865f1faa2f5d479c7d6c2539514791f9ec4430", "time_solve_models.TimeSolveSPM.time_solve_model": "ef1bb5f8d1ddfa59650e20438c4b252d73e5a062714848ce1d6d5269382bc598", "time_solve_models.TimeSolveSPMe.time_solve_model": "20672028872f4620ce85e909bae705d9490de441e926510b2b0e53ff0881d87b"}, "version": 1}