{"results": {"time_setup_models_and_sims.TimeBuildDFN.time_setup_DFN": {"result": [0.527519292000008], "stats": [{"ci_99": [0.523087825999994, 0.542450217999999], "q_25": 0.5266708070000163, "q_75": 0.5302950430000095, "min": 0.523087825999994, "max": 0.542450217999999, "mean": 0.5293179554000034, "std": 0.0053043226877230645, "repeat": 10, "number": 1}]}, "time_setup_models_and_sims.TimeBuildDFNSimulation.time_setup_DFN_simulation": {"result": [0.1577687824999856, 0.3703100830000068], "stats": [{"ci_99": [0.1563830810000013, 0.16034449699998277], "q_25": 0.15699071400000264, "q_75": 0.1580436950000177, "min": 0.1563830810000013, "max": 0.16034449699998277, "mean": 0.15768697130000078, "std": 0.0010841802039507794, "repeat": 10, "number": 1}, {"ci_99": [0.368320768000018, 0.37392902499999536], "q_25": 0.36860463400000043, "q_75": 0.37135576875, "min": 0.368320768000018, "max": 0.37392902499999536, "mean": 0.3703869918000038, "std": 0.0018638507288623691, "repeat": 10, "number": 1}], "params": [["False", "True"]]}, "time_setup_models_and_sims.TimeBuildSPM.time_setup_SPM": {"result": [0.3730288909999899], "stats": [{"ci_99": [0.3670187580000004, 0.37636011600000074], "q_25": 0.3711379907500003, "q_75": 0.3745552147499964, "min": 0.3670187580000004, "max": 0.37636011600000074, "mean": 0.3725098539999919, "std": 0.002821001170827394, "repeat": 10, "number": 1}]}, "time_setup_models_and_sims.TimeBuildSPMSimulation.time_setup_SPM_simulation": {"result": [0.19562745349999489, 0.42583007150001606], "stats": [{"ci_99": [0.19268280000000004, 0.1974966270000209], "q_25": 0.1953340217499857, "q_75": 0.1957615857499988, "min": 0.19268280000000004, "max": 0.1974966270000209, "mean": 0.19539634550000073, "std": 0.001255855230864262, "repeat": 10, "number": 1}, {"ci_99": [0.4235075670000015, 0.43127191900001094], "q_25": 0.42428925125000205, "q_75": 0.4268228872499975, "min": 0.4235075670000015, "max": 0.43127191900001094, "mean": 0.42612534640000777, "std": 0.0023232271871122694, "repeat": 10, "number": 1}], "params": [["False", "True"]]}, "time_setup_models_and_sims.TimeBuildSPMe.time_setup_SPMe": {"result": [0.4817077710000035], "stats": [{"ci_99": [0.4755686599999933, 0.4860777579999933], "q_25": 0.4804889814999882, "q_75": 0.48232795074999757, "min": 0.4755686599999933, "max": 0.4860777579999933, "mean": 0.48123465749999356, "std": 0.002602984741177232, "repeat": 10, "number": 1}]}, "time_setup_models_and_sims.TimeBuildSPMeSimulation.time_setup_SPMe_simulation": {"result": [0.18012171999998827, 0.4271422190000038], "stats": [{"ci_99": [0.17894607200000223, 0.1809540570000081], "q_25": 0.1794904200000076, "q_75": 0.18052773875000128, "min": 0.17894607200000223, "max": 0.1809540570000081, "mean": 0.18005253750000066, "std": 0.0006475361480719866, "repeat": 10, "number": 1}, {"ci_99": [0.4224443350000229, 0.4337238719999732], "q_25": 0.4239816307499993, "q_75": 0.4309138227499929, "min": 0.4224443350000229, "max": 0.4337238719999732, "mean": 0.4275980423999982, "std": 0.004015217474829794, "repeat": 10, "number": 1}], "params": [["False", "True"]]}, "time_solve_models.TimeSolveDFN.time_solve_model": {"result": [0.5185013695000009, 0.6758606515000167], "stats": [{"ci_99": [0.5111058719999733, 0.5269750950000116], "q_25": 0.514745557750004, "q_75": 0.522393434499989, "min": 0.5111058719999733, "max": 0.5269750950000116, "mean": 0.5184787784999969, "std": 0.004822231193702226, "repeat": 10, "number": 1}, {"ci_99": [0.6702809749999972, 0.6922099690000039], "q_25": 0.6721426567500401, "q_75": 0.6859677844999865, "min": 0.6702809749999972, "max": 0.6922099690000039, "mean": 0.6792595371000119, "std": 0.008021107079718972, "repeat": 10, "number": 1}], "params": [["True", "False"]]}, "time_solve_models.TimeSolveSPM.time_solve_model": {"result": [0.01949708649999593, 0.04143554150000739], "stats": [{"ci_99": [0.019384016999993037, 0.0196111559999963], "q_25": 0.019457693000035192, "q_75": 0.019547221999992814, "min": 0.019384016999993037, "max": 0.0196111559999963, "mean": 0.019503816899998583, "std": 6.597633807732692e-05, "repeat": 10, "number": 1}, {"ci_99": [0.04097746599995844, 0.04250035600000501], "q_25": 0.04124934549999182, "q_75": 0.04160364475001188, "min": 0.04097746599995844, "max": 0.04250035600000501, "mean": 0.04155404899999837, "std": 0.0004655289084847687, "repeat": 10, "number": 1}], "params": [["True", "False"]]}, "time_solve_models.TimeSolveSPMe.time_solve_model": {"result": [0.028815698499983, 0.07126465350000899], "stats": [{"ci_99": [0.028612068000001045, 0.028961299999991752], "q_25": 0.028690060750001578, "q_75": 0.028909109250015774, "min": 0.028612068000001045, "max": 0.028961299999991752, "mean": 0.02880285409999601, "std": 0.00012045427844788683, "repeat": 10, "number": 1}, {"ci_99": [0.07092874900001789, 0.07509636300000011], "q_25": 0.07113415025001046, "q_75": 0.07154775500000454, "min": 0.07092874900001789, "max": 0.07509636300000011, "mean": 0.07197751760000984, "std": 0.0015174772006997508, "repeat": 10, "number": 1}], "params": [["True", "False"]]}}, "params": {"machine": "GitHubRunner", "python": "3.8"}, "requirements": {}, "commit_hash": "4ece78629d3c2ae9aa5e1da78544f6d64b0026c0", "date": 1634824298000, "env_name": "virtualenv-py3.8", "python": "3.8", "profiles": {}, "started_at": {"time_setup_models_and_sims.TimeBuildDFN.time_setup_DFN": 1635045682948, "time_setup_models_and_sims.TimeBuildDFNSimulation.time_setup_DFN_simulation": 1635045686515, "time_setup_models_and_sims.TimeBuildSPM.time_setup_SPM": 1635045689985, "time_setup_models_and_sims.TimeBuildSPMSimulation.time_setup_SPM_simulation": 1635045692497, "time_setup_models_and_sims.TimeBuildSPMe.time_setup_SPMe": 1635045696568, "time_setup_models_and_sims.TimeBuildSPMeSimulation.time_setup_SPMe_simulation": 1635045699832, "time_solve_models.TimeSolveDFN.time_solve_model": 1635045703853, "time_solve_models.TimeSolveSPM.time_solve_model": 1635045724128, "time_solve_models.TimeSolveSPMe.time_solve_model": 1635045731610}, "ended_at": {"time_setup_models_and_sims.TimeBuildDFN.time_setup_DFN": 1635045686515, "time_setup_models_and_sims.TimeBuildDFNSimulation.time_setup_DFN_simulation": 1635045689984, "time_setup_models_and_sims.TimeBuildSPM.time_setup_SPM": 1635045692497, "time_setup_models_and_sims.TimeBuildSPMSimulation.time_setup_SPM_simulation": 1635045696567, "time_setup_models_and_sims.TimeBuildSPMe.time_setup_SPMe": 1635045699832, "time_setup_models_and_sims.TimeBuildSPMeSimulation.time_setup_SPMe_simulation": 1635045703853, "time_solve_models.TimeSolveDFN.time_solve_model": 1635045724127, "time_solve_models.TimeSolveSPM.time_solve_model": 1635045731610, "time_solve_models.TimeSolveSPMe.time_solve_model": 1635045741350}, "benchmark_version": {"time_setup_models_and_sims.TimeBuildDFN.time_setup_DFN": "5f322e51e6b7e66125ee6949bdf25746005db467e8ffcfdcb3ace170e92bbc3d", "time_setup_models_and_sims.TimeBuildDFNSimulation.time_setup_DFN_simulation": "8de44bc542fa7d4ba28a80f24414a9444b5436673aaebba674918f5f0bfd0ebb", "time_setup_models_and_sims.TimeBuildSPM.time_setup_SPM": "0d0b3f5c67fc2da9a5794c66b70af5a45a09558d1ee95f738745385adb84fbca", "time_setup_models_and_sims.TimeBuildSPMSimulation.time_setup_SPM_simulation": "161220a99418ce4487cc29325cbae897f28d0e44ae07e1dfbfaac2cbc53a4ff9", "time_setup_models_and_sims.TimeBuildSPMe.time_setup_SPMe": "6083f5ff944353395eb4b21c97b02af555fe6528de3cd5283f5e139943945235", "time_setup_models_and_sims.TimeBuildSPMeSimulation.time_setup_SPMe_simulation": "530563cb559427795e3648d9648df9250ae100b7721f69eec356bdda7798c55e", "time_solve_models.TimeSolveDFN.time_solve_model": "914137228e20e5900cec36b0d3865f1faa2f5d479c7d6c2539514791f9ec4430", "time_solve_models.TimeSolveSPM.time_solve_model": "ef1bb5f8d1ddfa59650e20438c4b252d73e5a062714848ce1d6d5269382bc598", "time_solve_models.TimeSolveSPMe.time_solve_model": "20672028872f4620ce85e909bae705d9490de441e926510b2b0e53ff0881d87b"}, "version": 1}