{"results": {"time_setup_models_and_sims.TimeBuildDFN.time_setup_DFN": {"result": [0.5991830035000021], "stats": [{"ci_99": [0.5962260580000134, 0.6068243400000028], "q_25": 0.5973806572500138, "q_75": 0.6031136812499867, "min": 0.5962260580000134, "max": 0.6068243400000028, "mean": 0.6003655778000023, "std": 0.0034249140744243133, "repeat": 10, "number": 1}]}, "time_setup_models_and_sims.TimeBuildDFNSimulation.time_setup_DFN_simulation": {"result": [0.18011949400001015, 0.42216425849998984], "stats": [{"ci_99": [0.17852428500000883, 0.1828068739999935], "q_25": 0.1797585142499969, "q_75": 0.18041368525000223, "min": 0.17852428500000883, "max": 0.1828068739999935, "mean": 0.18018867839999758, "std": 0.001080500194095407, "repeat": 10, "number": 1}, {"ci_99": [0.41967997000000423, 0.42526558899999145], "q_25": 0.42075308824999524, "q_75": 0.4229828165000029, "min": 0.41967997000000423, "max": 0.42526558899999145, "mean": 0.42197099639999747, "std": 0.0016337893414049376, "repeat": 10, "number": 1}], "params": [["False", "True"]]}, "time_setup_models_and_sims.TimeBuildSPM.time_setup_SPM": {"result": [0.42348649299999863], "stats": [{"ci_99": [0.4211722649999956, 0.4892678100000012], "q_25": 0.4216271187500027, "q_75": 0.4454442472500162, "min": 0.4211722649999956, "max": 0.4892678100000012, "mean": 0.4353555870999998, "std": 0.021431314015960056, "repeat": 10, "number": 1}]}, "time_setup_models_and_sims.TimeBuildSPMSimulation.time_setup_SPM_simulation": {"result": [0.22185145349999402, 0.48306964399999686], "stats": [{"ci_99": [0.22095864700000334, 0.2249946560000069], "q_25": 0.22145627849999272, "q_75": 0.22292341099999646, "min": 0.22095864700000334, "max": 0.2249946560000069, "mean": 0.22230063789999974, "std": 0.0012410550559406952, "repeat": 10, "number": 1}, {"ci_99": [0.4796244569999999, 0.48824286999999345], "q_25": 0.4810400127499861, "q_75": 0.48448955425001117, "min": 0.4796244569999999, "max": 0.48824286999999345, "mean": 0.4831158343000027, "std": 0.002489528844791714, "repeat": 10, "number": 1}], "params": [["False", "True"]]}, "time_setup_models_and_sims.TimeBuildSPMe.time_setup_SPMe": {"result": [0.5488542465000137], "stats": [{"ci_99": [0.543534655000002, 0.5544616969999936], "q_25": 0.5474851770000129, "q_75": 0.549505989750017, "min": 0.543534655000002, "max": 0.5544616969999936, "mean": 0.548888480100004, "std": 0.00302580977816545, "repeat": 10, "number": 1}]}, "time_setup_models_and_sims.TimeBuildSPMeSimulation.time_setup_SPMe_simulation": {"result": [0.20677621999999474, 0.48342462300000477], "stats": [{"ci_99": [0.2054088729999819, 0.20946254200001135], "q_25": 0.20653566949999203, "q_75": 0.20746150375000383, "min": 0.2054088729999819, "max": 0.20946254200001135, "mean": 0.20706696369999805, "std": 0.001032726175293387, "repeat": 10, "number": 1}, {"ci_99": [0.4788906909999753, 0.48509793099998433], "q_25": 0.4824414647499893, "q_75": 0.48440802374999237, "min": 0.4788906909999753, "max": 0.48509793099998433, "mean": 0.48302788909999494, "std": 0.0018456657303094744, "repeat": 10, "number": 1}], "params": [["False", "True"]]}, "time_solve_models.TimeSolveDFN.time_solve_model": {"result": [0.6073963099999986, 0.7937751369999972], "stats": [{"ci_99": [0.6047836200000063, 0.6111962169999856], "q_25": 0.6055714717500038, "q_75": 0.6081360489999952, "min": 0.6047836200000063, "max": 0.6111962169999856, "mean": 0.6072525029000019, "std": 0.0018437520222105781, "repeat": 10, "number": 1}, {"ci_99": [0.7910987459999888, 0.7978879189999759], "q_25": 0.7928648444999951, "q_75": 0.7954593794999951, "min": 0.7910987459999888, "max": 0.7978879189999759, "mean": 0.7942696854999923, "std": 0.002082057674158757, "repeat": 10, "number": 1}], "params": [["True", "False"]]}, "time_solve_models.TimeSolveSPM.time_solve_model": {"result": [0.022546046000016418, 0.04751179850001108], "stats": [{"ci_99": [0.022461442000007992, 0.022662051999986943], "q_25": 0.02252237025001591, "q_75": 0.02255544724997094, "min": 0.022461442000007992, "max": 0.022662051999986943, "mean": 0.022541285500000185, "std": 5.160983442185273e-05, "repeat": 10, "number": 1}, {"ci_99": [0.047183827999958794, 0.05333391900001061], "q_25": 0.04736981099999582, "q_75": 0.04761360324999231, "min": 0.047183827999958794, "max": 0.05333391900001061, "mean": 0.04855179409999266, "std": 0.002262308655037995, "repeat": 10, "number": 1}], "params": [["True", "False"]]}, "time_solve_models.TimeSolveSPMe.time_solve_model": {"result": [0.03351939950000826, 0.0819535354999914], "stats": [{"ci_99": [0.03339413899999499, 0.03369626200003495], "q_25": 0.033492146999989814, "q_75": 0.03366880699997665, "min": 0.03339413899999499, "max": 0.03369626200003495, "mean": 0.03355627099999765, "std": 0.00010458270319883806, "repeat": 10, "number": 1}, {"ci_99": [0.08144711699998197, 0.0829321119999804], "q_25": 0.08167333650001751, "q_75": 0.08215606675000942, "min": 0.08144711699998197, "max": 0.0829321119999804, "mean": 0.08196607680000341, "std": 0.00042023175865377145, "repeat": 10, "number": 1}], "params": [["True", "False"]]}}, "params": {"machine": "GitHubRunner", "python": "3.8"}, "requirements": {}, "commit_hash": "4ece78629d3c2ae9aa5e1da78544f6d64b0026c0", "date": 1634824298000, "env_name": "virtualenv-py3.8", "python": "3.8", "profiles": {}, "started_at": {"time_setup_models_and_sims.TimeBuildDFN.time_setup_DFN": 1634959308272, "time_setup_models_and_sims.TimeBuildDFNSimulation.time_setup_DFN_simulation": 1634959312289, "time_setup_models_and_sims.TimeBuildSPM.time_setup_SPM": 1634959316263, "time_setup_models_and_sims.TimeBuildSPMSimulation.time_setup_SPM_simulation": 1634959319327, "time_setup_models_and_sims.TimeBuildSPMe.time_setup_SPMe": 1634959323950, "time_setup_models_and_sims.TimeBuildSPMeSimulation.time_setup_SPMe_simulation": 1634959327666, "time_solve_models.TimeSolveDFN.time_solve_model": 1634959332241, "time_solve_models.TimeSolveSPM.time_solve_model": 1634959355773, "time_solve_models.TimeSolveSPMe.time_solve_model": 1634959364260}, "ended_at": {"time_setup_models_and_sims.TimeBuildDFN.time_setup_DFN": 1634959312289, "time_setup_models_and_sims.TimeBuildDFNSimulation.time_setup_DFN_simulation": 1634959316262, "time_setup_models_and_sims.TimeBuildSPM.time_setup_SPM": 1634959319327, "time_setup_models_and_sims.TimeBuildSPMSimulation.time_setup_SPM_simulation": 1634959323949, "time_setup_models_and_sims.TimeBuildSPMe.time_setup_SPMe": 1634959327666, "time_setup_models_and_sims.TimeBuildSPMeSimulation.time_setup_SPMe_simulation": 1634959332240, "time_solve_models.TimeSolveDFN.time_solve_model": 1634959355772, "time_solve_models.TimeSolveSPM.time_solve_model": 1634959364259, "time_solve_models.TimeSolveSPMe.time_solve_model": 1634959375455}, "benchmark_version": {"time_setup_models_and_sims.TimeBuildDFN.time_setup_DFN": "5f322e51e6b7e66125ee6949bdf25746005db467e8ffcfdcb3ace170e92bbc3d", "time_setup_models_and_sims.TimeBuildDFNSimulation.time_setup_DFN_simulation": "8de44bc542fa7d4ba28a80f24414a9444b5436673aaebba674918f5f0bfd0ebb", "time_setup_models_and_sims.TimeBuildSPM.time_setup_SPM": "0d0b3f5c67fc2da9a5794c66b70af5a45a09558d1ee95f738745385adb84fbca", "time_setup_models_and_sims.TimeBuildSPMSimulation.time_setup_SPM_simulation": "161220a99418ce4487cc29325cbae897f28d0e44ae07e1dfbfaac2cbc53a4ff9", "time_setup_models_and_sims.TimeBuildSPMe.time_setup_SPMe": "6083f5ff944353395eb4b21c97b02af555fe6528de3cd5283f5e139943945235", "time_setup_models_and_sims.TimeBuildSPMeSimulation.time_setup_SPMe_simulation": "530563cb559427795e3648d9648df9250ae100b7721f69eec356bdda7798c55e", "time_solve_models.TimeSolveDFN.time_solve_model": "914137228e20e5900cec36b0d3865f1faa2f5d479c7d6c2539514791f9ec4430", "time_solve_models.TimeSolveSPM.time_solve_model": "ef1bb5f8d1ddfa59650e20438c4b252d73e5a062714848ce1d6d5269382bc598", "time_solve_models.TimeSolveSPMe.time_solve_model": "20672028872f4620ce85e909bae705d9490de441e926510b2b0e53ff0881d87b"}, "version": 1}