{"results": {"time_setup_models_and_sims.TimeBuildDFN.time_setup_DFN": {"result": [0.5890563484999944], "stats": [{"ci_99": [0.577616412999987, 0.5986668159999908], "q_25": 0.5840608772499962, "q_75": 0.5950202949999834, "min": 0.577616412999987, "max": 0.5986668159999908, "mean": 0.5887952326999937, "std": 0.007324903228397897, "repeat": 10, "number": 1}]}, "time_setup_models_and_sims.TimeBuildDFNSimulation.time_setup_DFN_simulation": {"result": [0.18335490199999072, 0.4288382215000013], "stats": [{"ci_99": [0.17284967000000506, 0.18666335900002196], "q_25": 0.1784169765000172, "q_75": 0.18576888825000282, "min": 0.17284967000000506, "max": 0.18666335900002196, "mean": 0.18185609529999738, "std": 0.004726506774189127, "repeat": 10, "number": 1}, {"ci_99": [0.420314583999982, 0.4324995029999741], "q_25": 0.42531233149996694, "q_75": 0.43021385574999726, "min": 0.420314583999982, "max": 0.4324995029999741, "mean": 0.4278883667999878, "std": 0.0036329886892464917, "repeat": 10, "number": 1}], "params": [["False", "True"]]}, "time_setup_models_and_sims.TimeBuildSPM.time_setup_SPM": {"result": [0.4164719719999965], "stats": [{"ci_99": [0.4031271750000087, 0.43004819300000463], "q_25": 0.41175364150001315, "q_75": 0.4226084820000011, "min": 0.4031271750000087, "max": 0.43004819300000463, "mean": 0.41674899949999544, "std": 0.007863986669628042, "repeat": 10, "number": 1}]}, "time_setup_models_and_sims.TimeBuildSPMSimulation.time_setup_SPM_simulation": {"result": [0.22376092849999907, 0.48307323950000125], "stats": [{"ci_99": [0.21923539499999833, 0.22705963100000304], "q_25": 0.22152410474997453, "q_75": 0.22586471350000892, "min": 0.21923539499999833, "max": 0.22705963100000304, "mean": 0.22351521970000193, "std": 0.002758451672132133, "repeat": 10, "number": 1}, {"ci_99": [0.47700936400002547, 0.48808437000002414], "q_25": 0.48066102000000654, "q_75": 0.48410092849997, "min": 0.47700936400002547, "max": 0.48808437000002414, "mean": 0.4827692524000014, "std": 0.003084712198470318, "repeat": 10, "number": 1}], "params": [["False", "True"]]}, "time_setup_models_and_sims.TimeBuildSPMe.time_setup_SPMe": {"result": [0.5386746484999776], "stats": [{"ci_99": [0.5276108570000133, 0.5575887749999993], "q_25": 0.5369000972499975, "q_75": 0.5477857600000036, "min": 0.5276108570000133, "max": 0.5575887749999993, "mean": 0.5419364219999949, "std": 0.008443781329777467, "repeat": 10, "number": 1}]}, "time_setup_models_and_sims.TimeBuildSPMeSimulation.time_setup_SPMe_simulation": {"result": [0.209285922499987, 0.4904810949999927], "stats": [{"ci_99": [0.20501612800001112, 0.2137920400000155], "q_25": 0.20766437600002519, "q_75": 0.21135616400000856, "min": 0.20501612800001112, "max": 0.2137920400000155, "mean": 0.20962269590000915, "std": 0.0027876051622498332, "repeat": 10, "number": 1}, {"ci_99": [0.47214036500000134, 0.4964153100000317], "q_25": 0.4763507052499989, "q_75": 0.49401458699999523, "min": 0.47214036500000134, "max": 0.4964153100000317, "mean": 0.4862271594000049, "std": 0.00918268650961828, "repeat": 10, "number": 1}], "params": [["False", "True"]]}, "time_solve_models.TimeSolveDFN.time_solve_model": {"result": [0.6180035860000146, 0.803988247999996], "stats": [{"ci_99": [0.6087693110000032, 0.6250748190000195], "q_25": 0.6116543190000101, "q_75": 0.6209980744999939, "min": 0.6087693110000032, "max": 0.6250748190000195, "mean": 0.616835319300003, "std": 0.005422355338741379, "repeat": 10, "number": 1}, {"ci_99": [0.790164089000001, 0.8135290939999891], "q_25": 0.7996302187499751, "q_75": 0.8079883625000122, "min": 0.790164089000001, "max": 0.8135290939999891, "mean": 0.8031519397999972, "std": 0.006963725953818659, "repeat": 10, "number": 1}], "params": [["True", "False"]]}, "time_solve_models.TimeSolveSPM.time_solve_model": {"result": [0.022748693500020067, 0.04713219600000684], "stats": [{"ci_99": [0.02205329100002018, 0.023139898000010817], "q_25": 0.022459806749992595, "q_75": 0.022997928000009438, "min": 0.02205329100002018, "max": 0.023139898000010817, "mean": 0.02270201900001325, "std": 0.0003478460356126575, "repeat": 10, "number": 1}, {"ci_99": [0.04399040199999149, 0.048689783000014586], "q_25": 0.046810826999994504, "q_75": 0.048189007750011115, "min": 0.04399040199999149, "max": 0.048689783000014586, "mean": 0.047169001200001046, "std": 0.0013312249514462143, "repeat": 10, "number": 1}], "params": [["True", "False"]]}, "time_solve_models.TimeSolveSPMe.time_solve_model": {"result": [0.034113919000006376, 0.08291973499999017], "stats": [{"ci_99": [0.03280994000002124, 0.03491095800001176], "q_25": 0.03333451925001185, "q_75": 0.03443071000002362, "min": 0.03280994000002124, "max": 0.03491095800001176, "mean": 0.03394168690001322, "std": 0.0007082065609152707, "repeat": 10, "number": 1}, {"ci_99": [0.07841834399999925, 0.08380700100002514], "q_25": 0.08211350899998138, "q_75": 0.08342030574998915, "min": 0.07841834399999925, "max": 0.08380700100002514, "mean": 0.0823687554999907, "std": 0.0015752802555582634, "repeat": 10, "number": 1}], "params": [["True", "False"]]}}, "params": {"machine": "GitHubRunner", "python": "3.8"}, "requirements": {}, "commit_hash": "51ee22aece7389434750a7f49ed1252fe4a3a9de", "date": 1633126633000, "env_name": "virtualenv-py3.8", "python": "3.8", "profiles": {}, "started_at": {"time_setup_models_and_sims.TimeBuildDFN.time_setup_DFN": 1633231270405, "time_setup_models_and_sims.TimeBuildDFNSimulation.time_setup_DFN_simulation": 1633231274375, "time_setup_models_and_sims.TimeBuildSPM.time_setup_SPM": 1633231278399, "time_setup_models_and_sims.TimeBuildSPMSimulation.time_setup_SPM_simulation": 1633231281264, "time_setup_models_and_sims.TimeBuildSPMe.time_setup_SPMe": 1633231285890, "time_setup_models_and_sims.TimeBuildSPMeSimulation.time_setup_SPMe_simulation": 1633231289557, "time_solve_models.TimeSolveDFN.time_solve_model": 1633231294185, "time_solve_models.TimeSolveSPM.time_solve_model": 1633231317919, "time_solve_models.TimeSolveSPMe.time_solve_model": 1633231326360}, "ended_at": {"time_setup_models_and_sims.TimeBuildDFN.time_setup_DFN": 1633231274374, "time_setup_models_and_sims.TimeBuildDFNSimulation.time_setup_DFN_simulation": 1633231278398, "time_setup_models_and_sims.TimeBuildSPM.time_setup_SPM": 1633231281264, "time_setup_models_and_sims.TimeBuildSPMSimulation.time_setup_SPM_simulation": 1633231285889, "time_setup_models_and_sims.TimeBuildSPMe.time_setup_SPMe": 1633231289557, "time_setup_models_and_sims.TimeBuildSPMeSimulation.time_setup_SPMe_simulation": 1633231294184, "time_solve_models.TimeSolveDFN.time_solve_model": 1633231317918, "time_solve_models.TimeSolveSPM.time_solve_model": 1633231326359, "time_solve_models.TimeSolveSPMe.time_solve_model": 1633231337559}, "benchmark_version": {"time_setup_models_and_sims.TimeBuildDFN.time_setup_DFN": "5f322e51e6b7e66125ee6949bdf25746005db467e8ffcfdcb3ace170e92bbc3d", "time_setup_models_and_sims.TimeBuildDFNSimulation.time_setup_DFN_simulation": "8de44bc542fa7d4ba28a80f24414a9444b5436673aaebba674918f5f0bfd0ebb", "time_setup_models_and_sims.TimeBuildSPM.time_setup_SPM": "0d0b3f5c67fc2da9a5794c66b70af5a45a09558d1ee95f738745385adb84fbca", "time_setup_models_and_sims.TimeBuildSPMSimulation.time_setup_SPM_simulation": "161220a99418ce4487cc29325cbae897f28d0e44ae07e1dfbfaac2cbc53a4ff9", "time_setup_models_and_sims.TimeBuildSPMe.time_setup_SPMe": "6083f5ff944353395eb4b21c97b02af555fe6528de3cd5283f5e139943945235", "time_setup_models_and_sims.TimeBuildSPMeSimulation.time_setup_SPMe_simulation": "530563cb559427795e3648d9648df9250ae100b7721f69eec356bdda7798c55e", "time_solve_models.TimeSolveDFN.time_solve_model": "914137228e20e5900cec36b0d3865f1faa2f5d479c7d6c2539514791f9ec4430", "time_solve_models.TimeSolveSPM.time_solve_model": "ef1bb5f8d1ddfa59650e20438c4b252d73e5a062714848ce1d6d5269382bc598", "time_solve_models.TimeSolveSPMe.time_solve_model": "20672028872f4620ce85e909bae705d9490de441e926510b2b0e53ff0881d87b"}, "version": 1}