{"results": {"time_setup_models_and_sims.TimeBuildDFN.time_setup_DFN": {"result": [0.5824348434999962], "stats": [{"ci_99": [0.5727468890000011, 0.5869528770000159], "q_25": 0.5796760299999875, "q_75": 0.5831241070000033, "min": 0.5727468890000011, "max": 0.5869528770000159, "mean": 0.581198063399998, "std": 0.004174249258670299, "repeat": 10, "number": 1}]}, "time_setup_models_and_sims.TimeBuildDFNSimulation.time_setup_DFN_simulation": {"result": [0.18215567149999856, 0.4333194735000063], "stats": [{"ci_99": [0.17348585199999889, 0.19964148799999748], "q_25": 0.17522666124998665, "q_75": 0.18965313225000813, "min": 0.17348585199999889, "max": 0.19964148799999748, "mean": 0.18387936709999622, "std": 0.009490594249508186, "repeat": 10, "number": 1}, {"ci_99": [0.4076697499999966, 0.47214327500000763], "q_25": 0.4106449219999959, "q_75": 0.4472278932499876, "min": 0.4076697499999966, "max": 0.47214327500000763, "mean": 0.4329733068999957, "std": 0.022132443572538952, "repeat": 10, "number": 1}], "params": [["False", "True"]]}, "time_setup_models_and_sims.TimeBuildSPM.time_setup_SPM": {"result": [0.4102734599999991], "stats": [{"ci_99": [0.3992786839999951, 0.4598869349999859], "q_25": 0.40826738200000534, "q_75": 0.41523850774999005, "min": 0.3992786839999951, "max": 0.4598869349999859, "mean": 0.41768052089999796, "std": 0.01764885042462299, "repeat": 10, "number": 1}]}, "time_setup_models_and_sims.TimeBuildSPMSimulation.time_setup_SPM_simulation": {"result": [0.2174752290000015, 0.48074428900001465], "stats": [{"ci_99": [0.2130692359999955, 0.23682970400000158], "q_25": 0.2155348350000139, "q_75": 0.22329468924999674, "min": 0.2130692359999955, "max": 0.23682970400000158, "mean": 0.22009248100000037, "std": 0.006901967428858525, "repeat": 10, "number": 1}, {"ci_99": [0.470925464000004, 0.5083966370000041], "q_25": 0.47305823500000344, "q_75": 0.49417214649999863, "min": 0.470925464000004, "max": 0.5083966370000041, "mean": 0.48476178950000415, "std": 0.013265442103227287, "repeat": 10, "number": 1}], "params": [["False", "True"]]}, "time_setup_models_and_sims.TimeBuildSPMe.time_setup_SPMe": {"result": [0.5356160975000108], "stats": [{"ci_99": [0.5243181950000064, 0.5826421639999921], "q_25": 0.5314833097499942, "q_75": 0.5612919482499947, "min": 0.5243181950000064, "max": 0.5826421639999921, "mean": 0.5452236199000027, "std": 0.019219612652376237, "repeat": 10, "number": 1}]}, "time_setup_models_and_sims.TimeBuildSPMeSimulation.time_setup_SPMe_simulation": {"result": [0.20747831300000996, 0.4786416704999823], "stats": [{"ci_99": [0.20357615800000417, 0.211961768000009], "q_25": 0.20650257125000593, "q_75": 0.20819236400000563, "min": 0.20357615800000417, "max": 0.211961768000009, "mean": 0.20758610660000443, "std": 0.0021677241417163893, "repeat": 10, "number": 1}, {"ci_99": [0.4707380110000088, 0.4879111529999989], "q_25": 0.47247754000000697, "q_75": 0.4818309997500094, "min": 0.4707380110000088, "max": 0.4879111529999989, "mean": 0.4779693891000022, "std": 0.005566879041193772, "repeat": 10, "number": 1}], "params": [["False", "True"]]}, "time_solve_models.TimeSolveDFN.time_solve_model": {"result": [0.5895621175000088, 0.7807298999999972], "stats": [{"ci_99": [0.579289977000002, 0.6065122520000159], "q_25": 0.5858237729999942, "q_75": 0.6033540317500012, "min": 0.579289977000002, "max": 0.6065122520000159, "mean": 0.592967570800002, "std": 0.009810460792632756, "repeat": 10, "number": 1}, {"ci_99": [0.7639837430000114, 0.792362245999982], "q_25": 0.7769354950000036, "q_75": 0.7839407162499938, "min": 0.7639837430000114, "max": 0.792362245999982, "mean": 0.7791539980999971, "std": 0.008594323023327055, "repeat": 10, "number": 1}], "params": [["True", "False"]]}, "time_solve_models.TimeSolveSPM.time_solve_model": {"result": [0.022492605499991214, 0.046734731000000806], "stats": [{"ci_99": [0.021623343000015893, 0.02667901300000608], "q_25": 0.02223535774999874, "q_75": 0.023149657500006526, "min": 0.021623343000015893, "max": 0.02667901300000608, "mean": 0.023088945499998202, "std": 0.0015060202567058925, "repeat": 10, "number": 1}, {"ci_99": [0.04461964899999771, 0.04764620899999272], "q_25": 0.04643365650000675, "q_75": 0.04717192250002, "min": 0.04461964899999771, "max": 0.04764620899999272, "mean": 0.04661872120000225, "std": 0.0008339344850364137, "repeat": 10, "number": 1}], "params": [["True", "False"]]}, "time_solve_models.TimeSolveSPMe.time_solve_model": {"result": [0.033080170499999895, 0.08004852549998986], "stats": [{"ci_99": [0.03203120199998466, 0.03465046399998073], "q_25": 0.032694587250013285, "q_75": 0.033500692750003225, "min": 0.03203120199998466, "max": 0.03465046399998073, "mean": 0.033099166600001693, "std": 0.0007264200059673883, "repeat": 10, "number": 1}, {"ci_99": [0.07869228499998826, 0.0825366790000146], "q_25": 0.07959836050000035, "q_75": 0.08092477400001741, "min": 0.07869228499998826, "max": 0.0825366790000146, "mean": 0.08029652359999773, "std": 0.0010656774019523457, "repeat": 10, "number": 1}], "params": [["True", "False"]]}}, "params": {"machine": "GitHubRunner", "python": "3.8"}, "requirements": {}, "commit_hash": "51ee22aece7389434750a7f49ed1252fe4a3a9de", "date": 1633126633000, "env_name": "virtualenv-py3.8", "python": "3.8", "profiles": {}, "started_at": {"time_setup_models_and_sims.TimeBuildDFN.time_setup_DFN": 1633144879025, "time_setup_models_and_sims.TimeBuildDFNSimulation.time_setup_DFN_simulation": 1633144882897, "time_setup_models_and_sims.TimeBuildSPM.time_setup_SPM": 1633144887120, "time_setup_models_and_sims.TimeBuildSPMSimulation.time_setup_SPM_simulation": 1633144890035, "time_setup_models_and_sims.TimeBuildSPMe.time_setup_SPMe": 1633144894710, "time_setup_models_and_sims.TimeBuildSPMeSimulation.time_setup_SPMe_simulation": 1633144898533, "time_solve_models.TimeSolveDFN.time_solve_model": 1633144903060, "time_solve_models.TimeSolveSPM.time_solve_model": 1633144926051, "time_solve_models.TimeSolveSPMe.time_solve_model": 1633144934641}, "ended_at": {"time_setup_models_and_sims.TimeBuildDFN.time_setup_DFN": 1633144882896, "time_setup_models_and_sims.TimeBuildDFNSimulation.time_setup_DFN_simulation": 1633144887118, "time_setup_models_and_sims.TimeBuildSPM.time_setup_SPM": 1633144890034, "time_setup_models_and_sims.TimeBuildSPMSimulation.time_setup_SPM_simulation": 1633144894710, "time_setup_models_and_sims.TimeBuildSPMe.time_setup_SPMe": 1633144898533, "time_setup_models_and_sims.TimeBuildSPMeSimulation.time_setup_SPMe_simulation": 1633144903059, "time_solve_models.TimeSolveDFN.time_solve_model": 1633144926050, "time_solve_models.TimeSolveSPM.time_solve_model": 1633144934641, "time_solve_models.TimeSolveSPMe.time_solve_model": 1633144945593}, "benchmark_version": {"time_setup_models_and_sims.TimeBuildDFN.time_setup_DFN": "5f322e51e6b7e66125ee6949bdf25746005db467e8ffcfdcb3ace170e92bbc3d", "time_setup_models_and_sims.TimeBuildDFNSimulation.time_setup_DFN_simulation": "8de44bc542fa7d4ba28a80f24414a9444b5436673aaebba674918f5f0bfd0ebb", "time_setup_models_and_sims.TimeBuildSPM.time_setup_SPM": "0d0b3f5c67fc2da9a5794c66b70af5a45a09558d1ee95f738745385adb84fbca", "time_setup_models_and_sims.TimeBuildSPMSimulation.time_setup_SPM_simulation": "161220a99418ce4487cc29325cbae897f28d0e44ae07e1dfbfaac2cbc53a4ff9", "time_setup_models_and_sims.TimeBuildSPMe.time_setup_SPMe": "6083f5ff944353395eb4b21c97b02af555fe6528de3cd5283f5e139943945235", "time_setup_models_and_sims.TimeBuildSPMeSimulation.time_setup_SPMe_simulation": "530563cb559427795e3648d9648df9250ae100b7721f69eec356bdda7798c55e", "time_solve_models.TimeSolveDFN.time_solve_model": "914137228e20e5900cec36b0d3865f1faa2f5d479c7d6c2539514791f9ec4430", "time_solve_models.TimeSolveSPM.time_solve_model": "ef1bb5f8d1ddfa59650e20438c4b252d73e5a062714848ce1d6d5269382bc598", "time_solve_models.TimeSolveSPMe.time_solve_model": "20672028872f4620ce85e909bae705d9490de441e926510b2b0e53ff0881d87b"}, "version": 1}