{"results": {"time_setup_models_and_sims.TimeBuildDFN.time_setup_DFN": {"result": [0.5710240864999889], "stats": [{"ci_99": [0.5579208510000058, 0.6020128570000054], "q_25": 0.5618731464999982, "q_75": 0.585168594250014, "min": 0.5579208510000058, "max": 0.6020128570000054, "mean": 0.5744274414999992, "std": 0.014076556299503036, "repeat": 10, "number": 1}]}, "time_setup_models_and_sims.TimeBuildDFNSimulation.time_setup_DFN_simulation": {"result": [0.1740394439999946, 0.41219016749998616], "stats": [{"ci_99": [0.1661412720000044, 0.1890534849999881], "q_25": 0.16984018750000018, "q_75": 0.17797473624999327, "min": 0.1661412720000044, "max": 0.1890534849999881, "mean": 0.17489593839999742, "std": 0.0070204980644605125, "repeat": 10, "number": 1}, {"ci_99": [0.390598015000009, 0.4319006529999996], "q_25": 0.3986262647500105, "q_75": 0.42435469625000266, "min": 0.390598015000009, "max": 0.4319006529999996, "mean": 0.4116020901000013, "std": 0.014229745903445272, "repeat": 10, "number": 1}], "params": [["False", "True"]]}, "time_setup_models_and_sims.TimeBuildSPM.time_setup_SPM": {"result": [0.41319095749999946], "stats": [{"ci_99": [0.40544502000000193, 0.42754312700000696], "q_25": 0.40927228374999913, "q_75": 0.4165927445000044, "min": 0.40544502000000193, "max": 0.42754312700000696, "mean": 0.4134466568000036, "std": 0.0061698340950473475, "repeat": 10, "number": 1}]}, "time_setup_models_and_sims.TimeBuildSPMSimulation.time_setup_SPM_simulation": {"result": [0.21727713250000136, 0.4627910575000058], "stats": [{"ci_99": [0.20394404699999313, 0.23291085300000702], "q_25": 0.20844772699999936, "q_75": 0.22224801624998847, "min": 0.20394404699999313, "max": 0.23291085300000702, "mean": 0.21676459819999963, "std": 0.008933723407795264, "repeat": 10, "number": 1}, {"ci_99": [0.4529269290000002, 0.4743986680000205], "q_25": 0.4573385815000073, "q_75": 0.4687429554999909, "min": 0.4529269290000002, "max": 0.4743986680000205, "mean": 0.46330298170000217, "std": 0.007253045371374547, "repeat": 10, "number": 1}], "params": [["False", "True"]]}, "time_setup_models_and_sims.TimeBuildSPMe.time_setup_SPMe": {"result": [0.5343753415000023], "stats": [{"ci_99": [0.5218315929999875, 0.5456189230000064], "q_25": 0.5303696647500189, "q_75": 0.5401498785000101, "min": 0.5218315929999875, "max": 0.5456189230000064, "mean": 0.5344343017000057, "std": 0.007471047374702777, "repeat": 10, "number": 1}]}, "time_setup_models_and_sims.TimeBuildSPMeSimulation.time_setup_SPMe_simulation": {"result": [0.20719592200000392, 0.4739542760000006], "stats": [{"ci_99": [0.19260214199999837, 0.21267713400000332], "q_25": 0.20053377650000925, "q_75": 0.21114635875000332, "min": 0.19260214199999837, "max": 0.21267713400000332, "mean": 0.20528976160000384, "std": 0.0070706507187396645, "repeat": 10, "number": 1}, {"ci_99": [0.45272527000000196, 0.49703445700001225], "q_25": 0.4636938607500056, "q_75": 0.48375577275000126, "min": 0.45272527000000196, "max": 0.49703445700001225, "mean": 0.47407988410000285, "std": 0.013793940423488327, "repeat": 10, "number": 1}], "params": [["False", "True"]]}, "time_solve_models.TimeSolveDFN.time_solve_model": {"result": [0.5887020575000008, 0.763741569000004], "stats": [{"ci_99": [0.5662852929999929, 0.6041279320000115], "q_25": 0.5804993439999961, "q_75": 0.599205253500017, "min": 0.5662852929999929, "max": 0.6041279320000115, "mean": 0.5875392013000038, "std": 0.012758136441147329, "repeat": 10, "number": 1}, {"ci_99": [0.7349867460000041, 0.7976154669999858], "q_25": 0.7508769722499977, "q_75": 0.7809061840000098, "min": 0.7349867460000041, "max": 0.7976154669999858, "mean": 0.7653704086999994, "std": 0.01896467277050871, "repeat": 10, "number": 1}], "params": [["True", "False"]]}, "time_solve_models.TimeSolveSPM.time_solve_model": {"result": [0.022318555499992954, 0.04575501249999547], "stats": [{"ci_99": [0.02101958500000478, 0.022870887999999923], "q_25": 0.022236549750012102, "q_75": 0.02270365299999355, "min": 0.02101958500000478, "max": 0.022870887999999923, "mean": 0.022323546100000157, "std": 0.0005007461168471879, "repeat": 10, "number": 1}, {"ci_99": [0.043931262999990395, 0.04847519800000555], "q_25": 0.04445010024998908, "q_75": 0.04708093549999859, "min": 0.043931262999990395, "max": 0.04847519800000555, "mean": 0.0458555175999976, "std": 0.0015173167188643052, "repeat": 10, "number": 1}], "params": [["True", "False"]]}, "time_solve_models.TimeSolveSPMe.time_solve_model": {"result": [0.03246617449998723, 0.07974206299999764], "stats": [{"ci_99": [0.029982644999989816, 0.0341989700000056], "q_25": 0.03231177200000701, "q_75": 0.03302505700001035, "min": 0.029982644999989816, "max": 0.0341989700000056, "mean": 0.03243503440000097, "std": 0.0011809226744931265, "repeat": 10, "number": 1}, {"ci_99": [0.07576651200000128, 0.0828431779999903], "q_25": 0.07698591900000196, "q_75": 0.08056845174998273, "min": 0.07576651200000128, "max": 0.0828431779999903, "mean": 0.07932425169999817, "std": 0.0024001546805711106, "repeat": 10, "number": 1}], "params": [["True", "False"]]}}, "params": {"machine": "GitHubRunner", "python": "3.8"}, "requirements": {}, "commit_hash": "51ee22aece7389434750a7f49ed1252fe4a3a9de", "date": 1633126633000, "env_name": "virtualenv-py3.8", "python": "3.8", "profiles": {}, "started_at": {"time_setup_models_and_sims.TimeBuildDFN.time_setup_DFN": 1633317695551, "time_setup_models_and_sims.TimeBuildDFNSimulation.time_setup_DFN_simulation": 1633317699370, "time_setup_models_and_sims.TimeBuildSPM.time_setup_SPM": 1633317703142, "time_setup_models_and_sims.TimeBuildSPMSimulation.time_setup_SPM_simulation": 1633317705956, "time_setup_models_and_sims.TimeBuildSPMe.time_setup_SPMe": 1633317710379, "time_setup_models_and_sims.TimeBuildSPMeSimulation.time_setup_SPMe_simulation": 1633317713994, "time_solve_models.TimeSolveDFN.time_solve_model": 1633317718416, "time_solve_models.TimeSolveSPM.time_solve_model": 1633317741094, "time_solve_models.TimeSolveSPMe.time_solve_model": 1633317749331}, "ended_at": {"time_setup_models_and_sims.TimeBuildDFN.time_setup_DFN": 1633317699370, "time_setup_models_and_sims.TimeBuildDFNSimulation.time_setup_DFN_simulation": 1633317703140, "time_setup_models_and_sims.TimeBuildSPM.time_setup_SPM": 1633317705955, "time_setup_models_and_sims.TimeBuildSPMSimulation.time_setup_SPM_simulation": 1633317710378, "time_setup_models_and_sims.TimeBuildSPMe.time_setup_SPMe": 1633317713994, "time_setup_models_and_sims.TimeBuildSPMeSimulation.time_setup_SPMe_simulation": 1633317718415, "time_solve_models.TimeSolveDFN.time_solve_model": 1633317741093, "time_solve_models.TimeSolveSPM.time_solve_model": 1633317749330, "time_solve_models.TimeSolveSPMe.time_solve_model": 1633317760074}, "benchmark_version": {"time_setup_models_and_sims.TimeBuildDFN.time_setup_DFN": "5f322e51e6b7e66125ee6949bdf25746005db467e8ffcfdcb3ace170e92bbc3d", "time_setup_models_and_sims.TimeBuildDFNSimulation.time_setup_DFN_simulation": "8de44bc542fa7d4ba28a80f24414a9444b5436673aaebba674918f5f0bfd0ebb", "time_setup_models_and_sims.TimeBuildSPM.time_setup_SPM": "0d0b3f5c67fc2da9a5794c66b70af5a45a09558d1ee95f738745385adb84fbca", "time_setup_models_and_sims.TimeBuildSPMSimulation.time_setup_SPM_simulation": "161220a99418ce4487cc29325cbae897f28d0e44ae07e1dfbfaac2cbc53a4ff9", "time_setup_models_and_sims.TimeBuildSPMe.time_setup_SPMe": "6083f5ff944353395eb4b21c97b02af555fe6528de3cd5283f5e139943945235", "time_setup_models_and_sims.TimeBuildSPMeSimulation.time_setup_SPMe_simulation": "530563cb559427795e3648d9648df9250ae100b7721f69eec356bdda7798c55e", "time_solve_models.TimeSolveDFN.time_solve_model": "914137228e20e5900cec36b0d3865f1faa2f5d479c7d6c2539514791f9ec4430", "time_solve_models.TimeSolveSPM.time_solve_model": "ef1bb5f8d1ddfa59650e20438c4b252d73e5a062714848ce1d6d5269382bc598", "time_solve_models.TimeSolveSPMe.time_solve_model": "20672028872f4620ce85e909bae705d9490de441e926510b2b0e53ff0881d87b"}, "version": 1}