{"results": {"time_setup_models_and_sims.TimeBuildDFN.time_setup_DFN": {"result": [0.7607012729999951], "stats": [{"ci_99": [0.7280329029999848, 0.8186265759999856], "q_25": 0.7464723087500289, "q_75": 0.7769746052499897, "min": 0.7280329029999848, "max": 0.8186265759999856, "mean": 0.7663013948000014, "std": 0.02898101750333292, "repeat": 10, "number": 1}]}, "time_setup_models_and_sims.TimeBuildDFNSimulation.time_setup_DFN_simulation": {"result": [0.22215125599998942, 0.5299484215000234], "stats": [{"ci_99": [0.21536138900000878, 0.2393527990000166], "q_25": 0.21751868650000006, "q_75": 0.2286479267500141, "min": 0.21536138900000878, "max": 0.2393527990000166, "mean": 0.22362104820000467, "std": 0.007297364042309165, "repeat": 10, "number": 1}, {"ci_99": [0.5144478579999827, 0.5369050850000008], "q_25": 0.5274065777499857, "q_75": 0.5307435864999945, "min": 0.5144478579999827, "max": 0.5369050850000008, "mean": 0.528962263599999, "std": 0.005828895602491357, "repeat": 10, "number": 1}], "params": [["False", "True"]]}, "time_setup_models_and_sims.TimeBuildSPM.time_setup_SPM": {"result": [0.5415363285000012], "stats": [{"ci_99": [0.5227271680000172, 0.568791497999996], "q_25": 0.5269297169999732, "q_75": 0.5530611232499751, "min": 0.5227271680000172, "max": 0.568791497999996, "mean": 0.5422174660999929, "std": 0.015928479429387427, "repeat": 10, "number": 1}]}, "time_setup_models_and_sims.TimeBuildSPMSimulation.time_setup_SPM_simulation": {"result": [0.2779501305000167, 0.6058398864999788], "stats": [{"ci_99": [0.2637942050000106, 0.28701392299996087], "q_25": 0.2751831667499829, "q_75": 0.2804740467500011, "min": 0.2637942050000106, "max": 0.28701392299996087, "mean": 0.2774497063999945, "std": 0.00675150728078086, "repeat": 10, "number": 1}, {"ci_99": [0.5786822900000175, 0.6297135719999574], "q_25": 0.5965252604999876, "q_75": 0.6194764782499931, "min": 0.5786822900000175, "max": 0.6297135719999574, "mean": 0.6073495670999876, "std": 0.015273037720873038, "repeat": 10, "number": 1}], "params": [["False", "True"]]}, "time_setup_models_and_sims.TimeBuildSPMe.time_setup_SPMe": {"result": [0.6881668199999922], "stats": [{"ci_99": [0.6662529179999979, 0.7223764529999812], "q_25": 0.6824060969999977, "q_75": 0.7001373734999845, "min": 0.6662529179999979, "max": 0.7223764529999812, "mean": 0.6908463686999937, "std": 0.01624043983554654, "repeat": 10, "number": 1}]}, "time_setup_models_and_sims.TimeBuildSPMeSimulation.time_setup_SPMe_simulation": {"result": [0.2599833980000028, 0.6128879939999763], "stats": [{"ci_99": [0.2493663749999655, 0.2692787830000043], "q_25": 0.25628586600002734, "q_75": 0.2624464047499657, "min": 0.2493663749999655, "max": 0.2692787830000043, "mean": 0.2594459681999922, "std": 0.00545053693988494, "repeat": 10, "number": 1}, {"ci_99": [0.5974737270000219, 0.6551970300000107], "q_25": 0.599126876249997, "q_75": 0.6340625655000167, "min": 0.5974737270000219, "max": 0.6551970300000107, "mean": 0.617821035899999, "std": 0.02005161949207083, "repeat": 10, "number": 1}], "params": [["False", "True"]]}, "time_solve_models.TimeSolveDFN.time_solve_model": {"result": [0.5899984729999801, 0.7790764050000121], "stats": [{"ci_99": [0.5812140220000401, 0.6140041250000081], "q_25": 0.5831384657500109, "q_75": 0.6002328647499979, "min": 0.5812140220000401, "max": 0.6140041250000081, "mean": 0.5936413478750069, "std": 0.012197563306484943, "repeat": 8, "number": 1}, {"ci_99": [0.7619159459999878, 0.8238829709999891], "q_25": 0.7693354262500094, "q_75": 0.786597271249974, "min": 0.7619159459999878, "max": 0.8238829709999891, "mean": 0.7831610924000018, "std": 0.018443987986671097, "repeat": 10, "number": 1}], "params": [["True", "False"]]}, "time_solve_models.TimeSolveSPM.time_solve_model": {"result": [0.027027423500015857, 0.05428349350000872], "stats": [{"ci_99": [0.026621879999993325, 0.03036843099999942], "q_25": 0.026880398749966616, "q_75": 0.029214371249992155, "min": 0.026621879999993325, "max": 0.03036843099999942, "mean": 0.027916972599990687, "std": 0.0013920059054804343, "repeat": 10, "number": 1}, {"ci_99": [0.05110087799999974, 0.05777150599999459], "q_25": 0.05282071474999839, "q_75": 0.05595756974999233, "min": 0.05110087799999974, "max": 0.05777150599999459, "mean": 0.05433157299999607, "std": 0.0020383340733596735, "repeat": 10, "number": 1}], "params": [["True", "False"]]}, "time_solve_models.TimeSolveSPMe.time_solve_model": {"result": [0.04050161850000222, 0.08972421600000757], "stats": [{"ci_99": [0.038625731999957225, 0.04255048400000305], "q_25": 0.03964629400000774, "q_75": 0.04175659624998218, "min": 0.038625731999957225, "max": 0.04255048400000305, "mean": 0.04065763159999847, "std": 0.0012778648665316577, "repeat": 10, "number": 1}, {"ci_99": [0.08587716200003115, 0.09224080900003173], "q_25": 0.08868345325001314, "q_75": 0.0907494787499985, "min": 0.08587716200003115, "max": 0.09224080900003173, "mean": 0.08957816230000618, "std": 0.0017337249007534584, "repeat": 10, "number": 1}], "params": [["True", "False"]]}}, "params": {"machine": "GitHubRunner", "python": "3.8"}, "requirements": {}, "commit_hash": "54c2288cfa010ecc2269677ad907c3518f41a2e8", "date": 1632489888000, "env_name": "virtualenv-py3.8", "python": "3.8", "profiles": {}, "started_at": {"time_setup_models_and_sims.TimeBuildDFN.time_setup_DFN": 1632712898417, "time_setup_models_and_sims.TimeBuildDFNSimulation.time_setup_DFN_simulation": 1632712903336, "time_setup_models_and_sims.TimeBuildSPM.time_setup_SPM": 1632712908205, "time_setup_models_and_sims.TimeBuildSPMSimulation.time_setup_SPM_simulation": 1632712911768, "time_setup_models_and_sims.TimeBuildSPMe.time_setup_SPMe": 1632712917441, "time_setup_models_and_sims.TimeBuildSPMeSimulation.time_setup_SPMe_simulation": 1632712921956, "time_solve_models.TimeSolveDFN.time_solve_model": 1632712927429, "time_solve_models.TimeSolveSPM.time_solve_model": 1632712950897, "time_solve_models.TimeSolveSPMe.time_solve_model": 1632712961333}, "ended_at": {"time_setup_models_and_sims.TimeBuildDFN.time_setup_DFN": 1632712903335, "time_setup_models_and_sims.TimeBuildDFNSimulation.time_setup_DFN_simulation": 1632712908204, "time_setup_models_and_sims.TimeBuildSPM.time_setup_SPM": 1632712911768, "time_setup_models_and_sims.TimeBuildSPMSimulation.time_setup_SPM_simulation": 1632712917440, "time_setup_models_and_sims.TimeBuildSPMe.time_setup_SPMe": 1632712921956, "time_setup_models_and_sims.TimeBuildSPMeSimulation.time_setup_SPMe_simulation": 1632712927428, "time_solve_models.TimeSolveDFN.time_solve_model": 1632712950897, "time_solve_models.TimeSolveSPM.time_solve_model": 1632712961333, "time_solve_models.TimeSolveSPMe.time_solve_model": 1632712975177}, "benchmark_version": {"time_setup_models_and_sims.TimeBuildDFN.time_setup_DFN": "5f322e51e6b7e66125ee6949bdf25746005db467e8ffcfdcb3ace170e92bbc3d", "time_setup_models_and_sims.TimeBuildDFNSimulation.time_setup_DFN_simulation": "8de44bc542fa7d4ba28a80f24414a9444b5436673aaebba674918f5f0bfd0ebb", "time_setup_models_and_sims.TimeBuildSPM.time_setup_SPM": "0d0b3f5c67fc2da9a5794c66b70af5a45a09558d1ee95f738745385adb84fbca", "time_setup_models_and_sims.TimeBuildSPMSimulation.time_setup_SPM_simulation": "161220a99418ce4487cc29325cbae897f28d0e44ae07e1dfbfaac2cbc53a4ff9", "time_setup_models_and_sims.TimeBuildSPMe.time_setup_SPMe": "6083f5ff944353395eb4b21c97b02af555fe6528de3cd5283f5e139943945235", "time_setup_models_and_sims.TimeBuildSPMeSimulation.time_setup_SPMe_simulation": "530563cb559427795e3648d9648df9250ae100b7721f69eec356bdda7798c55e", "time_solve_models.TimeSolveDFN.time_solve_model": "914137228e20e5900cec36b0d3865f1faa2f5d479c7d6c2539514791f9ec4430", "time_solve_models.TimeSolveSPM.time_solve_model": "ef1bb5f8d1ddfa59650e20438c4b252d73e5a062714848ce1d6d5269382bc598", "time_solve_models.TimeSolveSPMe.time_solve_model": "20672028872f4620ce85e909bae705d9490de441e926510b2b0e53ff0881d87b"}, "version": 1}