{"results": {"time_setup_models_and_sims.TimeBuildDFN.time_setup_DFN": {"result": [0.6127081635000025], "stats": [{"ci_99": [0.6085151990000099, 0.6177446300000042], "q_25": 0.6122395964999896, "q_75": 0.6141874995000194, "min": 0.6085151990000099, "max": 0.6177446300000042, "mean": 0.6131613467000137, "std": 0.002647378645847856, "repeat": 10, "number": 1}]}, "time_setup_models_and_sims.TimeBuildDFNSimulation.time_setup_DFN_simulation": {"result": [0.18568393600000377, 0.4336032009999826], "stats": [{"ci_99": [0.1842919590000065, 0.190661681999984], "q_25": 0.18483234649998792, "q_75": 0.18663675400000557, "min": 0.1842919590000065, "max": 0.190661681999984, "mean": 0.18644413079999253, "std": 0.0021774370556116767, "repeat": 10, "number": 1}, {"ci_99": [0.43105862300001263, 0.43707549999999173], "q_25": 0.4330645550000014, "q_75": 0.43467796525000324, "min": 0.43105862300001263, "max": 0.43707549999999173, "mean": 0.43369051079999393, "std": 0.0016615667054434306, "repeat": 10, "number": 1}], "params": [["False", "True"]]}, "time_setup_models_and_sims.TimeBuildSPM.time_setup_SPM": {"result": [0.4332995169999947], "stats": [{"ci_99": [0.43093792199999825, 0.4357602540000016], "q_25": 0.43252777724997316, "q_75": 0.43446120175003955, "min": 0.43093792199999825, "max": 0.4357602540000016, "mean": 0.4334799692000047, "std": 0.0013966451214591413, "repeat": 10, "number": 1}]}, "time_setup_models_and_sims.TimeBuildSPMSimulation.time_setup_SPM_simulation": {"result": [0.22959592750001434, 0.5001559499999928], "stats": [{"ci_99": [0.22843964100002268, 0.23281103000005032], "q_25": 0.22906202349997784, "q_75": 0.23121275449997825, "min": 0.22843964100002268, "max": 0.23281103000005032, "mean": 0.2301642991000051, "std": 0.0015045124179057215, "repeat": 10, "number": 1}, {"ci_99": [0.4983686260000013, 0.5038371360000156], "q_25": 0.49898865225000577, "q_75": 0.5006629715000059, "min": 0.4983686260000013, "max": 0.5038371360000156, "mean": 0.5002395225999976, "std": 0.0015886051321597691, "repeat": 10, "number": 1}], "params": [["False", "True"]]}, "time_setup_models_and_sims.TimeBuildSPMe.time_setup_SPMe": {"result": [0.5642788155000176], "stats": [{"ci_99": [0.5607958949999556, 0.5699058949999767], "q_25": 0.563699807749984, "q_75": 0.5662275169999731, "min": 0.5607958949999556, "max": 0.5699058949999767, "mean": 0.5647418340999935, "std": 0.0025884853706796417, "repeat": 10, "number": 1}]}, "time_setup_models_and_sims.TimeBuildSPMeSimulation.time_setup_SPMe_simulation": {"result": [0.21651216849997468, 0.5038071370000239], "stats": [{"ci_99": [0.21433739400004015, 0.2213201339999955], "q_25": 0.21603531924999686, "q_75": 0.21690828275001195, "min": 0.21433739400004015, "max": 0.2213201339999955, "mean": 0.21669841240000665, "std": 0.0017343740197566435, "repeat": 10, "number": 1}, {"ci_99": [0.5001155200000085, 0.5107688780000217], "q_25": 0.5029289432499837, "q_75": 0.5043477162500096, "min": 0.5001155200000085, "max": 0.5107688780000217, "mean": 0.5038665095000056, "std": 0.0027361504259872855, "repeat": 10, "number": 1}], "params": [["False", "True"]]}, "time_solve_models.TimeSolveDFN.time_solve_model": {"result": [0.6257806295000137, 0.8202815395000016], "stats": [{"ci_99": [0.6249000300000489, 0.628576430999999], "q_25": 0.6253250164999855, "q_75": 0.6267318872500169, "min": 0.6249000300000489, "max": 0.628576430999999, "mean": 0.6261098588000096, "std": 0.001072781932706416, "repeat": 10, "number": 1}, {"ci_99": [0.8187023819999695, 0.8248298679999948], "q_25": 0.8194706200000041, "q_75": 0.8217605299999775, "min": 0.8187023819999695, "max": 0.8248298679999948, "mean": 0.820875737800003, "std": 0.0019062917008157351, "repeat": 10, "number": 1}], "params": [["True", "False"]]}, "time_solve_models.TimeSolveSPM.time_solve_model": {"result": [0.023486727499999915, 0.04909579900001404], "stats": [{"ci_99": [0.02343567799999846, 0.023543279000023176], "q_25": 0.023464977999992698, "q_75": 0.02349972774999287, "min": 0.02343567799999846, "max": 0.023543279000023176, "mean": 0.023483047799999213, "std": 3.122936068156175e-05, "repeat": 10, "number": 1}, {"ci_99": [0.048819156000035946, 0.04917969900003527], "q_25": 0.04895754825001575, "q_75": 0.04914902299999824, "min": 0.048819156000035946, "max": 0.04917969900003527, "mean": 0.04904334020001215, "std": 0.000126433681049149, "repeat": 10, "number": 1}], "params": [["True", "False"]]}, "time_solve_models.TimeSolveSPMe.time_solve_model": {"result": [0.03481458199999565, 0.084804317999982], "stats": [{"ci_99": [0.034712379999973564, 0.03506980999998177], "q_25": 0.03476838649999081, "q_75": 0.03489465674998371, "min": 0.034712379999973564, "max": 0.03506980999998177, "mean": 0.034844894099995825, "std": 0.00010875468189411132, "repeat": 10, "number": 1}, {"ci_99": [0.08457644000003484, 0.08502874800001337], "q_25": 0.08474290474995883, "q_75": 0.08493306874999007, "min": 0.08457644000003484, "max": 0.08502874800001337, "mean": 0.0848197854999853, "std": 0.00013940410607342474, "repeat": 10, "number": 1}], "params": [["True", "False"]]}}, "params": {"machine": "GitHubRunner", "python": "3.8"}, "requirements": {}, "commit_hash": "54c2288cfa010ecc2269677ad907c3518f41a2e8", "date": 1632489888000, "env_name": "virtualenv-py3.8", "python": "3.8", "profiles": {}, "started_at": {"time_setup_models_and_sims.TimeBuildDFN.time_setup_DFN": 1632626470727, "time_setup_models_and_sims.TimeBuildDFNSimulation.time_setup_DFN_simulation": 1632626474849, "time_setup_models_and_sims.TimeBuildSPM.time_setup_SPM": 1632626478926, "time_setup_models_and_sims.TimeBuildSPMSimulation.time_setup_SPM_simulation": 1632626481893, "time_setup_models_and_sims.TimeBuildSPMe.time_setup_SPMe": 1632626486670, "time_setup_models_and_sims.TimeBuildSPMeSimulation.time_setup_SPMe_simulation": 1632626490489, "time_solve_models.TimeSolveDFN.time_solve_model": 1632626495216, "time_solve_models.TimeSolveSPM.time_solve_model": 1632626519412, "time_solve_models.TimeSolveSPMe.time_solve_model": 1632626528107}, "ended_at": {"time_setup_models_and_sims.TimeBuildDFN.time_setup_DFN": 1632626474849, "time_setup_models_and_sims.TimeBuildDFNSimulation.time_setup_DFN_simulation": 1632626478924, "time_setup_models_and_sims.TimeBuildSPM.time_setup_SPM": 1632626481893, "time_setup_models_and_sims.TimeBuildSPMSimulation.time_setup_SPM_simulation": 1632626486669, "time_setup_models_and_sims.TimeBuildSPMe.time_setup_SPMe": 1632626490488, "time_setup_models_and_sims.TimeBuildSPMeSimulation.time_setup_SPMe_simulation": 1632626495216, "time_solve_models.TimeSolveDFN.time_solve_model": 1632626519411, "time_solve_models.TimeSolveSPM.time_solve_model": 1632626528106, "time_solve_models.TimeSolveSPMe.time_solve_model": 1632626539506}, "benchmark_version": {"time_setup_models_and_sims.TimeBuildDFN.time_setup_DFN": "5f322e51e6b7e66125ee6949bdf25746005db467e8ffcfdcb3ace170e92bbc3d", "time_setup_models_and_sims.TimeBuildDFNSimulation.time_setup_DFN_simulation": "8de44bc542fa7d4ba28a80f24414a9444b5436673aaebba674918f5f0bfd0ebb", "time_setup_models_and_sims.TimeBuildSPM.time_setup_SPM": "0d0b3f5c67fc2da9a5794c66b70af5a45a09558d1ee95f738745385adb84fbca", "time_setup_models_and_sims.TimeBuildSPMSimulation.time_setup_SPM_simulation": "161220a99418ce4487cc29325cbae897f28d0e44ae07e1dfbfaac2cbc53a4ff9", "time_setup_models_and_sims.TimeBuildSPMe.time_setup_SPMe": "6083f5ff944353395eb4b21c97b02af555fe6528de3cd5283f5e139943945235", "time_setup_models_and_sims.TimeBuildSPMeSimulation.time_setup_SPMe_simulation": "530563cb559427795e3648d9648df9250ae100b7721f69eec356bdda7798c55e", "time_solve_models.TimeSolveDFN.time_solve_model": "914137228e20e5900cec36b0d3865f1faa2f5d479c7d6c2539514791f9ec4430", "time_solve_models.TimeSolveSPM.time_solve_model": "ef1bb5f8d1ddfa59650e20438c4b252d73e5a062714848ce1d6d5269382bc598", "time_solve_models.TimeSolveSPMe.time_solve_model": "20672028872f4620ce85e909bae705d9490de441e926510b2b0e53ff0881d87b"}, "version": 1}