{"results": {"time_setup_models_and_sims.TimeBuildDFN.time_setup_DFN": {"result": [0.5833632405000131], "stats": [{"ci_99": [0.5786746900000139, 0.5949018419999845], "q_25": 0.580510947749989, "q_75": 0.5901719370000116, "min": 0.5786746900000139, "max": 0.5949018419999845, "mean": 0.5853481303000023, "std": 0.005700189445069961, "repeat": 10, "number": 1}]}, "time_setup_models_and_sims.TimeBuildDFNSimulation.time_setup_DFN_simulation": {"result": [0.1796111840000023, 0.4139791825000003], "stats": [{"ci_99": [0.16888776999999777, 0.18253558199999986], "q_25": 0.17478635424999567, "q_75": 0.1807055150000032, "min": 0.16888776999999777, "max": 0.18253558199999986, "mean": 0.17740768659999873, "std": 0.004529771184141094, "repeat": 10, "number": 1}, {"ci_99": [0.40374663599999394, 0.4327339669999901], "q_25": 0.4098378474999933, "q_75": 0.4208187239999859, "min": 0.40374663599999394, "max": 0.4327339669999901, "mean": 0.4159305004999922, "std": 0.008455934592880191, "repeat": 10, "number": 1}], "params": [["False", "True"]]}, "time_setup_models_and_sims.TimeBuildSPM.time_setup_SPM": {"result": [0.415152085999992], "stats": [{"ci_99": [0.4110485979999794, 0.4203370339999992], "q_25": 0.4124552012500047, "q_75": 0.41868815925000646, "min": 0.4110485979999794, "max": 0.4203370339999992, "mean": 0.4154408016999994, "std": 0.0034765173939874413, "repeat": 10, "number": 1}]}, "time_setup_models_and_sims.TimeBuildSPMSimulation.time_setup_SPM_simulation": {"result": [0.21634020199999782, 0.47604511549999273], "stats": [{"ci_99": [0.20791764999999884, 0.23035471099998972], "q_25": 0.21356034274999303, "q_75": 0.21915594800000449, "min": 0.20791764999999884, "max": 0.23035471099998972, "mean": 0.21642444369999653, "std": 0.006094660895162958, "repeat": 10, "number": 1}, {"ci_99": [0.46256413000000407, 0.4839029210000092], "q_25": 0.47035725099999937, "q_75": 0.4815545495000073, "min": 0.46256413000000407, "max": 0.4839029210000092, "mean": 0.47479004189999896, "std": 0.007417284327180321, "repeat": 10, "number": 1}], "params": [["False", "True"]]}, "time_setup_models_and_sims.TimeBuildSPMe.time_setup_SPMe": {"result": [0.5291832579999962], "stats": [{"ci_99": [0.5073206730000095, 0.5442395379999994], "q_25": 0.5143569869999922, "q_75": 0.5427682744999984, "min": 0.5073206730000095, "max": 0.5442395379999994, "mean": 0.5279642086000009, "std": 0.014269706539243036, "repeat": 10, "number": 1}]}, "time_setup_models_and_sims.TimeBuildSPMeSimulation.time_setup_SPMe_simulation": {"result": [0.20835458900000248, 0.46975452899999937], "stats": [{"ci_99": [0.19809135799999922, 0.2150711380000132], "q_25": 0.2020119862499996, "q_75": 0.2101241525000006, "min": 0.19809135799999922, "max": 0.2150711380000132, "mean": 0.20661976850000202, "std": 0.0053519473450791095, "repeat": 10, "number": 1}, {"ci_99": [0.45417074699997784, 0.48085900300000617], "q_25": 0.46498178149998637, "q_75": 0.47757665249999803, "min": 0.45417074699997784, "max": 0.48085900300000617, "mean": 0.4698604959999983, "std": 0.008529081614864351, "repeat": 10, "number": 1}], "params": [["False", "True"]]}, "time_solve_models.TimeSolveDFN.time_solve_model": {"result": [0.5991064744999903, 0.7668473675000058], "stats": [{"ci_99": [0.5792234959999973, 0.6065621390000047], "q_25": 0.5943647722499961, "q_75": 0.6037895967500049, "min": 0.5792234959999973, "max": 0.6065621390000047, "mean": 0.5978194954000002, "std": 0.007685710185221978, "repeat": 10, "number": 1}, {"ci_99": [0.7351503470000011, 0.7911832839999988], "q_25": 0.7606129452500028, "q_75": 0.7863271779999934, "min": 0.7351503470000011, "max": 0.7911832839999988, "mean": 0.7701877099999962, "std": 0.017077930573336918, "repeat": 10, "number": 1}], "params": [["True", "False"]]}, "time_solve_models.TimeSolveSPM.time_solve_model": {"result": [0.022038626999986377, 0.04675653199998919], "stats": [{"ci_99": [0.019184477999999672, 0.02270425400001841], "q_25": 0.021657026249989997, "q_75": 0.022413769250000826, "min": 0.019184477999999672, "max": 0.02270425400001841, "mean": 0.021664385199997582, "std": 0.0011380490472421808, "repeat": 10, "number": 1}, {"ci_99": [0.044805876999987504, 0.04809004500000924], "q_25": 0.045657223499993904, "q_75": 0.04755070250000415, "min": 0.044805876999987504, "max": 0.04809004500000924, "mean": 0.046612554400002185, "std": 0.001075506279427899, "repeat": 10, "number": 1}], "params": [["True", "False"]]}, "time_solve_models.TimeSolveSPMe.time_solve_model": {"result": [0.033236168500010876, 0.07841475499999717], "stats": [{"ci_99": [0.030603591000016195, 0.03430973499999368], "q_25": 0.03209871375000972, "q_75": 0.03366449325001497, "min": 0.030603591000016195, "max": 0.03430973499999368, "mean": 0.03281482820000292, "std": 0.0011902065478881048, "repeat": 10, "number": 1}, {"ci_99": [0.0749024229999975, 0.08314394300001027], "q_25": 0.0770362060000096, "q_75": 0.08210155175000011, "min": 0.0749024229999975, "max": 0.08314394300001027, "mean": 0.07923209040000075, "std": 0.002801173648951262, "repeat": 10, "number": 1}], "params": [["True", "False"]]}}, "params": {"machine": "GitHubRunner", "python": "3.8"}, "requirements": {}, "commit_hash": "54c2288cfa010ecc2269677ad907c3518f41a2e8", "date": 1632489888000, "env_name": "virtualenv-py3.8", "python": "3.8", "profiles": {}, "started_at": {"time_setup_models_and_sims.TimeBuildDFN.time_setup_DFN": 1632799293303, "time_setup_models_and_sims.TimeBuildDFNSimulation.time_setup_DFN_simulation": 1632799297221, "time_setup_models_and_sims.TimeBuildSPM.time_setup_SPM": 1632799301045, "time_setup_models_and_sims.TimeBuildSPMSimulation.time_setup_SPM_simulation": 1632799303860, "time_setup_models_and_sims.TimeBuildSPMe.time_setup_SPMe": 1632799308338, "time_setup_models_and_sims.TimeBuildSPMeSimulation.time_setup_SPMe_simulation": 1632799311855, "time_solve_models.TimeSolveDFN.time_solve_model": 1632799316284, "time_solve_models.TimeSolveSPM.time_solve_model": 1632799338926, "time_solve_models.TimeSolveSPMe.time_solve_model": 1632799347067}, "ended_at": {"time_setup_models_and_sims.TimeBuildDFN.time_setup_DFN": 1632799297221, "time_setup_models_and_sims.TimeBuildDFNSimulation.time_setup_DFN_simulation": 1632799301044, "time_setup_models_and_sims.TimeBuildSPM.time_setup_SPM": 1632799303860, "time_setup_models_and_sims.TimeBuildSPMSimulation.time_setup_SPM_simulation": 1632799308338, "time_setup_models_and_sims.TimeBuildSPMe.time_setup_SPMe": 1632799311855, "time_setup_models_and_sims.TimeBuildSPMeSimulation.time_setup_SPMe_simulation": 1632799316284, "time_solve_models.TimeSolveDFN.time_solve_model": 1632799338925, "time_solve_models.TimeSolveSPM.time_solve_model": 1632799347066, "time_solve_models.TimeSolveSPMe.time_solve_model": 1632799357818}, "benchmark_version": {"time_setup_models_and_sims.TimeBuildDFN.time_setup_DFN": "5f322e51e6b7e66125ee6949bdf25746005db467e8ffcfdcb3ace170e92bbc3d", "time_setup_models_and_sims.TimeBuildDFNSimulation.time_setup_DFN_simulation": "8de44bc542fa7d4ba28a80f24414a9444b5436673aaebba674918f5f0bfd0ebb", "time_setup_models_and_sims.TimeBuildSPM.time_setup_SPM": "0d0b3f5c67fc2da9a5794c66b70af5a45a09558d1ee95f738745385adb84fbca", "time_setup_models_and_sims.TimeBuildSPMSimulation.time_setup_SPM_simulation": "161220a99418ce4487cc29325cbae897f28d0e44ae07e1dfbfaac2cbc53a4ff9", "time_setup_models_and_sims.TimeBuildSPMe.time_setup_SPMe": "6083f5ff944353395eb4b21c97b02af555fe6528de3cd5283f5e139943945235", "time_setup_models_and_sims.TimeBuildSPMeSimulation.time_setup_SPMe_simulation": "530563cb559427795e3648d9648df9250ae100b7721f69eec356bdda7798c55e", "time_solve_models.TimeSolveDFN.time_solve_model": "914137228e20e5900cec36b0d3865f1faa2f5d479c7d6c2539514791f9ec4430", "time_solve_models.TimeSolveSPM.time_solve_model": "ef1bb5f8d1ddfa59650e20438c4b252d73e5a062714848ce1d6d5269382bc598", "time_solve_models.TimeSolveSPMe.time_solve_model": "20672028872f4620ce85e909bae705d9490de441e926510b2b0e53ff0881d87b"}, "version": 1}