{"results": {"time_setup_models_and_sims.TimeBuildDFN.time_setup_DFN": {"result": [0.8203813155000148], "stats": [{"ci_99": [0.8007590920000212, 0.8412528000000066], "q_25": 0.8097276972499827, "q_75": 0.8256392367500212, "min": 0.8007590920000212, "max": 0.8412528000000066, "mean": 0.819095347700005, "std": 0.01220980825740367, "repeat": 10, "number": 1}]}, "time_setup_models_and_sims.TimeBuildDFNSimulation.time_setup_DFN_simulation": {"result": [0.24722800300000358, 0.5828137695000066], "stats": [{"ci_99": [0.24014256000003797, 0.2608790879999674], "q_25": 0.24249252199999205, "q_75": 0.24977585575001626, "min": 0.24014256000003797, "max": 0.2608790879999674, "mean": 0.24706971510000814, "std": 0.005891069134268713, "repeat": 10, "number": 1}, {"ci_99": [0.5661231329999623, 0.5872016069999972], "q_25": 0.5743658740000086, "q_75": 0.5845101292499919, "min": 0.5661231329999623, "max": 0.5872016069999972, "mean": 0.579601142599995, "std": 0.006903549781562972, "repeat": 10, "number": 1}], "params": [["False", "True"]]}, "time_setup_models_and_sims.TimeBuildSPM.time_setup_SPM": {"result": [0.577197671499988], "stats": [{"ci_99": [0.562892555000019, 0.6008244870000112], "q_25": 0.5681103300000103, "q_75": 0.5860082044999899, "min": 0.562892555000019, "max": 0.6008244870000112, "mean": 0.5780726556000104, "std": 0.011310778967993346, "repeat": 10, "number": 1}]}, "time_setup_models_and_sims.TimeBuildSPMSimulation.time_setup_SPM_simulation": {"result": [0.30319540849998816, 0.6811968200000251], "stats": [{"ci_99": [0.2944233919999988, 0.31769521600000417], "q_25": 0.29980155550001086, "q_75": 0.30456721349997906, "min": 0.2944233919999988, "max": 0.31769521600000417, "mean": 0.3043539816999953, "std": 0.007223275237961193, "repeat": 10, "number": 1}, {"ci_99": [0.6590796090000026, 0.7191033290000064], "q_25": 0.6705545537499944, "q_75": 0.6920105377499937, "min": 0.6590796090000026, "max": 0.7191033290000064, "mean": 0.6831459862000088, "std": 0.017520850673717454, "repeat": 10, "number": 1}], "params": [["False", "True"]]}, "time_setup_models_and_sims.TimeBuildSPMe.time_setup_SPMe": {"result": [0.778448866500014], "stats": [{"ci_99": [0.7271269899999879, 0.8150870770000438], "q_25": 0.7451339904999941, "q_75": 0.7945401980000355, "min": 0.7271269899999879, "max": 0.8150870770000438, "mean": 0.7723715771000116, "std": 0.030834877843395902, "repeat": 10, "number": 1}]}, "time_setup_models_and_sims.TimeBuildSPMeSimulation.time_setup_SPMe_simulation": {"result": [0.2868220090000193, 0.6693302355000128], "stats": [{"ci_99": [0.27740502399996103, 0.31155760100000407], "q_25": 0.2809418467500251, "q_75": 0.29909809024998424, "min": 0.27740502399996103, "max": 0.31155760100000407, "mean": 0.290850197900005, "std": 0.012190130227566013, "repeat": 10, "number": 1}, {"ci_99": [0.6434164110000324, 0.7050817329999859], "q_25": 0.6590224397499895, "q_75": 0.6940397030000014, "min": 0.6434164110000324, "max": 0.7050817329999859, "mean": 0.6752051518000087, "std": 0.020522998009825932, "repeat": 10, "number": 1}], "params": [["False", "True"]]}, "time_solve_models.TimeSolveDFN.time_solve_model": {"result": [0.6926135815000123, 0.8910402795000039], "stats": [{"ci_99": [0.6649214990000019, 0.7374891160000061], "q_25": 0.672165017499978, "q_75": 0.7145290464999903, "min": 0.6649214990000019, "max": 0.7374891160000061, "mean": 0.6964088007499925, "std": 0.027256152172646497, "repeat": 8, "number": 1}, {"ci_99": [0.8770510109999918, 0.9661958369999866], "q_25": 0.8821382362500003, "q_75": 0.9160077017499901, "min": 0.8770510109999918, "max": 0.9661958369999866, "mean": 0.9042279930000007, "std": 0.028650784659611607, "repeat": 10, "number": 1}], "params": [["True", "False"]]}, "time_solve_models.TimeSolveSPM.time_solve_model": {"result": [0.02831491850000134, 0.05962664599999812], "stats": [{"ci_99": [0.0272673200000213, 0.03012600800002474], "q_25": 0.027759538499992686, "q_75": 0.028648299249965703, "min": 0.0272673200000213, "max": 0.03012600800002474, "mean": 0.028322795200000427, "std": 0.0007775426472246415, "repeat": 10, "number": 1}, {"ci_99": [0.057542250999972566, 0.0674726670000041], "q_25": 0.058937920749997375, "q_75": 0.06092834825001603, "min": 0.057542250999972566, "max": 0.0674726670000041, "mean": 0.060369874700006675, "std": 0.0026380611830754113, "repeat": 10, "number": 1}], "params": [["True", "False"]]}, "time_solve_models.TimeSolveSPMe.time_solve_model": {"result": [0.04121468150000851, 0.1010477339999909], "stats": [{"ci_99": [0.04042358599997442, 0.04409015500004898], "q_25": 0.04088849599999378, "q_75": 0.0427922582500031, "min": 0.04042358599997442, "max": 0.04409015500004898, "mean": 0.04184585820000279, "std": 0.0012869254034493138, "repeat": 10, "number": 1}, {"ci_99": [0.0958340600000156, 0.10646114200000056], "q_25": 0.09858589775001292, "q_75": 0.10359211600000151, "min": 0.0958340600000156, "max": 0.10646114200000056, "mean": 0.10089089880000301, "std": 0.0033449649229549596, "repeat": 10, "number": 1}], "params": [["True", "False"]]}}, "params": {"machine": "GitHubRunner", "python": "3.8"}, "requirements": {}, "commit_hash": "54ee6fe1aaa4746918964111c2533483d5b9e32c", "date": 1631282619000, "env_name": "virtualenv-py3.8", "python": "3.8", "profiles": {}, "started_at": {"time_setup_models_and_sims.TimeBuildDFN.time_setup_DFN": 1631416873751, "time_setup_models_and_sims.TimeBuildDFNSimulation.time_setup_DFN_simulation": 1631416879076, "time_setup_models_and_sims.TimeBuildSPM.time_setup_SPM": 1631416884403, "time_setup_models_and_sims.TimeBuildSPMSimulation.time_setup_SPM_simulation": 1631416888171, "time_setup_models_and_sims.TimeBuildSPMe.time_setup_SPMe": 1631416894400, "time_setup_models_and_sims.TimeBuildSPMeSimulation.time_setup_SPMe_simulation": 1631416899318, "time_solve_models.TimeSolveDFN.time_solve_model": 1631416905346, "time_solve_models.TimeSolveSPM.time_solve_model": 1631416931129, "time_solve_models.TimeSolveSPMe.time_solve_model": 1631416942070}, "ended_at": {"time_setup_models_and_sims.TimeBuildDFN.time_setup_DFN": 1631416879076, "time_setup_models_and_sims.TimeBuildDFNSimulation.time_setup_DFN_simulation": 1631416884402, "time_setup_models_and_sims.TimeBuildSPM.time_setup_SPM": 1631416888171, "time_setup_models_and_sims.TimeBuildSPMSimulation.time_setup_SPM_simulation": 1631416894399, "time_setup_models_and_sims.TimeBuildSPMe.time_setup_SPMe": 1631416899318, "time_setup_models_and_sims.TimeBuildSPMeSimulation.time_setup_SPMe_simulation": 1631416905345, "time_solve_models.TimeSolveDFN.time_solve_model": 1631416931128, "time_solve_models.TimeSolveSPM.time_solve_model": 1631416942069, "time_solve_models.TimeSolveSPMe.time_solve_model": 1631416956622}, "benchmark_version": {"time_setup_models_and_sims.TimeBuildDFN.time_setup_DFN": "5f322e51e6b7e66125ee6949bdf25746005db467e8ffcfdcb3ace170e92bbc3d", "time_setup_models_and_sims.TimeBuildDFNSimulation.time_setup_DFN_simulation": "8de44bc542fa7d4ba28a80f24414a9444b5436673aaebba674918f5f0bfd0ebb", "time_setup_models_and_sims.TimeBuildSPM.time_setup_SPM": "0d0b3f5c67fc2da9a5794c66b70af5a45a09558d1ee95f738745385adb84fbca", "time_setup_models_and_sims.TimeBuildSPMSimulation.time_setup_SPM_simulation": "161220a99418ce4487cc29325cbae897f28d0e44ae07e1dfbfaac2cbc53a4ff9", "time_setup_models_and_sims.TimeBuildSPMe.time_setup_SPMe": "6083f5ff944353395eb4b21c97b02af555fe6528de3cd5283f5e139943945235", "time_setup_models_and_sims.TimeBuildSPMeSimulation.time_setup_SPMe_simulation": "530563cb559427795e3648d9648df9250ae100b7721f69eec356bdda7798c55e", "time_solve_models.TimeSolveDFN.time_solve_model": "914137228e20e5900cec36b0d3865f1faa2f5d479c7d6c2539514791f9ec4430", "time_solve_models.TimeSolveSPM.time_solve_model": "ef1bb5f8d1ddfa59650e20438c4b252d73e5a062714848ce1d6d5269382bc598", "time_solve_models.TimeSolveSPMe.time_solve_model": "20672028872f4620ce85e909bae705d9490de441e926510b2b0e53ff0881d87b"}, "version": 1}