{"results": {"time_setup_models_and_sims.TimeBuildDFN.time_setup_DFN": {"result": [0.5965500700000064], "stats": [{"ci_99": [0.5854270510000106, 0.6039437000000021], "q_25": 0.5907784767499891, "q_75": 0.6018415397499837, "min": 0.5854270510000106, "max": 0.6039437000000021, "mean": 0.5957907117000019, "std": 0.006739508753904962, "repeat": 10, "number": 1}]}, "time_setup_models_and_sims.TimeBuildDFNSimulation.time_setup_DFN_simulation": {"result": [0.18633642350000912, 0.43230845600000123], "stats": [{"ci_99": [0.18175809199999549, 0.1876681969999936], "q_25": 0.1856667617499923, "q_75": 0.1869624259999938, "min": 0.18175809199999549, "max": 0.1876681969999936, "mean": 0.18582153709999716, "std": 0.0017881853215639444, "repeat": 10, "number": 1}, {"ci_99": [0.4207266779999941, 0.43803464700002337], "q_25": 0.42921575825000247, "q_75": 0.43566577300001796, "min": 0.4207266779999941, "max": 0.43803464700002337, "mean": 0.4318262397000069, "std": 0.0051044864031880265, "repeat": 10, "number": 1}], "params": [["False", "True"]]}, "time_setup_models_and_sims.TimeBuildSPM.time_setup_SPM": {"result": [0.42377292649999276], "stats": [{"ci_99": [0.419497817000007, 0.43398492900001884], "q_25": 0.4232258767499957, "q_75": 0.4243134202499874, "min": 0.419497817000007, "max": 0.43398492900001884, "mean": 0.42424819199999886, "std": 0.0036414592194369947, "repeat": 10, "number": 1}]}, "time_setup_models_and_sims.TimeBuildSPMSimulation.time_setup_SPM_simulation": {"result": [0.22673049949999324, 0.4912094379999985], "stats": [{"ci_99": [0.2251414860000125, 0.2288798059999806], "q_25": 0.22633530474998764, "q_75": 0.22795827949999392, "min": 0.2251414860000125, "max": 0.2288798059999806, "mean": 0.22695830459999514, "std": 0.001140491141232082, "repeat": 10, "number": 1}, {"ci_99": [0.4845815519999803, 0.49539568899999153], "q_25": 0.48751799524999484, "q_75": 0.4940919245000046, "min": 0.4845815519999803, "max": 0.49539568899999153, "mean": 0.49065058779999904, "std": 0.0038371157474613167, "repeat": 10, "number": 1}], "params": [["False", "True"]]}, "time_setup_models_and_sims.TimeBuildSPMe.time_setup_SPMe": {"result": [0.5517806565000001], "stats": [{"ci_99": [0.5437685050000027, 0.5596161219999942], "q_25": 0.5480775842500165, "q_75": 0.5531849917499869, "min": 0.5437685050000027, "max": 0.5596161219999942, "mean": 0.5508273903999964, "std": 0.004612261290596296, "repeat": 10, "number": 1}]}, "time_setup_models_and_sims.TimeBuildSPMeSimulation.time_setup_SPMe_simulation": {"result": [0.212022419500002, 0.49531493299998886], "stats": [{"ci_99": [0.2107762560000026, 0.21583546799999453], "q_25": 0.21185271049998988, "q_75": 0.2134193692499906, "min": 0.2107762560000026, "max": 0.21583546799999453, "mean": 0.2126787596000014, "std": 0.0014536552416230997, "repeat": 10, "number": 1}, {"ci_99": [0.4904773220000038, 0.5007924800000012], "q_25": 0.4933491807500019, "q_75": 0.49964272100000784, "min": 0.4904773220000038, "max": 0.5007924800000012, "mean": 0.49581481399999916, "std": 0.003792351401649853, "repeat": 10, "number": 1}], "params": [["False", "True"]]}, "time_solve_models.TimeSolveDFN.time_solve_model": {"result": [0.6067378585000114, 0.7884028534999885], "stats": [{"ci_99": [0.6032210609999993, 0.6160565529999928], "q_25": 0.6044344115000015, "q_75": 0.6106414807499974, "min": 0.6032210609999993, "max": 0.6160565529999928, "mean": 0.6082474280000014, "std": 0.004512157919696118, "repeat": 10, "number": 1}, {"ci_99": [0.7810037009999746, 0.8001994090000153], "q_25": 0.78661443875, "q_75": 0.794735961999983, "min": 0.7810037009999746, "max": 0.8001994090000153, "mean": 0.7901232757999935, "std": 0.00551767079159813, "repeat": 10, "number": 1}], "params": [["True", "False"]]}, "time_solve_models.TimeSolveSPM.time_solve_model": {"result": [0.022109540499997138, 0.04632228499998803], "stats": [{"ci_99": [0.02169986800001311, 0.022737918999979456], "q_25": 0.022024484999995764, "q_75": 0.022402753999998026, "min": 0.02169986800001311, "max": 0.022737918999979456, "mean": 0.0221967248999988, "std": 0.00029220896711138877, "repeat": 10, "number": 1}, {"ci_99": [0.04556883300000436, 0.04748823700001026], "q_25": 0.046274595499994575, "q_75": 0.046546668499999555, "min": 0.04556883300000436, "max": 0.04748823700001026, "mean": 0.046409543399997234, "std": 0.0004925811822059724, "repeat": 10, "number": 1}], "params": [["True", "False"]]}, "time_solve_models.TimeSolveSPMe.time_solve_model": {"result": [0.03333921450000332, 0.0810564380000045], "stats": [{"ci_99": [0.03233415500000092, 0.038781803999995645], "q_25": 0.033268232000004616, "q_75": 0.033513102499995284, "min": 0.03233415500000092, "max": 0.038781803999995645, "mean": 0.03377296700000158, "std": 0.0017113580327586804, "repeat": 10, "number": 1}, {"ci_99": [0.07800253100000987, 0.08580427900000132], "q_25": 0.08034173824998447, "q_75": 0.08163249150001661, "min": 0.07800253100000987, "max": 0.08580427900000132, "mean": 0.0811791784999997, "std": 0.001859110801889006, "repeat": 10, "number": 1}], "params": [["True", "False"]]}}, "params": {"machine": "GitHubRunner", "python": "3.8"}, "requirements": {}, "commit_hash": "54ee6fe1aaa4746918964111c2533483d5b9e32c", "date": 1631282619000, "env_name": "virtualenv-py3.8", "python": "3.8", "profiles": {}, "started_at": {"time_setup_models_and_sims.TimeBuildDFN.time_setup_DFN": 1631503271611, "time_setup_models_and_sims.TimeBuildDFNSimulation.time_setup_DFN_simulation": 1631503275530, "time_setup_models_and_sims.TimeBuildSPM.time_setup_SPM": 1631503279554, "time_setup_models_and_sims.TimeBuildSPMSimulation.time_setup_SPM_simulation": 1631503282417, "time_setup_models_and_sims.TimeBuildSPMe.time_setup_SPMe": 1631503287093, "time_setup_models_and_sims.TimeBuildSPMeSimulation.time_setup_SPMe_simulation": 1631503290811, "time_solve_models.TimeSolveDFN.time_solve_model": 1631503295387, "time_solve_models.TimeSolveSPM.time_solve_model": 1631503318731, "time_solve_models.TimeSolveSPMe.time_solve_model": 1631503327066}, "ended_at": {"time_setup_models_and_sims.TimeBuildDFN.time_setup_DFN": 1631503275530, "time_setup_models_and_sims.TimeBuildDFNSimulation.time_setup_DFN_simulation": 1631503279552, "time_setup_models_and_sims.TimeBuildSPM.time_setup_SPM": 1631503282417, "time_setup_models_and_sims.TimeBuildSPMSimulation.time_setup_SPM_simulation": 1631503287092, "time_setup_models_and_sims.TimeBuildSPMe.time_setup_SPMe": 1631503290810, "time_setup_models_and_sims.TimeBuildSPMeSimulation.time_setup_SPMe_simulation": 1631503295386, "time_solve_models.TimeSolveDFN.time_solve_model": 1631503318730, "time_solve_models.TimeSolveSPM.time_solve_model": 1631503327066, "time_solve_models.TimeSolveSPMe.time_solve_model": 1631503338070}, "benchmark_version": {"time_setup_models_and_sims.TimeBuildDFN.time_setup_DFN": "5f322e51e6b7e66125ee6949bdf25746005db467e8ffcfdcb3ace170e92bbc3d", "time_setup_models_and_sims.TimeBuildDFNSimulation.time_setup_DFN_simulation": "8de44bc542fa7d4ba28a80f24414a9444b5436673aaebba674918f5f0bfd0ebb", "time_setup_models_and_sims.TimeBuildSPM.time_setup_SPM": "0d0b3f5c67fc2da9a5794c66b70af5a45a09558d1ee95f738745385adb84fbca", "time_setup_models_and_sims.TimeBuildSPMSimulation.time_setup_SPM_simulation": "161220a99418ce4487cc29325cbae897f28d0e44ae07e1dfbfaac2cbc53a4ff9", "time_setup_models_and_sims.TimeBuildSPMe.time_setup_SPMe": "6083f5ff944353395eb4b21c97b02af555fe6528de3cd5283f5e139943945235", "time_setup_models_and_sims.TimeBuildSPMeSimulation.time_setup_SPMe_simulation": "530563cb559427795e3648d9648df9250ae100b7721f69eec356bdda7798c55e", "time_solve_models.TimeSolveDFN.time_solve_model": "914137228e20e5900cec36b0d3865f1faa2f5d479c7d6c2539514791f9ec4430", "time_solve_models.TimeSolveSPM.time_solve_model": "ef1bb5f8d1ddfa59650e20438c4b252d73e5a062714848ce1d6d5269382bc598", "time_solve_models.TimeSolveSPMe.time_solve_model": "20672028872f4620ce85e909bae705d9490de441e926510b2b0e53ff0881d87b"}, "version": 1}