{"results": {"time_setup_models_and_sims.TimeBuildDFN.time_setup_DFN": {"result": [0.5147577924999922], "stats": [{"ci_99": [0.5119716570000037, 0.5168972550000035], "q_25": 0.5143879625000096, "q_75": 0.5156614127500205, "min": 0.5119716570000037, "max": 0.5168972550000035, "mean": 0.5148067502000032, "std": 0.0012973113216528352, "repeat": 10, "number": 1}]}, "time_setup_models_and_sims.TimeBuildDFNSimulation.time_setup_DFN_simulation": {"result": [0.16226373099999591, 0.3788271395000038], "stats": [{"ci_99": [0.16122966499997915, 0.16287029099999017], "q_25": 0.16147259324998942, "q_75": 0.16252053649995446, "min": 0.16122966499997915, "max": 0.16287029099999017, "mean": 0.16205999809999128, "std": 0.0005719758151582941, "repeat": 10, "number": 1}, {"ci_99": [0.3766644250000013, 0.38091902499996877], "q_25": 0.37845913325001135, "q_75": 0.379388419499989, "min": 0.3766644250000013, "max": 0.38091902499996877, "mean": 0.37881844659999897, "std": 0.0010896572040305914, "repeat": 10, "number": 1}], "params": [["False", "True"]]}, "time_setup_models_and_sims.TimeBuildSPM.time_setup_SPM": {"result": [0.3670782580000065], "stats": [{"ci_99": [0.36532697999999186, 0.3692330160000097], "q_25": 0.36658323075002386, "q_75": 0.36759627099998227, "min": 0.36532697999999186, "max": 0.3692330160000097, "mean": 0.3671957925000015, "std": 0.0010509613461692408, "repeat": 10, "number": 1}]}, "time_setup_models_and_sims.TimeBuildSPMSimulation.time_setup_SPM_simulation": {"result": [0.19905138400000055, 0.4338943360000087], "stats": [{"ci_99": [0.19784813000001122, 0.20034014999998817], "q_25": 0.1983030327499904, "q_75": 0.19933014650002434, "min": 0.19784813000001122, "max": 0.20034014999998817, "mean": 0.19893467820000693, "std": 0.0007126374706674869, "repeat": 10, "number": 1}, {"ci_99": [0.43239034600000537, 0.43588973099997474], "q_25": 0.4332217325000087, "q_75": 0.43527834774999974, "min": 0.43239034600000537, "max": 0.43588973099997474, "mean": 0.4341894394000064, "std": 0.0012107850857895697, "repeat": 10, "number": 1}], "params": [["False", "True"]]}, "time_setup_models_and_sims.TimeBuildSPMe.time_setup_SPMe": {"result": [0.47430911249999497], "stats": [{"ci_99": [0.4717996880000328, 0.47602942600002507], "q_25": 0.47396809700002507, "q_75": 0.4751809180000208, "min": 0.4717996880000328, "max": 0.47602942600002507, "mean": 0.4744002515000119, "std": 0.0011612353254820457, "repeat": 10, "number": 1}]}, "time_setup_models_and_sims.TimeBuildSPMeSimulation.time_setup_SPMe_simulation": {"result": [0.18565592849999746, 0.4344682939999842], "stats": [{"ci_99": [0.1848970759999986, 0.1869753770000102], "q_25": 0.1854913805000109, "q_75": 0.18600832700003167, "min": 0.1848970759999986, "max": 0.1869753770000102, "mean": 0.18575746810001306, "std": 0.000567982153274133, "repeat": 10, "number": 1}, {"ci_99": [0.4321324879999793, 0.4359842389999926], "q_25": 0.4339314497499984, "q_75": 0.4354494077500277, "min": 0.4321324879999793, "max": 0.4359842389999926, "mean": 0.4344626742999992, "std": 0.001155748537142814, "repeat": 10, "number": 1}], "params": [["False", "True"]]}, "time_solve_models.TimeSolveDFN.time_solve_model": {"result": [0.5083082594999837, 0.6648460705000048], "stats": [{"ci_99": [0.5044500289999974, 0.5121331189999978], "q_25": 0.5065395567500275, "q_75": 0.5091707964999728, "min": 0.5044500289999974, "max": 0.5121331189999978, "mean": 0.5080386170999986, "std": 0.002102598925461128, "repeat": 10, "number": 1}, {"ci_99": [0.6627569959999846, 0.6669231930000024], "q_25": 0.6641977157500065, "q_75": 0.6664331757500008, "min": 0.6627569959999846, "max": 0.6669231930000024, "mean": 0.6649866261999989, "std": 0.0014643903478573485, "repeat": 10, "number": 1}], "params": [["True", "False"]]}, "time_solve_models.TimeSolveSPM.time_solve_model": {"result": [0.0190034865000257, 0.040124724500003595], "stats": [{"ci_99": [0.018954616000030455, 0.0191481579999504], "q_25": 0.01899312675001852, "q_75": 0.019030817000029288, "min": 0.018954616000030455, "max": 0.0191481579999504, "mean": 0.01901861670000926, "std": 5.1092031963971656e-05, "repeat": 10, "number": 1}, {"ci_99": [0.03992703800003028, 0.040407345000005535], "q_25": 0.040089619000013954, "q_75": 0.04020170450003491, "min": 0.03992703800003028, "max": 0.040407345000005535, "mean": 0.040147999600014826, "std": 0.00013909957410448677, "repeat": 10, "number": 1}], "params": [["True", "False"]]}, "time_solve_models.TimeSolveSPMe.time_solve_model": {"result": [0.028390987500017673, 0.06933806499998241], "stats": [{"ci_99": [0.02822002400000656, 0.02861135099999501], "q_25": 0.028306596249990434, "q_75": 0.02854234975001191, "min": 0.02822002400000656, "max": 0.02861135099999501, "mean": 0.028415548400005264, "std": 0.00013049101364612378, "repeat": 10, "number": 1}, {"ci_99": [0.06903392399999575, 0.06991762600000584], "q_25": 0.06910362824999083, "q_75": 0.06953442925001241, "min": 0.06903392399999575, "max": 0.06991762600000584, "mean": 0.0693713582999976, "std": 0.00028608108115269566, "repeat": 10, "number": 1}], "params": [["True", "False"]]}}, "params": {"machine": "GitHubRunner", "python": "3.8"}, "requirements": {}, "commit_hash": "54ee6fe1aaa4746918964111c2533483d5b9e32c", "date": 1631282619000, "env_name": "virtualenv-py3.8", "python": "3.8", "profiles": {}, "started_at": {"time_setup_models_and_sims.TimeBuildDFN.time_setup_DFN": 1631330438983, "time_setup_models_and_sims.TimeBuildDFNSimulation.time_setup_DFN_simulation": 1631330442447, "time_setup_models_and_sims.TimeBuildSPM.time_setup_SPM": 1631330446014, "time_setup_models_and_sims.TimeBuildSPMSimulation.time_setup_SPM_simulation": 1631330448525, "time_setup_models_and_sims.TimeBuildSPMe.time_setup_SPMe": 1631330452643, "time_setup_models_and_sims.TimeBuildSPMeSimulation.time_setup_SPMe_simulation": 1631330455855, "time_solve_models.TimeSolveDFN.time_solve_model": 1631330459923, "time_solve_models.TimeSolveSPM.time_solve_model": 1631330479884, "time_solve_models.TimeSolveSPMe.time_solve_model": 1631330487162}, "ended_at": {"time_setup_models_and_sims.TimeBuildDFN.time_setup_DFN": 1631330442446, "time_setup_models_and_sims.TimeBuildDFNSimulation.time_setup_DFN_simulation": 1631330446013, "time_setup_models_and_sims.TimeBuildSPM.time_setup_SPM": 1631330448524, "time_setup_models_and_sims.TimeBuildSPMSimulation.time_setup_SPM_simulation": 1631330452642, "time_setup_models_and_sims.TimeBuildSPMe.time_setup_SPMe": 1631330455854, "time_setup_models_and_sims.TimeBuildSPMeSimulation.time_setup_SPMe_simulation": 1631330459922, "time_solve_models.TimeSolveDFN.time_solve_model": 1631330479884, "time_solve_models.TimeSolveSPM.time_solve_model": 1631330487162, "time_solve_models.TimeSolveSPMe.time_solve_model": 1631330496745}, "benchmark_version": {"time_setup_models_and_sims.TimeBuildDFN.time_setup_DFN": "5f322e51e6b7e66125ee6949bdf25746005db467e8ffcfdcb3ace170e92bbc3d", "time_setup_models_and_sims.TimeBuildDFNSimulation.time_setup_DFN_simulation": "8de44bc542fa7d4ba28a80f24414a9444b5436673aaebba674918f5f0bfd0ebb", "time_setup_models_and_sims.TimeBuildSPM.time_setup_SPM": "0d0b3f5c67fc2da9a5794c66b70af5a45a09558d1ee95f738745385adb84fbca", "time_setup_models_and_sims.TimeBuildSPMSimulation.time_setup_SPM_simulation": "161220a99418ce4487cc29325cbae897f28d0e44ae07e1dfbfaac2cbc53a4ff9", "time_setup_models_and_sims.TimeBuildSPMe.time_setup_SPMe": "6083f5ff944353395eb4b21c97b02af555fe6528de3cd5283f5e139943945235", "time_setup_models_and_sims.TimeBuildSPMeSimulation.time_setup_SPMe_simulation": "530563cb559427795e3648d9648df9250ae100b7721f69eec356bdda7798c55e", "time_solve_models.TimeSolveDFN.time_solve_model": "914137228e20e5900cec36b0d3865f1faa2f5d479c7d6c2539514791f9ec4430", "time_solve_models.TimeSolveSPM.time_solve_model": "ef1bb5f8d1ddfa59650e20438c4b252d73e5a062714848ce1d6d5269382bc598", "time_solve_models.TimeSolveSPMe.time_solve_model": "20672028872f4620ce85e909bae705d9490de441e926510b2b0e53ff0881d87b"}, "version": 1}