{"results": {"time_setup_models_and_sims.TimeBuildDFN.time_setup_DFN": {"result": [0.9408489294999072], "stats": [{"ci_99": [0.9213308240000515, 0.9989489509998748], "q_25": 0.9327389357499669, "q_75": 0.9595297264997953, "min": 0.9213308240000515, "max": 0.9989489509998748, "mean": 0.9476583458998903, "std": 0.02318522534947407, "repeat": 10, "number": 1}]}, "time_setup_models_and_sims.TimeBuildDFNSimulation.time_setup_DFN_simulation": {"result": [0.12356011099996067, 0.21057380300021578], "stats": [{"ci_99": [0.1154744790001132, 0.13605768100023852], "q_25": 0.11907246999999188, "q_75": 0.1277390537500196, "min": 0.1154744790001132, "max": 0.13605768100023852, "mean": 0.12383342320003976, "std": 0.006418963006867938, "repeat": 10, "number": 1}, {"ci_99": [0.19895941499999026, 0.22901761799994347], "q_25": 0.20679784949993518, "q_75": 0.21393337149982017, "min": 0.19895941499999026, "max": 0.22901761799994347, "mean": 0.2113302036999812, "std": 0.008065271168562824, "repeat": 10, "number": 1}], "params": [["False", "True"]]}, "time_setup_models_and_sims.TimeBuildSPM.time_setup_SPM": {"result": [0.6817452925001817], "stats": [{"ci_99": [0.6574479030000475, 0.7172162820002086], "q_25": 0.6649088272497465, "q_75": 0.7033725672499713, "min": 0.6574479030000475, "max": 0.7172162820002086, "mean": 0.6847579839000446, "std": 0.02224470840710501, "repeat": 10, "number": 1}]}, "time_setup_models_and_sims.TimeBuildSPMSimulation.time_setup_SPM_simulation": {"result": [0.29300172050011497, 0.3422018935000324], "stats": [{"ci_99": [0.2780911999998352, 0.3164581010000802], "q_25": 0.2833149179997463, "q_75": 0.2964367987499372, "min": 0.2780911999998352, "max": 0.3164581010000802, "mean": 0.2924434750999808, "std": 0.01073559298824125, "repeat": 10, "number": 1}, {"ci_99": [0.3312932109997746, 0.3693221160001485], "q_25": 0.3391333739997435, "q_75": 0.35660001699977784, "min": 0.3312932109997746, "max": 0.3693221160001485, "mean": 0.347124378099943, "std": 0.011491589217506645, "repeat": 10, "number": 1}], "params": [["False", "True"]]}, "time_setup_models_and_sims.TimeBuildSPMe.time_setup_SPMe": {"result": [0.8150103639998179], "stats": [{"ci_99": [0.793655254999976, 0.8606180760002644], "q_25": 0.8043501550002929, "q_75": 0.8286647295000193, "min": 0.793655254999976, "max": 0.8606180760002644, "mean": 0.8188598145000014, "std": 0.019950268148015034, "repeat": 10, "number": 1}]}, "time_setup_models_and_sims.TimeBuildSPMeSimulation.time_setup_SPMe_simulation": {"result": [0.1505949114998657, 0.23350834899997608], "stats": [{"ci_99": [0.1438808859998062, 0.16129191799973341], "q_25": 0.14635591549983928, "q_75": 0.155621499749941, "min": 0.1438808859998062, "max": 0.16129191799973341, "mean": 0.15150817869985075, "std": 0.005898816599035435, "repeat": 10, "number": 1}, {"ci_99": [0.23041543899989847, 0.2591040559996145], "q_25": 0.2322227259999181, "q_75": 0.24751218700009758, "min": 0.23041543899989847, "max": 0.2591040559996145, "mean": 0.23984536719995048, "std": 0.010217766305740164, "repeat": 10, "number": 1}], "params": [["False", "True"]]}, "time_solve_models.TimeSolveDFN.time_solve_model": {"result": [0.9488022770001407, 1.1673764409997602], "stats": [{"ci_99": [0.933164699816286, 0.9655227630000809], "q_25": 0.9425274697497343, "q_75": 0.9551445025000476, "min": 0.9351283989999502, "max": 0.9655227630000809, "mean": 0.9493250268333213, "std": 0.010001601743140947, "repeat": 6, "number": 1}, {"ci_99": [1.143170155000007, 1.2123536379999678], "q_25": 1.1467974482500267, "q_75": 1.1826772007502768, "min": 1.143170155000007, "max": 1.2123536379999678, "mean": 1.1699914296249858, "std": 0.024619222020032014, "repeat": 8, "number": 1}], "params": [["True", "False"]]}, "time_solve_models.TimeSolveSPM.time_solve_model": {"result": [0.050590241500003685, 0.09881231150006897], "stats": [{"ci_99": [0.04756865400031529, 0.05891113799998493], "q_25": 0.0495757935001393, "q_75": 0.05395066699986728, "min": 0.04756865400031529, "max": 0.05891113799998493, "mean": 0.05184450340002513, "std": 0.003506702665102206, "repeat": 10, "number": 1}, {"ci_99": [0.09479573099997651, 0.10657278999997288], "q_25": 0.09683791475004, "q_75": 0.1036369922500171, "min": 0.09479573099997651, "max": 0.10657278999997288, "mean": 0.0997703647000435, "std": 0.00405388673720255, "repeat": 10, "number": 1}], "params": [["True", "False"]]}, "time_solve_models.TimeSolveSPMe.time_solve_model": {"result": [0.07054073149993201, 0.1460555270000441], "stats": [{"ci_99": [0.06806452299997545, 0.07823390000021391], "q_25": 0.0692218167498595, "q_75": 0.0732739819999324, "min": 0.06806452299997545, "max": 0.07823390000021391, "mean": 0.07155334939998284, "std": 0.003134002753833012, "repeat": 10, "number": 1}, {"ci_99": [0.13845095999977275, 0.16824358900021252], "q_25": 0.13950316199975532, "q_75": 0.15839149150008325, "min": 0.13845095999977275, "max": 0.16824358900021252, "mean": 0.15003704689997904, "std": 0.01139977907775183, "repeat": 10, "number": 1}], "params": [["True", "False"]]}}, "params": {"machine": "GitHubRunner", "python": "3.8"}, "requirements": {}, "commit_hash": "5a437470eaef4f66fdda4c02fe72a246106f744e", "date": 1611687011000, "env_name": "virtualenv-py3.8", "python": "3.8", "profiles": {}, "started_at": {"time_setup_models_and_sims.TimeBuildDFN.time_setup_DFN": 1613143486669, "time_setup_models_and_sims.TimeBuildDFNSimulation.time_setup_DFN_simulation": 1613143492542, "time_setup_models_and_sims.TimeBuildSPM.time_setup_SPM": 1613143494756, "time_setup_models_and_sims.TimeBuildSPMSimulation.time_setup_SPM_simulation": 1613143499222, "time_setup_models_and_sims.TimeBuildSPMe.time_setup_SPMe": 1613143503394, "time_setup_models_and_sims.TimeBuildSPMeSimulation.time_setup_SPMe_simulation": 1613143508613, "time_solve_models.TimeSolveDFN.time_solve_model": 1613143511231, "time_solve_models.TimeSolveSPM.time_solve_model": 1613143535772, "time_solve_models.TimeSolveSPMe.time_solve_model": 1613143547914}, "ended_at": {"time_setup_models_and_sims.TimeBuildDFN.time_setup_DFN": 1613143492541, "time_setup_models_and_sims.TimeBuildDFNSimulation.time_setup_DFN_simulation": 1613143494756, "time_setup_models_and_sims.TimeBuildSPM.time_setup_SPM": 1613143499222, "time_setup_models_and_sims.TimeBuildSPMSimulation.time_setup_SPM_simulation": 1613143503394, "time_setup_models_and_sims.TimeBuildSPMe.time_setup_SPMe": 1613143508613, "time_setup_models_and_sims.TimeBuildSPMeSimulation.time_setup_SPMe_simulation": 1613143511230, "time_solve_models.TimeSolveDFN.time_solve_model": 1613143535772, "time_solve_models.TimeSolveSPM.time_solve_model": 1613143547914, "time_solve_models.TimeSolveSPMe.time_solve_model": 1613143562625}, "benchmark_version": {"time_setup_models_and_sims.TimeBuildDFN.time_setup_DFN": "5f322e51e6b7e66125ee6949bdf25746005db467e8ffcfdcb3ace170e92bbc3d", "time_setup_models_and_sims.TimeBuildDFNSimulation.time_setup_DFN_simulation": "8de44bc542fa7d4ba28a80f24414a9444b5436673aaebba674918f5f0bfd0ebb", "time_setup_models_and_sims.TimeBuildSPM.time_setup_SPM": "0d0b3f5c67fc2da9a5794c66b70af5a45a09558d1ee95f738745385adb84fbca", "time_setup_models_and_sims.TimeBuildSPMSimulation.time_setup_SPM_simulation": "161220a99418ce4487cc29325cbae897f28d0e44ae07e1dfbfaac2cbc53a4ff9", "time_setup_models_and_sims.TimeBuildSPMe.time_setup_SPMe": "6083f5ff944353395eb4b21c97b02af555fe6528de3cd5283f5e139943945235", "time_setup_models_and_sims.TimeBuildSPMeSimulation.time_setup_SPMe_simulation": "530563cb559427795e3648d9648df9250ae100b7721f69eec356bdda7798c55e", "time_solve_models.TimeSolveDFN.time_solve_model": "914137228e20e5900cec36b0d3865f1faa2f5d479c7d6c2539514791f9ec4430", "time_solve_models.TimeSolveSPM.time_solve_model": "ef1bb5f8d1ddfa59650e20438c4b252d73e5a062714848ce1d6d5269382bc598", "time_solve_models.TimeSolveSPMe.time_solve_model": "20672028872f4620ce85e909bae705d9490de441e926510b2b0e53ff0881d87b"}, "version": 1}