{"results": {"time_setup_models_and_sims.TimeBuildDFN.time_setup_DFN": {"result": [0.7070256070000056], "stats": [{"ci_99": [0.6716082890000052, 0.7190020699999877], "q_25": 0.6876992144999861, "q_75": 0.7108275245000044, "min": 0.6716082890000052, "max": 0.7190020699999877, "mean": 0.7000798423999981, "std": 0.015248680222180726, "repeat": 10, "number": 1}]}, "time_setup_models_and_sims.TimeBuildDFNSimulation.time_setup_DFN_simulation": {"result": [0.21479167299999347, 0.49411490550001247], "stats": [{"ci_99": [0.20306480600001464, 0.2240550300000166], "q_25": 0.21243276175000858, "q_75": 0.21907793525000585, "min": 0.20306480600001464, "max": 0.2240550300000166, "mean": 0.21464482550000524, "std": 0.005929805496574492, "repeat": 10, "number": 1}, {"ci_99": [0.4703922930000033, 0.5192209519999835], "q_25": 0.4924206990000002, "q_75": 0.4998364269999982, "min": 0.4703922930000033, "max": 0.5192209519999835, "mean": 0.4945489694999992, "std": 0.0120989244874228, "repeat": 10, "number": 1}], "params": [["False", "True"]]}, "time_setup_models_and_sims.TimeBuildSPM.time_setup_SPM": {"result": [0.49526592550000714], "stats": [{"ci_99": [0.48415580899998645, 0.5077476509999883], "q_25": 0.4901328827500109, "q_75": 0.5019301157499996, "min": 0.48415580899998645, "max": 0.5077476509999883, "mean": 0.49566389609999817, "std": 0.00726993528785437, "repeat": 10, "number": 1}]}, "time_setup_models_and_sims.TimeBuildSPMSimulation.time_setup_SPM_simulation": {"result": [0.25864856850000706, 0.5658374765000076], "stats": [{"ci_99": [0.23619641900000943, 0.31025166399999193], "q_25": 0.25382411574999253, "q_75": 0.2670250630000126, "min": 0.23619641900000943, "max": 0.31025166399999193, "mean": 0.26290262670000286, "std": 0.01838728216561075, "repeat": 10, "number": 1}, {"ci_99": [0.5475187890000086, 0.582091896999998], "q_25": 0.5559319827499962, "q_75": 0.5736265647500005, "min": 0.5475187890000086, "max": 0.582091896999998, "mean": 0.565358557899998, "std": 0.011624898156511649, "repeat": 10, "number": 1}], "params": [["False", "True"]]}, "time_setup_models_and_sims.TimeBuildSPMe.time_setup_SPMe": {"result": [0.6419108725000058], "stats": [{"ci_99": [0.6157326799999794, 0.6730861069999889], "q_25": 0.6322868937499848, "q_75": 0.6530082037499838, "min": 0.6157326799999794, "max": 0.6730861069999889, "mean": 0.6424131272999916, "std": 0.01572235585428921, "repeat": 10, "number": 1}]}, "time_setup_models_and_sims.TimeBuildSPMeSimulation.time_setup_SPMe_simulation": {"result": [0.24340150499999424, 0.5603139104999997], "stats": [{"ci_99": [0.23355649399999834, 0.2617656269999884], "q_25": 0.23914575525000004, "q_75": 0.2506323014999978, "min": 0.23355649399999834, "max": 0.2617656269999884, "mean": 0.2450953218999956, "std": 0.008003140917828094, "repeat": 10, "number": 1}, {"ci_99": [0.5411114919999989, 0.575951611999983], "q_25": 0.5531930165000105, "q_75": 0.5698349729999848, "min": 0.5411114919999989, "max": 0.575951611999983, "mean": 0.5606007128999977, "std": 0.010900698047229826, "repeat": 10, "number": 1}], "params": [["False", "True"]]}, "time_solve_models.TimeSolveDFN.time_solve_model": {"result": [0.6622906454999935, 0.8550786709999869], "stats": [{"ci_99": [0.5984802719999891, 0.6818461600000205], "q_25": 0.6359867007500029, "q_75": 0.6760659214999976, "min": 0.5984802719999891, "max": 0.6818461600000205, "mean": 0.6528069207499989, "std": 0.02738409870374763, "repeat": 8, "number": 1}, {"ci_99": [0.7766865499999938, 0.8841807290000077], "q_25": 0.8068209370000048, "q_75": 0.8672999389999916, "min": 0.7766865499999938, "max": 0.8841807290000077, "mean": 0.8405720099999939, "std": 0.03886241715237466, "repeat": 10, "number": 1}], "params": [["True", "False"]]}, "time_solve_models.TimeSolveSPM.time_solve_model": {"result": [0.026296150500002113, 0.053863032000009525], "stats": [{"ci_99": [0.02470533300004263, 0.02743984799997179], "q_25": 0.02596243125000086, "q_75": 0.026900293000004183, "min": 0.02470533300004263, "max": 0.02743984799997179, "mean": 0.026301732600003902, "std": 0.0007912830022119424, "repeat": 10, "number": 1}, {"ci_99": [0.05239623200003507, 0.056686969999987014], "q_25": 0.05307781299998027, "q_75": 0.05488752400000152, "min": 0.05239623200003507, "max": 0.056686969999987014, "mean": 0.05414111450000405, "std": 0.0013527239473205954, "repeat": 10, "number": 1}], "params": [["True", "False"]]}, "time_solve_models.TimeSolveSPMe.time_solve_model": {"result": [0.03745155600000771, 0.09234919149999143], "stats": [{"ci_99": [0.035633310999998, 0.03925407299999506], "q_25": 0.03711630249999587, "q_75": 0.0380790339999848, "min": 0.035633310999998, "max": 0.03925407299999506, "mean": 0.03755084489999376, "std": 0.0009360589063357945, "repeat": 10, "number": 1}, {"ci_99": [0.08737104399995133, 0.10152510500000744], "q_25": 0.09159127999998162, "q_75": 0.09349233075000996, "min": 0.08737104399995133, "max": 0.10152510500000744, "mean": 0.0926831573999948, "std": 0.0035698969264806005, "repeat": 10, "number": 1}], "params": [["True", "False"]]}}, "params": {"machine": "GitHubRunner", "python": "3.8"}, "requirements": {}, "commit_hash": "5fad5961e1a1c23680e94c6b6fc17624e5f5df49", "date": 1636578875000, "env_name": "virtualenv-py3.8", "python": "3.8", "profiles": {}, "started_at": {"time_setup_models_and_sims.TimeBuildDFN.time_setup_DFN": 1636600953114, "time_setup_models_and_sims.TimeBuildDFNSimulation.time_setup_DFN_simulation": 1636600957832, "time_setup_models_and_sims.TimeBuildSPM.time_setup_SPM": 1636600962604, "time_setup_models_and_sims.TimeBuildSPMSimulation.time_setup_SPM_simulation": 1636600965967, "time_setup_models_and_sims.TimeBuildSPMe.time_setup_SPMe": 1636600971440, "time_setup_models_and_sims.TimeBuildSPMeSimulation.time_setup_SPMe_simulation": 1636600975855, "time_solve_models.TimeSolveDFN.time_solve_model": 1636600981177, "time_solve_models.TimeSolveSPM.time_solve_model": 1636601005102, "time_solve_models.TimeSolveSPMe.time_solve_model": 1636601014938}, "ended_at": {"time_setup_models_and_sims.TimeBuildDFN.time_setup_DFN": 1636600957832, "time_setup_models_and_sims.TimeBuildDFNSimulation.time_setup_DFN_simulation": 1636600962603, "time_setup_models_and_sims.TimeBuildSPM.time_setup_SPM": 1636600965967, "time_setup_models_and_sims.TimeBuildSPMSimulation.time_setup_SPM_simulation": 1636600971439, "time_setup_models_and_sims.TimeBuildSPMe.time_setup_SPMe": 1636600975855, "time_setup_models_and_sims.TimeBuildSPMeSimulation.time_setup_SPMe_simulation": 1636600981177, "time_solve_models.TimeSolveDFN.time_solve_model": 1636601005102, "time_solve_models.TimeSolveSPM.time_solve_model": 1636601014937, "time_solve_models.TimeSolveSPMe.time_solve_model": 1636601027932}, "benchmark_version": {"time_setup_models_and_sims.TimeBuildDFN.time_setup_DFN": "5f322e51e6b7e66125ee6949bdf25746005db467e8ffcfdcb3ace170e92bbc3d", "time_setup_models_and_sims.TimeBuildDFNSimulation.time_setup_DFN_simulation": "8de44bc542fa7d4ba28a80f24414a9444b5436673aaebba674918f5f0bfd0ebb", "time_setup_models_and_sims.TimeBuildSPM.time_setup_SPM": "0d0b3f5c67fc2da9a5794c66b70af5a45a09558d1ee95f738745385adb84fbca", "time_setup_models_and_sims.TimeBuildSPMSimulation.time_setup_SPM_simulation": "161220a99418ce4487cc29325cbae897f28d0e44ae07e1dfbfaac2cbc53a4ff9", "time_setup_models_and_sims.TimeBuildSPMe.time_setup_SPMe": "6083f5ff944353395eb4b21c97b02af555fe6528de3cd5283f5e139943945235", "time_setup_models_and_sims.TimeBuildSPMeSimulation.time_setup_SPMe_simulation": "530563cb559427795e3648d9648df9250ae100b7721f69eec356bdda7798c55e", "time_solve_models.TimeSolveDFN.time_solve_model": "914137228e20e5900cec36b0d3865f1faa2f5d479c7d6c2539514791f9ec4430", "time_solve_models.TimeSolveSPM.time_solve_model": "ef1bb5f8d1ddfa59650e20438c4b252d73e5a062714848ce1d6d5269382bc598", "time_solve_models.TimeSolveSPMe.time_solve_model": "20672028872f4620ce85e909bae705d9490de441e926510b2b0e53ff0881d87b"}, "version": 1}