{"results": {"time_setup_models_and_sims.TimeBuildDFN.time_setup_DFN": {"result": [0.5054661730000021], "stats": [{"ci_99": [0.500985839000009, 0.5090046799999755], "q_25": 0.5035634537500044, "q_75": 0.5069492627499699, "min": 0.500985839000009, "max": 0.5090046799999755, "mean": 0.5053432247999978, "std": 0.0023578505093285276, "repeat": 10, "number": 1}]}, "time_setup_models_and_sims.TimeBuildDFNSimulation.time_setup_DFN_simulation": {"result": [0.130407270500001, 0.3185328805000154], "stats": [{"ci_99": [0.12919760100004396, 0.1357778880000069], "q_25": 0.12972602949999157, "q_75": 0.13122568100003207, "min": 0.12919760100004396, "max": 0.1357778880000069, "mean": 0.13085412330001417, "std": 0.001796563264263792, "repeat": 10, "number": 1}, {"ci_99": [0.3147444749999977, 0.3206466599999658], "q_25": 0.31568346550001536, "q_75": 0.3189408149999764, "min": 0.3147444749999977, "max": 0.3206466599999658, "mean": 0.3176882988999978, "std": 0.001959868726462274, "repeat": 10, "number": 1}], "params": [["False", "True"]]}, "time_setup_models_and_sims.TimeBuildSPM.time_setup_SPM": {"result": [0.36898454450002305], "stats": [{"ci_99": [0.3684544249999817, 0.372328078999999], "q_25": 0.3685753382499968, "q_75": 0.37118463775003363, "min": 0.3684544249999817, "max": 0.372328078999999, "mean": 0.36980933140000616, "std": 0.001443925062975364, "repeat": 10, "number": 1}]}, "time_setup_models_and_sims.TimeBuildSPMSimulation.time_setup_SPM_simulation": {"result": [0.15391371300000856, 0.34159721750000926], "stats": [{"ci_99": [0.15224585499998966, 0.15636373000000958], "q_25": 0.15278706025000588, "q_75": 0.1543722820000255, "min": 0.15224585499998966, "max": 0.15636373000000958, "mean": 0.15382636200000094, "std": 0.0012713123743220032, "repeat": 10, "number": 1}, {"ci_99": [0.3403714670000113, 0.3438399099999856], "q_25": 0.34115792874996487, "q_75": 0.34268550649998986, "min": 0.3403714670000113, "max": 0.3438399099999856, "mean": 0.34193659019999245, "std": 0.0011369283370585288, "repeat": 10, "number": 1}], "params": [["False", "True"]]}, "time_setup_models_and_sims.TimeBuildSPMe.time_setup_SPMe": {"result": [0.48392661700003714], "stats": [{"ci_99": [0.4806147850000002, 0.487914174000025], "q_25": 0.4836305715000435, "q_75": 0.48511686424998857, "min": 0.4806147850000002, "max": 0.487914174000025, "mean": 0.48419135540001434, "std": 0.0018756485407414693, "repeat": 10, "number": 1}]}, "time_setup_models_and_sims.TimeBuildSPMeSimulation.time_setup_SPMe_simulation": {"result": [0.14358767250001847, 0.35144522000001643], "stats": [{"ci_99": [0.1425068670000087, 0.1468129439999757], "q_25": 0.14321052249998445, "q_75": 0.1452112277499964, "min": 0.1425068670000087, "max": 0.1468129439999757, "mean": 0.1442015501999947, "std": 0.00140988070398546, "repeat": 10, "number": 1}, {"ci_99": [0.34809358599994766, 0.3562444620000065], "q_25": 0.34998556549999194, "q_75": 0.35411125399998866, "min": 0.34809358599994766, "max": 0.3562444620000065, "mean": 0.3518792067999925, "std": 0.0025347959417123533, "repeat": 10, "number": 1}], "params": [["False", "True"]]}, "time_solve_models.TimeSolveDFN.time_solve_model": {"result": [0.5152781850000281, 0.6739796284999784], "stats": [{"ci_99": [0.5105063170000221, 0.5267974040000354], "q_25": 0.5123183874999881, "q_75": 0.5164996989999935, "min": 0.5105063170000221, "max": 0.5267974040000354, "mean": 0.5156852566000112, "std": 0.004530157730425404, "repeat": 10, "number": 1}, {"ci_99": [0.6686508079999953, 0.6775461739999855], "q_25": 0.6716623162499928, "q_75": 0.6743816247499694, "min": 0.6686508079999953, "max": 0.6775461739999855, "mean": 0.6731251874999827, "std": 0.0025471630809935247, "repeat": 10, "number": 1}], "params": [["True", "False"]]}, "time_solve_models.TimeSolveSPM.time_solve_model": {"result": [0.019431867500003364, 0.04108518150002283], "stats": [{"ci_99": [0.019311255999980403, 0.019915321999974367], "q_25": 0.019360546250013044, "q_75": 0.019503326250003283, "min": 0.019311255999980403, "max": 0.019915321999974367, "mean": 0.01947170059999621, "std": 0.00016624337956152536, "repeat": 10, "number": 1}, {"ci_99": [0.040902253000012934, 0.04126068800002258], "q_25": 0.04100964374997318, "q_75": 0.041216013999999745, "min": 0.040902253000012934, "max": 0.04126068800002258, "mean": 0.04110211530000925, "std": 0.00011563209820876573, "repeat": 10, "number": 1}], "params": [["True", "False"]]}, "time_solve_models.TimeSolveSPMe.time_solve_model": {"result": [0.02872201849999101, 0.07047513749998302], "stats": [{"ci_99": [0.028508401000010508, 0.028931767000017317], "q_25": 0.028638178500017375, "q_75": 0.028869531749975863, "min": 0.028508401000010508, "max": 0.028931767000017317, "mean": 0.028740046000001483, "std": 0.00013165062218215492, "repeat": 10, "number": 1}, {"ci_99": [0.07021873399997958, 0.07135505199994441], "q_25": 0.07028648525002268, "q_75": 0.07056928799997308, "min": 0.07021873399997958, "max": 0.07135505199994441, "mean": 0.07052470869998614, "std": 0.000318744181467801, "repeat": 10, "number": 1}], "params": [["True", "False"]]}}, "params": {"machine": "GitHubRunner", "python": "3.8"}, "requirements": {}, "commit_hash": "5fbfec8a46945e99106cc166c283201513066425", "date": 1637616019000, "env_name": "virtualenv-py3.8", "python": "3.8", "profiles": {}, "started_at": {"time_setup_models_and_sims.TimeBuildDFN.time_setup_DFN": 1637637702670, "time_setup_models_and_sims.TimeBuildDFNSimulation.time_setup_DFN_simulation": 1637637706086, "time_setup_models_and_sims.TimeBuildSPM.time_setup_SPM": 1637637709105, "time_setup_models_and_sims.TimeBuildSPMSimulation.time_setup_SPM_simulation": 1637637711617, "time_setup_models_and_sims.TimeBuildSPMe.time_setup_SPMe": 1637637714936, "time_setup_models_and_sims.TimeBuildSPMeSimulation.time_setup_SPMe_simulation": 1637637718201, "time_solve_models.TimeSolveDFN.time_solve_model": 1637637721520, "time_solve_models.TimeSolveSPM.time_solve_model": 1637637741596, "time_solve_models.TimeSolveSPMe.time_solve_model": 1637637748978}, "ended_at": {"time_setup_models_and_sims.TimeBuildDFN.time_setup_DFN": 1637637706086, "time_setup_models_and_sims.TimeBuildDFNSimulation.time_setup_DFN_simulation": 1637637709104, "time_setup_models_and_sims.TimeBuildSPM.time_setup_SPM": 1637637711617, "time_setup_models_and_sims.TimeBuildSPMSimulation.time_setup_SPM_simulation": 1637637714935, "time_setup_models_and_sims.TimeBuildSPMe.time_setup_SPMe": 1637637718201, "time_setup_models_and_sims.TimeBuildSPMeSimulation.time_setup_SPMe_simulation": 1637637721520, "time_solve_models.TimeSolveDFN.time_solve_model": 1637637741596, "time_solve_models.TimeSolveSPM.time_solve_model": 1637637748977, "time_solve_models.TimeSolveSPMe.time_solve_model": 1637637758667}, "benchmark_version": {"time_setup_models_and_sims.TimeBuildDFN.time_setup_DFN": "5f322e51e6b7e66125ee6949bdf25746005db467e8ffcfdcb3ace170e92bbc3d", "time_setup_models_and_sims.TimeBuildDFNSimulation.time_setup_DFN_simulation": "8de44bc542fa7d4ba28a80f24414a9444b5436673aaebba674918f5f0bfd0ebb", "time_setup_models_and_sims.TimeBuildSPM.time_setup_SPM": "0d0b3f5c67fc2da9a5794c66b70af5a45a09558d1ee95f738745385adb84fbca", "time_setup_models_and_sims.TimeBuildSPMSimulation.time_setup_SPM_simulation": "161220a99418ce4487cc29325cbae897f28d0e44ae07e1dfbfaac2cbc53a4ff9", "time_setup_models_and_sims.TimeBuildSPMe.time_setup_SPMe": "6083f5ff944353395eb4b21c97b02af555fe6528de3cd5283f5e139943945235", "time_setup_models_and_sims.TimeBuildSPMeSimulation.time_setup_SPMe_simulation": "530563cb559427795e3648d9648df9250ae100b7721f69eec356bdda7798c55e", "time_solve_models.TimeSolveDFN.time_solve_model": "914137228e20e5900cec36b0d3865f1faa2f5d479c7d6c2539514791f9ec4430", "time_solve_models.TimeSolveSPM.time_solve_model": "ef1bb5f8d1ddfa59650e20438c4b252d73e5a062714848ce1d6d5269382bc598", "time_solve_models.TimeSolveSPMe.time_solve_model": "20672028872f4620ce85e909bae705d9490de441e926510b2b0e53ff0881d87b"}, "version": 1}