{"results": {"time_setup_models_and_sims.TimeBuildDFN.time_setup_DFN": {"result": [0.9119946900000286], "stats": [{"ci_99": [0.871300598999369, 0.9544329990003462], "q_25": 0.9085132892505499, "q_75": 0.9275289534998592, "min": 0.871300598999369, "max": 0.9544329990003462, "mean": 0.9139083041998675, "std": 0.02398642991902178, "repeat": 10, "number": 1}]}, "time_setup_models_and_sims.TimeBuildDFNSimulation.time_setup_DFN_simulation": {"result": [0.10542181149958196, 0.19683007250023365], "stats": [{"ci_99": [0.10109513099996548, 0.11372652199861477], "q_25": 0.10343532174920256, "q_75": 0.10750462625128421, "min": 0.10109513099996548, "max": 0.11372652199861477, "mean": 0.10590310509996925, "std": 0.003709983864123108, "repeat": 10, "number": 1}, {"ci_99": [0.19088707899936708, 0.21827077799935068], "q_25": 0.19292779400075233, "q_75": 0.20191618374974496, "min": 0.19088707899936708, "max": 0.21827077799935068, "mean": 0.19970646309993753, "std": 0.008756430578337015, "repeat": 10, "number": 1}], "params": [["False", "True"]]}, "time_setup_models_and_sims.TimeBuildSPM.time_setup_SPM": {"result": [0.6813331715002278], "stats": [{"ci_99": [0.628182440999808, 0.7238087290006661], "q_25": 0.659015212999293, "q_75": 0.7020520712489997, "min": 0.628182440999808, "max": 0.7238087290006661, "mean": 0.6792032378998556, "std": 0.030853569249190083, "repeat": 10, "number": 1}]}, "time_setup_models_and_sims.TimeBuildSPMSimulation.time_setup_SPM_simulation": {"result": [0.274842336499205, 0.4994715594993977], "stats": [{"ci_99": [0.2545229389997985, 0.28509505999863904], "q_25": 0.26155791424980634, "q_75": 0.2802621502501097, "min": 0.2545229389997985, "max": 0.28509505999863904, "mean": 0.2719050648996927, "std": 0.010876460795563257, "repeat": 10, "number": 1}, {"ci_99": [0.4714268070001708, 0.5259141989990894], "q_25": 0.4838515204992291, "q_75": 0.5145060167492375, "min": 0.4714268070001708, "max": 0.5259141989990894, "mean": 0.4988139241993849, "std": 0.01797743836666152, "repeat": 10, "number": 1}], "params": [["False", "True"]]}, "time_setup_models_and_sims.TimeBuildSPMe.time_setup_SPMe": {"result": [0.7861073319991192], "stats": [{"ci_99": [0.7734782869993069, 0.8464859140003682], "q_25": 0.7774390182494244, "q_75": 0.8237483507491561, "min": 0.7734782869993069, "max": 0.8464859140003682, "mean": 0.7993322055996032, "std": 0.02662592287132687, "repeat": 10, "number": 1}]}, "time_setup_models_and_sims.TimeBuildSPMeSimulation.time_setup_SPMe_simulation": {"result": [0.12311473899990233, 0.26207779350079363], "stats": [{"ci_99": [0.11880515799930436, 0.1364861860001838], "q_25": 0.12173737849934696, "q_75": 0.12515125449999687, "min": 0.11880515799930436, "max": 0.1364861860001838, "mean": 0.12450402939975902, "std": 0.0047305270080946656, "repeat": 10, "number": 1}, {"ci_99": [0.24171094600023935, 0.276991401999112], "q_25": 0.24746193724922705, "q_75": 0.27102790900062246, "min": 0.24171094600023935, "max": 0.276991401999112, "mean": 0.2601184595001541, "std": 0.012701515953708584, "repeat": 10, "number": 1}], "params": [["False", "True"]]}, "time_solve_models.TimeSolveDFN.time_solve_model": {"result": [1.4079139739997117, 1.5994462544995258], "stats": [{"ci_99": [1.3606726319768938, 1.479057788999853], "q_25": 1.3947099995002645, "q_75": 1.426321702749192, "min": 1.366987072999109, "max": 1.479057788999853, "mean": 1.414106516166309, "std": 0.035095202846419975, "repeat": 6, "number": 1}, {"ci_99": [1.530999755999801, 1.631866990999697], "q_25": 1.5739097412497358, "q_75": 1.607491616000516, "min": 1.530999755999801, "max": 1.631866990999697, "mean": 1.590713091124826, "std": 0.029545822127774877, "repeat": 8, "number": 1}], "params": [["True", "False"]]}, "time_solve_models.TimeSolveSPM.time_solve_model": {"result": [0.06559442399975524, 0.1148341790003542], "stats": [{"ci_99": [0.06210604899933969, 0.07849346599869023], "q_25": 0.0624347757511714, "q_75": 0.07311247824873135, "min": 0.06210604899933969, "max": 0.07849346599869023, "mean": 0.06790520049962652, "std": 0.005895319534238963, "repeat": 10, "number": 1}, {"ci_99": [0.1033427459988161, 0.13106344700099726], "q_25": 0.10677989625037299, "q_75": 0.12217450724938317, "min": 0.1033427459988161, "max": 0.13106344700099726, "mean": 0.11509355119997053, "std": 0.008754065907721067, "repeat": 10, "number": 1}], "params": [["True", "False"]]}, "time_solve_models.TimeSolveSPMe.time_solve_model": {"result": [0.10958089149971784, 0.17987699899913423], "stats": [{"ci_99": [0.10535276200062071, 0.12480200099889771], "q_25": 0.10746482649983591, "q_75": 0.1172832474999268, "min": 0.10535276200062071, "max": 0.12480200099889771, "mean": 0.11237367179983267, "std": 0.006383628161624218, "repeat": 10, "number": 1}, {"ci_99": [0.17436215899942908, 0.19508410799971898], "q_25": 0.17742533124919646, "q_75": 0.19063720149915753, "min": 0.17436215899942908, "max": 0.19508410799971898, "mean": 0.18349207499923068, "std": 0.007488824597599843, "repeat": 10, "number": 1}], "params": [["True", "False"]]}}, "params": {"machine": "GitHubRunner", "python": "3.8"}, "requirements": {}, "commit_hash": "5ff13ed4e4fa0f80d9200bcd6669d0cf336b9a77", "date": 1594115565000, "env_name": "virtualenv-py3.8", "python": "3.8", "profiles": {}, "started_at": {"time_setup_models_and_sims.TimeBuildDFN.time_setup_DFN": 1613150959414, "time_setup_models_and_sims.TimeBuildDFNSimulation.time_setup_DFN_simulation": 1613150965187, "time_setup_models_and_sims.TimeBuildSPM.time_setup_SPM": 1613150967255, "time_setup_models_and_sims.TimeBuildSPMSimulation.time_setup_SPM_simulation": 1613150971677, "time_setup_models_and_sims.TimeBuildSPMe.time_setup_SPMe": 1613150976602, "time_setup_models_and_sims.TimeBuildSPMeSimulation.time_setup_SPMe_simulation": 1613150981722, "time_solve_models.TimeSolveDFN.time_solve_model": 1613150984141, "time_solve_models.TimeSolveSPM.time_solve_model": 1613151013888, "time_solve_models.TimeSolveSPMe.time_solve_model": 1613151026034}, "ended_at": {"time_setup_models_and_sims.TimeBuildDFN.time_setup_DFN": 1613150965187, "time_setup_models_and_sims.TimeBuildDFNSimulation.time_setup_DFN_simulation": 1613150967254, "time_setup_models_and_sims.TimeBuildSPM.time_setup_SPM": 1613150971676, "time_setup_models_and_sims.TimeBuildSPMSimulation.time_setup_SPM_simulation": 1613150976601, "time_setup_models_and_sims.TimeBuildSPMe.time_setup_SPMe": 1613150981721, "time_setup_models_and_sims.TimeBuildSPMeSimulation.time_setup_SPMe_simulation": 1613150984140, "time_solve_models.TimeSolveDFN.time_solve_model": 1613151013887, "time_solve_models.TimeSolveSPM.time_solve_model": 1613151026033, "time_solve_models.TimeSolveSPMe.time_solve_model": 1613151041348}, "benchmark_version": {"time_setup_models_and_sims.TimeBuildDFN.time_setup_DFN": "5f322e51e6b7e66125ee6949bdf25746005db467e8ffcfdcb3ace170e92bbc3d", "time_setup_models_and_sims.TimeBuildDFNSimulation.time_setup_DFN_simulation": "8de44bc542fa7d4ba28a80f24414a9444b5436673aaebba674918f5f0bfd0ebb", "time_setup_models_and_sims.TimeBuildSPM.time_setup_SPM": "0d0b3f5c67fc2da9a5794c66b70af5a45a09558d1ee95f738745385adb84fbca", "time_setup_models_and_sims.TimeBuildSPMSimulation.time_setup_SPM_simulation": "161220a99418ce4487cc29325cbae897f28d0e44ae07e1dfbfaac2cbc53a4ff9", "time_setup_models_and_sims.TimeBuildSPMe.time_setup_SPMe": "6083f5ff944353395eb4b21c97b02af555fe6528de3cd5283f5e139943945235", "time_setup_models_and_sims.TimeBuildSPMeSimulation.time_setup_SPMe_simulation": "530563cb559427795e3648d9648df9250ae100b7721f69eec356bdda7798c55e", "time_solve_models.TimeSolveDFN.time_solve_model": "914137228e20e5900cec36b0d3865f1faa2f5d479c7d6c2539514791f9ec4430", "time_solve_models.TimeSolveSPM.time_solve_model": "ef1bb5f8d1ddfa59650e20438c4b252d73e5a062714848ce1d6d5269382bc598", "time_solve_models.TimeSolveSPMe.time_solve_model": "20672028872f4620ce85e909bae705d9490de441e926510b2b0e53ff0881d87b"}, "version": 1}