{"results": {"time_setup_models_and_sims.TimeBuildDFN.time_setup_DFN": {"result": [0.514529820000007], "stats": [{"ci_99": [0.5100045390000219, 0.516719763000026], "q_25": 0.5131248445000125, "q_75": 0.5149202030000026, "min": 0.5100045390000219, "max": 0.516719763000026, "mean": 0.5139453900000092, "std": 0.0018770221128899488, "repeat": 10, "number": 1}]}, "time_setup_models_and_sims.TimeBuildDFNSimulation.time_setup_DFN_simulation": {"result": [0.13132499150000854, 0.3176289499999996], "stats": [{"ci_99": [0.1300203060000058, 0.13297556099996655], "q_25": 0.1306672985000148, "q_75": 0.13222595575003027, "min": 0.1300203060000058, "max": 0.13297556099996655, "mean": 0.1314691099000072, "std": 0.0009476587979580073, "repeat": 10, "number": 1}, {"ci_99": [0.31643608600001016, 0.3187815740000133], "q_25": 0.31694542574996376, "q_75": 0.3182447037499827, "min": 0.31643608600001016, "max": 0.3187815740000133, "mean": 0.31760720019998984, "std": 0.0007549114633279429, "repeat": 10, "number": 1}], "params": [["False", "True"]]}, "time_setup_models_and_sims.TimeBuildSPM.time_setup_SPM": {"result": [0.3704897660000199], "stats": [{"ci_99": [0.3694449350000468, 0.3737756800000511], "q_25": 0.36975369049999074, "q_75": 0.3717892387500257, "min": 0.3694449350000468, "max": 0.3737756800000511, "mean": 0.3709317096000177, "std": 0.001408829909391195, "repeat": 10, "number": 1}]}, "time_setup_models_and_sims.TimeBuildSPMSimulation.time_setup_SPM_simulation": {"result": [0.15270022350000545, 0.3400150964999966], "stats": [{"ci_99": [0.1518939649999993, 0.15445231400002513], "q_25": 0.1523747719999875, "q_75": 0.15343911325000192, "min": 0.1518939649999993, "max": 0.15445231400002513, "mean": 0.15290977770000042, "std": 0.0007843751812330285, "repeat": 10, "number": 1}, {"ci_99": [0.3373496909999858, 0.3423839140000382], "q_25": 0.3392344229999935, "q_75": 0.3401899660000254, "min": 0.3373496909999858, "max": 0.3423839140000382, "mean": 0.3398327937000033, "std": 0.0012209248525789512, "repeat": 10, "number": 1}], "params": [["False", "True"]]}, "time_setup_models_and_sims.TimeBuildSPMe.time_setup_SPMe": {"result": [0.5029916455000034], "stats": [{"ci_99": [0.49735645599997724, 0.5062716850000015], "q_25": 0.5017013697499806, "q_75": 0.5048978722499697, "min": 0.49735645599997724, "max": 0.5062716850000015, "mean": 0.502836821999989, "std": 0.002609941127202228, "repeat": 10, "number": 1}]}, "time_setup_models_and_sims.TimeBuildSPMeSimulation.time_setup_SPMe_simulation": {"result": [0.14644213299999365, 0.35506645899999967], "stats": [{"ci_99": [0.14397377300002745, 0.14819860099999005], "q_25": 0.14614288700001055, "q_75": 0.14664289974999178, "min": 0.14397377300002745, "max": 0.14819860099999005, "mean": 0.14627288689999887, "std": 0.0010371204455592246, "repeat": 10, "number": 1}, {"ci_99": [0.35349377900001855, 0.35833163900002774], "q_25": 0.35462621875002753, "q_75": 0.35636572525000076, "min": 0.35349377900001855, "max": 0.35833163900002774, "mean": 0.3554780307000044, "std": 0.0013445391965426282, "repeat": 10, "number": 1}], "params": [["False", "True"]]}, "time_solve_models.TimeSolveDFN.time_solve_model": {"result": [0.5056712960000027, 0.6645280749999927], "stats": [{"ci_99": [0.5022047690000022, 0.5080600489999938], "q_25": 0.5046088607499684, "q_75": 0.5068485699999883, "min": 0.5022047690000022, "max": 0.5080600489999938, "mean": 0.5054652385999929, "std": 0.0019263083624831915, "repeat": 10, "number": 1}, {"ci_99": [0.6606427049999866, 0.6688203699999917], "q_25": 0.6619514957500314, "q_75": 0.6651115359999551, "min": 0.6606427049999866, "max": 0.6688203699999917, "mean": 0.663998903999999, "std": 0.002359648626512907, "repeat": 10, "number": 1}], "params": [["True", "False"]]}, "time_solve_models.TimeSolveSPM.time_solve_model": {"result": [0.01934262050002644, 0.04063406650001866], "stats": [{"ci_99": [0.01909427200001801, 0.019521167999982936], "q_25": 0.019258600250012137, "q_75": 0.01942881600002977, "min": 0.01909427200001801, "max": 0.019521167999982936, "mean": 0.01933812050002075, "std": 0.00012016966284371283, "repeat": 10, "number": 1}, {"ci_99": [0.04032218499997953, 0.040933467999991535], "q_25": 0.040487167499989596, "q_75": 0.04072191375003342, "min": 0.04032218499997953, "max": 0.040933467999991535, "mean": 0.04060482770000249, "std": 0.00018607426430344048, "repeat": 10, "number": 1}], "params": [["True", "False"]]}, "time_solve_models.TimeSolveSPMe.time_solve_model": {"result": [0.02864033999998128, 0.07004260800002271], "stats": [{"ci_99": [0.028504140999984884, 0.029001748999974097], "q_25": 0.028553835750017242, "q_75": 0.028802341500011153, "min": 0.028504140999984884, "max": 0.029001748999974097, "mean": 0.028689890899994453, "std": 0.0001692063471714447, "repeat": 10, "number": 1}, {"ci_99": [0.06991165200003024, 0.07073327400001972], "q_25": 0.06999938600003475, "q_75": 0.07007178074997, "min": 0.06991165200003024, "max": 0.07073327400001972, "mean": 0.07010173910001641, "std": 0.00022045278633097204, "repeat": 10, "number": 1}], "params": [["True", "False"]]}}, "params": {"machine": "GitHubRunner", "python": "3.8"}, "requirements": {}, "commit_hash": "603fad847c94f8abc36c912af3f2c1a6fcda54cd", "date": 1638488271000, "env_name": "virtualenv-py3.8", "python": "3.8", "profiles": {}, "started_at": {"time_setup_models_and_sims.TimeBuildDFN.time_setup_DFN": 1638501706677, "time_setup_models_and_sims.TimeBuildDFNSimulation.time_setup_DFN_simulation": 1638501710091, "time_setup_models_and_sims.TimeBuildSPM.time_setup_SPM": 1638501713057, "time_setup_models_and_sims.TimeBuildSPMSimulation.time_setup_SPM_simulation": 1638501715567, "time_setup_models_and_sims.TimeBuildSPMe.time_setup_SPMe": 1638501718791, "time_setup_models_and_sims.TimeBuildSPMeSimulation.time_setup_SPMe_simulation": 1638501722155, "time_solve_models.TimeSolveDFN.time_solve_model": 1638501725472, "time_solve_models.TimeSolveSPM.time_solve_model": 1638501745233, "time_solve_models.TimeSolveSPMe.time_solve_model": 1638501752512}, "ended_at": {"time_setup_models_and_sims.TimeBuildDFN.time_setup_DFN": 1638501710091, "time_setup_models_and_sims.TimeBuildDFNSimulation.time_setup_DFN_simulation": 1638501713056, "time_setup_models_and_sims.TimeBuildSPM.time_setup_SPM": 1638501715567, "time_setup_models_and_sims.TimeBuildSPMSimulation.time_setup_SPM_simulation": 1638501718791, "time_setup_models_and_sims.TimeBuildSPMe.time_setup_SPMe": 1638501722154, "time_setup_models_and_sims.TimeBuildSPMeSimulation.time_setup_SPMe_simulation": 1638501725471, "time_solve_models.TimeSolveDFN.time_solve_model": 1638501745233, "time_solve_models.TimeSolveSPM.time_solve_model": 1638501752511, "time_solve_models.TimeSolveSPMe.time_solve_model": 1638501762496}, "benchmark_version": {"time_setup_models_and_sims.TimeBuildDFN.time_setup_DFN": "5f322e51e6b7e66125ee6949bdf25746005db467e8ffcfdcb3ace170e92bbc3d", "time_setup_models_and_sims.TimeBuildDFNSimulation.time_setup_DFN_simulation": "8de44bc542fa7d4ba28a80f24414a9444b5436673aaebba674918f5f0bfd0ebb", "time_setup_models_and_sims.TimeBuildSPM.time_setup_SPM": "0d0b3f5c67fc2da9a5794c66b70af5a45a09558d1ee95f738745385adb84fbca", "time_setup_models_and_sims.TimeBuildSPMSimulation.time_setup_SPM_simulation": "161220a99418ce4487cc29325cbae897f28d0e44ae07e1dfbfaac2cbc53a4ff9", "time_setup_models_and_sims.TimeBuildSPMe.time_setup_SPMe": "6083f5ff944353395eb4b21c97b02af555fe6528de3cd5283f5e139943945235", "time_setup_models_and_sims.TimeBuildSPMeSimulation.time_setup_SPMe_simulation": "530563cb559427795e3648d9648df9250ae100b7721f69eec356bdda7798c55e", "time_solve_models.TimeSolveDFN.time_solve_model": "914137228e20e5900cec36b0d3865f1faa2f5d479c7d6c2539514791f9ec4430", "time_solve_models.TimeSolveSPM.time_solve_model": "ef1bb5f8d1ddfa59650e20438c4b252d73e5a062714848ce1d6d5269382bc598", "time_solve_models.TimeSolveSPMe.time_solve_model": "20672028872f4620ce85e909bae705d9490de441e926510b2b0e53ff0881d87b"}, "version": 1}