{"results": {"time_setup_models_and_sims.TimeBuildDFN.time_setup_DFN": {"result": [0.8772349324999595], "stats": [{"ci_99": [0.8454320010005176, 0.9226623590002418], "q_25": 0.8589637000000039, "q_75": 0.9065685702503288, "min": 0.8454320010005176, "max": 0.9226623590002418, "mean": 0.8814635329003068, "std": 0.02577830968714737, "repeat": 10, "number": 1}]}, "time_setup_models_and_sims.TimeBuildDFNSimulation.time_setup_DFN_simulation": {"result": [0.09687469900109136, 0.19539836100011598], "stats": [{"ci_99": [0.09326757300004829, 0.1018576349997602], "q_25": 0.09517118700023275, "q_75": 0.09778568099909535, "min": 0.09326757300004829, "max": 0.1018576349997602, "mean": 0.09683982889982871, "std": 0.0022696964663855147, "repeat": 10, "number": 1}, {"ci_99": [0.18497203399965656, 0.22320541099907132], "q_25": 0.19191283525060499, "q_75": 0.20623403825038622, "min": 0.18497203399965656, "max": 0.22320541099907132, "mean": 0.20023497519996453, "std": 0.011594734731232303, "repeat": 10, "number": 1}], "params": [["False", "True"]]}, "time_setup_models_and_sims.TimeBuildSPM.time_setup_SPM": {"result": [0.662212181000541], "stats": [{"ci_99": [0.631437657000788, 0.7039562800000567], "q_25": 0.6471737457504787, "q_75": 0.6782545455002946, "min": 0.631437657000788, "max": 0.7039562800000567, "mean": 0.6642725347002851, "std": 0.022629065394234555, "repeat": 10, "number": 1}]}, "time_setup_models_and_sims.TimeBuildSPMSimulation.time_setup_SPM_simulation": {"result": [0.26313815049979894, 0.5054188479998629], "stats": [{"ci_99": [0.2556422449997626, 0.2877123769994796], "q_25": 0.2570952557498458, "q_75": 0.2742610040004365, "min": 0.2556422449997626, "max": 0.2877123769994796, "mean": 0.2667075351999301, "std": 0.011053055701366526, "repeat": 10, "number": 1}, {"ci_99": [0.4758650339990709, 0.5535325959990587], "q_25": 0.49407861700092326, "q_75": 0.5172146085001259, "min": 0.4758650339990709, "max": 0.5535325959990587, "mean": 0.5084515099000783, "std": 0.023068364485356586, "repeat": 10, "number": 1}], "params": [["False", "True"]]}, "time_setup_models_and_sims.TimeBuildSPMe.time_setup_SPMe": {"result": [0.7740220369996678], "stats": [{"ci_99": [0.755309149999448, 0.8203424220009765], "q_25": 0.7586574494994238, "q_75": 0.7897468760002084, "min": 0.755309149999448, "max": 0.8203424220009765, "mean": 0.7770498384998064, "std": 0.01997849898943223, "repeat": 10, "number": 1}]}, "time_setup_models_and_sims.TimeBuildSPMeSimulation.time_setup_SPMe_simulation": {"result": [0.13780389499970624, 0.24740478550029366], "stats": [{"ci_99": [0.13057334199947945, 0.14840227099921321], "q_25": 0.13378479075026917, "q_75": 0.1429790317492916, "min": 0.13057334199947945, "max": 0.14840227099921321, "mean": 0.13900831329974608, "std": 0.006001279831111899, "repeat": 10, "number": 1}, {"ci_99": [0.2434111570000823, 0.2557614460001787], "q_25": 0.24587697450124324, "q_75": 0.24927569899955415, "min": 0.2434111570000823, "max": 0.2557614460001787, "mean": 0.2480277101001775, "std": 0.0036736050465201167, "repeat": 10, "number": 1}], "params": [["False", "True"]]}, "time_solve_models.TimeSolveDFN.time_solve_model": {"result": [1.4157723154985433, 1.6565652049994242], "stats": [{"ci_99": [1.369588125611254, 1.4670293899998796], "q_25": 1.4003868077488733, "q_75": 1.4305443224989176, "min": 1.3711221980011032, "max": 1.4670293899998796, "mean": 1.4167371414993493, "std": 0.03006352605763632, "repeat": 6, "number": 1}, {"ci_99": [1.6117587340013415, 1.7071025170007488], "q_25": 1.6306920152501334, "q_75": 1.6885519382499297, "min": 1.6117587340013415, "max": 1.7071025170007488, "mean": 1.6587137703752433, "std": 0.03226237844077408, "repeat": 8, "number": 1}], "params": [["True", "False"]]}, "time_solve_models.TimeSolveSPM.time_solve_model": {"result": [0.07030245700025262, 0.12141257599978417], "stats": [{"ci_99": [0.0667923820001306, 0.08573481900020852], "q_25": 0.06699200849971021, "q_75": 0.0781720144996143, "min": 0.0667923820001306, "max": 0.08573481900020852, "mean": 0.07298592669994833, "std": 0.0068624239391004305, "repeat": 10, "number": 1}, {"ci_99": [0.10830878199885774, 0.12925493300099333], "q_25": 0.11868660674963394, "q_75": 0.12481207525024729, "min": 0.10830878199885774, "max": 0.12925493300099333, "mean": 0.12030193819991837, "std": 0.006463030287253406, "repeat": 10, "number": 1}], "params": [["True", "False"]]}, "time_solve_models.TimeSolveSPMe.time_solve_model": {"result": [0.11367171999972925, 0.1837705759999153], "stats": [{"ci_99": [0.10766627700104436, 0.12330938999912178], "q_25": 0.11071812374984802, "q_75": 0.11994229074934992, "min": 0.10766627700104436, "max": 0.12330938999912178, "mean": 0.11539063279997208, "std": 0.005437647748536346, "repeat": 10, "number": 1}, {"ci_99": [0.1750222640002903, 0.21911278100014897], "q_25": 0.1790624670006764, "q_75": 0.19407975000058286, "min": 0.1750222640002903, "max": 0.21911278100014897, "mean": 0.18829838870005916, "std": 0.013346209207796542, "repeat": 10, "number": 1}], "params": [["True", "False"]]}}, "params": {"machine": "GitHubRunner", "python": "3.8"}, "requirements": {}, "commit_hash": "60d0d5acca94ef68e3ab453be714d5c715a0bfdc", "date": 1593606852000, "env_name": "virtualenv-py3.8", "python": "3.8", "profiles": {}, "started_at": {"time_setup_models_and_sims.TimeBuildDFN.time_setup_DFN": 1613151130889, "time_setup_models_and_sims.TimeBuildDFNSimulation.time_setup_DFN_simulation": 1613151136460, "time_setup_models_and_sims.TimeBuildSPM.time_setup_SPM": 1613151138474, "time_setup_models_and_sims.TimeBuildSPMSimulation.time_setup_SPM_simulation": 1613151142790, "time_setup_models_and_sims.TimeBuildSPMe.time_setup_SPMe": 1613151147912, "time_setup_models_and_sims.TimeBuildSPMeSimulation.time_setup_SPMe_simulation": 1613151152830, "time_solve_models.TimeSolveDFN.time_solve_model": 1613151155396, "time_solve_models.TimeSolveSPM.time_solve_model": 1613151185646, "time_solve_models.TimeSolveSPMe.time_solve_model": 1613151197688}, "ended_at": {"time_setup_models_and_sims.TimeBuildDFN.time_setup_DFN": 1613151136460, "time_setup_models_and_sims.TimeBuildDFNSimulation.time_setup_DFN_simulation": 1613151138473, "time_setup_models_and_sims.TimeBuildSPM.time_setup_SPM": 1613151142789, "time_setup_models_and_sims.TimeBuildSPMSimulation.time_setup_SPM_simulation": 1613151147911, "time_setup_models_and_sims.TimeBuildSPMe.time_setup_SPMe": 1613151152830, "time_setup_models_and_sims.TimeBuildSPMeSimulation.time_setup_SPMe_simulation": 1613151155396, "time_solve_models.TimeSolveDFN.time_solve_model": 1613151185645, "time_solve_models.TimeSolveSPM.time_solve_model": 1613151197688, "time_solve_models.TimeSolveSPMe.time_solve_model": 1613151212740}, "benchmark_version": {"time_setup_models_and_sims.TimeBuildDFN.time_setup_DFN": "5f322e51e6b7e66125ee6949bdf25746005db467e8ffcfdcb3ace170e92bbc3d", "time_setup_models_and_sims.TimeBuildDFNSimulation.time_setup_DFN_simulation": "8de44bc542fa7d4ba28a80f24414a9444b5436673aaebba674918f5f0bfd0ebb", "time_setup_models_and_sims.TimeBuildSPM.time_setup_SPM": "0d0b3f5c67fc2da9a5794c66b70af5a45a09558d1ee95f738745385adb84fbca", "time_setup_models_and_sims.TimeBuildSPMSimulation.time_setup_SPM_simulation": "161220a99418ce4487cc29325cbae897f28d0e44ae07e1dfbfaac2cbc53a4ff9", "time_setup_models_and_sims.TimeBuildSPMe.time_setup_SPMe": "6083f5ff944353395eb4b21c97b02af555fe6528de3cd5283f5e139943945235", "time_setup_models_and_sims.TimeBuildSPMeSimulation.time_setup_SPMe_simulation": "530563cb559427795e3648d9648df9250ae100b7721f69eec356bdda7798c55e", "time_solve_models.TimeSolveDFN.time_solve_model": "914137228e20e5900cec36b0d3865f1faa2f5d479c7d6c2539514791f9ec4430", "time_solve_models.TimeSolveSPM.time_solve_model": "ef1bb5f8d1ddfa59650e20438c4b252d73e5a062714848ce1d6d5269382bc598", "time_solve_models.TimeSolveSPMe.time_solve_model": "20672028872f4620ce85e909bae705d9490de441e926510b2b0e53ff0881d87b"}, "version": 1}