{"results": {"time_setup_models_and_sims.TimeBuildDFN.time_setup_DFN": {"result": [0.5165530199999964], "stats": [{"ci_99": [0.5118934279999792, 0.5203704129999949], "q_25": 0.5158463459999965, "q_75": 0.517714953499997, "min": 0.5118934279999792, "max": 0.5203704129999949, "mean": 0.5165597423999969, "std": 0.0022085587363797872, "repeat": 10, "number": 1}]}, "time_setup_models_and_sims.TimeBuildDFNSimulation.time_setup_DFN_simulation": {"result": [0.16163008099999843, 0.3783746680000064], "stats": [{"ci_99": [0.16104023900001607, 0.16448925299999928], "q_25": 0.1614542957499907, "q_75": 0.1625414609999929, "min": 0.16104023900001607, "max": 0.16448925299999928, "mean": 0.1621052767999956, "std": 0.0010530578378824067, "repeat": 10, "number": 1}, {"ci_99": [0.3760719929999823, 0.3817954990000061], "q_25": 0.3773425965000001, "q_75": 0.3796982702499996, "min": 0.3760719929999823, "max": 0.3817954990000061, "mean": 0.37855606339999637, "std": 0.0017222929465443054, "repeat": 10, "number": 1}], "params": [["False", "True"]]}, "time_setup_models_and_sims.TimeBuildSPM.time_setup_SPM": {"result": [0.34173748349999755], "stats": [{"ci_99": [0.33971507100000053, 0.3437763889999985], "q_25": 0.34037960075001905, "q_75": 0.3423404950000055, "min": 0.33971507100000053, "max": 0.3437763889999985, "mean": 0.34158875440000286, "std": 0.0012984618822173455, "repeat": 10, "number": 1}]}, "time_setup_models_and_sims.TimeBuildSPMSimulation.time_setup_SPM_simulation": {"result": [0.1817356734999933, 0.3980039044999941], "stats": [{"ci_99": [0.18049951700001543, 0.18444200799999066], "q_25": 0.18086889724999367, "q_75": 0.182346164749994, "min": 0.18049951700001543, "max": 0.18444200799999066, "mean": 0.18196211339999735, "std": 0.0013444476510970221, "repeat": 10, "number": 1}, {"ci_99": [0.3954525779999756, 0.4004759299999989], "q_25": 0.39627033500000053, "q_75": 0.39870911050000757, "min": 0.3954525779999756, "max": 0.4004759299999989, "mean": 0.3977275007999964, "std": 0.0015484992122721949, "repeat": 10, "number": 1}], "params": [["False", "True"]]}, "time_setup_models_and_sims.TimeBuildSPMe.time_setup_SPMe": {"result": [0.45723991999999214], "stats": [{"ci_99": [0.4507674859999895, 0.4637039549999997], "q_25": 0.45583467550000734, "q_75": 0.46065755049999524, "min": 0.4507674859999895, "max": 0.4637039549999997, "mean": 0.45791199939999816, "std": 0.003520549914194772, "repeat": 10, "number": 1}]}, "time_setup_models_and_sims.TimeBuildSPMeSimulation.time_setup_SPMe_simulation": {"result": [0.17746565449999707, 0.415781058499995], "stats": [{"ci_99": [0.17646816600000648, 0.17983058400000118], "q_25": 0.17681326950000198, "q_75": 0.17819768099999678, "min": 0.17646816600000648, "max": 0.17983058400000118, "mean": 0.17760667779999864, "std": 0.0009900232598225134, "repeat": 10, "number": 1}, {"ci_99": [0.413409506999983, 0.42258056699999713], "q_25": 0.41424529250001285, "q_75": 0.41845941425000177, "min": 0.413409506999983, "max": 0.42258056699999713, "mean": 0.4165457384000007, "std": 0.0028630772262682016, "repeat": 10, "number": 1}], "params": [["False", "True"]]}, "time_solve_models.TimeSolveDFN.time_solve_model": {"result": [0.5184972734999889, 0.6756331784999929], "stats": [{"ci_99": [0.5098882800000126, 0.5242238639999925], "q_25": 0.5123259384999983, "q_75": 0.5210345990000107, "min": 0.5098882800000126, "max": 0.5242238639999925, "mean": 0.5173242230999975, "std": 0.004932092998201478, "repeat": 10, "number": 1}, {"ci_99": [0.6668727059999924, 0.695093786000001], "q_25": 0.6681604947500048, "q_75": 0.6786852132499988, "min": 0.6668727059999924, "max": 0.695093786000001, "mean": 0.6755711077000001, "std": 0.008250998690558217, "repeat": 10, "number": 1}], "params": [["True", "False"]]}, "time_solve_models.TimeSolveSPM.time_solve_model": {"result": [0.021024409000006017, 0.042667173000012326], "stats": [{"ci_99": [0.020828467000001183, 0.02140765300001135], "q_25": 0.020864666999997894, "q_75": 0.021280876000005833, "min": 0.020828467000001183, "max": 0.02140765300001135, "mean": 0.021082909200003996, "std": 0.0002236831891329152, "repeat": 10, "number": 1}, {"ci_99": [0.0418653370000186, 0.04356361400002129], "q_25": 0.041937411500001076, "q_75": 0.04286264224998604, "min": 0.0418653370000186, "max": 0.04356361400002129, "mean": 0.04256180120000863, "std": 0.0005964892823707062, "repeat": 10, "number": 1}], "params": [["True", "False"]]}, "time_solve_models.TimeSolveSPMe.time_solve_model": {"result": [0.032742360499995016, 0.07459343850000266], "stats": [{"ci_99": [0.032273614000018824, 0.033370308999991494], "q_25": 0.0324727912499867, "q_75": 0.03298995425001294, "min": 0.032273614000018824, "max": 0.033370308999991494, "mean": 0.03278232089999733, "std": 0.0003598441471105302, "repeat": 10, "number": 1}, {"ci_99": [0.07345079300000634, 0.07596635400000196], "q_25": 0.0740610744999799, "q_75": 0.07494627150001065, "min": 0.07345079300000634, "max": 0.07596635400000196, "mean": 0.07452778130000012, "std": 0.0006963729877672746, "repeat": 10, "number": 1}], "params": [["True", "False"]]}}, "params": {"machine": "GitHubRunner", "python": "3.8"}, "requirements": {}, "commit_hash": "60e4b50b550d5e995903cc043a996330e239e5f4", "date": 1631219004000, "env_name": "virtualenv-py3.8", "python": "3.8", "profiles": {}, "started_at": {"time_setup_models_and_sims.TimeBuildDFN.time_setup_DFN": 1631244051209, "time_setup_models_and_sims.TimeBuildDFNSimulation.time_setup_DFN_simulation": 1631244054675, "time_setup_models_and_sims.TimeBuildSPM.time_setup_SPM": 1631244058244, "time_setup_models_and_sims.TimeBuildSPMSimulation.time_setup_SPM_simulation": 1631244060605, "time_setup_models_and_sims.TimeBuildSPMe.time_setup_SPMe": 1631244064424, "time_setup_models_and_sims.TimeBuildSPMeSimulation.time_setup_SPMe_simulation": 1631244067537, "time_solve_models.TimeSolveDFN.time_solve_model": 1631244071457, "time_solve_models.TimeSolveSPM.time_solve_model": 1631244091779, "time_solve_models.TimeSolveSPMe.time_solve_model": 1631244099011}, "ended_at": {"time_setup_models_and_sims.TimeBuildDFN.time_setup_DFN": 1631244054674, "time_setup_models_and_sims.TimeBuildDFNSimulation.time_setup_DFN_simulation": 1631244058243, "time_setup_models_and_sims.TimeBuildSPM.time_setup_SPM": 1631244060605, "time_setup_models_and_sims.TimeBuildSPMSimulation.time_setup_SPM_simulation": 1631244064423, "time_setup_models_and_sims.TimeBuildSPMe.time_setup_SPMe": 1631244067537, "time_setup_models_and_sims.TimeBuildSPMeSimulation.time_setup_SPMe_simulation": 1631244071456, "time_solve_models.TimeSolveDFN.time_solve_model": 1631244091778, "time_solve_models.TimeSolveSPM.time_solve_model": 1631244099010, "time_solve_models.TimeSolveSPMe.time_solve_model": 1631244108599}, "benchmark_version": {"time_setup_models_and_sims.TimeBuildDFN.time_setup_DFN": "5f322e51e6b7e66125ee6949bdf25746005db467e8ffcfdcb3ace170e92bbc3d", "time_setup_models_and_sims.TimeBuildDFNSimulation.time_setup_DFN_simulation": "8de44bc542fa7d4ba28a80f24414a9444b5436673aaebba674918f5f0bfd0ebb", "time_setup_models_and_sims.TimeBuildSPM.time_setup_SPM": "0d0b3f5c67fc2da9a5794c66b70af5a45a09558d1ee95f738745385adb84fbca", "time_setup_models_and_sims.TimeBuildSPMSimulation.time_setup_SPM_simulation": "161220a99418ce4487cc29325cbae897f28d0e44ae07e1dfbfaac2cbc53a4ff9", "time_setup_models_and_sims.TimeBuildSPMe.time_setup_SPMe": "6083f5ff944353395eb4b21c97b02af555fe6528de3cd5283f5e139943945235", "time_setup_models_and_sims.TimeBuildSPMeSimulation.time_setup_SPMe_simulation": "530563cb559427795e3648d9648df9250ae100b7721f69eec356bdda7798c55e", "time_solve_models.TimeSolveDFN.time_solve_model": "914137228e20e5900cec36b0d3865f1faa2f5d479c7d6c2539514791f9ec4430", "time_solve_models.TimeSolveSPM.time_solve_model": "ef1bb5f8d1ddfa59650e20438c4b252d73e5a062714848ce1d6d5269382bc598", "time_solve_models.TimeSolveSPMe.time_solve_model": "20672028872f4620ce85e909bae705d9490de441e926510b2b0e53ff0881d87b"}, "version": 1}