{"results": {"time_setup_models_and_sims.TimeBuildDFN.time_setup_DFN": {"result": [0.5195919160000031], "stats": [{"ci_99": [0.5149769690000028, 0.5240403680000156], "q_25": 0.5180902769999989, "q_75": 0.5216460097499933, "min": 0.5149769690000028, "max": 0.5240403680000156, "mean": 0.5196300709000028, "std": 0.002695582132204063, "repeat": 10, "number": 1}]}, "time_setup_models_and_sims.TimeBuildDFNSimulation.time_setup_DFN_simulation": {"result": [0.1577193775000083, 0.37109509849999256], "stats": [{"ci_99": [0.15673909100000571, 0.15929435600000375], "q_25": 0.15730248250000045, "q_75": 0.15896783499999856, "min": 0.15673909100000571, "max": 0.15929435600000375, "mean": 0.1579768336000015, "std": 0.0009429288645028542, "repeat": 10, "number": 1}, {"ci_99": [0.36716872099999875, 0.37354020600000126], "q_25": 0.3700227765000008, "q_75": 0.3722582222500037, "min": 0.36716872099999875, "max": 0.37354020600000126, "mean": 0.37084306409999923, "std": 0.0020261670019743752, "repeat": 10, "number": 1}], "params": [["False", "True"]]}, "time_setup_models_and_sims.TimeBuildSPM.time_setup_SPM": {"result": [0.3663551665000142], "stats": [{"ci_99": [0.36446916299999543, 0.3680102769999962], "q_25": 0.36521622750000304, "q_75": 0.3673843105000074, "min": 0.36446916299999543, "max": 0.3680102769999962, "mean": 0.36627673900000274, "std": 0.0012920506178000593, "repeat": 10, "number": 1}]}, "time_setup_models_and_sims.TimeBuildSPMSimulation.time_setup_SPM_simulation": {"result": [0.19382358100000374, 0.4242390209999911], "stats": [{"ci_99": [0.19151718500000925, 0.19482233399999416], "q_25": 0.19293073375000347, "q_75": 0.19445317999999645, "min": 0.19151718500000925, "max": 0.19482233399999416, "mean": 0.1935770051999995, "std": 0.0010278105119126742, "repeat": 10, "number": 1}, {"ci_99": [0.4224635479999961, 0.42594569599999943], "q_25": 0.42344147224999773, "q_75": 0.42505135175001385, "min": 0.4224635479999961, "max": 0.42594569599999943, "mean": 0.4242368968000008, "std": 0.0010701333647529948, "repeat": 10, "number": 1}], "params": [["False", "True"]]}, "time_setup_models_and_sims.TimeBuildSPMe.time_setup_SPMe": {"result": [0.479549427000002], "stats": [{"ci_99": [0.4753650829999998, 0.4814163819999919], "q_25": 0.47833813325001273, "q_75": 0.4808282614999939, "min": 0.4753650829999998, "max": 0.4814163819999919, "mean": 0.47927000739999953, "std": 0.0017974593951401645, "repeat": 10, "number": 1}]}, "time_setup_models_and_sims.TimeBuildSPMeSimulation.time_setup_SPMe_simulation": {"result": [0.18337197000001026, 0.4277644475000102], "stats": [{"ci_99": [0.18091875799999002, 0.18728896300001452], "q_25": 0.18178652125000383, "q_75": 0.18548257750001795, "min": 0.18091875799999002, "max": 0.18728896300001452, "mean": 0.1836005926000041, "std": 0.0021545880125300406, "repeat": 10, "number": 1}, {"ci_99": [0.4262056800000096, 0.43129561400002103], "q_25": 0.42666961600000164, "q_75": 0.42870261799999554, "min": 0.4262056800000096, "max": 0.43129561400002103, "mean": 0.42795149660000364, "std": 0.001491584395116869, "repeat": 10, "number": 1}], "params": [["False", "True"]]}, "time_solve_models.TimeSolveDFN.time_solve_model": {"result": [0.5185397194999979, 0.6791584134999908], "stats": [{"ci_99": [0.5135395490000008, 0.5249318199999919], "q_25": 0.5159151772499868, "q_75": 0.5206785302500023, "min": 0.5135395490000008, "max": 0.5249318199999919, "mean": 0.5184584000999962, "std": 0.0034215797397206893, "repeat": 10, "number": 1}, {"ci_99": [0.6712076599999932, 0.6833948709999902], "q_25": 0.67781945925001, "q_75": 0.6811089952499856, "min": 0.6712076599999932, "max": 0.6833948709999902, "mean": 0.6785730801999961, "std": 0.003567590787212375, "repeat": 10, "number": 1}], "params": [["True", "False"]]}, "time_solve_models.TimeSolveSPM.time_solve_model": {"result": [0.019392245500000627, 0.04081179099999588], "stats": [{"ci_99": [0.01926268599999048, 0.01949064400000111], "q_25": 0.019351014499989105, "q_75": 0.019446853250002505, "min": 0.01926268599999048, "max": 0.01949064400000111, "mean": 0.019388226800001008, "std": 7.176876547992955e-05, "repeat": 10, "number": 1}, {"ci_99": [0.040487293000012414, 0.04096669099999417], "q_25": 0.04065654174999622, "q_75": 0.04085811399998818, "min": 0.040487293000012414, "max": 0.04096669099999417, "mean": 0.040754431599998496, "std": 0.00015596525014865707, "repeat": 10, "number": 1}], "params": [["True", "False"]]}, "time_solve_models.TimeSolveSPMe.time_solve_model": {"result": [0.02885462349999557, 0.07015536199999417], "stats": [{"ci_99": [0.028531009999994694, 0.02919593699999723], "q_25": 0.028655082999989645, "q_75": 0.02894571525001055, "min": 0.028531009999994694, "max": 0.02919593699999723, "mean": 0.028843659699998626, "std": 0.00021898297067371418, "repeat": 10, "number": 1}, {"ci_99": [0.0696119190000104, 0.07068480600000271], "q_25": 0.06986934449999893, "q_75": 0.07063490899999181, "min": 0.0696119190000104, "max": 0.07068480600000271, "mean": 0.0702150856000003, "std": 0.00038442798571576293, "repeat": 10, "number": 1}], "params": [["True", "False"]]}}, "params": {"machine": "GitHubRunner", "python": "3.8"}, "requirements": {}, "commit_hash": "6194e5c05899b021db15889351e16bf2e488d2bb", "date": 1631838616000, "env_name": "virtualenv-py3.8", "python": "3.8", "profiles": {}, "started_at": {"time_setup_models_and_sims.TimeBuildDFN.time_setup_DFN": 1632021639310, "time_setup_models_and_sims.TimeBuildDFNSimulation.time_setup_DFN_simulation": 1632021642775, "time_setup_models_and_sims.TimeBuildSPM.time_setup_SPM": 1632021646243, "time_setup_models_and_sims.TimeBuildSPMSimulation.time_setup_SPM_simulation": 1632021648754, "time_setup_models_and_sims.TimeBuildSPMe.time_setup_SPMe": 1632021652824, "time_setup_models_and_sims.TimeBuildSPMeSimulation.time_setup_SPMe_simulation": 1632021656038, "time_solve_models.TimeSolveDFN.time_solve_model": 1632021660007, "time_solve_models.TimeSolveSPM.time_solve_model": 1632021680125, "time_solve_models.TimeSolveSPMe.time_solve_model": 1632021687411}, "ended_at": {"time_setup_models_and_sims.TimeBuildDFN.time_setup_DFN": 1632021642774, "time_setup_models_and_sims.TimeBuildDFNSimulation.time_setup_DFN_simulation": 1632021646242, "time_setup_models_and_sims.TimeBuildSPM.time_setup_SPM": 1632021648754, "time_setup_models_and_sims.TimeBuildSPMSimulation.time_setup_SPM_simulation": 1632021652823, "time_setup_models_and_sims.TimeBuildSPMe.time_setup_SPMe": 1632021656038, "time_setup_models_and_sims.TimeBuildSPMeSimulation.time_setup_SPMe_simulation": 1632021660006, "time_solve_models.TimeSolveDFN.time_solve_model": 1632021680124, "time_solve_models.TimeSolveSPM.time_solve_model": 1632021687411, "time_solve_models.TimeSolveSPMe.time_solve_model": 1632021696997}, "benchmark_version": {"time_setup_models_and_sims.TimeBuildDFN.time_setup_DFN": "5f322e51e6b7e66125ee6949bdf25746005db467e8ffcfdcb3ace170e92bbc3d", "time_setup_models_and_sims.TimeBuildDFNSimulation.time_setup_DFN_simulation": "8de44bc542fa7d4ba28a80f24414a9444b5436673aaebba674918f5f0bfd0ebb", "time_setup_models_and_sims.TimeBuildSPM.time_setup_SPM": "0d0b3f5c67fc2da9a5794c66b70af5a45a09558d1ee95f738745385adb84fbca", "time_setup_models_and_sims.TimeBuildSPMSimulation.time_setup_SPM_simulation": "161220a99418ce4487cc29325cbae897f28d0e44ae07e1dfbfaac2cbc53a4ff9", "time_setup_models_and_sims.TimeBuildSPMe.time_setup_SPMe": "6083f5ff944353395eb4b21c97b02af555fe6528de3cd5283f5e139943945235", "time_setup_models_and_sims.TimeBuildSPMeSimulation.time_setup_SPMe_simulation": "530563cb559427795e3648d9648df9250ae100b7721f69eec356bdda7798c55e", "time_solve_models.TimeSolveDFN.time_solve_model": "914137228e20e5900cec36b0d3865f1faa2f5d479c7d6c2539514791f9ec4430", "time_solve_models.TimeSolveSPM.time_solve_model": "ef1bb5f8d1ddfa59650e20438c4b252d73e5a062714848ce1d6d5269382bc598", "time_solve_models.TimeSolveSPMe.time_solve_model": "20672028872f4620ce85e909bae705d9490de441e926510b2b0e53ff0881d87b"}, "version": 1}