{"results": {"time_setup_models_and_sims.TimeBuildDFN.time_setup_DFN": {"result": [0.5916010094999962], "stats": [{"ci_99": [0.5839239219999968, 0.6000974309999947], "q_25": 0.5893547380000186, "q_75": 0.5941121947500108, "min": 0.5839239219999968, "max": 0.6000974309999947, "mean": 0.5917004774000049, "std": 0.0043631462013930394, "repeat": 10, "number": 1}]}, "time_setup_models_and_sims.TimeBuildDFNSimulation.time_setup_DFN_simulation": {"result": [0.1784711954999949, 0.4188048814999945], "stats": [{"ci_99": [0.17666047699998444, 0.1795609779999836], "q_25": 0.17708921275000478, "q_75": 0.1792343287499918, "min": 0.17666047699998444, "max": 0.1795609779999836, "mean": 0.178195896699998, "std": 0.0011152495375126655, "repeat": 10, "number": 1}, {"ci_99": [0.41593619500000045, 0.4224658700000248], "q_25": 0.4167513847500146, "q_75": 0.4201295987500018, "min": 0.41593619500000045, "max": 0.4224658700000248, "mean": 0.4187147105000065, "std": 0.0020745198874884334, "repeat": 10, "number": 1}], "params": [["False", "True"]]}, "time_setup_models_and_sims.TimeBuildSPM.time_setup_SPM": {"result": [0.4157340189999985], "stats": [{"ci_99": [0.41430263899999886, 0.4211407149999786], "q_25": 0.4147720779999915, "q_75": 0.41961772174998657, "min": 0.41430263899999886, "max": 0.4211407149999786, "mean": 0.4169150936999927, "std": 0.002683189174582271, "repeat": 10, "number": 1}]}, "time_setup_models_and_sims.TimeBuildSPMSimulation.time_setup_SPM_simulation": {"result": [0.2191416280000027, 0.47731774800000437], "stats": [{"ci_99": [0.215600051999985, 0.2219830920000163], "q_25": 0.21725585925000246, "q_75": 0.22066335050000419, "min": 0.215600051999985, "max": 0.2219830920000163, "mean": 0.21889113180000094, "std": 0.0020812541297631063, "repeat": 10, "number": 1}, {"ci_99": [0.47306518299998856, 0.4804945639999971], "q_25": 0.4768646112500008, "q_75": 0.4792596985000017, "min": 0.47306518299998856, "max": 0.4804945639999971, "mean": 0.47747206930000063, "std": 0.002310643420825162, "repeat": 10, "number": 1}], "params": [["False", "True"]]}, "time_setup_models_and_sims.TimeBuildSPMe.time_setup_SPMe": {"result": [0.5425631175000234], "stats": [{"ci_99": [0.5334520520000012, 0.5473693920000073], "q_25": 0.540091992249998, "q_75": 0.5436282832500083, "min": 0.5334520520000012, "max": 0.5473693920000073, "mean": 0.5413793894000065, "std": 0.00383508431039334, "repeat": 10, "number": 1}]}, "time_setup_models_and_sims.TimeBuildSPMeSimulation.time_setup_SPMe_simulation": {"result": [0.20658558649999748, 0.48765264149999155], "stats": [{"ci_99": [0.2055459530000121, 0.20832682200000363], "q_25": 0.20589200999998525, "q_75": 0.20727231349999897, "min": 0.2055459530000121, "max": 0.20832682200000363, "mean": 0.20667961699999465, "std": 0.0009107518021783781, "repeat": 10, "number": 1}, {"ci_99": [0.48256821699999364, 0.4940416839999955], "q_25": 0.4858552607499931, "q_75": 0.4880231427499879, "min": 0.48256821699999364, "max": 0.4940416839999955, "mean": 0.48726634639999417, "std": 0.0029888237777141993, "repeat": 10, "number": 1}], "params": [["False", "True"]]}, "time_solve_models.TimeSolveDFN.time_solve_model": {"result": [0.6069642205000036, 0.7925354110000171], "stats": [{"ci_99": [0.6002446210000016, 0.6166003989999922], "q_25": 0.6065198470000013, "q_75": 0.609768359499995, "min": 0.6002446210000016, "max": 0.6166003989999922, "mean": 0.6077768711999993, "std": 0.0043352212041118795, "repeat": 10, "number": 1}, {"ci_99": [0.782959118000008, 0.8030536279999865], "q_25": 0.7880066877499914, "q_75": 0.7977717519999814, "min": 0.782959118000008, "max": 0.8030536279999865, "mean": 0.7930933415999988, "std": 0.006437707219518815, "repeat": 10, "number": 1}], "params": [["True", "False"]]}, "time_solve_models.TimeSolveSPM.time_solve_model": {"result": [0.022221611500000904, 0.04685178050000616], "stats": [{"ci_99": [0.02167611400000169, 0.022579307999990306], "q_25": 0.0220177874999834, "q_75": 0.022355089999990696, "min": 0.02167611400000169, "max": 0.022579307999990306, "mean": 0.02218222099999707, "std": 0.00025542333650259576, "repeat": 10, "number": 1}, {"ci_99": [0.04541263800001616, 0.047326518000005535], "q_25": 0.046491679250003415, "q_75": 0.04691526674998414, "min": 0.04541263800001616, "max": 0.047326518000005535, "mean": 0.04667889410000044, "std": 0.0004933025491751784, "repeat": 10, "number": 1}], "params": [["True", "False"]]}, "time_solve_models.TimeSolveSPMe.time_solve_model": {"result": [0.033077662499991334, 0.08052657950000253], "stats": [{"ci_99": [0.0322801539999773, 0.033387753999988945], "q_25": 0.032761082500030625, "q_75": 0.03327331399999167, "min": 0.0322801539999773, "max": 0.033387753999988945, "mean": 0.03299776889999748, "std": 0.0003310774317650992, "repeat": 10, "number": 1}, {"ci_99": [0.07995507199998997, 0.08175108099999306], "q_25": 0.08025703200001999, "q_75": 0.080942352000001, "min": 0.07995507199998997, "max": 0.08175108099999306, "mean": 0.08064029970000205, "std": 0.0005542154994242967, "repeat": 10, "number": 1}], "params": [["True", "False"]]}}, "params": {"machine": "GitHubRunner", "python": "3.8"}, "requirements": {}, "commit_hash": "6194e5c05899b021db15889351e16bf2e488d2bb", "date": 1631838616000, "env_name": "virtualenv-py3.8", "python": "3.8", "profiles": {}, "started_at": {"time_setup_models_and_sims.TimeBuildDFN.time_setup_DFN": 1631935277490, "time_setup_models_and_sims.TimeBuildDFNSimulation.time_setup_DFN_simulation": 1631935281408, "time_setup_models_and_sims.TimeBuildSPM.time_setup_SPM": 1631935285331, "time_setup_models_and_sims.TimeBuildSPMSimulation.time_setup_SPM_simulation": 1631935288195, "time_setup_models_and_sims.TimeBuildSPMe.time_setup_SPMe": 1631935292771, "time_setup_models_and_sims.TimeBuildSPMeSimulation.time_setup_SPMe_simulation": 1631935296438, "time_solve_models.TimeSolveDFN.time_solve_model": 1631935300964, "time_solve_models.TimeSolveSPM.time_solve_model": 1631935324402, "time_solve_models.TimeSolveSPMe.time_solve_model": 1631935332788}, "ended_at": {"time_setup_models_and_sims.TimeBuildDFN.time_setup_DFN": 1631935281408, "time_setup_models_and_sims.TimeBuildDFNSimulation.time_setup_DFN_simulation": 1631935285330, "time_setup_models_and_sims.TimeBuildSPM.time_setup_SPM": 1631935288195, "time_setup_models_and_sims.TimeBuildSPMSimulation.time_setup_SPM_simulation": 1631935292770, "time_setup_models_and_sims.TimeBuildSPMe.time_setup_SPMe": 1631935296438, "time_setup_models_and_sims.TimeBuildSPMeSimulation.time_setup_SPMe_simulation": 1631935300963, "time_solve_models.TimeSolveDFN.time_solve_model": 1631935324401, "time_solve_models.TimeSolveSPM.time_solve_model": 1631935332787, "time_solve_models.TimeSolveSPMe.time_solve_model": 1631935343684}, "benchmark_version": {"time_setup_models_and_sims.TimeBuildDFN.time_setup_DFN": "5f322e51e6b7e66125ee6949bdf25746005db467e8ffcfdcb3ace170e92bbc3d", "time_setup_models_and_sims.TimeBuildDFNSimulation.time_setup_DFN_simulation": "8de44bc542fa7d4ba28a80f24414a9444b5436673aaebba674918f5f0bfd0ebb", "time_setup_models_and_sims.TimeBuildSPM.time_setup_SPM": "0d0b3f5c67fc2da9a5794c66b70af5a45a09558d1ee95f738745385adb84fbca", "time_setup_models_and_sims.TimeBuildSPMSimulation.time_setup_SPM_simulation": "161220a99418ce4487cc29325cbae897f28d0e44ae07e1dfbfaac2cbc53a4ff9", "time_setup_models_and_sims.TimeBuildSPMe.time_setup_SPMe": "6083f5ff944353395eb4b21c97b02af555fe6528de3cd5283f5e139943945235", "time_setup_models_and_sims.TimeBuildSPMeSimulation.time_setup_SPMe_simulation": "530563cb559427795e3648d9648df9250ae100b7721f69eec356bdda7798c55e", "time_solve_models.TimeSolveDFN.time_solve_model": "914137228e20e5900cec36b0d3865f1faa2f5d479c7d6c2539514791f9ec4430", "time_solve_models.TimeSolveSPM.time_solve_model": "ef1bb5f8d1ddfa59650e20438c4b252d73e5a062714848ce1d6d5269382bc598", "time_solve_models.TimeSolveSPMe.time_solve_model": "20672028872f4620ce85e909bae705d9490de441e926510b2b0e53ff0881d87b"}, "version": 1}