{"results": {"time_setup_models_and_sims.TimeBuildDFN.time_setup_DFN": {"result": [0.9239292369998111], "stats": [{"ci_99": [0.8939682990003348, 0.9956169139995836], "q_25": 0.916865893250133, "q_75": 0.9508985815000415, "min": 0.8939682990003348, "max": 0.9956169139995836, "mean": 0.9324998984999183, "std": 0.029049134666849476, "repeat": 10, "number": 1}]}, "time_setup_models_and_sims.TimeBuildDFNSimulation.time_setup_DFN_simulation": {"result": [0.08737401500002306, 0.17291161599996485], "stats": [{"ci_99": [0.08319378400028654, 0.09512996800003748], "q_25": 0.08661975999984861, "q_75": 0.08890089999977135, "min": 0.08319378400028654, "max": 0.09512996800003748, "mean": 0.08804099920007502, "std": 0.0031237172230626203, "repeat": 10, "number": 1}, {"ci_99": [0.1588643149998461, 0.18790451899985783], "q_25": 0.16323357449959985, "q_75": 0.1790847115003089, "min": 0.1588643149998461, "max": 0.18790451899985783, "mean": 0.17204705979984283, "std": 0.009252844730936034, "repeat": 10, "number": 1}], "params": [["False", "True"]]}, "time_setup_models_and_sims.TimeBuildSPM.time_setup_SPM": {"result": [0.6508141254998918], "stats": [{"ci_99": [0.6226853850002954, 0.7062661740001204], "q_25": 0.6289269652504572, "q_75": 0.6739810305000447, "min": 0.6226853850002954, "max": 0.7062661740001204, "mean": 0.6539318778000052, "std": 0.026453888611461734, "repeat": 10, "number": 1}]}, "time_setup_models_and_sims.TimeBuildSPMSimulation.time_setup_SPM_simulation": {"result": [0.2443746179997106, 0.4801411695002571], "stats": [{"ci_99": [0.22787150000021938, 0.25357278599949495], "q_25": 0.23462730249980268, "q_75": 0.2465454799996678, "min": 0.22787150000021938, "max": 0.25357278599949495, "mean": 0.24109499509977467, "std": 0.008020951575128627, "repeat": 10, "number": 1}, {"ci_99": [0.43578936900030385, 0.5192721559997153], "q_25": 0.46002520274987546, "q_75": 0.4925456687501537, "min": 0.43578936900030385, "max": 0.5192721559997153, "mean": 0.47675923150000016, "std": 0.023164698565897417, "repeat": 10, "number": 1}], "params": [["False", "True"]]}, "time_setup_models_and_sims.TimeBuildSPMe.time_setup_SPMe": {"result": [0.7721867765003481], "stats": [{"ci_99": [0.745301728999948, 0.804732664999392], "q_25": 0.7628398209997158, "q_75": 0.794115246499814, "min": 0.745301728999948, "max": 0.804732664999392, "mean": 0.7766632183998808, "std": 0.018959147515117913, "repeat": 10, "number": 1}]}, "time_setup_models_and_sims.TimeBuildSPMeSimulation.time_setup_SPMe_simulation": {"result": [0.10739040450016546, 0.19670628450012373], "stats": [{"ci_99": [0.10258142000020598, 0.11245908900036738], "q_25": 0.10596159325018562, "q_75": 0.10944057025017173, "min": 0.10258142000020598, "max": 0.11245908900036738, "mean": 0.10755667580015142, "std": 0.002974193308329938, "repeat": 10, "number": 1}, {"ci_99": [0.19234505399981572, 0.22894630599967059], "q_25": 0.1940211120006552, "q_75": 0.2178227029999107, "min": 0.19234505399981572, "max": 0.22894630599967059, "mean": 0.20480971900005898, "std": 0.013168502012202293, "repeat": 10, "number": 1}], "params": [["False", "True"]]}, "time_solve_models.TimeSolveDFN.time_solve_model": {"result": [0.9813481940000202, 1.1845861034994414], "stats": [{"ci_99": [0.9358112791222142, 1.0397754638775283], "q_25": 0.9594153082496177, "q_75": 1.0168542054996124, "min": 0.9549287170002572, "max": 1.0283412349999708, "mean": 0.9877933714998713, "std": 0.0302644979326953, "repeat": 6, "number": 1}, {"ci_99": [1.1494766830001026, 1.2296973460006484], "q_25": 1.1686487217500598, "q_75": 1.2128905582501375, "min": 1.1494766830001026, "max": 1.2296973460006484, "mean": 1.1887690954999925, "std": 0.02844087277540184, "repeat": 8, "number": 1}], "params": [["True", "False"]]}, "time_solve_models.TimeSolveSPM.time_solve_model": {"result": [0.05708194949966128, 0.10598349249949024], "stats": [{"ci_99": [0.05422958099916286, 0.06215193499974703], "q_25": 0.056669372750093316, "q_75": 0.05886998874939309, "min": 0.05422958099916286, "max": 0.06215193499974703, "mean": 0.05783307559968307, "std": 0.0022579897111152016, "repeat": 10, "number": 1}, {"ci_99": [0.1000525010003912, 0.11243838799964578], "q_25": 0.10211266749979586, "q_75": 0.11012132425003074, "min": 0.1000525010003912, "max": 0.11243838799964578, "mean": 0.1062575555998592, "std": 0.004422203637493321, "repeat": 10, "number": 1}], "params": [["True", "False"]]}, "time_solve_models.TimeSolveSPMe.time_solve_model": {"result": [0.0823953280000751, 0.15228296900022542], "stats": [{"ci_99": [0.07907745400007116, 0.09003873200072121], "q_25": 0.08059099100023559, "q_75": 0.08622905550009818, "min": 0.07907745400007116, "max": 0.09003873200072121, "mean": 0.08354783610020604, "std": 0.003810929612016067, "repeat": 10, "number": 1}, {"ci_99": [0.14675292999982048, 0.18185047399947507], "q_25": 0.15002780050008369, "q_75": 0.15899608824997813, "min": 0.14675292999982048, "max": 0.18185047399947507, "mean": 0.1571877620998748, "std": 0.01067653529333616, "repeat": 10, "number": 1}], "params": [["True", "False"]]}}, "params": {"machine": "GitHubRunner", "python": "3.8"}, "requirements": {}, "commit_hash": "61ae45241b353949359d0b5704b0961bf1518eb3", "date": 1604323820000, "env_name": "virtualenv-py3.8", "python": "3.8", "profiles": {}, "started_at": {"time_setup_models_and_sims.TimeBuildDFN.time_setup_DFN": 1613147055495, "time_setup_models_and_sims.TimeBuildDFNSimulation.time_setup_DFN_simulation": 1613147061367, "time_setup_models_and_sims.TimeBuildSPM.time_setup_SPM": 1613147063232, "time_setup_models_and_sims.TimeBuildSPMSimulation.time_setup_SPM_simulation": 1613147067449, "time_setup_models_and_sims.TimeBuildSPMe.time_setup_SPMe": 1613147072222, "time_setup_models_and_sims.TimeBuildSPMeSimulation.time_setup_SPMe_simulation": 1613147077192, "time_solve_models.TimeSolveDFN.time_solve_model": 1613147079457, "time_solve_models.TimeSolveSPM.time_solve_model": 1613147103887, "time_solve_models.TimeSolveSPMe.time_solve_model": 1613147115578}, "ended_at": {"time_setup_models_and_sims.TimeBuildDFN.time_setup_DFN": 1613147061367, "time_setup_models_and_sims.TimeBuildDFNSimulation.time_setup_DFN_simulation": 1613147063231, "time_setup_models_and_sims.TimeBuildSPM.time_setup_SPM": 1613147067448, "time_setup_models_and_sims.TimeBuildSPMSimulation.time_setup_SPM_simulation": 1613147072221, "time_setup_models_and_sims.TimeBuildSPMe.time_setup_SPMe": 1613147077191, "time_setup_models_and_sims.TimeBuildSPMeSimulation.time_setup_SPMe_simulation": 1613147079456, "time_solve_models.TimeSolveDFN.time_solve_model": 1613147103886, "time_solve_models.TimeSolveSPM.time_solve_model": 1613147115577, "time_solve_models.TimeSolveSPMe.time_solve_model": 1613147129534}, "benchmark_version": {"time_setup_models_and_sims.TimeBuildDFN.time_setup_DFN": "5f322e51e6b7e66125ee6949bdf25746005db467e8ffcfdcb3ace170e92bbc3d", "time_setup_models_and_sims.TimeBuildDFNSimulation.time_setup_DFN_simulation": "8de44bc542fa7d4ba28a80f24414a9444b5436673aaebba674918f5f0bfd0ebb", "time_setup_models_and_sims.TimeBuildSPM.time_setup_SPM": "0d0b3f5c67fc2da9a5794c66b70af5a45a09558d1ee95f738745385adb84fbca", "time_setup_models_and_sims.TimeBuildSPMSimulation.time_setup_SPM_simulation": "161220a99418ce4487cc29325cbae897f28d0e44ae07e1dfbfaac2cbc53a4ff9", "time_setup_models_and_sims.TimeBuildSPMe.time_setup_SPMe": "6083f5ff944353395eb4b21c97b02af555fe6528de3cd5283f5e139943945235", "time_setup_models_and_sims.TimeBuildSPMeSimulation.time_setup_SPMe_simulation": "530563cb559427795e3648d9648df9250ae100b7721f69eec356bdda7798c55e", "time_solve_models.TimeSolveDFN.time_solve_model": "914137228e20e5900cec36b0d3865f1faa2f5d479c7d6c2539514791f9ec4430", "time_solve_models.TimeSolveSPM.time_solve_model": "ef1bb5f8d1ddfa59650e20438c4b252d73e5a062714848ce1d6d5269382bc598", "time_solve_models.TimeSolveSPMe.time_solve_model": "20672028872f4620ce85e909bae705d9490de441e926510b2b0e53ff0881d87b"}, "version": 1}