{"results": {"time_setup_models_and_sims.TimeBuildDFN.time_setup_DFN": {"result": [0.5100174350000088], "stats": [{"ci_99": [0.5064131510000038, 0.5134173339999961], "q_25": 0.5095737052499629, "q_75": 0.511749863250003, "min": 0.5064131510000038, "max": 0.5134173339999961, "mean": 0.5104256140999951, "std": 0.0019112903584887085, "repeat": 10, "number": 1}]}, "time_setup_models_and_sims.TimeBuildDFNSimulation.time_setup_DFN_simulation": {"result": [0.13139987350001547, 0.31379765950001115], "stats": [{"ci_99": [0.1293264480000289, 0.13449621200004458], "q_25": 0.13007408474999238, "q_75": 0.13238413649996517, "min": 0.1293264480000289, "max": 0.13449621200004458, "mean": 0.13148426440000094, "std": 0.001628625535080613, "repeat": 10, "number": 1}, {"ci_99": [0.3121163430000138, 0.31865512199999557], "q_25": 0.31320335374999786, "q_75": 0.3151378235000095, "min": 0.3121163430000138, "max": 0.31865512199999557, "mean": 0.3143580961000055, "std": 0.0017943478885165986, "repeat": 10, "number": 1}], "params": [["False", "True"]]}, "time_setup_models_and_sims.TimeBuildSPM.time_setup_SPM": {"result": [0.366978800499993], "stats": [{"ci_99": [0.36316175500002146, 0.37003272900000184], "q_25": 0.3664227919999945, "q_75": 0.3686980629999823, "min": 0.36316175500002146, "max": 0.37003272900000184, "mean": 0.36723468949999755, "std": 0.0018497137328302867, "repeat": 10, "number": 1}]}, "time_setup_models_and_sims.TimeBuildSPMSimulation.time_setup_SPM_simulation": {"result": [0.15102545950003332, 0.33471296100000814], "stats": [{"ci_99": [0.14899478299997782, 0.15222632199998998], "q_25": 0.15022130224998875, "q_75": 0.15179429225000263, "min": 0.14899478299997782, "max": 0.15222632199998998, "mean": 0.1508692577999966, "std": 0.0010627640490614278, "repeat": 10, "number": 1}, {"ci_99": [0.33367580399999497, 0.340585386999976], "q_25": 0.33403524749996905, "q_75": 0.33613608099999226, "min": 0.33367580399999497, "max": 0.340585386999976, "mean": 0.33558040189998906, "std": 0.0020620954885311586, "repeat": 10, "number": 1}], "params": [["False", "True"]]}, "time_setup_models_and_sims.TimeBuildSPMe.time_setup_SPMe": {"result": [0.4975050345000227], "stats": [{"ci_99": [0.4928518140000051, 0.5009551410000199], "q_25": 0.4964343562500062, "q_75": 0.49912071925001555, "min": 0.4928518140000051, "max": 0.5009551410000199, "mean": 0.49753998500000873, "std": 0.002290646001242848, "repeat": 10, "number": 1}]}, "time_setup_models_and_sims.TimeBuildSPMeSimulation.time_setup_SPMe_simulation": {"result": [0.14359783149998862, 0.34935890250000057], "stats": [{"ci_99": [0.14257481100003133, 0.14907619799998884], "q_25": 0.1432966192499947, "q_75": 0.14559165374998884, "min": 0.14257481100003133, "max": 0.14907619799998884, "mean": 0.1447039306000022, "std": 0.002081221534926539, "repeat": 10, "number": 1}, {"ci_99": [0.3478392740000231, 0.35185242200003586], "q_25": 0.34867031400001736, "q_75": 0.35080478075001054, "min": 0.3478392740000231, "max": 0.35185242200003586, "mean": 0.3496705164000048, "std": 0.0012685548707069658, "repeat": 10, "number": 1}], "params": [["False", "True"]]}, "time_solve_models.TimeSolveDFN.time_solve_model": {"result": [0.5045794159999843, 0.6599640879999811], "stats": [{"ci_99": [0.5004893519999882, 0.5082625449999796], "q_25": 0.5033684172500159, "q_75": 0.50591873099998, "min": 0.5004893519999882, "max": 0.5082625449999796, "mean": 0.504389143599991, "std": 0.002227062055815746, "repeat": 10, "number": 1}, {"ci_99": [0.6576789279999957, 0.6647421790000294], "q_25": 0.6584917142499904, "q_75": 0.6622370495000354, "min": 0.6576789279999957, "max": 0.6647421790000294, "mean": 0.6604552742000009, "std": 0.002205990662956531, "repeat": 10, "number": 1}], "params": [["True", "False"]]}, "time_solve_models.TimeSolveSPM.time_solve_model": {"result": [0.01913477550002085, 0.04032491099999902], "stats": [{"ci_99": [0.019074125000031472, 0.01925392800001191], "q_25": 0.01911112525003489, "q_75": 0.01915140175000829, "min": 0.019074125000031472, "max": 0.01925392800001191, "mean": 0.019137246000013874, "std": 4.5958118763131914e-05, "repeat": 10, "number": 1}, {"ci_99": [0.04019625299997642, 0.040630948000000444], "q_25": 0.04022335399997701, "q_75": 0.04034272250002857, "min": 0.04019625299997642, "max": 0.040630948000000444, "mean": 0.04032316519999881, "std": 0.00012141718211723569, "repeat": 10, "number": 1}], "params": [["True", "False"]]}, "time_solve_models.TimeSolveSPMe.time_solve_model": {"result": [0.028553018499991367, 0.06984836999998834], "stats": [{"ci_99": [0.028105217000018, 0.028789217999985794], "q_25": 0.028326091999986147, "q_75": 0.02869102199998963, "min": 0.028105217000018, "max": 0.028789217999985794, "mean": 0.028501047899993637, "std": 0.00022359372350235583, "repeat": 10, "number": 1}, {"ci_99": [0.06907652600000347, 0.070157523999967], "q_25": 0.06942957950001016, "q_75": 0.06992479949998653, "min": 0.06907652600000347, "max": 0.070157523999967, "mean": 0.06969886549999842, "std": 0.0003344721593196753, "repeat": 10, "number": 1}], "params": [["True", "False"]]}}, "params": {"machine": "GitHubRunner", "python": "3.8"}, "requirements": {}, "commit_hash": "65d5cba534b4f163670e753714964aaa75d6a2d2", "date": 1638560954000, "env_name": "virtualenv-py3.8", "python": "3.8", "profiles": {}, "started_at": {"time_setup_models_and_sims.TimeBuildDFN.time_setup_DFN": 1638933696089, "time_setup_models_and_sims.TimeBuildDFNSimulation.time_setup_DFN_simulation": 1638933699506, "time_setup_models_and_sims.TimeBuildSPM.time_setup_SPM": 1638933702472, "time_setup_models_and_sims.TimeBuildSPMSimulation.time_setup_SPM_simulation": 1638933704984, "time_setup_models_and_sims.TimeBuildSPMe.time_setup_SPMe": 1638933708201, "time_setup_models_and_sims.TimeBuildSPMeSimulation.time_setup_SPMe_simulation": 1638933711564, "time_solve_models.TimeSolveDFN.time_solve_model": 1638933714831, "time_solve_models.TimeSolveSPM.time_solve_model": 1638933734600, "time_solve_models.TimeSolveSPMe.time_solve_model": 1638933741928}, "ended_at": {"time_setup_models_and_sims.TimeBuildDFN.time_setup_DFN": 1638933699505, "time_setup_models_and_sims.TimeBuildDFNSimulation.time_setup_DFN_simulation": 1638933702471, "time_setup_models_and_sims.TimeBuildSPM.time_setup_SPM": 1638933704983, "time_setup_models_and_sims.TimeBuildSPMSimulation.time_setup_SPM_simulation": 1638933708200, "time_setup_models_and_sims.TimeBuildSPMe.time_setup_SPMe": 1638933711564, "time_setup_models_and_sims.TimeBuildSPMeSimulation.time_setup_SPMe_simulation": 1638933714831, "time_solve_models.TimeSolveDFN.time_solve_model": 1638933734599, "time_solve_models.TimeSolveSPM.time_solve_model": 1638933741928, "time_solve_models.TimeSolveSPMe.time_solve_model": 1638933751917}, "benchmark_version": {"time_setup_models_and_sims.TimeBuildDFN.time_setup_DFN": "5f322e51e6b7e66125ee6949bdf25746005db467e8ffcfdcb3ace170e92bbc3d", "time_setup_models_and_sims.TimeBuildDFNSimulation.time_setup_DFN_simulation": "8de44bc542fa7d4ba28a80f24414a9444b5436673aaebba674918f5f0bfd0ebb", "time_setup_models_and_sims.TimeBuildSPM.time_setup_SPM": "0d0b3f5c67fc2da9a5794c66b70af5a45a09558d1ee95f738745385adb84fbca", "time_setup_models_and_sims.TimeBuildSPMSimulation.time_setup_SPM_simulation": "161220a99418ce4487cc29325cbae897f28d0e44ae07e1dfbfaac2cbc53a4ff9", "time_setup_models_and_sims.TimeBuildSPMe.time_setup_SPMe": "6083f5ff944353395eb4b21c97b02af555fe6528de3cd5283f5e139943945235", "time_setup_models_and_sims.TimeBuildSPMeSimulation.time_setup_SPMe_simulation": "530563cb559427795e3648d9648df9250ae100b7721f69eec356bdda7798c55e", "time_solve_models.TimeSolveDFN.time_solve_model": "914137228e20e5900cec36b0d3865f1faa2f5d479c7d6c2539514791f9ec4430", "time_solve_models.TimeSolveSPM.time_solve_model": "ef1bb5f8d1ddfa59650e20438c4b252d73e5a062714848ce1d6d5269382bc598", "time_solve_models.TimeSolveSPMe.time_solve_model": "20672028872f4620ce85e909bae705d9490de441e926510b2b0e53ff0881d87b"}, "version": 1}