{"results": {"time_setup_models_and_sims.TimeBuildDFN.time_setup_DFN": {"result": [0.4837677324999987], "stats": [{"ci_99": [0.4540092230000141, 0.5101277190000246], "q_25": 0.45925343599999024, "q_75": 0.5095512642499997, "min": 0.4540092230000141, "max": 0.5101277190000246, "mean": 0.48384608350000635, "std": 0.02507089644432165, "repeat": 10, "number": 1}]}, "time_setup_models_and_sims.TimeBuildDFNSimulation.time_setup_DFN_simulation": {"result": [0.12617898450000098, 0.3010883300000131], "stats": [{"ci_99": [0.1170000729999856, 0.13348310000000652], "q_25": 0.1201118470000111, "q_75": 0.13100270549999493, "min": 0.1170000729999856, "max": 0.13348310000000652, "mean": 0.12546954700000015, "std": 0.006019266158150039, "repeat": 10, "number": 1}, {"ci_99": [0.28469253899999103, 0.3152658600000109], "q_25": 0.2883533845000201, "q_75": 0.31404095800000675, "min": 0.28469253899999103, "max": 0.3152658600000109, "mean": 0.30070672340000615, "std": 0.013483488385911862, "repeat": 10, "number": 1}], "params": [["False", "True"]]}, "time_setup_models_and_sims.TimeBuildSPM.time_setup_SPM": {"result": [0.350813736500001], "stats": [{"ci_99": [0.32937549599998306, 0.3692274710000163], "q_25": 0.33328339275000474, "q_75": 0.36742220300001804, "min": 0.32937549599998306, "max": 0.3692274710000163, "mean": 0.35019156520000083, "std": 0.017596735544822814, "repeat": 10, "number": 1}]}, "time_setup_models_and_sims.TimeBuildSPMSimulation.time_setup_SPM_simulation": {"result": [0.14473376949999306, 0.32228960949998964], "stats": [{"ci_99": [0.13561547999998425, 0.1541553750000162], "q_25": 0.13680316249999436, "q_75": 0.1524474327500016, "min": 0.13561547999998425, "max": 0.1541553750000162, "mean": 0.14471160329999577, "std": 0.008006668484770513, "repeat": 10, "number": 1}, {"ci_99": [0.3039958490000174, 0.3396524700000043], "q_25": 0.3049867802500188, "q_75": 0.3387964607500038, "min": 0.3039958490000174, "max": 0.3396524700000043, "mean": 0.32192003850000217, "std": 0.01702919934228842, "repeat": 10, "number": 1}], "params": [["False", "True"]]}, "time_setup_models_and_sims.TimeBuildSPMe.time_setup_SPMe": {"result": [0.4760737340000105], "stats": [{"ci_99": [0.44685144700000023, 0.5036000770000157], "q_25": 0.45200947600001484, "q_75": 0.5003831389999931, "min": 0.44685144700000023, "max": 0.5036000770000157, "mean": 0.4758899106000058, "std": 0.02474712082088967, "repeat": 10, "number": 1}]}, "time_setup_models_and_sims.TimeBuildSPMeSimulation.time_setup_SPMe_simulation": {"result": [0.13177994349999267, 0.3371491169999956], "stats": [{"ci_99": [0.12910663600001726, 0.13550105799998846], "q_25": 0.1300669397499945, "q_75": 0.13373040375000755, "min": 0.12910663600001726, "max": 0.13550105799998846, "mean": 0.13208226809999815, "std": 0.002218490682490322, "repeat": 10, "number": 1}, {"ci_99": [0.31980881900000213, 0.3542752190000158], "q_25": 0.32183125174999816, "q_75": 0.35259460924999075, "min": 0.31980881900000213, "max": 0.3542752190000158, "mean": 0.337146708100002, "std": 0.01564292257667701, "repeat": 10, "number": 1}], "params": [["False", "True"]]}, "time_solve_models.TimeSolveDFN.time_solve_model": {"result": [0.5067151955000071, 0.6609190829999818], "stats": [{"ci_99": [0.5009466480000242, 0.5107650690000014], "q_25": 0.5051475975000059, "q_75": 0.5078474095000161, "min": 0.5009466480000242, "max": 0.5107650690000014, "mean": 0.5062943214000057, "std": 0.002599416998316237, "repeat": 10, "number": 1}, {"ci_99": [0.6577123579999693, 0.6653322170000138], "q_25": 0.6605666497499669, "q_75": 0.6622042152500001, "min": 0.6577123579999693, "max": 0.6653322170000138, "mean": 0.661370275099992, "std": 0.001974290752413038, "repeat": 10, "number": 1}], "params": [["True", "False"]]}, "time_solve_models.TimeSolveSPM.time_solve_model": {"result": [0.019300995000008925, 0.040479217500006826], "stats": [{"ci_99": [0.019235055999985207, 0.019357345999992503], "q_25": 0.019270556999991584, "q_75": 0.019327045000025578, "min": 0.019235055999985207, "max": 0.019357345999992503, "mean": 0.01929892110000253, "std": 4.079551128852933e-05, "repeat": 10, "number": 1}, {"ci_99": [0.04032929100000615, 0.04087713299998086], "q_25": 0.04038797549999629, "q_75": 0.040593381749985724, "min": 0.04032929100000615, "max": 0.04087713299998086, "mean": 0.040520633599990676, "std": 0.00017399199584104013, "repeat": 10, "number": 1}], "params": [["True", "False"]]}, "time_solve_models.TimeSolveSPMe.time_solve_model": {"result": [0.028337153999999032, 0.06944425449999869], "stats": [{"ci_99": [0.028168402999995124, 0.02861059699995394], "q_25": 0.028244676249990164, "q_75": 0.02845827100003362, "min": 0.028168402999995124, "max": 0.02861059699995394, "mean": 0.02836335999999733, "std": 0.0001384950356944845, "repeat": 10, "number": 1}, {"ci_99": [0.06921811899999852, 0.07007631200002606], "q_25": 0.06937782124999359, "q_75": 0.06961156999999218, "min": 0.06921811899999852, "max": 0.07007631200002606, "mean": 0.0695166678000021, "std": 0.00022546041145746865, "repeat": 10, "number": 1}], "params": [["True", "False"]]}}, "params": {"machine": "GitHubRunner", "python": "3.8"}, "requirements": {}, "commit_hash": "65d5cba534b4f163670e753714964aaa75d6a2d2", "date": 1638560954000, "env_name": "virtualenv-py3.8", "python": "3.8", "profiles": {}, "started_at": {"time_setup_models_and_sims.TimeBuildDFN.time_setup_DFN": 1638847372496, "time_setup_models_and_sims.TimeBuildDFNSimulation.time_setup_DFN_simulation": 1638847375910, "time_setup_models_and_sims.TimeBuildSPM.time_setup_SPM": 1638847378879, "time_setup_models_and_sims.TimeBuildSPMSimulation.time_setup_SPM_simulation": 1638847381390, "time_setup_models_and_sims.TimeBuildSPMe.time_setup_SPMe": 1638847384608, "time_setup_models_and_sims.TimeBuildSPMeSimulation.time_setup_SPMe_simulation": 1638847387972, "time_solve_models.TimeSolveDFN.time_solve_model": 1638847390990, "time_solve_models.TimeSolveSPM.time_solve_model": 1638847410754, "time_solve_models.TimeSolveSPMe.time_solve_model": 1638847418033}, "ended_at": {"time_setup_models_and_sims.TimeBuildDFN.time_setup_DFN": 1638847375910, "time_setup_models_and_sims.TimeBuildDFNSimulation.time_setup_DFN_simulation": 1638847378878, "time_setup_models_and_sims.TimeBuildSPM.time_setup_SPM": 1638847381390, "time_setup_models_and_sims.TimeBuildSPMSimulation.time_setup_SPM_simulation": 1638847384607, "time_setup_models_and_sims.TimeBuildSPMe.time_setup_SPMe": 1638847387972, "time_setup_models_and_sims.TimeBuildSPMeSimulation.time_setup_SPMe_simulation": 1638847390989, "time_solve_models.TimeSolveDFN.time_solve_model": 1638847410754, "time_solve_models.TimeSolveSPM.time_solve_model": 1638847418032, "time_solve_models.TimeSolveSPMe.time_solve_model": 1638847427969}, "benchmark_version": {"time_setup_models_and_sims.TimeBuildDFN.time_setup_DFN": "5f322e51e6b7e66125ee6949bdf25746005db467e8ffcfdcb3ace170e92bbc3d", "time_setup_models_and_sims.TimeBuildDFNSimulation.time_setup_DFN_simulation": "8de44bc542fa7d4ba28a80f24414a9444b5436673aaebba674918f5f0bfd0ebb", "time_setup_models_and_sims.TimeBuildSPM.time_setup_SPM": "0d0b3f5c67fc2da9a5794c66b70af5a45a09558d1ee95f738745385adb84fbca", "time_setup_models_and_sims.TimeBuildSPMSimulation.time_setup_SPM_simulation": "161220a99418ce4487cc29325cbae897f28d0e44ae07e1dfbfaac2cbc53a4ff9", "time_setup_models_and_sims.TimeBuildSPMe.time_setup_SPMe": "6083f5ff944353395eb4b21c97b02af555fe6528de3cd5283f5e139943945235", "time_setup_models_and_sims.TimeBuildSPMeSimulation.time_setup_SPMe_simulation": "530563cb559427795e3648d9648df9250ae100b7721f69eec356bdda7798c55e", "time_solve_models.TimeSolveDFN.time_solve_model": "914137228e20e5900cec36b0d3865f1faa2f5d479c7d6c2539514791f9ec4430", "time_solve_models.TimeSolveSPM.time_solve_model": "ef1bb5f8d1ddfa59650e20438c4b252d73e5a062714848ce1d6d5269382bc598", "time_solve_models.TimeSolveSPMe.time_solve_model": "20672028872f4620ce85e909bae705d9490de441e926510b2b0e53ff0881d87b"}, "version": 1}