{"results": {"time_setup_models_and_sims.TimeBuildDFN.time_setup_DFN": {"result": [0.5193027274999906], "stats": [{"ci_99": [0.5162148480000042, 0.5218376830000011], "q_25": 0.5180171982499964, "q_75": 0.5201176872499929, "min": 0.5162148480000042, "max": 0.5218376830000011, "mean": 0.5190667455999943, "std": 0.00157491320534838, "repeat": 10, "number": 1}]}, "time_setup_models_and_sims.TimeBuildDFNSimulation.time_setup_DFN_simulation": {"result": [0.13356109100000424, 0.3215904724999916], "stats": [{"ci_99": [0.13089462400000684, 0.1358970969999973], "q_25": 0.13186398999999582, "q_75": 0.13409341000001263, "min": 0.13089462400000684, "max": 0.1358970969999973, "mean": 0.13334245980000362, "std": 0.0016599444361425511, "repeat": 10, "number": 1}, {"ci_99": [0.320370314999991, 0.32246572900001524], "q_25": 0.3208141930000039, "q_75": 0.32196059974999613, "min": 0.320370314999991, "max": 0.32246572900001524, "mean": 0.3214513017000016, "std": 0.0006661390685355583, "repeat": 10, "number": 1}], "params": [["False", "True"]]}, "time_setup_models_and_sims.TimeBuildSPM.time_setup_SPM": {"result": [0.3735500150000135], "stats": [{"ci_99": [0.3710518339999993, 0.3761755970000138], "q_25": 0.3729943687499926, "q_75": 0.3756827605000126, "min": 0.3710518339999993, "max": 0.3761755970000138, "mean": 0.37401023090000507, "std": 0.0016150000524883766, "repeat": 10, "number": 1}]}, "time_setup_models_and_sims.TimeBuildSPMSimulation.time_setup_SPM_simulation": {"result": [0.153306759000003, 0.3422231720000042], "stats": [{"ci_99": [0.15152044699999578, 0.15915525599999114], "q_25": 0.15237166700000415, "q_75": 0.15460476150001057, "min": 0.15152044699999578, "max": 0.15915525599999114, "mean": 0.15381046160000267, "std": 0.0021194560617146824, "repeat": 10, "number": 1}, {"ci_99": [0.34049095200001034, 0.3434295799999916], "q_25": 0.34104145599999924, "q_75": 0.3422892949999863, "min": 0.34049095200001034, "max": 0.3434295799999916, "mean": 0.3419005056000003, "std": 0.0009177171331721645, "repeat": 10, "number": 1}], "params": [["False", "True"]]}, "time_setup_models_and_sims.TimeBuildSPMe.time_setup_SPMe": {"result": [0.5081857735000028], "stats": [{"ci_99": [0.5022263689999988, 0.5106876899999975], "q_25": 0.5078589829999913, "q_75": 0.5085453124999937, "min": 0.5022263689999988, "max": 0.5106876899999975, "mean": 0.5077721687999954, "std": 0.0022265359290318844, "repeat": 10, "number": 1}]}, "time_setup_models_and_sims.TimeBuildSPMeSimulation.time_setup_SPMe_simulation": {"result": [0.14604890999999043, 0.3566800385000022], "stats": [{"ci_99": [0.14478616400000988, 0.15057004000000518], "q_25": 0.14542051225000563, "q_75": 0.14915617699998407, "min": 0.14478616400000988, "max": 0.15057004000000518, "mean": 0.14715977479999937, "std": 0.002083392722800327, "repeat": 10, "number": 1}, {"ci_99": [0.35571249699999896, 0.3581685160000063], "q_25": 0.35607240150000763, "q_75": 0.35711860049999444, "min": 0.35571249699999896, "max": 0.3581685160000063, "mean": 0.35670902859999953, "std": 0.0007691140568519328, "repeat": 10, "number": 1}], "params": [["False", "True"]]}, "time_solve_models.TimeSolveDFN.time_solve_model": {"result": [0.5135123474999972, 0.6737955629999988], "stats": [{"ci_99": [0.510861215999995, 0.5253294419999861], "q_25": 0.5128466727499941, "q_75": 0.5156123502500023, "min": 0.510861215999995, "max": 0.5253294419999861, "mean": 0.514787392699995, "std": 0.003980492072373927, "repeat": 10, "number": 1}, {"ci_99": [0.6681345400000112, 0.677604505000005], "q_25": 0.6701357132500121, "q_75": 0.6770999015000072, "min": 0.6681345400000112, "max": 0.677604505000005, "mean": 0.673413113500007, "std": 0.003688847229915635, "repeat": 10, "number": 1}], "params": [["True", "False"]]}, "time_solve_models.TimeSolveSPM.time_solve_model": {"result": [0.019420682500012276, 0.041239131499992254], "stats": [{"ci_99": [0.019217334000018127, 0.019613630999998577], "q_25": 0.01936885999999305, "q_75": 0.019512656000003403, "min": 0.019217334000018127, "max": 0.019613630999998577, "mean": 0.01942228270000612, "std": 0.00012180431680920264, "repeat": 10, "number": 1}, {"ci_99": [0.04073748400000454, 0.04197168099997839], "q_25": 0.0409569110000092, "q_75": 0.041461652499997115, "min": 0.04073748400000454, "max": 0.04197168099997839, "mean": 0.04124268169999823, "std": 0.0003539385630205765, "repeat": 10, "number": 1}], "params": [["True", "False"]]}, "time_solve_models.TimeSolveSPMe.time_solve_model": {"result": [0.02869954250000717, 0.07049942900000872], "stats": [{"ci_99": [0.02843309100001079, 0.028908193999996], "q_25": 0.02851112800001232, "q_75": 0.028759405000009508, "min": 0.02843309100001079, "max": 0.028908193999996, "mean": 0.028660783200004404, "std": 0.00015175610225598083, "repeat": 10, "number": 1}, {"ci_99": [0.07000962000000754, 0.07116476900000634], "q_25": 0.07018042099998922, "q_75": 0.07070820525001409, "min": 0.07000962000000754, "max": 0.07116476900000634, "mean": 0.07050897480000344, "std": 0.0003579834828760612, "repeat": 10, "number": 1}], "params": [["True", "False"]]}}, "params": {"machine": "GitHubRunner", "python": "3.8"}, "requirements": {}, "commit_hash": "65d5cba534b4f163670e753714964aaa75d6a2d2", "date": 1638560954000, "env_name": "virtualenv-py3.8", "python": "3.8", "profiles": {}, "started_at": {"time_setup_models_and_sims.TimeBuildDFN.time_setup_DFN": 1638674520168, "time_setup_models_and_sims.TimeBuildDFNSimulation.time_setup_DFN_simulation": 1638674523634, "time_setup_models_and_sims.TimeBuildSPM.time_setup_SPM": 1638674526652, "time_setup_models_and_sims.TimeBuildSPMSimulation.time_setup_SPM_simulation": 1638674529216, "time_setup_models_and_sims.TimeBuildSPMe.time_setup_SPMe": 1638674532536, "time_setup_models_and_sims.TimeBuildSPMeSimulation.time_setup_SPMe_simulation": 1638674535953, "time_solve_models.TimeSolveDFN.time_solve_model": 1638674539321, "time_solve_models.TimeSolveSPM.time_solve_model": 1638674559447, "time_solve_models.TimeSolveSPMe.time_solve_model": 1638674566980}, "ended_at": {"time_setup_models_and_sims.TimeBuildDFN.time_setup_DFN": 1638674523634, "time_setup_models_and_sims.TimeBuildDFNSimulation.time_setup_DFN_simulation": 1638674526651, "time_setup_models_and_sims.TimeBuildSPM.time_setup_SPM": 1638674529215, "time_setup_models_and_sims.TimeBuildSPMSimulation.time_setup_SPM_simulation": 1638674532535, "time_setup_models_and_sims.TimeBuildSPMe.time_setup_SPMe": 1638674535952, "time_setup_models_and_sims.TimeBuildSPMeSimulation.time_setup_SPMe_simulation": 1638674539321, "time_solve_models.TimeSolveDFN.time_solve_model": 1638674559446, "time_solve_models.TimeSolveSPM.time_solve_model": 1638674566979, "time_solve_models.TimeSolveSPMe.time_solve_model": 1638674577120}, "benchmark_version": {"time_setup_models_and_sims.TimeBuildDFN.time_setup_DFN": "5f322e51e6b7e66125ee6949bdf25746005db467e8ffcfdcb3ace170e92bbc3d", "time_setup_models_and_sims.TimeBuildDFNSimulation.time_setup_DFN_simulation": "8de44bc542fa7d4ba28a80f24414a9444b5436673aaebba674918f5f0bfd0ebb", "time_setup_models_and_sims.TimeBuildSPM.time_setup_SPM": "0d0b3f5c67fc2da9a5794c66b70af5a45a09558d1ee95f738745385adb84fbca", "time_setup_models_and_sims.TimeBuildSPMSimulation.time_setup_SPM_simulation": "161220a99418ce4487cc29325cbae897f28d0e44ae07e1dfbfaac2cbc53a4ff9", "time_setup_models_and_sims.TimeBuildSPMe.time_setup_SPMe": "6083f5ff944353395eb4b21c97b02af555fe6528de3cd5283f5e139943945235", "time_setup_models_and_sims.TimeBuildSPMeSimulation.time_setup_SPMe_simulation": "530563cb559427795e3648d9648df9250ae100b7721f69eec356bdda7798c55e", "time_solve_models.TimeSolveDFN.time_solve_model": "914137228e20e5900cec36b0d3865f1faa2f5d479c7d6c2539514791f9ec4430", "time_solve_models.TimeSolveSPM.time_solve_model": "ef1bb5f8d1ddfa59650e20438c4b252d73e5a062714848ce1d6d5269382bc598", "time_solve_models.TimeSolveSPMe.time_solve_model": "20672028872f4620ce85e909bae705d9490de441e926510b2b0e53ff0881d87b"}, "version": 1}