{"results": {"time_setup_models_and_sims.TimeBuildDFN.time_setup_DFN": {"result": [0.579490903500016], "stats": [{"ci_99": [0.5723488570000086, 0.5869259340000212], "q_25": 0.5788992022499997, "q_75": 0.5831934270000261, "min": 0.5723488570000086, "max": 0.5869259340000212, "mean": 0.580352378900011, "std": 0.0039006407168680106, "repeat": 10, "number": 1}]}, "time_setup_models_and_sims.TimeBuildDFNSimulation.time_setup_DFN_simulation": {"result": [0.14734019750000016, 0.35846438499999067], "stats": [{"ci_99": [0.14564494600000444, 0.15828125699999873], "q_25": 0.14621037700001693, "q_75": 0.15153681675000996, "min": 0.14564494600000444, "max": 0.15828125699999873, "mean": 0.1494940695000082, "std": 0.004285675035588329, "repeat": 10, "number": 1}, {"ci_99": [0.35333797399999867, 0.36450359100001606], "q_25": 0.3575739417500188, "q_75": 0.36154719650001255, "min": 0.35333797399999867, "max": 0.36450359100001606, "mean": 0.359163049, "std": 0.0032509219399552546, "repeat": 10, "number": 1}], "params": [["False", "True"]]}, "time_setup_models_and_sims.TimeBuildSPM.time_setup_SPM": {"result": [0.42143083299998807], "stats": [{"ci_99": [0.4162714910000318, 0.42988288599997304], "q_25": 0.41798235024998576, "q_75": 0.42579087299998264, "min": 0.4162714910000318, "max": 0.42988288599997304, "mean": 0.42202597099999367, "std": 0.004495801012807096, "repeat": 10, "number": 1}]}, "time_setup_models_and_sims.TimeBuildSPMSimulation.time_setup_SPM_simulation": {"result": [0.17147374999998988, 0.38026848100000166], "stats": [{"ci_99": [0.1680665769999905, 0.17462070600004154], "q_25": 0.1694733702500173, "q_75": 0.17267665349999106, "min": 0.1680665769999905, "max": 0.17462070600004154, "mean": 0.17121647289999942, "std": 0.0020170340794055117, "repeat": 10, "number": 1}, {"ci_99": [0.3728467079999973, 0.38735143200000266], "q_25": 0.3766622280000149, "q_75": 0.3827596874999699, "min": 0.3728467079999973, "max": 0.38735143200000266, "mean": 0.3800655379000034, "std": 0.004245923448919108, "repeat": 10, "number": 1}], "params": [["False", "True"]]}, "time_setup_models_and_sims.TimeBuildSPMe.time_setup_SPMe": {"result": [0.577233313999983], "stats": [{"ci_99": [0.5626359790000492, 0.5920804560000192], "q_25": 0.5662770600000044, "q_75": 0.583455703750019, "min": 0.5626359790000492, "max": 0.5920804560000192, "mean": 0.576081315700003, "std": 0.010116963839758053, "repeat": 10, "number": 1}]}, "time_setup_models_and_sims.TimeBuildSPMeSimulation.time_setup_SPMe_simulation": {"result": [0.16012324300001524, 0.39188605699996515], "stats": [{"ci_99": [0.1580996920000075, 0.16828718800002207], "q_25": 0.15885442274999662, "q_75": 0.1644894202500069, "min": 0.1580996920000075, "max": 0.16828718800002207, "mean": 0.16169923250000692, "std": 0.003385470995203101, "repeat": 10, "number": 1}, {"ci_99": [0.3872800220000272, 0.39838143100001844], "q_25": 0.3891004194999823, "q_75": 0.3943393299999798, "min": 0.3872800220000272, "max": 0.39838143100001844, "mean": 0.3919323499999905, "std": 0.003384602435726406, "repeat": 10, "number": 1}], "params": [["False", "True"]]}, "time_solve_models.TimeSolveDFN.time_solve_model": {"result": [0.5823537244999955, 0.7532596650000016], "stats": [{"ci_99": [0.5726458739999885, 0.5908289220000142], "q_25": 0.5766807804999985, "q_75": 0.583897741499996, "min": 0.5726458739999885, "max": 0.5908289220000142, "mean": 0.5810230128000058, "std": 0.00540700898008852, "repeat": 10, "number": 1}, {"ci_99": [0.7448817639999561, 0.7629631229999632], "q_25": 0.7509368132500072, "q_75": 0.7554524972499763, "min": 0.7448817639999561, "max": 0.7629631229999632, "mean": 0.7533129485999893, "std": 0.004701308572015141, "repeat": 10, "number": 1}], "params": [["True", "False"]]}, "time_solve_models.TimeSolveSPM.time_solve_model": {"result": [0.021619480500021382, 0.04544661450000831], "stats": [{"ci_99": [0.021050851999973474, 0.022200925999982246], "q_25": 0.0213020030000024, "q_75": 0.021834123500013902, "min": 0.021050851999973474, "max": 0.022200925999982246, "mean": 0.021583838499998363, "std": 0.0003444032247834467, "repeat": 10, "number": 1}, {"ci_99": [0.0441470030000346, 0.045816742999988946], "q_25": 0.044794112500028405, "q_75": 0.04566318250000734, "min": 0.0441470030000346, "max": 0.045816742999988946, "mean": 0.04520941450001033, "std": 0.0005754336924016774, "repeat": 10, "number": 1}], "params": [["True", "False"]]}, "time_solve_models.TimeSolveSPMe.time_solve_model": {"result": [0.03205290849999187, 0.0791303710000193], "stats": [{"ci_99": [0.03135781400004589, 0.032704495000018596], "q_25": 0.03157739700000661, "q_75": 0.032345597499997325, "min": 0.03135781400004589, "max": 0.032704495000018596, "mean": 0.03198487120000095, "std": 0.00044344029696734234, "repeat": 10, "number": 1}, {"ci_99": [0.07701303300001427, 0.08124110900001824], "q_25": 0.07803617849997124, "q_75": 0.07978708500003506, "min": 0.07701303300001427, "max": 0.08124110900001824, "mean": 0.07901839379999842, "std": 0.0012286488324518452, "repeat": 10, "number": 1}], "params": [["True", "False"]]}}, "params": {"machine": "GitHubRunner", "python": "3.8"}, "requirements": {}, "commit_hash": "65d5cba534b4f163670e753714964aaa75d6a2d2", "date": 1638560954000, "env_name": "virtualenv-py3.8", "python": "3.8", "profiles": {}, "started_at": {"time_setup_models_and_sims.TimeBuildDFN.time_setup_DFN": 1638760918021, "time_setup_models_and_sims.TimeBuildDFNSimulation.time_setup_DFN_simulation": 1638760921890, "time_setup_models_and_sims.TimeBuildSPM.time_setup_SPM": 1638760925265, "time_setup_models_and_sims.TimeBuildSPMSimulation.time_setup_SPM_simulation": 1638760928178, "time_setup_models_and_sims.TimeBuildSPMe.time_setup_SPMe": 1638760931853, "time_setup_models_and_sims.TimeBuildSPMeSimulation.time_setup_SPMe_simulation": 1638760935771, "time_solve_models.TimeSolveDFN.time_solve_model": 1638760939444, "time_solve_models.TimeSolveSPM.time_solve_model": 1638760961882, "time_solve_models.TimeSolveSPMe.time_solve_model": 1638760970068}, "ended_at": {"time_setup_models_and_sims.TimeBuildDFN.time_setup_DFN": 1638760921890, "time_setup_models_and_sims.TimeBuildDFNSimulation.time_setup_DFN_simulation": 1638760925263, "time_setup_models_and_sims.TimeBuildSPM.time_setup_SPM": 1638760928178, "time_setup_models_and_sims.TimeBuildSPMSimulation.time_setup_SPM_simulation": 1638760931852, "time_setup_models_and_sims.TimeBuildSPMe.time_setup_SPMe": 1638760935771, "time_setup_models_and_sims.TimeBuildSPMeSimulation.time_setup_SPMe_simulation": 1638760939443, "time_solve_models.TimeSolveDFN.time_solve_model": 1638760961882, "time_solve_models.TimeSolveSPM.time_solve_model": 1638760970067, "time_solve_models.TimeSolveSPMe.time_solve_model": 1638760981267}, "benchmark_version": {"time_setup_models_and_sims.TimeBuildDFN.time_setup_DFN": "5f322e51e6b7e66125ee6949bdf25746005db467e8ffcfdcb3ace170e92bbc3d", "time_setup_models_and_sims.TimeBuildDFNSimulation.time_setup_DFN_simulation": "8de44bc542fa7d4ba28a80f24414a9444b5436673aaebba674918f5f0bfd0ebb", "time_setup_models_and_sims.TimeBuildSPM.time_setup_SPM": "0d0b3f5c67fc2da9a5794c66b70af5a45a09558d1ee95f738745385adb84fbca", "time_setup_models_and_sims.TimeBuildSPMSimulation.time_setup_SPM_simulation": "161220a99418ce4487cc29325cbae897f28d0e44ae07e1dfbfaac2cbc53a4ff9", "time_setup_models_and_sims.TimeBuildSPMe.time_setup_SPMe": "6083f5ff944353395eb4b21c97b02af555fe6528de3cd5283f5e139943945235", "time_setup_models_and_sims.TimeBuildSPMeSimulation.time_setup_SPMe_simulation": "530563cb559427795e3648d9648df9250ae100b7721f69eec356bdda7798c55e", "time_solve_models.TimeSolveDFN.time_solve_model": "914137228e20e5900cec36b0d3865f1faa2f5d479c7d6c2539514791f9ec4430", "time_solve_models.TimeSolveSPM.time_solve_model": "ef1bb5f8d1ddfa59650e20438c4b252d73e5a062714848ce1d6d5269382bc598", "time_solve_models.TimeSolveSPMe.time_solve_model": "20672028872f4620ce85e909bae705d9490de441e926510b2b0e53ff0881d87b"}, "version": 1}