{"results": {"time_setup_models_and_sims.TimeBuildDFN.time_setup_DFN": {"result": [0.5009870289999938], "stats": [{"ci_99": [0.4796275510000214, 0.5300504380000035], "q_25": 0.4801285047499917, "q_75": 0.5221871615000033, "min": 0.4796275510000214, "max": 0.5300504380000035, "mean": 0.5024724521999999, "std": 0.02229002545698519, "repeat": 10, "number": 1}]}, "time_setup_models_and_sims.TimeBuildDFNSimulation.time_setup_DFN_simulation": {"result": [0.13511747150000275, 0.3240601749999925], "stats": [{"ci_99": [0.13241370900000504, 0.13777559100000758], "q_25": 0.1336115414999952, "q_75": 0.13623760649998928, "min": 0.13241370900000504, "max": 0.13777559100000758, "mean": 0.13497551789999845, "std": 0.001653317826211578, "repeat": 10, "number": 1}, {"ci_99": [0.32152967899999396, 0.32647077300001115], "q_25": 0.32369488924999956, "q_75": 0.32564844300001283, "min": 0.32152967899999396, "max": 0.32647077300001115, "mean": 0.3243601971000004, "std": 0.0014540654729619871, "repeat": 10, "number": 1}], "params": [["False", "True"]]}, "time_setup_models_and_sims.TimeBuildSPM.time_setup_SPM": {"result": [0.35900629700000763], "stats": [{"ci_99": [0.34035835200000975, 0.3778204890000012], "q_25": 0.3408726304999945, "q_75": 0.3755757092500005, "min": 0.34035835200000975, "max": 0.3778204890000012, "mean": 0.35870233320000156, "std": 0.01737786486565634, "repeat": 10, "number": 1}]}, "time_setup_models_and_sims.TimeBuildSPMSimulation.time_setup_SPM_simulation": {"result": [0.15535191949999927, 0.3451942184999979], "stats": [{"ci_99": [0.15309352900000306, 0.1576977080000006], "q_25": 0.15354686774999493, "q_75": 0.1557096685000019, "min": 0.15309352900000306, "max": 0.1576977080000006, "mean": 0.1550014353999984, "std": 0.0014513188279854363, "repeat": 10, "number": 1}, {"ci_99": [0.3432242960000025, 0.34768017600001144], "q_25": 0.3442983712500194, "q_75": 0.34586381175000014, "min": 0.3432242960000025, "max": 0.34768017600001144, "mean": 0.34517885580000324, "std": 0.001184691886701779, "repeat": 10, "number": 1}], "params": [["False", "True"]]}, "time_setup_models_and_sims.TimeBuildSPMe.time_setup_SPMe": {"result": [0.48430586700001044], "stats": [{"ci_99": [0.46172415500001307, 0.5062152750000024], "q_25": 0.4633961652500034, "q_75": 0.5036581102500008, "min": 0.46172415500001307, "max": 0.5062152750000024, "mean": 0.4837902541000048, "std": 0.02044300124157929, "repeat": 10, "number": 1}]}, "time_setup_models_and_sims.TimeBuildSPMeSimulation.time_setup_SPMe_simulation": {"result": [0.147855932000013, 0.36001976099999666], "stats": [{"ci_99": [0.14679646300000115, 0.1524365090000117], "q_25": 0.14738002625000846, "q_75": 0.14895153574998687, "min": 0.14679646300000115, "max": 0.1524365090000117, "mean": 0.14856182990000236, "std": 0.0018028282897524603, "repeat": 10, "number": 1}, {"ci_99": [0.3575229699999909, 0.3640036720000239], "q_25": 0.3587490617499931, "q_75": 0.3616253427499885, "min": 0.3575229699999909, "max": 0.3640036720000239, "mean": 0.3603241279999949, "std": 0.0019331674749370822, "repeat": 10, "number": 1}], "params": [["False", "True"]]}, "time_solve_models.TimeSolveDFN.time_solve_model": {"result": [0.48520329499999804, 0.6776336165000032], "stats": [{"ci_99": [0.45381568300000197, 0.5177363870000136], "q_25": 0.45754440399999297, "q_75": 0.5120142287500116, "min": 0.45381568300000197, "max": 0.5177363870000136, "mean": 0.4853406741000029, "std": 0.02799495457819269, "repeat": 10, "number": 1}, {"ci_99": [0.6696345999999949, 0.6856632730000172], "q_25": 0.6741232077499859, "q_75": 0.678974378999996, "min": 0.6696345999999949, "max": 0.6856632730000172, "mean": 0.6766713010000018, "std": 0.004488432140263312, "repeat": 10, "number": 1}], "params": [["True", "False"]]}, "time_solve_models.TimeSolveSPM.time_solve_model": {"result": [0.01967641799998887, 0.041068496999997706], "stats": [{"ci_99": [0.019401880000003757, 0.019769765999996025], "q_25": 0.019607802499997717, "q_75": 0.019736891500002685, "min": 0.019401880000003757, "max": 0.019769765999996025, "mean": 0.01964698619999865, "std": 0.00011581987141839995, "repeat": 10, "number": 1}, {"ci_99": [0.037453714999998056, 0.04562558300000319], "q_25": 0.04104132100000868, "q_75": 0.041308772750006995, "min": 0.037453714999998056, "max": 0.04562558300000319, "mean": 0.04123332820000201, "std": 0.001839953283506421, "repeat": 10, "number": 1}], "params": [["True", "False"]]}, "time_solve_models.TimeSolveSPMe.time_solve_model": {"result": [0.026778377500008332, 0.0673301120000076], "stats": [{"ci_99": [0.026407372000022633, 0.02785463399999344], "q_25": 0.026617762249998123, "q_75": 0.02691525375000481, "min": 0.026407372000022633, "max": 0.02785463399999344, "mean": 0.02684402030000399, "std": 0.00038067758412662196, "repeat": 10, "number": 1}, {"ci_99": [0.06375561499999094, 0.07090521000000649], "q_25": 0.06398596649999888, "q_75": 0.07071903300001026, "min": 0.06375561499999094, "max": 0.07090521000000649, "mean": 0.06734045240000341, "std": 0.003336908620574601, "repeat": 10, "number": 1}], "params": [["True", "False"]]}}, "params": {"machine": "GitHubRunner", "python": "3.8"}, "requirements": {}, "commit_hash": "65d5cba534b4f163670e753714964aaa75d6a2d2", "date": 1638560954000, "env_name": "virtualenv-py3.8", "python": "3.8", "profiles": {}, "started_at": {"time_setup_models_and_sims.TimeBuildDFN.time_setup_DFN": 1638588090252, "time_setup_models_and_sims.TimeBuildDFNSimulation.time_setup_DFN_simulation": 1638588093468, "time_setup_models_and_sims.TimeBuildSPM.time_setup_SPM": 1638588096536, "time_setup_models_and_sims.TimeBuildSPMSimulation.time_setup_SPM_simulation": 1638588098847, "time_setup_models_and_sims.TimeBuildSPMe.time_setup_SPMe": 1638588102165, "time_setup_models_and_sims.TimeBuildSPMeSimulation.time_setup_SPMe_simulation": 1638588105279, "time_solve_models.TimeSolveDFN.time_solve_model": 1638588108646, "time_solve_models.TimeSolveSPM.time_solve_model": 1638588128769, "time_solve_models.TimeSolveSPMe.time_solve_model": 1638588136300}, "ended_at": {"time_setup_models_and_sims.TimeBuildDFN.time_setup_DFN": 1638588093467, "time_setup_models_and_sims.TimeBuildDFNSimulation.time_setup_DFN_simulation": 1638588096535, "time_setup_models_and_sims.TimeBuildSPM.time_setup_SPM": 1638588098847, "time_setup_models_and_sims.TimeBuildSPMSimulation.time_setup_SPM_simulation": 1638588102164, "time_setup_models_and_sims.TimeBuildSPMe.time_setup_SPMe": 1638588105278, "time_setup_models_and_sims.TimeBuildSPMeSimulation.time_setup_SPMe_simulation": 1638588108646, "time_solve_models.TimeSolveDFN.time_solve_model": 1638588128768, "time_solve_models.TimeSolveSPM.time_solve_model": 1638588136300, "time_solve_models.TimeSolveSPMe.time_solve_model": 1638588145789}, "benchmark_version": {"time_setup_models_and_sims.TimeBuildDFN.time_setup_DFN": "5f322e51e6b7e66125ee6949bdf25746005db467e8ffcfdcb3ace170e92bbc3d", "time_setup_models_and_sims.TimeBuildDFNSimulation.time_setup_DFN_simulation": "8de44bc542fa7d4ba28a80f24414a9444b5436673aaebba674918f5f0bfd0ebb", "time_setup_models_and_sims.TimeBuildSPM.time_setup_SPM": "0d0b3f5c67fc2da9a5794c66b70af5a45a09558d1ee95f738745385adb84fbca", "time_setup_models_and_sims.TimeBuildSPMSimulation.time_setup_SPM_simulation": "161220a99418ce4487cc29325cbae897f28d0e44ae07e1dfbfaac2cbc53a4ff9", "time_setup_models_and_sims.TimeBuildSPMe.time_setup_SPMe": "6083f5ff944353395eb4b21c97b02af555fe6528de3cd5283f5e139943945235", "time_setup_models_and_sims.TimeBuildSPMeSimulation.time_setup_SPMe_simulation": "530563cb559427795e3648d9648df9250ae100b7721f69eec356bdda7798c55e", "time_solve_models.TimeSolveDFN.time_solve_model": "914137228e20e5900cec36b0d3865f1faa2f5d479c7d6c2539514791f9ec4430", "time_solve_models.TimeSolveSPM.time_solve_model": "ef1bb5f8d1ddfa59650e20438c4b252d73e5a062714848ce1d6d5269382bc598", "time_solve_models.TimeSolveSPMe.time_solve_model": "20672028872f4620ce85e909bae705d9490de441e926510b2b0e53ff0881d87b"}, "version": 1}