{"results": {"time_setup_models_and_sims.TimeBuildDFN.time_setup_DFN": {"result": [1.056885239499934], "stats": [{"ci_99": [1.0032063399994513, 1.0968045919998985], "q_25": 1.0446652952496152, "q_75": 1.0853849560003255, "min": 1.0032063399994513, "max": 1.0968045919998985, "mean": 1.0603054114997577, "std": 0.027157870651712365, "repeat": 10, "number": 1}]}, "time_setup_models_and_sims.TimeBuildDFNSimulation.time_setup_DFN_simulation": {"result": [0.10114051199980167, 0.19790458699935698], "stats": [{"ci_99": [0.09333160100140958, 0.1066430009996111], "q_25": 0.098072140000113, "q_75": 0.10321017975093127, "min": 0.09333160100140958, "max": 0.1066430009996111, "mean": 0.10074492910043772, "std": 0.0037191167015314754, "repeat": 10, "number": 1}, {"ci_99": [0.1754827259992453, 0.20086390899996331], "q_25": 0.19379078950032635, "q_75": 0.19967102525015434, "min": 0.1754827259992453, "max": 0.20086390899996331, "mean": 0.19415012279987423, "std": 0.008405266574134448, "repeat": 10, "number": 1}], "params": [["False", "True"]]}, "time_setup_models_and_sims.TimeBuildSPM.time_setup_SPM": {"result": [0.6824199904995112], "stats": [{"ci_99": [0.6666506359997584, 0.735756959000355], "q_25": 0.6776334862511249, "q_75": 0.7217040214995905, "min": 0.6666506359997584, "max": 0.735756959000355, "mean": 0.6964902866000557, "std": 0.024395064242831496, "repeat": 10, "number": 1}]}, "time_setup_models_and_sims.TimeBuildSPMSimulation.time_setup_SPM_simulation": {"result": [0.24567819999992935, 0.47507073850101733], "stats": [{"ci_99": [0.22824922399922798, 0.2594333600009122], "q_25": 0.23560994450008366, "q_75": 0.2545268639992173, "min": 0.22824922399922798, "max": 0.2594333600009122, "mean": 0.24462435229997936, "std": 0.01098604299469932, "repeat": 10, "number": 1}, {"ci_99": [0.43831381000018155, 0.4907561859999987], "q_25": 0.4632751282492791, "q_75": 0.47704827699953967, "min": 0.43831381000018155, "max": 0.4907561859999987, "mean": 0.4703459117999955, "std": 0.013751845073820587, "repeat": 10, "number": 1}], "params": [["False", "True"]]}, "time_setup_models_and_sims.TimeBuildSPMe.time_setup_SPMe": {"result": [0.8921062350000284], "stats": [{"ci_99": [0.8600706569995964, 0.9149315680006112], "q_25": 0.8828115522496773, "q_75": 0.8960817305010096, "min": 0.8600706569995964, "max": 0.9149315680006112, "mean": 0.8891251135000857, "std": 0.015331889132437222, "repeat": 10, "number": 1}]}, "time_setup_models_and_sims.TimeBuildSPMeSimulation.time_setup_SPMe_simulation": {"result": [0.12630020300093747, 0.24753541349946317], "stats": [{"ci_99": [0.11820358700060751, 0.14000465699973574], "q_25": 0.12016230300105235, "q_75": 0.13042808049885934, "min": 0.11820358700060751, "max": 0.14000465699973574, "mean": 0.12629080070037163, "std": 0.006504053545130329, "repeat": 10, "number": 1}, {"ci_99": [0.2318784399994911, 0.25354991299900576], "q_25": 0.23586412300028314, "q_75": 0.25010035975083156, "min": 0.2318784399994911, "max": 0.25354991299900576, "mean": 0.24426148849997845, "std": 0.00796495583872273, "repeat": 10, "number": 1}], "params": [["False", "True"]]}, "time_solve_models.TimeSolveDFN.time_solve_model": {"result": [1.3307474779994664, 1.5484794874992076], "stats": [{"ci_99": [1.2742384109988052, 1.3681702943466374], "q_25": 1.3116890740002418, "q_75": 1.3464552397499574, "min": 1.2742384109988052, "max": 1.3548900629994023, "mean": 1.3246084771662936, "std": 0.02746871865849154, "repeat": 6, "number": 1}, {"ci_99": [1.4644122310000967, 1.5864819849994092], "q_25": 1.5271774584998639, "q_75": 1.559929904251021, "min": 1.4644122310000967, "max": 1.5864819849994092, "mean": 1.5392077892497582, "std": 0.03696530397726845, "repeat": 8, "number": 1}], "params": [["True", "False"]]}, "time_solve_models.TimeSolveSPM.time_solve_model": {"result": [0.06793151000056241, 0.1164614765002625], "stats": [{"ci_99": [0.06449268299911637, 0.07531526700040558], "q_25": 0.06687112599911416, "q_75": 0.07184141649986486, "min": 0.06449268299911637, "max": 0.07531526700040558, "mean": 0.0692067099000269, "std": 0.0032732032989430636, "repeat": 10, "number": 1}, {"ci_99": [0.10683290400083933, 0.12731425400124863], "q_25": 0.11172893675029627, "q_75": 0.12292899999874862, "min": 0.10683290400083933, "max": 0.12731425400124863, "mean": 0.11738068119993841, "std": 0.0067271758072650605, "repeat": 10, "number": 1}], "params": [["True", "False"]]}, "time_solve_models.TimeSolveSPMe.time_solve_model": {"result": [0.1130801485005577, 0.18942132049960492], "stats": [{"ci_99": [0.10786660699886852, 0.12338262800039956], "q_25": 0.11015527774952716, "q_75": 0.11510988549889589, "min": 0.10786660699886852, "max": 0.12338262800039956, "mean": 0.11375562339981116, "std": 0.004598226885896535, "repeat": 10, "number": 1}, {"ci_99": [0.17494060900025943, 0.1971586750005372], "q_25": 0.17906594449959812, "q_75": 0.1927160722498229, "min": 0.17494060900025943, "max": 0.1971586750005372, "mean": 0.1867753807999179, "std": 0.008063452128306862, "repeat": 10, "number": 1}], "params": [["True", "False"]]}}, "params": {"machine": "GitHubRunner", "python": "3.8"}, "requirements": {}, "commit_hash": "665f6c02c9a85e18c834f4df6b6ce688131aa9c3", "date": 1590584626000, "env_name": "virtualenv-py3.8", "python": "3.8", "profiles": {}, "started_at": {"time_setup_models_and_sims.TimeBuildDFN.time_setup_DFN": 1613153503884, "time_setup_models_and_sims.TimeBuildDFNSimulation.time_setup_DFN_simulation": 1613153510458, "time_setup_models_and_sims.TimeBuildSPM.time_setup_SPM": 1613153512472, "time_setup_models_and_sims.TimeBuildSPMSimulation.time_setup_SPM_simulation": 1613153516989, "time_setup_models_and_sims.TimeBuildSPMe.time_setup_SPMe": 1613153521623, "time_setup_models_and_sims.TimeBuildSPMeSimulation.time_setup_SPMe_simulation": 1613153527243, "time_solve_models.TimeSolveDFN.time_solve_model": 1613153529608, "time_solve_models.TimeSolveSPM.time_solve_model": 1613153559756, "time_solve_models.TimeSolveSPMe.time_solve_model": 1613153571999}, "ended_at": {"time_setup_models_and_sims.TimeBuildDFN.time_setup_DFN": 1613153510458, "time_setup_models_and_sims.TimeBuildDFNSimulation.time_setup_DFN_simulation": 1613153512471, "time_setup_models_and_sims.TimeBuildSPM.time_setup_SPM": 1613153516989, "time_setup_models_and_sims.TimeBuildSPMSimulation.time_setup_SPM_simulation": 1613153521622, "time_setup_models_and_sims.TimeBuildSPMe.time_setup_SPMe": 1613153527243, "time_setup_models_and_sims.TimeBuildSPMeSimulation.time_setup_SPMe_simulation": 1613153529607, "time_solve_models.TimeSolveDFN.time_solve_model": 1613153559755, "time_solve_models.TimeSolveSPM.time_solve_model": 1613153571998, "time_solve_models.TimeSolveSPMe.time_solve_model": 1613153587603}, "benchmark_version": {"time_setup_models_and_sims.TimeBuildDFN.time_setup_DFN": "5f322e51e6b7e66125ee6949bdf25746005db467e8ffcfdcb3ace170e92bbc3d", "time_setup_models_and_sims.TimeBuildDFNSimulation.time_setup_DFN_simulation": "8de44bc542fa7d4ba28a80f24414a9444b5436673aaebba674918f5f0bfd0ebb", "time_setup_models_and_sims.TimeBuildSPM.time_setup_SPM": "0d0b3f5c67fc2da9a5794c66b70af5a45a09558d1ee95f738745385adb84fbca", "time_setup_models_and_sims.TimeBuildSPMSimulation.time_setup_SPM_simulation": "161220a99418ce4487cc29325cbae897f28d0e44ae07e1dfbfaac2cbc53a4ff9", "time_setup_models_and_sims.TimeBuildSPMe.time_setup_SPMe": "6083f5ff944353395eb4b21c97b02af555fe6528de3cd5283f5e139943945235", "time_setup_models_and_sims.TimeBuildSPMeSimulation.time_setup_SPMe_simulation": "530563cb559427795e3648d9648df9250ae100b7721f69eec356bdda7798c55e", "time_solve_models.TimeSolveDFN.time_solve_model": "914137228e20e5900cec36b0d3865f1faa2f5d479c7d6c2539514791f9ec4430", "time_solve_models.TimeSolveSPM.time_solve_model": "ef1bb5f8d1ddfa59650e20438c4b252d73e5a062714848ce1d6d5269382bc598", "time_solve_models.TimeSolveSPMe.time_solve_model": "20672028872f4620ce85e909bae705d9490de441e926510b2b0e53ff0881d87b"}, "version": 1}