{"results": {"time_setup_models_and_sims.TimeBuildDFN.time_setup_DFN": {"result": [0.9469843184999718], "stats": [{"ci_99": [0.9058650640004089, 0.9709629409999252], "q_25": 0.9291227542499882, "q_75": 0.9562149642500799, "min": 0.9058650640004089, "max": 0.9709629409999252, "mean": 0.9419917193000401, "std": 0.020575026570065984, "repeat": 10, "number": 1}]}, "time_setup_models_and_sims.TimeBuildDFNSimulation.time_setup_DFN_simulation": {"result": [0.12417172150003353, 0.19075226099994325], "stats": [{"ci_99": [0.11340226199990866, 0.12938425600032133], "q_25": 0.1207500519998348, "q_75": 0.12450405200024761, "min": 0.11340226199990866, "max": 0.12938425600032133, "mean": 0.12273510509999142, "std": 0.004688088752596198, "repeat": 10, "number": 1}, {"ci_99": [0.1857554850002998, 0.20861081200018816], "q_25": 0.1880204482499721, "q_75": 0.19990728575010053, "min": 0.1857554850002998, "max": 0.20861081200018816, "mean": 0.19407849050003279, "std": 0.007635885638639766, "repeat": 10, "number": 1}], "params": [["False", "True"]]}, "time_setup_models_and_sims.TimeBuildSPM.time_setup_SPM": {"result": [0.6952465105000556], "stats": [{"ci_99": [0.6708647180003027, 0.7258176389996152], "q_25": 0.6847171820002131, "q_75": 0.7035954615000719, "min": 0.6708647180003027, "max": 0.7258176389996152, "mean": 0.69513217850008, "std": 0.015924824426124147, "repeat": 10, "number": 1}]}, "time_setup_models_and_sims.TimeBuildSPMSimulation.time_setup_SPM_simulation": {"result": [0.29582517249991724, 0.34410405300013736], "stats": [{"ci_99": [0.2700160680001318, 0.29948584900012065], "q_25": 0.28079505800019433, "q_75": 0.2985893167499398, "min": 0.2700160680001318, "max": 0.29948584900012065, "mean": 0.28949176599999193, "std": 0.011530126184419781, "repeat": 10, "number": 1}, {"ci_99": [0.33385334900003727, 0.36592962499980786], "q_25": 0.33780279675011116, "q_75": 0.35317485099994883, "min": 0.33385334900003727, "max": 0.36592962499980786, "mean": 0.3460724947000472, "std": 0.010084551201446456, "repeat": 10, "number": 1}], "params": [["False", "True"]]}, "time_setup_models_and_sims.TimeBuildSPMe.time_setup_SPMe": {"result": [0.8090285594998932], "stats": [{"ci_99": [0.7842748769999162, 0.8520173449996946], "q_25": 0.8024224764999417, "q_75": 0.8176535707497123, "min": 0.7842748769999162, "max": 0.8520173449996946, "mean": 0.8117589145998864, "std": 0.01751607434434502, "repeat": 10, "number": 1}]}, "time_setup_models_and_sims.TimeBuildSPMeSimulation.time_setup_SPMe_simulation": {"result": [0.15268578849986625, 0.23660918049995416], "stats": [{"ci_99": [0.14641824899990752, 0.16336075299977892], "q_25": 0.14931179200004863, "q_75": 0.15406294525030262, "min": 0.14641824899990752, "max": 0.16336075299977892, "mean": 0.15300889050004116, "std": 0.00485507004033243, "repeat": 10, "number": 1}, {"ci_99": [0.22433570200018949, 0.248437248999835], "q_25": 0.23265952524991462, "q_75": 0.24175798375006252, "min": 0.22433570200018949, "max": 0.248437248999835, "mean": 0.23676216759999988, "std": 0.007136902397740241, "repeat": 10, "number": 1}], "params": [["False", "True"]]}, "time_solve_models.TimeSolveDFN.time_solve_model": {"result": [0.9720874019999428, 1.207775368999819], "stats": [{"ci_99": [0.9544885639998029, 0.9898972516224088], "q_25": 0.9671553097501828, "q_75": 0.9802649167500022, "min": 0.9544885639998029, "max": 0.9874901270000009, "mean": 0.9724425881666624, "std": 0.010763905015019176, "repeat": 6, "number": 1}, {"ci_99": [1.1779737269998805, 1.2533793010002228], "q_25": 1.1960770800001228, "q_75": 1.2177913437501502, "min": 1.1779737269998805, "max": 1.2533793010002228, "mean": 1.210384132624995, "std": 0.022294882718508373, "repeat": 8, "number": 1}], "params": [["True", "False"]]}, "time_solve_models.TimeSolveSPM.time_solve_model": {"result": [0.058962692500244884, 0.11082844199995634], "stats": [{"ci_99": [0.05497371799992834, 0.06388927199986938], "q_25": 0.055962173750003785, "q_75": 0.060311549249718155, "min": 0.05497371799992834, "max": 0.06388927199986938, "mean": 0.05872398090000388, "std": 0.0027924561019842223, "repeat": 10, "number": 1}, {"ci_99": [0.10463910599992232, 0.11465896700019584], "q_25": 0.10804277599993384, "q_75": 0.11315468299983422, "min": 0.10463910599992232, "max": 0.11465896700019584, "mean": 0.11025215999998181, "std": 0.00347162330913092, "repeat": 10, "number": 1}], "params": [["True", "False"]]}, "time_solve_models.TimeSolveSPMe.time_solve_model": {"result": [0.08260142899985112, 0.16163758750008128], "stats": [{"ci_99": [0.07761505100006616, 0.09573515399961252], "q_25": 0.07876485650001541, "q_75": 0.08506106824984272, "min": 0.07761505100006616, "max": 0.09573515399961252, "mean": 0.08306107179996616, "std": 0.005191970337985921, "repeat": 10, "number": 1}, {"ci_99": [0.15199117900010606, 0.16694146600002568], "q_25": 0.15845491750019391, "q_75": 0.16428210499998386, "min": 0.15199117900010606, "max": 0.16694146600002568, "mean": 0.16066196179999678, "std": 0.004714605325893052, "repeat": 10, "number": 1}], "params": [["True", "False"]]}}, "params": {"machine": "GitHubRunner", "python": "3.8"}, "requirements": {}, "commit_hash": "66b958910c2c4b516a9c31b81c31c3d9513689df", "date": 1609421681000, "env_name": "virtualenv-py3.8", "python": "3.8", "profiles": {}, "started_at": {"time_setup_models_and_sims.TimeBuildDFN.time_setup_DFN": 1613144662969, "time_setup_models_and_sims.TimeBuildDFNSimulation.time_setup_DFN_simulation": 1613144668892, "time_setup_models_and_sims.TimeBuildSPM.time_setup_SPM": 1613144671107, "time_setup_models_and_sims.TimeBuildSPMSimulation.time_setup_SPM_simulation": 1613144675625, "time_setup_models_and_sims.TimeBuildSPMe.time_setup_SPMe": 1613144679794, "time_setup_models_and_sims.TimeBuildSPMeSimulation.time_setup_SPMe_simulation": 1613144685065, "time_solve_models.TimeSolveDFN.time_solve_model": 1613144687631, "time_solve_models.TimeSolveSPM.time_solve_model": 1613144712667, "time_solve_models.TimeSolveSPMe.time_solve_model": 1613144725060}, "ended_at": {"time_setup_models_and_sims.TimeBuildDFN.time_setup_DFN": 1613144668891, "time_setup_models_and_sims.TimeBuildDFNSimulation.time_setup_DFN_simulation": 1613144671107, "time_setup_models_and_sims.TimeBuildSPM.time_setup_SPM": 1613144675624, "time_setup_models_and_sims.TimeBuildSPMSimulation.time_setup_SPM_simulation": 1613144679793, "time_setup_models_and_sims.TimeBuildSPMe.time_setup_SPMe": 1613144685065, "time_setup_models_and_sims.TimeBuildSPMeSimulation.time_setup_SPMe_simulation": 1613144687630, "time_solve_models.TimeSolveDFN.time_solve_model": 1613144712666, "time_solve_models.TimeSolveSPM.time_solve_model": 1613144725059, "time_solve_models.TimeSolveSPMe.time_solve_model": 1613144740115}, "benchmark_version": {"time_setup_models_and_sims.TimeBuildDFN.time_setup_DFN": "5f322e51e6b7e66125ee6949bdf25746005db467e8ffcfdcb3ace170e92bbc3d", "time_setup_models_and_sims.TimeBuildDFNSimulation.time_setup_DFN_simulation": "8de44bc542fa7d4ba28a80f24414a9444b5436673aaebba674918f5f0bfd0ebb", "time_setup_models_and_sims.TimeBuildSPM.time_setup_SPM": "0d0b3f5c67fc2da9a5794c66b70af5a45a09558d1ee95f738745385adb84fbca", "time_setup_models_and_sims.TimeBuildSPMSimulation.time_setup_SPM_simulation": "161220a99418ce4487cc29325cbae897f28d0e44ae07e1dfbfaac2cbc53a4ff9", "time_setup_models_and_sims.TimeBuildSPMe.time_setup_SPMe": "6083f5ff944353395eb4b21c97b02af555fe6528de3cd5283f5e139943945235", "time_setup_models_and_sims.TimeBuildSPMeSimulation.time_setup_SPMe_simulation": "530563cb559427795e3648d9648df9250ae100b7721f69eec356bdda7798c55e", "time_solve_models.TimeSolveDFN.time_solve_model": "914137228e20e5900cec36b0d3865f1faa2f5d479c7d6c2539514791f9ec4430", "time_solve_models.TimeSolveSPM.time_solve_model": "ef1bb5f8d1ddfa59650e20438c4b252d73e5a062714848ce1d6d5269382bc598", "time_solve_models.TimeSolveSPMe.time_solve_model": "20672028872f4620ce85e909bae705d9490de441e926510b2b0e53ff0881d87b"}, "version": 1}