{"results": {"time_setup_models_and_sims.TimeBuildDFN.time_setup_DFN": {"result": [0.9913362130000678], "stats": [{"ci_99": [0.9326728849991923, 1.0248589569982869], "q_25": 0.9728988289998597, "q_75": 1.0071885537490743, "min": 0.9326728849991923, "max": 1.0248589569982869, "mean": 0.987493274699591, "std": 0.026163076016378167, "repeat": 10, "number": 1}]}, "time_setup_models_and_sims.TimeBuildDFNSimulation.time_setup_DFN_simulation": {"result": [0.08269545149960322, 0.15397912049957085], "stats": [{"ci_99": [0.07718996100084041, 0.0844227139987197], "q_25": 0.08220217249936468, "q_75": 0.08367183350082996, "min": 0.07718996100084041, "max": 0.0844227139987197, "mean": 0.08222742800007836, "std": 0.0020515973101048234, "repeat": 10, "number": 1}, {"ci_99": [0.14738737200059404, 0.1629446850001841], "q_25": 0.1497737647505346, "q_75": 0.16022094075060522, "min": 0.14738737200059404, "max": 0.1629446850001841, "mean": 0.15479157630015833, "std": 0.005872905988448728, "repeat": 10, "number": 1}], "params": [["False", "True"]]}, "time_setup_models_and_sims.TimeBuildSPM.time_setup_SPM": {"result": [0.6864831945003971], "stats": [{"ci_99": [0.6515746410004795, 0.7438841120001598], "q_25": 0.6651193144994068, "q_75": 0.7059156105001421, "min": 0.6515746410004795, "max": 0.7438841120001598, "mean": 0.6905180742000084, "std": 0.029331220909348157, "repeat": 10, "number": 1}]}, "time_setup_models_and_sims.TimeBuildSPMSimulation.time_setup_SPM_simulation": {"result": [0.2290712670001085, 0.4059375034994446], "stats": [{"ci_99": [0.21090203499989002, 0.24523058399972797], "q_25": 0.22494873724963327, "q_75": 0.23355162425013987, "min": 0.21090203499989002, "max": 0.24523058399972797, "mean": 0.22861666349981533, "std": 0.009793272884706874, "repeat": 10, "number": 1}, {"ci_99": [0.40337763400020776, 0.43140223900081764], "q_25": 0.404320316749363, "q_75": 0.4199577052509085, "min": 0.40337763400020776, "max": 0.43140223900081764, "mean": 0.4116764451999188, "std": 0.010302172570302968, "repeat": 10, "number": 1}], "params": [["False", "True"]]}, "time_setup_models_and_sims.TimeBuildSPMe.time_setup_SPMe": {"result": [0.7827838949997385], "stats": [{"ci_99": [0.7650033650006662, 0.8385292000002664], "q_25": 0.7734253779995015, "q_75": 0.8192679107505683, "min": 0.7650033650006662, "max": 0.8385292000002664, "mean": 0.7940696072000719, "std": 0.02547058306457955, "repeat": 10, "number": 1}]}, "time_setup_models_and_sims.TimeBuildSPMeSimulation.time_setup_SPMe_simulation": {"result": [0.11188426399985474, 0.21664902649990836], "stats": [{"ci_99": [0.1058189699997456, 0.11587354299990693], "q_25": 0.10937737150015892, "q_75": 0.11293624649943013, "min": 0.1058189699997456, "max": 0.11587354299990693, "mean": 0.1113210399997115, "std": 0.0028602975565473077, "repeat": 10, "number": 1}, {"ci_99": [0.20360058100050082, 0.23491720900165092], "q_25": 0.20990345175050606, "q_75": 0.2218288887493145, "min": 0.20360058100050082, "max": 0.23491720900165092, "mean": 0.2167787570004293, "std": 0.009694242254568889, "repeat": 10, "number": 1}], "params": [["False", "True"]]}, "time_solve_models.TimeSolveDFN.time_solve_model": {"result": [1.203498856501028, 1.3823805544998322], "stats": [{"ci_99": [1.170579342260296, 1.2351166860007652], "q_25": 1.1868646100010665, "q_75": 1.211443913500716, "min": 1.1758239539994975, "max": 1.2351166860007652, "mean": 1.2022250800006684, "std": 0.019605938831243126, "repeat": 6, "number": 1}, {"ci_99": [1.3207068880001316, 1.4452512150000985], "q_25": 1.352988283000741, "q_75": 1.405406525249873, "min": 1.3207068880001316, "max": 1.4452512150000985, "mean": 1.383647760625081, "std": 0.039956236994140894, "repeat": 8, "number": 1}], "params": [["True", "False"]]}, "time_solve_models.TimeSolveSPM.time_solve_model": {"result": [0.07049451999955636, 0.11333592449955177], "stats": [{"ci_99": [0.06697218700173835, 0.07715066099990509], "q_25": 0.06827228575002664, "q_75": 0.07175868725016699, "min": 0.06697218700173835, "max": 0.07715066099990509, "mean": 0.07066820140025812, "std": 0.0030308934872115448, "repeat": 10, "number": 1}, {"ci_99": [0.1046202829984395, 0.12647594699956244], "q_25": 0.10866677099966182, "q_75": 0.1214153275013814, "min": 0.1046202829984395, "max": 0.12647594699956244, "mean": 0.11500882899999851, "std": 0.00754791219841168, "repeat": 10, "number": 1}], "params": [["True", "False"]]}, "time_solve_models.TimeSolveSPMe.time_solve_model": {"result": [0.1118674755007305, 0.1790300209995621], "stats": [{"ci_99": [0.10460738300025696, 0.12407740299931902], "q_25": 0.10598024274986528, "q_75": 0.11747643599983348, "min": 0.10460738300025696, "max": 0.12407740299931902, "mean": 0.11252729000007093, "std": 0.006765927340483175, "repeat": 10, "number": 1}, {"ci_99": [0.1692601310005557, 0.19230539899945143], "q_25": 0.1727304320006624, "q_75": 0.18345257150031102, "min": 0.1692601310005557, "max": 0.19230539899945143, "mean": 0.17894976009993116, "std": 0.007078848712748113, "repeat": 10, "number": 1}], "params": [["True", "False"]]}}, "params": {"machine": "GitHubRunner", "python": "3.8"}, "requirements": {}, "commit_hash": "6852e0e518157e6802ce83a2549562e7d0ed4b9f", "date": 1588138164000, "env_name": "virtualenv-py3.8", "python": "3.8", "profiles": {}, "started_at": {"time_setup_models_and_sims.TimeBuildDFN.time_setup_DFN": 1613155359039, "time_setup_models_and_sims.TimeBuildDFNSimulation.time_setup_DFN_simulation": 1613155365212, "time_setup_models_and_sims.TimeBuildSPM.time_setup_SPM": 1613155366924, "time_setup_models_and_sims.TimeBuildSPMSimulation.time_setup_SPM_simulation": 1613155371341, "time_setup_models_and_sims.TimeBuildSPMe.time_setup_SPMe": 1613155375511, "time_setup_models_and_sims.TimeBuildSPMeSimulation.time_setup_SPMe_simulation": 1613155380630, "time_solve_models.TimeSolveDFN.time_solve_model": 1613155382794, "time_solve_models.TimeSolveSPM.time_solve_model": 1613155410485, "time_solve_models.TimeSolveSPMe.time_solve_model": 1613155422529}, "ended_at": {"time_setup_models_and_sims.TimeBuildDFN.time_setup_DFN": 1613155365211, "time_setup_models_and_sims.TimeBuildDFNSimulation.time_setup_DFN_simulation": 1613155366923, "time_setup_models_and_sims.TimeBuildSPM.time_setup_SPM": 1613155371341, "time_setup_models_and_sims.TimeBuildSPMSimulation.time_setup_SPM_simulation": 1613155375510, "time_setup_models_and_sims.TimeBuildSPMe.time_setup_SPMe": 1613155380630, "time_setup_models_and_sims.TimeBuildSPMeSimulation.time_setup_SPMe_simulation": 1613155382794, "time_solve_models.TimeSolveDFN.time_solve_model": 1613155410484, "time_solve_models.TimeSolveSPM.time_solve_model": 1613155422528, "time_solve_models.TimeSolveSPMe.time_solve_model": 1613155437329}, "benchmark_version": {"time_setup_models_and_sims.TimeBuildDFN.time_setup_DFN": "5f322e51e6b7e66125ee6949bdf25746005db467e8ffcfdcb3ace170e92bbc3d", "time_setup_models_and_sims.TimeBuildDFNSimulation.time_setup_DFN_simulation": "8de44bc542fa7d4ba28a80f24414a9444b5436673aaebba674918f5f0bfd0ebb", "time_setup_models_and_sims.TimeBuildSPM.time_setup_SPM": "0d0b3f5c67fc2da9a5794c66b70af5a45a09558d1ee95f738745385adb84fbca", "time_setup_models_and_sims.TimeBuildSPMSimulation.time_setup_SPM_simulation": "161220a99418ce4487cc29325cbae897f28d0e44ae07e1dfbfaac2cbc53a4ff9", "time_setup_models_and_sims.TimeBuildSPMe.time_setup_SPMe": "6083f5ff944353395eb4b21c97b02af555fe6528de3cd5283f5e139943945235", "time_setup_models_and_sims.TimeBuildSPMeSimulation.time_setup_SPMe_simulation": "530563cb559427795e3648d9648df9250ae100b7721f69eec356bdda7798c55e", "time_solve_models.TimeSolveDFN.time_solve_model": "914137228e20e5900cec36b0d3865f1faa2f5d479c7d6c2539514791f9ec4430", "time_solve_models.TimeSolveSPM.time_solve_model": "ef1bb5f8d1ddfa59650e20438c4b252d73e5a062714848ce1d6d5269382bc598", "time_solve_models.TimeSolveSPMe.time_solve_model": "20672028872f4620ce85e909bae705d9490de441e926510b2b0e53ff0881d87b"}, "version": 1}