{"results": {"time_setup_models_and_sims.TimeBuildDFN.time_setup_DFN": {"result": [0.485386149500016], "stats": [{"ci_99": [0.4825585440000282, 0.48892686499999627], "q_25": 0.4847261332500352, "q_75": 0.4862302155000009, "min": 0.4825585440000282, "max": 0.48892686499999627, "mean": 0.4855543644000079, "std": 0.0017309344415852317, "repeat": 10, "number": 1}]}, "time_setup_models_and_sims.TimeBuildDFNSimulation.time_setup_DFN_simulation": {"result": [0.12803617599999484, 0.21058811950001655], "stats": [{"ci_99": [0.12643071999997346, 0.1301942160000067], "q_25": 0.12695741125001803, "q_75": 0.12868016925001768, "min": 0.12643071999997346, "max": 0.1301942160000067, "mean": 0.12798360230000866, "std": 0.0011167229897059848, "repeat": 10, "number": 1}, {"ci_99": [0.2085913919999598, 0.21413967399996636], "q_25": 0.20969651424999824, "q_75": 0.21130787175002297, "min": 0.2085913919999598, "max": 0.21413967399996636, "mean": 0.21070739159999902, "std": 0.0015459325633243332, "repeat": 10, "number": 1}], "params": [["False", "True"]]}, "time_setup_models_and_sims.TimeBuildSPM.time_setup_SPM": {"result": [0.28970221099999094], "stats": [{"ci_99": [0.2874965039999893, 0.2955832850000206], "q_25": 0.28944559100001754, "q_75": 0.2902751607499994, "min": 0.2874965039999893, "max": 0.2955832850000206, "mean": 0.29018842960000485, "std": 0.002000420254417649, "repeat": 10, "number": 1}]}, "time_setup_models_and_sims.TimeBuildSPMSimulation.time_setup_SPM_simulation": {"result": [0.12384483700000715, 0.18879631400000108], "stats": [{"ci_99": [0.12178353199999492, 0.12642634599995972], "q_25": 0.12315661424999291, "q_75": 0.12499719925000363, "min": 0.12178353199999492, "max": 0.12642634599995972, "mean": 0.12401816809999673, "std": 0.0014556692338770641, "repeat": 10, "number": 1}, {"ci_99": [0.18775669500001868, 0.19103405599997814], "q_25": 0.188225977500025, "q_75": 0.19030519025000103, "min": 0.18775669500001868, "max": 0.19103405599997814, "mean": 0.18913336950000711, "std": 0.001178769937614435, "repeat": 10, "number": 1}], "params": [["False", "True"]]}, "time_setup_models_and_sims.TimeBuildSPMe.time_setup_SPMe": {"result": [0.4219222195000043], "stats": [{"ci_99": [0.4184650849999798, 0.42498050599999715], "q_25": 0.4211407500000064, "q_75": 0.42356733975002214, "min": 0.4184650849999798, "max": 0.42498050599999715, "mean": 0.4221572937000019, "std": 0.0018187716366899768, "repeat": 10, "number": 1}]}, "time_setup_models_and_sims.TimeBuildSPMeSimulation.time_setup_SPMe_simulation": {"result": [0.13228416749996086, 0.22364817099997936], "stats": [{"ci_99": [0.1312270530000319, 0.13480500800000073], "q_25": 0.13151410924994877, "q_75": 0.1327766700000126, "min": 0.1312270530000319, "max": 0.13480500800000073, "mean": 0.1325077613999895, "std": 0.0012286167941655047, "repeat": 10, "number": 1}, {"ci_99": [0.22216633299996147, 0.22541791499997998], "q_25": 0.22275384950000898, "q_75": 0.2238893404999942, "min": 0.22216633299996147, "max": 0.22541791499997998, "mean": 0.22346334789999106, "std": 0.0008978487318036496, "repeat": 10, "number": 1}], "params": [["False", "True"]]}, "time_solve_models.TimeSolveDFN.time_solve_model": {"result": [0.5113315749999856, 0.6766398229999879], "stats": [{"ci_99": [0.5068829539999911, 0.5151959469999952], "q_25": 0.5104888909999943, "q_75": 0.5125949829999996, "min": 0.5068829539999911, "max": 0.5151959469999952, "mean": 0.5115137854999944, "std": 0.002330229245938088, "repeat": 10, "number": 1}, {"ci_99": [0.6738681539999902, 0.6812462919999689], "q_25": 0.6755234020000245, "q_75": 0.6780045239999879, "min": 0.6738681539999902, "max": 0.6812462919999689, "mean": 0.6769933188999915, "std": 0.0020923057158611633, "repeat": 10, "number": 1}], "params": [["True", "False"]]}, "time_solve_models.TimeSolveSPM.time_solve_model": {"result": [0.020266968000015595, 0.04185805849999724], "stats": [{"ci_99": [0.02013945999999578, 0.020527968000010333], "q_25": 0.020220872750016383, "q_75": 0.020407448499994985, "min": 0.02013945999999578, "max": 0.020527968000010333, "mean": 0.020304318800003784, "std": 0.00011917821666459573, "repeat": 10, "number": 1}, {"ci_99": [0.04161636700001736, 0.04199815200001922], "q_25": 0.041756670499978554, "q_75": 0.04190849675002539, "min": 0.04161636700001736, "max": 0.04199815200001922, "mean": 0.04183107910000672, "std": 0.00011855095855765332, "repeat": 10, "number": 1}], "params": [["True", "False"]]}, "time_solve_models.TimeSolveSPMe.time_solve_model": {"result": [0.03201052100001789, 0.07397696449999103], "stats": [{"ci_99": [0.03165348999999651, 0.03224540200000092], "q_25": 0.031826611749991685, "q_75": 0.0321337175000167, "min": 0.03165348999999651, "max": 0.03224540200000092, "mean": 0.03198063340000203, "std": 0.00018904536224793484, "repeat": 10, "number": 1}, {"ci_99": [0.07345976999999948, 0.07517620200002284], "q_25": 0.0736164429999917, "q_75": 0.07421572649998609, "min": 0.07345976999999948, "max": 0.07517620200002284, "mean": 0.07403340199999206, "std": 0.0005016575577571681, "repeat": 10, "number": 1}], "params": [["True", "False"]]}}, "params": {"machine": "GitHubRunner", "python": "3.8"}, "requirements": {}, "commit_hash": "68bc1221db07218e76b9a6b606fe0dde528ce587", "date": 1623453573000, "env_name": "virtualenv-py3.8", "python": "3.8", "profiles": {}, "started_at": {"time_setup_models_and_sims.TimeBuildDFN.time_setup_DFN": 1623468200335, "time_setup_models_and_sims.TimeBuildDFNSimulation.time_setup_DFN_simulation": 1623468203599, "time_setup_models_and_sims.TimeBuildSPM.time_setup_SPM": 1623468205864, "time_setup_models_and_sims.TimeBuildSPMSimulation.time_setup_SPM_simulation": 1623468207874, "time_setup_models_and_sims.TimeBuildSPMe.time_setup_SPMe": 1623468209988, "time_setup_models_and_sims.TimeBuildSPMeSimulation.time_setup_SPMe_simulation": 1623468212849, "time_solve_models.TimeSolveDFN.time_solve_model": 1623468215214, "time_solve_models.TimeSolveSPM.time_solve_model": 1623468234936, "time_solve_models.TimeSolveSPMe.time_solve_model": 1623468241314}, "ended_at": {"time_setup_models_and_sims.TimeBuildDFN.time_setup_DFN": 1623468203599, "time_setup_models_and_sims.TimeBuildDFNSimulation.time_setup_DFN_simulation": 1623468205863, "time_setup_models_and_sims.TimeBuildSPM.time_setup_SPM": 1623468207874, "time_setup_models_and_sims.TimeBuildSPMSimulation.time_setup_SPM_simulation": 1623468209987, "time_setup_models_and_sims.TimeBuildSPMe.time_setup_SPMe": 1623468212849, "time_setup_models_and_sims.TimeBuildSPMeSimulation.time_setup_SPMe_simulation": 1623468215214, "time_solve_models.TimeSolveDFN.time_solve_model": 1623468234936, "time_solve_models.TimeSolveSPM.time_solve_model": 1623468241313, "time_solve_models.TimeSolveSPMe.time_solve_model": 1623468250349}, "benchmark_version": {"time_setup_models_and_sims.TimeBuildDFN.time_setup_DFN": "5f322e51e6b7e66125ee6949bdf25746005db467e8ffcfdcb3ace170e92bbc3d", "time_setup_models_and_sims.TimeBuildDFNSimulation.time_setup_DFN_simulation": "8de44bc542fa7d4ba28a80f24414a9444b5436673aaebba674918f5f0bfd0ebb", "time_setup_models_and_sims.TimeBuildSPM.time_setup_SPM": "0d0b3f5c67fc2da9a5794c66b70af5a45a09558d1ee95f738745385adb84fbca", "time_setup_models_and_sims.TimeBuildSPMSimulation.time_setup_SPM_simulation": "161220a99418ce4487cc29325cbae897f28d0e44ae07e1dfbfaac2cbc53a4ff9", "time_setup_models_and_sims.TimeBuildSPMe.time_setup_SPMe": "6083f5ff944353395eb4b21c97b02af555fe6528de3cd5283f5e139943945235", "time_setup_models_and_sims.TimeBuildSPMeSimulation.time_setup_SPMe_simulation": "530563cb559427795e3648d9648df9250ae100b7721f69eec356bdda7798c55e", "time_solve_models.TimeSolveDFN.time_solve_model": "914137228e20e5900cec36b0d3865f1faa2f5d479c7d6c2539514791f9ec4430", "time_solve_models.TimeSolveSPM.time_solve_model": "ef1bb5f8d1ddfa59650e20438c4b252d73e5a062714848ce1d6d5269382bc598", "time_solve_models.TimeSolveSPMe.time_solve_model": "20672028872f4620ce85e909bae705d9490de441e926510b2b0e53ff0881d87b"}, "version": 1}