{"results": {"time_setup_models_and_sims.TimeBuildDFN.time_setup_DFN": {"result": [0.8134122045000254], "stats": [{"ci_99": [0.791105989000016, 0.8375946159999899], "q_25": 0.8018438567500112, "q_75": 0.8165094949999983, "min": 0.791105989000016, "max": 0.8375946159999899, "mean": 0.8108883618000021, "std": 0.01254934093151753, "repeat": 10, "number": 1}]}, "time_setup_models_and_sims.TimeBuildDFNSimulation.time_setup_DFN_simulation": {"result": [0.2365911804999996, 0.56504443850001], "stats": [{"ci_99": [0.23063138800000615, 0.2406948009999894], "q_25": 0.23346085000000016, "q_75": 0.23781208200000492, "min": 0.23063138800000615, "max": 0.2406948009999894, "mean": 0.23599017229999503, "std": 0.003021566403828941, "repeat": 10, "number": 1}, {"ci_99": [0.5413976749999847, 0.5758609879999881], "q_25": 0.5493292507499987, "q_75": 0.5669822502499855, "min": 0.5413976749999847, "max": 0.5758609879999881, "mean": 0.5603735526999941, "std": 0.011733488549284498, "repeat": 10, "number": 1}], "params": [["False", "True"]]}, "time_setup_models_and_sims.TimeBuildSPM.time_setup_SPM": {"result": [0.5764145529999922], "stats": [{"ci_99": [0.5597861630000125, 0.5863258309999821], "q_25": 0.5671280320000065, "q_75": 0.5828611737500324, "min": 0.5597861630000125, "max": 0.5863258309999821, "mean": 0.5744989805000074, "std": 0.00955467477528556, "repeat": 10, "number": 1}]}, "time_setup_models_and_sims.TimeBuildSPMSimulation.time_setup_SPM_simulation": {"result": [0.29481116050000367, 0.6422905265000054], "stats": [{"ci_99": [0.288052859000004, 0.30335867799999505], "q_25": 0.29321482850001246, "q_75": 0.29673976125001644, "min": 0.288052859000004, "max": 0.30335867799999505, "mean": 0.29509596640001234, "std": 0.004012550682691242, "repeat": 10, "number": 1}, {"ci_99": [0.6323134870000047, 0.6701399340000194], "q_25": 0.6366364607499833, "q_75": 0.6490953409999918, "min": 0.6323134870000047, "max": 0.6701399340000194, "mean": 0.6448385618999992, "std": 0.010976062240769573, "repeat": 10, "number": 1}], "params": [["False", "True"]]}, "time_setup_models_and_sims.TimeBuildSPMe.time_setup_SPMe": {"result": [0.7504721729999773], "stats": [{"ci_99": [0.7329418879999707, 0.7673881550000203], "q_25": 0.7463801025000123, "q_75": 0.7554109650000029, "min": 0.7329418879999707, "max": 0.7673881550000203, "mean": 0.7508334907999995, "std": 0.009736017078535174, "repeat": 10, "number": 1}]}, "time_setup_models_and_sims.TimeBuildSPMeSimulation.time_setup_SPMe_simulation": {"result": [0.2745500134999759, 0.6465342820000046], "stats": [{"ci_99": [0.27097293699998204, 0.28301185200001555], "q_25": 0.27351081074999684, "q_75": 0.2751621599999936, "min": 0.27097293699998204, "max": 0.28301185200001555, "mean": 0.27496390299999407, "std": 0.0030093928698238285, "repeat": 10, "number": 1}, {"ci_99": [0.6397454959999891, 0.6687504170000125], "q_25": 0.6427293750000018, "q_75": 0.6543556560000212, "min": 0.6397454959999891, "max": 0.6687504170000125, "mean": 0.6495503726999999, "std": 0.008701183649733782, "repeat": 10, "number": 1}], "params": [["False", "True"]]}, "time_solve_models.TimeSolveDFN.time_solve_model": {"result": [0.6509183120000159, 0.848085481499993], "stats": [{"ci_99": [0.6368607170000473, 0.6566523879999977], "q_25": 0.6487462437499687, "q_75": 0.6544381999999871, "min": 0.6368607170000473, "max": 0.6566523879999977, "mean": 0.6501080390000027, "std": 0.006034627835592709, "repeat": 8, "number": 1}, {"ci_99": [0.8389166260000138, 0.8773110180000003], "q_25": 0.8416546907500049, "q_75": 0.8587305592499916, "min": 0.8389166260000138, "max": 0.8773110180000003, "mean": 0.8515863686000046, "std": 0.011775600116450008, "repeat": 10, "number": 1}], "params": [["True", "False"]]}, "time_solve_models.TimeSolveSPM.time_solve_model": {"result": [0.02906714049998982, 0.05816861499999959], "stats": [{"ci_99": [0.02782843799997181, 0.033371289000001525], "q_25": 0.028764601749983854, "q_75": 0.02951010325000425, "min": 0.02782843799997181, "max": 0.033371289000001525, "mean": 0.02939493469999661, "std": 0.0014432491339989955, "repeat": 10, "number": 1}, {"ci_99": [0.055011421999950016, 0.06171348399999488], "q_25": 0.05668419400001312, "q_75": 0.058843697999975575, "min": 0.055011421999950016, "max": 0.06171348399999488, "mean": 0.05789515079999319, "std": 0.0019428311408706666, "repeat": 10, "number": 1}], "params": [["True", "False"]]}, "time_solve_models.TimeSolveSPMe.time_solve_model": {"result": [0.04134080049996669, 0.0974785084999894], "stats": [{"ci_99": [0.04077644100004818, 0.04252181700002211], "q_25": 0.04085023524997666, "q_75": 0.042171573000004514, "min": 0.04077644100004818, "max": 0.04252181700002211, "mean": 0.04149888190000297, "std": 0.0006590251625482567, "repeat": 10, "number": 1}, {"ci_99": [0.09364419799999268, 0.10136909800002059], "q_25": 0.09575829000000624, "q_75": 0.09809329874997275, "min": 0.09364419799999268, "max": 0.10136909800002059, "mean": 0.09711737189999212, "std": 0.0020408813138028266, "repeat": 10, "number": 1}], "params": [["True", "False"]]}}, "params": {"machine": "GitHubRunner", "python": "3.8"}, "requirements": {}, "commit_hash": "6ccce9f817db8e5df69e6a3de90587b62e20180a", "date": 1633968313000, "env_name": "virtualenv-py3.8", "python": "3.8", "profiles": {}, "started_at": {"time_setup_models_and_sims.TimeBuildDFN.time_setup_DFN": 1634181720410, "time_setup_models_and_sims.TimeBuildDFNSimulation.time_setup_DFN_simulation": 1634181725730, "time_setup_models_and_sims.TimeBuildSPM.time_setup_SPM": 1634181730904, "time_setup_models_and_sims.TimeBuildSPMSimulation.time_setup_SPM_simulation": 1634181734718, "time_setup_models_and_sims.TimeBuildSPMe.time_setup_SPMe": 1634181740742, "time_setup_models_and_sims.TimeBuildSPMeSimulation.time_setup_SPMe_simulation": 1634181745658, "time_solve_models.TimeSolveDFN.time_solve_model": 1634181751632, "time_solve_models.TimeSolveSPM.time_solve_model": 1634181776760, "time_solve_models.TimeSolveSPMe.time_solve_model": 1634181787748}, "ended_at": {"time_setup_models_and_sims.TimeBuildDFN.time_setup_DFN": 1634181725729, "time_setup_models_and_sims.TimeBuildDFNSimulation.time_setup_DFN_simulation": 1634181730903, "time_setup_models_and_sims.TimeBuildSPM.time_setup_SPM": 1634181734718, "time_setup_models_and_sims.TimeBuildSPMSimulation.time_setup_SPM_simulation": 1634181740741, "time_setup_models_and_sims.TimeBuildSPMe.time_setup_SPMe": 1634181745658, "time_setup_models_and_sims.TimeBuildSPMeSimulation.time_setup_SPMe_simulation": 1634181751632, "time_solve_models.TimeSolveDFN.time_solve_model": 1634181776760, "time_solve_models.TimeSolveSPM.time_solve_model": 1634181787748, "time_solve_models.TimeSolveSPMe.time_solve_model": 1634181802201}, "benchmark_version": {"time_setup_models_and_sims.TimeBuildDFN.time_setup_DFN": "5f322e51e6b7e66125ee6949bdf25746005db467e8ffcfdcb3ace170e92bbc3d", "time_setup_models_and_sims.TimeBuildDFNSimulation.time_setup_DFN_simulation": "8de44bc542fa7d4ba28a80f24414a9444b5436673aaebba674918f5f0bfd0ebb", "time_setup_models_and_sims.TimeBuildSPM.time_setup_SPM": "0d0b3f5c67fc2da9a5794c66b70af5a45a09558d1ee95f738745385adb84fbca", "time_setup_models_and_sims.TimeBuildSPMSimulation.time_setup_SPM_simulation": "161220a99418ce4487cc29325cbae897f28d0e44ae07e1dfbfaac2cbc53a4ff9", "time_setup_models_and_sims.TimeBuildSPMe.time_setup_SPMe": "6083f5ff944353395eb4b21c97b02af555fe6528de3cd5283f5e139943945235", "time_setup_models_and_sims.TimeBuildSPMeSimulation.time_setup_SPMe_simulation": "530563cb559427795e3648d9648df9250ae100b7721f69eec356bdda7798c55e", "time_solve_models.TimeSolveDFN.time_solve_model": "914137228e20e5900cec36b0d3865f1faa2f5d479c7d6c2539514791f9ec4430", "time_solve_models.TimeSolveSPM.time_solve_model": "ef1bb5f8d1ddfa59650e20438c4b252d73e5a062714848ce1d6d5269382bc598", "time_solve_models.TimeSolveSPMe.time_solve_model": "20672028872f4620ce85e909bae705d9490de441e926510b2b0e53ff0881d87b"}, "version": 1}