{"results": {"time_setup_models_and_sims.TimeBuildDFN.time_setup_DFN": {"result": [0.8194269349999956], "stats": [{"ci_99": [0.8004472640000131, 0.8604640970000048], "q_25": 0.8114174399999996, "q_75": 0.8318137044999858, "min": 0.8004472640000131, "max": 0.8604640970000048, "mean": 0.824198318200007, "std": 0.0180087542178432, "repeat": 10, "number": 1}]}, "time_setup_models_and_sims.TimeBuildDFNSimulation.time_setup_DFN_simulation": {"result": [0.23933113449999155, 0.5692517534999979], "stats": [{"ci_99": [0.23321790099998907, 0.2443579600000021], "q_25": 0.2362034424999777, "q_75": 0.23994917799998206, "min": 0.23321790099998907, "max": 0.2443579600000021, "mean": 0.23857279909999535, "std": 0.0032673919594897196, "repeat": 10, "number": 1}, {"ci_99": [0.5553862510000158, 0.5869336260000182], "q_25": 0.5629313687500073, "q_75": 0.5719223494999994, "min": 0.5553862510000158, "max": 0.5869336260000182, "mean": 0.5683968323000045, "std": 0.008162615156161988, "repeat": 10, "number": 1}], "params": [["False", "True"]]}, "time_setup_models_and_sims.TimeBuildSPM.time_setup_SPM": {"result": [0.582236342999991], "stats": [{"ci_99": [0.5710897149999994, 0.6010110839999925], "q_25": 0.5769229930000037, "q_75": 0.5911581734999842, "min": 0.5710897149999994, "max": 0.6010110839999925, "mean": 0.5843654353999966, "std": 0.010016233164225846, "repeat": 10, "number": 1}]}, "time_setup_models_and_sims.TimeBuildSPMSimulation.time_setup_SPM_simulation": {"result": [0.29548471549999533, 0.653727715499997], "stats": [{"ci_99": [0.2893268340000077, 0.30145329800001264], "q_25": 0.2929586857499942, "q_75": 0.297458441499991, "min": 0.2893268340000077, "max": 0.30145329800001264, "mean": 0.2951965837999978, "std": 0.003450738771577034, "repeat": 10, "number": 1}, {"ci_99": [0.6285480819999805, 0.679184250999981], "q_25": 0.645432880499996, "q_75": 0.6609689442499871, "min": 0.6285480819999805, "max": 0.679184250999981, "mean": 0.6530279806999942, "std": 0.014362005746272779, "repeat": 10, "number": 1}], "params": [["False", "True"]]}, "time_setup_models_and_sims.TimeBuildSPMe.time_setup_SPMe": {"result": [0.763144409500029], "stats": [{"ci_99": [0.7481552550000004, 0.7881310540000186], "q_25": 0.7560037372500048, "q_75": 0.7735929514999995, "min": 0.7481552550000004, "max": 0.7881310540000186, "mean": 0.7658455238000073, "std": 0.012430568884487469, "repeat": 10, "number": 1}]}, "time_setup_models_and_sims.TimeBuildSPMeSimulation.time_setup_SPMe_simulation": {"result": [0.2763513209999928, 0.6491457380000014], "stats": [{"ci_99": [0.2691747599999985, 0.2794991359999699], "q_25": 0.27255153750001426, "q_75": 0.2770425495000026, "min": 0.2691747599999985, "max": 0.2794991359999699, "mean": 0.27524310899999593, "std": 0.0032142503874943613, "repeat": 10, "number": 1}, {"ci_99": [0.635492247000002, 0.6602583089999712], "q_25": 0.6467670837499924, "q_75": 0.6567865527499919, "min": 0.635492247000002, "max": 0.6602583089999712, "mean": 0.6500263735999908, "std": 0.007428261267645385, "repeat": 10, "number": 1}], "params": [["False", "True"]]}, "time_solve_models.TimeSolveDFN.time_solve_model": {"result": [0.6562840914999981, 0.8515221149999945], "stats": [{"ci_99": [0.6471729109999842, 0.6768436540000096], "q_25": 0.6529692250000139, "q_75": 0.6754525022500175, "min": 0.6471729109999842, "max": 0.6768436540000096, "mean": 0.6615935438750036, "std": 0.011627234609631144, "repeat": 8, "number": 1}, {"ci_99": [0.8288456529999735, 0.9035753729999669], "q_25": 0.8451578742500061, "q_75": 0.8788762272500037, "min": 0.8288456529999735, "max": 0.9035753729999669, "mean": 0.8596838875999936, "std": 0.0226421513791719, "repeat": 10, "number": 1}], "params": [["True", "False"]]}, "time_solve_models.TimeSolveSPM.time_solve_model": {"result": [0.02978966699998864, 0.06011458800000469], "stats": [{"ci_99": [0.02853000800001837, 0.031077134999975442], "q_25": 0.028955566000007593, "q_75": 0.030761826749980514, "min": 0.02853000800001837, "max": 0.031077134999975442, "mean": 0.029811691199995494, "std": 0.0009482363516158111, "repeat": 10, "number": 1}, {"ci_99": [0.05833033300001489, 0.06606758100002708], "q_25": 0.058846105749992716, "q_75": 0.06322979349999969, "min": 0.05833033300001489, "max": 0.06606758100002708, "mean": 0.06103739850000238, "std": 0.0026051958063462075, "repeat": 10, "number": 1}], "params": [["True", "False"]]}, "time_solve_models.TimeSolveSPMe.time_solve_model": {"result": [0.04345976950000363, 0.10194704549999756], "stats": [{"ci_99": [0.04225661300000638, 0.048316752999994605], "q_25": 0.04309018825000521, "q_75": 0.043777695000002836, "min": 0.04225661300000638, "max": 0.048316752999994605, "mean": 0.04405100220000122, "std": 0.0018836466182356002, "repeat": 10, "number": 1}, {"ci_99": [0.09849771900002224, 0.10573837399999775], "q_25": 0.09977275525000096, "q_75": 0.10368898399997306, "min": 0.09849771900002224, "max": 0.10573837399999775, "mean": 0.10175920439999686, "std": 0.0024310201118975345, "repeat": 10, "number": 1}], "params": [["True", "False"]]}}, "params": {"machine": "GitHubRunner", "python": "3.8"}, "requirements": {}, "commit_hash": "6ccce9f817db8e5df69e6a3de90587b62e20180a", "date": 1633968313000, "env_name": "virtualenv-py3.8", "python": "3.8", "profiles": {}, "started_at": {"time_setup_models_and_sims.TimeBuildDFN.time_setup_DFN": 1634095333695, "time_setup_models_and_sims.TimeBuildDFNSimulation.time_setup_DFN_simulation": 1634095339167, "time_setup_models_and_sims.TimeBuildSPM.time_setup_SPM": 1634095344341, "time_setup_models_and_sims.TimeBuildSPMSimulation.time_setup_SPM_simulation": 1634095348256, "time_setup_models_and_sims.TimeBuildSPMe.time_setup_SPMe": 1634095354433, "time_setup_models_and_sims.TimeBuildSPMeSimulation.time_setup_SPMe_simulation": 1634095359502, "time_solve_models.TimeSolveDFN.time_solve_model": 1634095365429, "time_solve_models.TimeSolveSPM.time_solve_model": 1634095391266, "time_solve_models.TimeSolveSPMe.time_solve_model": 1634095402459}, "ended_at": {"time_setup_models_and_sims.TimeBuildDFN.time_setup_DFN": 1634095339166, "time_setup_models_and_sims.TimeBuildDFNSimulation.time_setup_DFN_simulation": 1634095344340, "time_setup_models_and_sims.TimeBuildSPM.time_setup_SPM": 1634095348256, "time_setup_models_and_sims.TimeBuildSPMSimulation.time_setup_SPM_simulation": 1634095354432, "time_setup_models_and_sims.TimeBuildSPMe.time_setup_SPMe": 1634095359501, "time_setup_models_and_sims.TimeBuildSPMeSimulation.time_setup_SPMe_simulation": 1634095365428, "time_solve_models.TimeSolveDFN.time_solve_model": 1634095391266, "time_solve_models.TimeSolveSPM.time_solve_model": 1634095402459, "time_solve_models.TimeSolveSPMe.time_solve_model": 1634095417364}, "benchmark_version": {"time_setup_models_and_sims.TimeBuildDFN.time_setup_DFN": "5f322e51e6b7e66125ee6949bdf25746005db467e8ffcfdcb3ace170e92bbc3d", "time_setup_models_and_sims.TimeBuildDFNSimulation.time_setup_DFN_simulation": "8de44bc542fa7d4ba28a80f24414a9444b5436673aaebba674918f5f0bfd0ebb", "time_setup_models_and_sims.TimeBuildSPM.time_setup_SPM": "0d0b3f5c67fc2da9a5794c66b70af5a45a09558d1ee95f738745385adb84fbca", "time_setup_models_and_sims.TimeBuildSPMSimulation.time_setup_SPM_simulation": "161220a99418ce4487cc29325cbae897f28d0e44ae07e1dfbfaac2cbc53a4ff9", "time_setup_models_and_sims.TimeBuildSPMe.time_setup_SPMe": "6083f5ff944353395eb4b21c97b02af555fe6528de3cd5283f5e139943945235", "time_setup_models_and_sims.TimeBuildSPMeSimulation.time_setup_SPMe_simulation": "530563cb559427795e3648d9648df9250ae100b7721f69eec356bdda7798c55e", "time_solve_models.TimeSolveDFN.time_solve_model": "914137228e20e5900cec36b0d3865f1faa2f5d479c7d6c2539514791f9ec4430", "time_solve_models.TimeSolveSPM.time_solve_model": "ef1bb5f8d1ddfa59650e20438c4b252d73e5a062714848ce1d6d5269382bc598", "time_solve_models.TimeSolveSPMe.time_solve_model": "20672028872f4620ce85e909bae705d9490de441e926510b2b0e53ff0881d87b"}, "version": 1}