{"results": {"time_setup_models_and_sims.TimeBuildDFN.time_setup_DFN": {"result": [0.546487882500017], "stats": [{"ci_99": [0.532513568999974, 0.5850393999999994], "q_25": 0.53948246100002, "q_75": 0.5526923037499998, "min": 0.532513568999974, "max": 0.5850393999999994, "mean": 0.5488439631000063, "std": 0.01390504253489304, "repeat": 10, "number": 1}]}, "time_setup_models_and_sims.TimeBuildDFNSimulation.time_setup_DFN_simulation": {"result": [0.1705114339999909, 0.3845080079999974], "stats": [{"ci_99": [0.15305314599999065, 0.18050305299999536], "q_25": 0.16569586474998488, "q_75": 0.17274667700002055, "min": 0.15305314599999065, "max": 0.18050305299999536, "mean": 0.1690008474999928, "std": 0.008239302496518205, "repeat": 10, "number": 1}, {"ci_99": [0.37595695999999634, 0.4022640729999978], "q_25": 0.3796447295000078, "q_75": 0.38628945975000306, "min": 0.37595695999999634, "max": 0.4022640729999978, "mean": 0.3842897047000037, "std": 0.007099508400242265, "repeat": 10, "number": 1}], "params": [["False", "True"]]}, "time_setup_models_and_sims.TimeBuildSPM.time_setup_SPM": {"result": [0.384279700999997], "stats": [{"ci_99": [0.37456435199999305, 0.39717539399998714], "q_25": 0.3776430507500024, "q_75": 0.3864522954999927, "min": 0.37456435199999305, "max": 0.39717539399998714, "mean": 0.38425939779999396, "std": 0.007473933695307388, "repeat": 10, "number": 1}]}, "time_setup_models_and_sims.TimeBuildSPMSimulation.time_setup_SPM_simulation": {"result": [0.2107062774999804, 0.4308250834999967], "stats": [{"ci_99": [0.19578208100000438, 0.2190674750000028], "q_25": 0.2091411707500228, "q_75": 0.21457128749997878, "min": 0.19578208100000438, "max": 0.2190674750000028, "mean": 0.21044206379999936, "std": 0.0064182677246285205, "repeat": 10, "number": 1}, {"ci_99": [0.4251205389999768, 0.4472688529999971], "q_25": 0.42821895274998667, "q_75": 0.4369824027499618, "min": 0.4251205389999768, "max": 0.4472688529999971, "mean": 0.43293158389999176, "std": 0.006304695300711516, "repeat": 10, "number": 1}], "params": [["False", "True"]]}, "time_setup_models_and_sims.TimeBuildSPMe.time_setup_SPMe": {"result": [0.5058463634999981], "stats": [{"ci_99": [0.48939237399997637, 0.5353436380000289], "q_25": 0.4991940107499886, "q_75": 0.5153072245000132, "min": 0.48939237399997637, "max": 0.5353436380000289, "mean": 0.5089245578000003, "std": 0.013595673875165335, "repeat": 10, "number": 1}]}, "time_setup_models_and_sims.TimeBuildSPMeSimulation.time_setup_SPMe_simulation": {"result": [0.1835335825000044, 0.43046972300000164], "stats": [{"ci_99": [0.1767843519999701, 0.19052507100002458], "q_25": 0.1801618112499881, "q_75": 0.18783692275000874, "min": 0.1767843519999701, "max": 0.19052507100002458, "mean": 0.18364762029999895, "std": 0.004517066137779632, "repeat": 10, "number": 1}, {"ci_99": [0.4171590219999928, 0.4556712309999966], "q_25": 0.4261029004999841, "q_75": 0.43783663875000656, "min": 0.4171590219999928, "max": 0.4556712309999966, "mean": 0.4324334332999939, "std": 0.010183728284273726, "repeat": 10, "number": 1}], "params": [["False", "True"]]}, "time_solve_models.TimeSolveDFN.time_solve_model": {"result": [0.5570819349999852, 0.7137579314999698], "stats": [{"ci_99": [0.5393080979999922, 0.5841229160000125], "q_25": 0.5512141477500023, "q_75": 0.5663133332499939, "min": 0.5393080979999922, "max": 0.5841229160000125, "mean": 0.5587973841999968, "std": 0.012918455982714249, "repeat": 10, "number": 1}, {"ci_99": [0.7056646539999747, 0.7512555459999817], "q_25": 0.7096707510000186, "q_75": 0.7198630179999697, "min": 0.7056646539999747, "max": 0.7512555459999817, "mean": 0.719055823799988, "std": 0.014124864451575717, "repeat": 10, "number": 1}], "params": [["True", "False"]]}, "time_solve_models.TimeSolveSPM.time_solve_model": {"result": [0.02158720400001357, 0.043481632999998965], "stats": [{"ci_99": [0.020125543999995443, 0.022557531000018116], "q_25": 0.020911001249999117, "q_75": 0.022005684250018476, "min": 0.020125543999995443, "max": 0.022557531000018116, "mean": 0.021438482900009603, "std": 0.0007146256681920427, "repeat": 10, "number": 1}, {"ci_99": [0.03981805900002655, 0.046117927000011605], "q_25": 0.04239013099996214, "q_75": 0.044530066750027686, "min": 0.03981805900002655, "max": 0.046117927000011605, "mean": 0.0433529228999987, "std": 0.0016715493842066563, "repeat": 10, "number": 1}], "params": [["True", "False"]]}, "time_solve_models.TimeSolveSPMe.time_solve_model": {"result": [0.03013546500000075, 0.07316706500000691], "stats": [{"ci_99": [0.028519891000030384, 0.03345566599995209], "q_25": 0.029707306250003285, "q_75": 0.032396354750019896, "min": 0.028519891000030384, "max": 0.03345566599995209, "mean": 0.030814844000002495, "std": 0.0016047109237848306, "repeat": 10, "number": 1}, {"ci_99": [0.07110205899999755, 0.08084120000000894], "q_25": 0.07244323674996167, "q_75": 0.07845914199995718, "min": 0.07110205899999755, "max": 0.08084120000000894, "mean": 0.0750496688999874, "std": 0.0034191761529790985, "repeat": 10, "number": 1}], "params": [["True", "False"]]}}, "params": {"machine": "GitHubRunner", "python": "3.8"}, "requirements": {}, "commit_hash": "6ccce9f817db8e5df69e6a3de90587b62e20180a", "date": 1633968313000, "env_name": "virtualenv-py3.8", "python": "3.8", "profiles": {}, "started_at": {"time_setup_models_and_sims.TimeBuildDFN.time_setup_DFN": 1634008881158, "time_setup_models_and_sims.TimeBuildDFNSimulation.time_setup_DFN_simulation": 1634008884826, "time_setup_models_and_sims.TimeBuildSPM.time_setup_SPM": 1634008888500, "time_setup_models_and_sims.TimeBuildSPMSimulation.time_setup_SPM_simulation": 1634008891114, "time_setup_models_and_sims.TimeBuildSPMe.time_setup_SPMe": 1634008895337, "time_setup_models_and_sims.TimeBuildSPMeSimulation.time_setup_SPMe_simulation": 1634008898804, "time_solve_models.TimeSolveDFN.time_solve_model": 1634008902879, "time_solve_models.TimeSolveSPM.time_solve_model": 1634008924567, "time_solve_models.TimeSolveSPMe.time_solve_model": 1634008932306}, "ended_at": {"time_setup_models_and_sims.TimeBuildDFN.time_setup_DFN": 1634008884826, "time_setup_models_and_sims.TimeBuildDFNSimulation.time_setup_DFN_simulation": 1634008888498, "time_setup_models_and_sims.TimeBuildSPM.time_setup_SPM": 1634008891114, "time_setup_models_and_sims.TimeBuildSPMSimulation.time_setup_SPM_simulation": 1634008895336, "time_setup_models_and_sims.TimeBuildSPMe.time_setup_SPMe": 1634008898804, "time_setup_models_and_sims.TimeBuildSPMeSimulation.time_setup_SPMe_simulation": 1634008902878, "time_solve_models.TimeSolveDFN.time_solve_model": 1634008924566, "time_solve_models.TimeSolveSPM.time_solve_model": 1634008932305, "time_solve_models.TimeSolveSPMe.time_solve_model": 1634008942450}, "benchmark_version": {"time_setup_models_and_sims.TimeBuildDFN.time_setup_DFN": "5f322e51e6b7e66125ee6949bdf25746005db467e8ffcfdcb3ace170e92bbc3d", "time_setup_models_and_sims.TimeBuildDFNSimulation.time_setup_DFN_simulation": "8de44bc542fa7d4ba28a80f24414a9444b5436673aaebba674918f5f0bfd0ebb", "time_setup_models_and_sims.TimeBuildSPM.time_setup_SPM": "0d0b3f5c67fc2da9a5794c66b70af5a45a09558d1ee95f738745385adb84fbca", "time_setup_models_and_sims.TimeBuildSPMSimulation.time_setup_SPM_simulation": "161220a99418ce4487cc29325cbae897f28d0e44ae07e1dfbfaac2cbc53a4ff9", "time_setup_models_and_sims.TimeBuildSPMe.time_setup_SPMe": "6083f5ff944353395eb4b21c97b02af555fe6528de3cd5283f5e139943945235", "time_setup_models_and_sims.TimeBuildSPMeSimulation.time_setup_SPMe_simulation": "530563cb559427795e3648d9648df9250ae100b7721f69eec356bdda7798c55e", "time_solve_models.TimeSolveDFN.time_solve_model": "914137228e20e5900cec36b0d3865f1faa2f5d479c7d6c2539514791f9ec4430", "time_solve_models.TimeSolveSPM.time_solve_model": "ef1bb5f8d1ddfa59650e20438c4b252d73e5a062714848ce1d6d5269382bc598", "time_solve_models.TimeSolveSPMe.time_solve_model": "20672028872f4620ce85e909bae705d9490de441e926510b2b0e53ff0881d87b"}, "version": 1}