{"results": {"time_setup_models_and_sims.TimeBuildDFN.time_setup_DFN": {"result": [0.7041203700000054], "stats": [{"ci_99": [0.6902470520000179, 0.7443643769999966], "q_25": 0.6990089117499991, "q_75": 0.7349357585000078, "min": 0.6902470520000179, "max": 0.7443643769999966, "mean": 0.7134098421000019, "std": 0.01990228155380285, "repeat": 10, "number": 1}]}, "time_setup_models_and_sims.TimeBuildDFNSimulation.time_setup_DFN_simulation": {"result": [0.17232749849999607, 0.4257637299999999], "stats": [{"ci_99": [0.16985186699997712, 0.181938649000017], "q_25": 0.17077117175000467, "q_75": 0.17602773724999565, "min": 0.16985186699997712, "max": 0.181938649000017, "mean": 0.17378972319999947, "std": 0.0037335186625412405, "repeat": 10, "number": 1}, {"ci_99": [0.41782825200000673, 0.44073702599999365], "q_25": 0.42312389825000096, "q_75": 0.43756107575000414, "min": 0.41782825200000673, "max": 0.44073702599999365, "mean": 0.42858060820000504, "std": 0.00848460244014042, "repeat": 10, "number": 1}], "params": [["False", "True"]]}, "time_setup_models_and_sims.TimeBuildSPM.time_setup_SPM": {"result": [0.5183332775000196], "stats": [{"ci_99": [0.5014516440000136, 0.5260225350000098], "q_25": 0.5141632982499829, "q_75": 0.5230569792500006, "min": 0.5014516440000136, "max": 0.5260225350000098, "mean": 0.5171956481000024, "std": 0.007559632477862504, "repeat": 10, "number": 1}]}, "time_setup_models_and_sims.TimeBuildSPMSimulation.time_setup_SPM_simulation": {"result": [0.20624892899998315, 0.46692182599998944], "stats": [{"ci_99": [0.20172069099999135, 0.22291475599999444], "q_25": 0.2043899767500008, "q_75": 0.20886301400001628, "min": 0.20172069099999135, "max": 0.22291475599999444, "mean": 0.20753062329999922, "std": 0.0056868190632241265, "repeat": 10, "number": 1}, {"ci_99": [0.45189694299997996, 0.477223806000012], "q_25": 0.46039953524998367, "q_75": 0.4716256034999944, "min": 0.45189694299997996, "max": 0.477223806000012, "mean": 0.4656685918999955, "std": 0.007983183506739468, "repeat": 10, "number": 1}], "params": [["False", "True"]]}, "time_setup_models_and_sims.TimeBuildSPMe.time_setup_SPMe": {"result": [0.6758441510000068], "stats": [{"ci_99": [0.6674536280000041, 0.6969874700000105], "q_25": 0.6716366305000108, "q_75": 0.6821938912500087, "min": 0.6674536280000041, "max": 0.6969874700000105, "mean": 0.6778647077000073, "std": 0.009270235796677927, "repeat": 10, "number": 1}]}, "time_setup_models_and_sims.TimeBuildSPMeSimulation.time_setup_SPMe_simulation": {"result": [0.19393730600000936, 0.48073327600000937], "stats": [{"ci_99": [0.18693764600001828, 0.20980907399999182], "q_25": 0.19146740575001076, "q_75": 0.19886817224999476, "min": 0.18693764600001828, "max": 0.20980907399999182, "mean": 0.19570577870000533, "std": 0.006497746852290205, "repeat": 10, "number": 1}, {"ci_99": [0.4665921410000067, 0.5000314049999872], "q_25": 0.4726105274999952, "q_75": 0.4878530347499819, "min": 0.4665921410000067, "max": 0.5000314049999872, "mean": 0.480815718599996, "std": 0.01012687044658872, "repeat": 10, "number": 1}], "params": [["False", "True"]]}, "time_solve_models.TimeSolveDFN.time_solve_model": {"result": [0.6248100800000032, 0.8196619610000084], "stats": [{"ci_99": [0.6144053959999951, 0.65781850099998], "q_25": 0.618476976999986, "q_75": 0.6347925592499948, "min": 0.6144053959999951, "max": 0.65781850099998, "mean": 0.6297655884999926, "std": 0.015563813102952743, "repeat": 8, "number": 1}, {"ci_99": [0.8121687939999731, 0.8835693320000075], "q_25": 0.81553787, "q_75": 0.8214659362500001, "min": 0.8121687939999731, "max": 0.8835693320000075, "mean": 0.8246423743999969, "std": 0.01998197373058362, "repeat": 10, "number": 1}], "params": [["True", "False"]]}, "time_solve_models.TimeSolveSPM.time_solve_model": {"result": [0.026076264499991453, 0.052807449999988876], "stats": [{"ci_99": [0.024586674999994784, 0.0281342959999904], "q_25": 0.02569845774999635, "q_75": 0.026435027499992714, "min": 0.024586674999994784, "max": 0.0281342959999904, "mean": 0.026138320299995143, "std": 0.0008825002847252553, "repeat": 10, "number": 1}, {"ci_99": [0.05076479799998879, 0.057523797000015975], "q_25": 0.051836410499994656, "q_75": 0.053407911249991, "min": 0.05076479799998879, "max": 0.057523797000015975, "mean": 0.05319924049999543, "std": 0.001939645289232689, "repeat": 10, "number": 1}], "params": [["True", "False"]]}, "time_solve_models.TimeSolveSPMe.time_solve_model": {"result": [0.037196003500014285, 0.0899848519999864], "stats": [{"ci_99": [0.03540281200000095, 0.03983883500001184], "q_25": 0.03635353550001952, "q_75": 0.03813857275001453, "min": 0.03540281200000095, "max": 0.03983883500001184, "mean": 0.03735344910001004, "std": 0.0013111045948592875, "repeat": 10, "number": 1}, {"ci_99": [0.08745637800001305, 0.09737440899999683], "q_25": 0.08809963325001036, "q_75": 0.09131730550002715, "min": 0.08745637800001305, "max": 0.09737440899999683, "mean": 0.09052117859999953, "std": 0.0029061146892726724, "repeat": 10, "number": 1}], "params": [["True", "False"]]}}, "params": {"machine": "GitHubRunner", "python": "3.8"}, "requirements": {}, "commit_hash": "6eab5e4ecfc48bb3cd83489b4c1a0ee64adb3a9d", "date": 1637784171000, "env_name": "virtualenv-py3.8", "python": "3.8", "profiles": {}, "started_at": {"time_setup_models_and_sims.TimeBuildDFN.time_setup_DFN": 1637810536477, "time_setup_models_and_sims.TimeBuildDFNSimulation.time_setup_DFN_simulation": 1637810541144, "time_setup_models_and_sims.TimeBuildSPM.time_setup_SPM": 1637810545112, "time_setup_models_and_sims.TimeBuildSPMSimulation.time_setup_SPM_simulation": 1637810548575, "time_setup_models_and_sims.TimeBuildSPMe.time_setup_SPMe": 1637810552994, "time_setup_models_and_sims.TimeBuildSPMeSimulation.time_setup_SPMe_simulation": 1637810557460, "time_solve_models.TimeSolveDFN.time_solve_model": 1637810561779, "time_solve_models.TimeSolveSPM.time_solve_model": 1637810584946, "time_solve_models.TimeSolveSPMe.time_solve_model": 1637810594933}, "ended_at": {"time_setup_models_and_sims.TimeBuildDFN.time_setup_DFN": 1637810541144, "time_setup_models_and_sims.TimeBuildDFNSimulation.time_setup_DFN_simulation": 1637810545111, "time_setup_models_and_sims.TimeBuildSPM.time_setup_SPM": 1637810548575, "time_setup_models_and_sims.TimeBuildSPMSimulation.time_setup_SPM_simulation": 1637810552993, "time_setup_models_and_sims.TimeBuildSPMe.time_setup_SPMe": 1637810557460, "time_setup_models_and_sims.TimeBuildSPMeSimulation.time_setup_SPMe_simulation": 1637810561778, "time_solve_models.TimeSolveDFN.time_solve_model": 1637810584945, "time_solve_models.TimeSolveSPM.time_solve_model": 1637810594932, "time_solve_models.TimeSolveSPMe.time_solve_model": 1637810608027}, "benchmark_version": {"time_setup_models_and_sims.TimeBuildDFN.time_setup_DFN": "5f322e51e6b7e66125ee6949bdf25746005db467e8ffcfdcb3ace170e92bbc3d", "time_setup_models_and_sims.TimeBuildDFNSimulation.time_setup_DFN_simulation": "8de44bc542fa7d4ba28a80f24414a9444b5436673aaebba674918f5f0bfd0ebb", "time_setup_models_and_sims.TimeBuildSPM.time_setup_SPM": "0d0b3f5c67fc2da9a5794c66b70af5a45a09558d1ee95f738745385adb84fbca", "time_setup_models_and_sims.TimeBuildSPMSimulation.time_setup_SPM_simulation": "161220a99418ce4487cc29325cbae897f28d0e44ae07e1dfbfaac2cbc53a4ff9", "time_setup_models_and_sims.TimeBuildSPMe.time_setup_SPMe": "6083f5ff944353395eb4b21c97b02af555fe6528de3cd5283f5e139943945235", "time_setup_models_and_sims.TimeBuildSPMeSimulation.time_setup_SPMe_simulation": "530563cb559427795e3648d9648df9250ae100b7721f69eec356bdda7798c55e", "time_solve_models.TimeSolveDFN.time_solve_model": "914137228e20e5900cec36b0d3865f1faa2f5d479c7d6c2539514791f9ec4430", "time_solve_models.TimeSolveSPM.time_solve_model": "ef1bb5f8d1ddfa59650e20438c4b252d73e5a062714848ce1d6d5269382bc598", "time_solve_models.TimeSolveSPMe.time_solve_model": "20672028872f4620ce85e909bae705d9490de441e926510b2b0e53ff0881d87b"}, "version": 1}