{"results": {"time_setup_models_and_sims.TimeBuildDFN.time_setup_DFN": {"result": [0.7152823530000063], "stats": [{"ci_99": [0.7046182040000133, 0.7595946470000001], "q_25": 0.7098723352500116, "q_75": 0.7213375095000032, "min": 0.7046182040000133, "max": 0.7595946470000001, "mean": 0.7196820553000037, "std": 0.015681182871406258, "repeat": 10, "number": 1}]}, "time_setup_models_and_sims.TimeBuildDFNSimulation.time_setup_DFN_simulation": {"result": [0.22967792150001287, 0.535869050499997], "stats": [{"ci_99": [0.22415607299998896, 0.23983887800000048], "q_25": 0.22795536900001423, "q_75": 0.23248074375001693, "min": 0.22415607299998896, "max": 0.23983887800000048, "mean": 0.23080126200000564, "std": 0.005032780006928198, "repeat": 10, "number": 1}, {"ci_99": [0.5274489709999841, 0.5506776769999817], "q_25": 0.5315634642500058, "q_75": 0.5423139762500071, "min": 0.5274489709999841, "max": 0.5506776769999817, "mean": 0.5370215865999967, "std": 0.007093706655317032, "repeat": 10, "number": 1}], "params": [["False", "True"]]}, "time_setup_models_and_sims.TimeBuildSPM.time_setup_SPM": {"result": [0.44426407800000334], "stats": [{"ci_99": [0.43883011399998395, 0.4585944189999793], "q_25": 0.44082111625000664, "q_75": 0.44871104074999835, "min": 0.43883011399998395, "max": 0.4585944189999793, "mean": 0.4455309884999991, "std": 0.006132353567799922, "repeat": 10, "number": 1}]}, "time_setup_models_and_sims.TimeBuildSPMSimulation.time_setup_SPM_simulation": {"result": [0.22349530750001634, 0.4925890304999996], "stats": [{"ci_99": [0.21556945599999722, 0.2315811689999805], "q_25": 0.22200300724999522, "q_75": 0.2242663202499955, "min": 0.21556945599999722, "max": 0.2315811689999805, "mean": 0.2233979035999994, "std": 0.003770966662892887, "repeat": 10, "number": 1}, {"ci_99": [0.48750732599998514, 0.4951117340000053], "q_25": 0.49195725724999306, "q_75": 0.4938324090000208, "min": 0.48750732599998514, "max": 0.4951117340000053, "mean": 0.4921197135, "std": 0.0024525138185519995, "repeat": 10, "number": 1}], "params": [["False", "True"]]}, "time_setup_models_and_sims.TimeBuildSPMe.time_setup_SPMe": {"result": [0.632173971499995], "stats": [{"ci_99": [0.6254377550000072, 0.6393673689999844], "q_25": 0.6299465062500005, "q_75": 0.6349096017499889, "min": 0.6254377550000072, "max": 0.6393673689999844, "mean": 0.6322439622999951, "std": 0.004135723011109634, "repeat": 10, "number": 1}]}, "time_setup_models_and_sims.TimeBuildSPMeSimulation.time_setup_SPMe_simulation": {"result": [0.2362221430000062, 0.5617577955000002], "stats": [{"ci_99": [0.2314120419999881, 0.24185659200000487], "q_25": 0.23564302225000944, "q_75": 0.23731187699999623, "min": 0.2314120419999881, "max": 0.24185659200000487, "mean": 0.23635738010000013, "std": 0.0024911683376926553, "repeat": 10, "number": 1}, {"ci_99": [0.555392568000002, 0.5683997829999896], "q_25": 0.5591854562499989, "q_75": 0.5637650457499959, "min": 0.555392568000002, "max": 0.5683997829999896, "mean": 0.561689455100003, "std": 0.0035695138997089786, "repeat": 10, "number": 1}], "params": [["False", "True"]]}, "time_solve_models.TimeSolveDFN.time_solve_model": {"result": [0.6564091155000114, 0.8602311520000114], "stats": [{"ci_99": [0.6434516789999805, 0.6640706020000096], "q_25": 0.6513940204999997, "q_75": 0.6579974245000173, "min": 0.6434516789999805, "max": 0.6640706020000096, "mean": 0.6547660637500066, "std": 0.005852300932828162, "repeat": 8, "number": 1}, {"ci_99": [0.8542802819999906, 0.8860449750000043], "q_25": 0.8559697142499729, "q_75": 0.8695096147500152, "min": 0.8542802819999906, "max": 0.8860449750000043, "mean": 0.8637754874000023, "std": 0.009507636155463569, "repeat": 10, "number": 1}], "params": [["True", "False"]]}, "time_solve_models.TimeSolveSPM.time_solve_model": {"result": [0.026879098500018017, 0.05435509299999808], "stats": [{"ci_99": [0.026256598999992775, 0.027710399000000052], "q_25": 0.026557549000003178, "q_75": 0.027558124000002238, "min": 0.026256598999992775, "max": 0.027710399000000052, "mean": 0.026995478999998566, "std": 0.0005297965832853151, "repeat": 10, "number": 1}, {"ci_99": [0.05367949000000749, 0.0566944970000236], "q_25": 0.05402486650001492, "q_75": 0.05466292400000583, "min": 0.05367949000000749, "max": 0.0566944970000236, "mean": 0.054621225000005325, "std": 0.0009023433556535181, "repeat": 10, "number": 1}], "params": [["True", "False"]]}, "time_solve_models.TimeSolveSPMe.time_solve_model": {"result": [0.042380991999976914, 0.09721158649999495], "stats": [{"ci_99": [0.04159298999999805, 0.04926719099998422], "q_25": 0.042006472000011286, "q_75": 0.042583268249998696, "min": 0.04159298999999805, "max": 0.04926719099998422, "mean": 0.04311710430000062, "std": 0.002190950720013659, "repeat": 10, "number": 1}, {"ci_99": [0.0941180970000346, 0.10327557600001569], "q_25": 0.09614294700000414, "q_75": 0.09876005124998244, "min": 0.0941180970000346, "max": 0.10327557600001569, "mean": 0.09762189660000047, "std": 0.0026406145339396944, "repeat": 10, "number": 1}], "params": [["True", "False"]]}}, "params": {"machine": "GitHubRunner", "python": "3.8"}, "requirements": {}, "commit_hash": "6f4a152fa6e5aa7cb4812414c3a6c525f7efef5a", "date": 1629314755000, "env_name": "virtualenv-py3.8", "python": "3.8", "profiles": {}, "started_at": {"time_setup_models_and_sims.TimeBuildDFN.time_setup_DFN": 1629343352179, "time_setup_models_and_sims.TimeBuildDFNSimulation.time_setup_DFN_simulation": 1629343356842, "time_setup_models_and_sims.TimeBuildSPM.time_setup_SPM": 1629343361808, "time_setup_models_and_sims.TimeBuildSPMSimulation.time_setup_SPM_simulation": 1629343364767, "time_setup_models_and_sims.TimeBuildSPMe.time_setup_SPMe": 1629343369382, "time_setup_models_and_sims.TimeBuildSPMeSimulation.time_setup_SPMe_simulation": 1629343373593, "time_solve_models.TimeSolveDFN.time_solve_model": 1629343378710, "time_solve_models.TimeSolveSPM.time_solve_model": 1629343402411, "time_solve_models.TimeSolveSPMe.time_solve_model": 1629343411334}, "ended_at": {"time_setup_models_and_sims.TimeBuildDFN.time_setup_DFN": 1629343356841, "time_setup_models_and_sims.TimeBuildDFNSimulation.time_setup_DFN_simulation": 1629343361807, "time_setup_models_and_sims.TimeBuildSPM.time_setup_SPM": 1629343364767, "time_setup_models_and_sims.TimeBuildSPMSimulation.time_setup_SPM_simulation": 1629343369382, "time_setup_models_and_sims.TimeBuildSPMe.time_setup_SPMe": 1629343373593, "time_setup_models_and_sims.TimeBuildSPMeSimulation.time_setup_SPMe_simulation": 1629343378709, "time_solve_models.TimeSolveDFN.time_solve_model": 1629343402411, "time_solve_models.TimeSolveSPM.time_solve_model": 1629343411334, "time_solve_models.TimeSolveSPMe.time_solve_model": 1629343423663}, "benchmark_version": {"time_setup_models_and_sims.TimeBuildDFN.time_setup_DFN": "5f322e51e6b7e66125ee6949bdf25746005db467e8ffcfdcb3ace170e92bbc3d", "time_setup_models_and_sims.TimeBuildDFNSimulation.time_setup_DFN_simulation": "8de44bc542fa7d4ba28a80f24414a9444b5436673aaebba674918f5f0bfd0ebb", "time_setup_models_and_sims.TimeBuildSPM.time_setup_SPM": "0d0b3f5c67fc2da9a5794c66b70af5a45a09558d1ee95f738745385adb84fbca", "time_setup_models_and_sims.TimeBuildSPMSimulation.time_setup_SPM_simulation": "161220a99418ce4487cc29325cbae897f28d0e44ae07e1dfbfaac2cbc53a4ff9", "time_setup_models_and_sims.TimeBuildSPMe.time_setup_SPMe": "6083f5ff944353395eb4b21c97b02af555fe6528de3cd5283f5e139943945235", "time_setup_models_and_sims.TimeBuildSPMeSimulation.time_setup_SPMe_simulation": "530563cb559427795e3648d9648df9250ae100b7721f69eec356bdda7798c55e", "time_solve_models.TimeSolveDFN.time_solve_model": "914137228e20e5900cec36b0d3865f1faa2f5d479c7d6c2539514791f9ec4430", "time_solve_models.TimeSolveSPM.time_solve_model": "ef1bb5f8d1ddfa59650e20438c4b252d73e5a062714848ce1d6d5269382bc598", "time_solve_models.TimeSolveSPMe.time_solve_model": "20672028872f4620ce85e909bae705d9490de441e926510b2b0e53ff0881d87b"}, "version": 1}