{"results": {"time_setup_models_and_sims.TimeBuildDFN.time_setup_DFN": {"result": [0.9310525679998136], "stats": [{"ci_99": [0.8806657810000615, 1.0022970039999564], "q_25": 0.8943567400001484, "q_75": 0.9804868632500074, "min": 0.8806657810000615, "max": 1.0022970039999564, "mean": 0.9353839186999722, "std": 0.04443705936883813, "repeat": 10, "number": 1}]}, "time_setup_models_and_sims.TimeBuildDFNSimulation.time_setup_DFN_simulation": {"result": [0.08452017750005325, 0.16774408900027993], "stats": [{"ci_99": [0.07937698700061446, 0.10222406400043837], "q_25": 0.08305261325040192, "q_75": 0.09395457600021473, "min": 0.07937698700061446, "max": 0.10222406400043837, "mean": 0.0879583035001815, "std": 0.007389894712253355, "repeat": 10, "number": 1}, {"ci_99": [0.15873668499989435, 0.19848288199955277], "q_25": 0.165215030249783, "q_75": 0.176043024999899, "min": 0.15873668499989435, "max": 0.19848288199955277, "mean": 0.1718418661999749, "std": 0.011557854028900659, "repeat": 10, "number": 1}], "params": [["False", "True"]]}, "time_setup_models_and_sims.TimeBuildSPM.time_setup_SPM": {"result": [0.6652063369992902], "stats": [{"ci_99": [0.6261889730003531, 0.700832272000298], "q_25": 0.6629085690003649, "q_75": 0.6761735794998458, "min": 0.6261889730003531, "max": 0.700832272000298, "mean": 0.6664620262999051, "std": 0.022080915216748796, "repeat": 10, "number": 1}]}, "time_setup_models_and_sims.TimeBuildSPMSimulation.time_setup_SPM_simulation": {"result": [0.2339473854995049, 0.4533543434999956], "stats": [{"ci_99": [0.22265396100010548, 0.25168195700007345], "q_25": 0.23024854249979398, "q_75": 0.23982431950048522, "min": 0.22265396100010548, "max": 0.25168195700007345, "mean": 0.23524192499999116, "std": 0.007610070174842725, "repeat": 10, "number": 1}, {"ci_99": [0.4335108320001382, 0.48987725300048623], "q_25": 0.44734966149985667, "q_75": 0.48254495949959164, "min": 0.4335108320001382, "max": 0.48987725300048623, "mean": 0.4614202818999729, "std": 0.01951909280691346, "repeat": 10, "number": 1}], "params": [["False", "True"]]}, "time_setup_models_and_sims.TimeBuildSPMe.time_setup_SPMe": {"result": [0.7789840229997935], "stats": [{"ci_99": [0.756087333999858, 0.9081148680006663], "q_25": 0.7711281557494658, "q_75": 0.8122249542502686, "min": 0.756087333999858, "max": 0.9081148680006663, "mean": 0.7965550242000063, "std": 0.042606456750719265, "repeat": 10, "number": 1}]}, "time_setup_models_and_sims.TimeBuildSPMeSimulation.time_setup_SPMe_simulation": {"result": [0.1015807484996003, 0.2041218704998755], "stats": [{"ci_99": [0.09813183099959133, 0.11379364800086478], "q_25": 0.09896848524999768, "q_75": 0.10295953425020343, "min": 0.09813183099959133, "max": 0.11379364800086478, "mean": 0.10254691989994172, "std": 0.004718508549869237, "repeat": 10, "number": 1}, {"ci_99": [0.19839076099924569, 0.23723126700042485], "q_25": 0.2002972300001602, "q_75": 0.21307385774980503, "min": 0.19839076099924569, "max": 0.23723126700042485, "mean": 0.20953329229987502, "std": 0.012924699044089067, "repeat": 10, "number": 1}], "params": [["False", "True"]]}, "time_solve_models.TimeSolveDFN.time_solve_model": {"result": [1.0031035195002005, 1.1968619439999202], "stats": [{"ci_99": [0.9765313229050246, 1.0337807484285007], "q_25": 0.9891753702502228, "q_75": 1.0170822210000097, "min": 0.9867474639995635, "max": 1.0317072690004352, "mean": 1.0051560356667626, "std": 0.01688032656761997, "repeat": 6, "number": 1}, {"ci_99": [1.1522911500005648, 1.255277420999846], "q_25": 1.1720077109998783, "q_75": 1.220879718499873, "min": 1.1522911500005648, "max": 1.255277420999846, "mean": 1.2003191908750068, "std": 0.03584876486762376, "repeat": 8, "number": 1}], "params": [["True", "False"]]}, "time_solve_models.TimeSolveSPM.time_solve_model": {"result": [0.05751467399977628, 0.10653628149975702], "stats": [{"ci_99": [0.05421630199998617, 0.06317046899948764], "q_25": 0.05639481450043604, "q_75": 0.06237373274984748, "min": 0.05421630199998617, "max": 0.06317046899948764, "mean": 0.058800493799935794, "std": 0.0032022594379439912, "repeat": 10, "number": 1}, {"ci_99": [0.09852692999993451, 0.1157153570002265], "q_25": 0.1020499792496139, "q_75": 0.1124851517499792, "min": 0.09852692999993451, "max": 0.1157153570002265, "mean": 0.10728181089998542, "std": 0.006023767078697574, "repeat": 10, "number": 1}], "params": [["True", "False"]]}, "time_solve_models.TimeSolveSPMe.time_solve_model": {"result": [0.08160739799996009, 0.15272967900045842], "stats": [{"ci_99": [0.07587976200011326, 0.09427009700084454], "q_25": 0.07849987500003408, "q_75": 0.0879649967498608, "min": 0.07587976200011326, "max": 0.09427009700084454, "mean": 0.08345751470014875, "std": 0.006053183989403641, "repeat": 10, "number": 1}, {"ci_99": [0.14567897699998866, 0.16532411099979072], "q_25": 0.14739331450027748, "q_75": 0.15801010674977078, "min": 0.14567897699998866, "max": 0.16532411099979072, "mean": 0.15333088800016412, "std": 0.006332077675528279, "repeat": 10, "number": 1}], "params": [["True", "False"]]}}, "params": {"machine": "GitHubRunner", "python": "3.8"}, "requirements": {}, "commit_hash": "70f328d920eb775921bf90a091426274da2b015f", "date": 1605039111000, "env_name": "virtualenv-py3.8", "python": "3.8", "profiles": {}, "started_at": {"time_setup_models_and_sims.TimeBuildDFN.time_setup_DFN": 1613146430828, "time_setup_models_and_sims.TimeBuildDFNSimulation.time_setup_DFN_simulation": 1613146436950, "time_setup_models_and_sims.TimeBuildSPM.time_setup_SPM": 1613146438815, "time_setup_models_and_sims.TimeBuildSPMSimulation.time_setup_SPM_simulation": 1613146443232, "time_setup_models_and_sims.TimeBuildSPMe.time_setup_SPMe": 1613146448106, "time_setup_models_and_sims.TimeBuildSPMeSimulation.time_setup_SPMe_simulation": 1613146453176, "time_solve_models.TimeSolveDFN.time_solve_model": 1613146455392, "time_solve_models.TimeSolveSPM.time_solve_model": 1613146480228, "time_solve_models.TimeSolveSPMe.time_solve_model": 1613146491972}, "ended_at": {"time_setup_models_and_sims.TimeBuildDFN.time_setup_DFN": 1613146436950, "time_setup_models_and_sims.TimeBuildDFNSimulation.time_setup_DFN_simulation": 1613146438814, "time_setup_models_and_sims.TimeBuildSPM.time_setup_SPM": 1613146443231, "time_setup_models_and_sims.TimeBuildSPMSimulation.time_setup_SPM_simulation": 1613146448105, "time_setup_models_and_sims.TimeBuildSPMe.time_setup_SPMe": 1613146453176, "time_setup_models_and_sims.TimeBuildSPMeSimulation.time_setup_SPMe_simulation": 1613146455391, "time_solve_models.TimeSolveDFN.time_solve_model": 1613146480227, "time_solve_models.TimeSolveSPM.time_solve_model": 1613146491971, "time_solve_models.TimeSolveSPMe.time_solve_model": 1613146506372}, "benchmark_version": {"time_setup_models_and_sims.TimeBuildDFN.time_setup_DFN": "5f322e51e6b7e66125ee6949bdf25746005db467e8ffcfdcb3ace170e92bbc3d", "time_setup_models_and_sims.TimeBuildDFNSimulation.time_setup_DFN_simulation": "8de44bc542fa7d4ba28a80f24414a9444b5436673aaebba674918f5f0bfd0ebb", "time_setup_models_and_sims.TimeBuildSPM.time_setup_SPM": "0d0b3f5c67fc2da9a5794c66b70af5a45a09558d1ee95f738745385adb84fbca", "time_setup_models_and_sims.TimeBuildSPMSimulation.time_setup_SPM_simulation": "161220a99418ce4487cc29325cbae897f28d0e44ae07e1dfbfaac2cbc53a4ff9", "time_setup_models_and_sims.TimeBuildSPMe.time_setup_SPMe": "6083f5ff944353395eb4b21c97b02af555fe6528de3cd5283f5e139943945235", "time_setup_models_and_sims.TimeBuildSPMeSimulation.time_setup_SPMe_simulation": "530563cb559427795e3648d9648df9250ae100b7721f69eec356bdda7798c55e", "time_solve_models.TimeSolveDFN.time_solve_model": "914137228e20e5900cec36b0d3865f1faa2f5d479c7d6c2539514791f9ec4430", "time_solve_models.TimeSolveSPM.time_solve_model": "ef1bb5f8d1ddfa59650e20438c4b252d73e5a062714848ce1d6d5269382bc598", "time_solve_models.TimeSolveSPMe.time_solve_model": "20672028872f4620ce85e909bae705d9490de441e926510b2b0e53ff0881d87b"}, "version": 1}