{"results": {"time_setup_models_and_sims.TimeBuildDFN.time_setup_DFN": {"result": [1.227609138999469], "stats": [{"ci_99": [1.1298578009991616, 1.2823863239991624], "q_25": 1.2188745579996976, "q_75": 1.2376923812498717, "min": 1.1298578009991616, "max": 1.2823863239991624, "mean": 1.2216824650995477, "std": 0.03965857796048277, "repeat": 10, "number": 1}]}, "time_setup_models_and_sims.TimeBuildDFNSimulation.time_setup_DFN_simulation": {"result": [0.2865944554996531, 0.566387018999194], "stats": [{"ci_99": [0.2719214969984023, 0.30207372800032317], "q_25": 0.2787729807487267, "q_75": 0.2987864262504445, "min": 0.2719214969984023, "max": 0.30207372800032317, "mean": 0.2879311593997045, "std": 0.010889136287747212, "repeat": 10, "number": 1}, {"ci_99": [0.5282469960002345, 0.5929564559992286], "q_25": 0.5405046820001189, "q_75": 0.5801590610003586, "min": 0.5282469960002345, "max": 0.5929564559992286, "mean": 0.5626226107999173, "std": 0.02280194461142551, "repeat": 10, "number": 1}], "params": [["False", "True"]]}, "time_setup_models_and_sims.TimeBuildSPM.time_setup_SPM": {"result": [0.8504536959999314], "stats": [{"ci_99": [0.7841331580002588, 0.8938637909996032], "q_25": 0.8141605480009275, "q_75": 0.8735998659985853, "min": 0.7841331580002588, "max": 0.8938637909996032, "mean": 0.8426730813998802, "std": 0.03644696319973514, "repeat": 10, "number": 1}]}, "time_setup_models_and_sims.TimeBuildSPMSimulation.time_setup_SPM_simulation": {"result": [0.39076987550015474, 0.7081385199999204], "stats": [{"ci_99": [0.3547127050005656, 0.414144653999756], "q_25": 0.37015264549881977, "q_75": 0.40448745399953623, "min": 0.3547127050005656, "max": 0.414144653999756, "mean": 0.3860427007999533, "std": 0.02041143371096032, "repeat": 10, "number": 1}, {"ci_99": [0.6735867659990618, 0.7598109780010418], "q_25": 0.6937795184999231, "q_75": 0.7324425187498491, "min": 0.6735867659990618, "max": 0.7598109780010418, "mean": 0.7139219220000086, "std": 0.025438500301224968, "repeat": 10, "number": 1}], "params": [["False", "True"]]}, "time_setup_models_and_sims.TimeBuildSPMe.time_setup_SPMe": {"result": [1.061518707500909], "stats": [{"ci_99": [0.9475070560001768, 1.1386003899988282], "q_25": 1.0036375752497406, "q_75": 1.08598519474981, "min": 0.9475070560001768, "max": 1.1386003899988282, "mean": 1.0479077877998861, "std": 0.058152662488570955, "repeat": 10, "number": 1}]}, "time_setup_models_and_sims.TimeBuildSPMeSimulation.time_setup_SPMe_simulation": {"result": [0.2954711224992934, 0.6213544774991533], "stats": [{"ci_99": [0.28370108300077845, 0.3333110560015484], "q_25": 0.2922177452487631, "q_75": 0.32015270174952093, "min": 0.28370108300077845, "max": 0.3333110560015484, "mean": 0.3042215972998747, "std": 0.016796238479909704, "repeat": 10, "number": 1}, {"ci_99": [0.5588308009992033, 0.6618942570003128], "q_25": 0.589584988999377, "q_75": 0.637694358499175, "min": 0.5588308009992033, "max": 0.6618942570003128, "mean": 0.6135999816995537, "std": 0.03124735780899546, "repeat": 10, "number": 1}], "params": [["False", "True"]]}, "time_solve_models.TimeSolveDFN.time_solve_model": {"result": [1.383977588999187, 1.6109484329990664], "stats": [{"ci_99": [1.309791418119427, 1.4664681366794625], "q_25": 1.355825743999958, "q_75": 1.4190037089992984, "min": 1.3395764249999047, "max": 1.4422654199988756, "mean": 1.3881297773994448, "std": 0.038215407164404434, "repeat": 5, "number": 1}, {"ci_99": [1.546505980000802, 1.652734390599285], "q_25": 1.5922899610004606, "q_75": 1.6256453427499764, "min": 1.546505980000802, "max": 1.6419153839997307, "mean": 1.6044888354999784, "std": 0.031011629965081777, "repeat": 6, "number": 1}], "params": [["True", "False"]]}, "time_solve_models.TimeSolveSPM.time_solve_model": {"result": [0.0665070384993669, 0.10829969350015745], "stats": [{"ci_99": [0.06142285200076003, 0.07025471700035268], "q_25": 0.06380849300057889, "q_75": 0.0688538044996676, "min": 0.06142285200076003, "max": 0.07025471700035268, "mean": 0.066274496799997, "std": 0.0031108930730806054, "repeat": 10, "number": 1}, {"ci_99": [0.10462226699928578, 0.1214552929995989], "q_25": 0.10672838225036685, "q_75": 0.1193175005005287, "min": 0.10462226699928578, "max": 0.1214552929995989, "mean": 0.11212005310007953, "std": 0.0066236335697763445, "repeat": 10, "number": 1}], "params": [["True", "False"]]}, "time_solve_models.TimeSolveSPMe.time_solve_model": {"result": [0.11209327249980561, 0.19600643800004036], "stats": [{"ci_99": [0.10397396500047762, 0.12259050100146851], "q_25": 0.1068064347505242, "q_75": 0.11688188074958816, "min": 0.10397396500047762, "max": 0.12259050100146851, "mean": 0.11254804580003111, "std": 0.006188641230544686, "repeat": 10, "number": 1}, {"ci_99": [0.17616809500032105, 0.20115327799976512], "q_25": 0.19115252475057787, "q_75": 0.19796702424991963, "min": 0.17616809500032105, "max": 0.20115327799976512, "mean": 0.19282524450009078, "std": 0.008213445090373429, "repeat": 10, "number": 1}], "params": [["True", "False"]]}}, "params": {"machine": "GitHubRunner", "python": "3.8"}, "requirements": {}, "commit_hash": "71630c593d2092d102f1e400c7605f21161646da", "date": 1597786338000, "env_name": "virtualenv-py3.8", "python": "3.8", "profiles": {}, "started_at": {"time_setup_models_and_sims.TimeBuildDFN.time_setup_DFN": 1613150060232, "time_setup_models_and_sims.TimeBuildDFNSimulation.time_setup_DFN_simulation": 1613150067758, "time_setup_models_and_sims.TimeBuildSPM.time_setup_SPM": 1613150073284, "time_setup_models_and_sims.TimeBuildSPMSimulation.time_setup_SPM_simulation": 1613150078503, "time_setup_models_and_sims.TimeBuildSPMe.time_setup_SPMe": 1613150085483, "time_setup_models_and_sims.TimeBuildSPMeSimulation.time_setup_SPMe_simulation": 1613150091905, "time_solve_models.TimeSolveDFN.time_solve_model": 1613150097686, "time_solve_models.TimeSolveSPM.time_solve_model": 1613150127331, "time_solve_models.TimeSolveSPMe.time_solve_model": 1613150141179}, "ended_at": {"time_setup_models_and_sims.TimeBuildDFN.time_setup_DFN": 1613150067758, "time_setup_models_and_sims.TimeBuildDFNSimulation.time_setup_DFN_simulation": 1613150073282, "time_setup_models_and_sims.TimeBuildSPM.time_setup_SPM": 1613150078503, "time_setup_models_and_sims.TimeBuildSPMSimulation.time_setup_SPM_simulation": 1613150085482, "time_setup_models_and_sims.TimeBuildSPMe.time_setup_SPMe": 1613150091904, "time_setup_models_and_sims.TimeBuildSPMeSimulation.time_setup_SPMe_simulation": 1613150097685, "time_solve_models.TimeSolveDFN.time_solve_model": 1613150127330, "time_solve_models.TimeSolveSPM.time_solve_model": 1613150141178, "time_solve_models.TimeSolveSPMe.time_solve_model": 1613150158886}, "benchmark_version": {"time_setup_models_and_sims.TimeBuildDFN.time_setup_DFN": "5f322e51e6b7e66125ee6949bdf25746005db467e8ffcfdcb3ace170e92bbc3d", "time_setup_models_and_sims.TimeBuildDFNSimulation.time_setup_DFN_simulation": "8de44bc542fa7d4ba28a80f24414a9444b5436673aaebba674918f5f0bfd0ebb", "time_setup_models_and_sims.TimeBuildSPM.time_setup_SPM": "0d0b3f5c67fc2da9a5794c66b70af5a45a09558d1ee95f738745385adb84fbca", "time_setup_models_and_sims.TimeBuildSPMSimulation.time_setup_SPM_simulation": "161220a99418ce4487cc29325cbae897f28d0e44ae07e1dfbfaac2cbc53a4ff9", "time_setup_models_and_sims.TimeBuildSPMe.time_setup_SPMe": "6083f5ff944353395eb4b21c97b02af555fe6528de3cd5283f5e139943945235", "time_setup_models_and_sims.TimeBuildSPMeSimulation.time_setup_SPMe_simulation": "530563cb559427795e3648d9648df9250ae100b7721f69eec356bdda7798c55e", "time_solve_models.TimeSolveDFN.time_solve_model": "914137228e20e5900cec36b0d3865f1faa2f5d479c7d6c2539514791f9ec4430", "time_solve_models.TimeSolveSPM.time_solve_model": "ef1bb5f8d1ddfa59650e20438c4b252d73e5a062714848ce1d6d5269382bc598", "time_solve_models.TimeSolveSPMe.time_solve_model": "20672028872f4620ce85e909bae705d9490de441e926510b2b0e53ff0881d87b"}, "version": 1}