{"results": {"time_setup_models_and_sims.TimeBuildDFN.time_setup_DFN": {"result": [1.0121046929998556], "stats": [{"ci_99": [0.9704135850006423, 1.0512650820001], "q_25": 1.0076459367505777, "q_75": 1.0298527437503253, "min": 0.9704135850006423, "max": 1.0512650820001, "mean": 1.0145036502000948, "std": 0.02443614991126236, "repeat": 10, "number": 1}]}, "time_setup_models_and_sims.TimeBuildDFNSimulation.time_setup_DFN_simulation": {"result": [0.0955920979995426, 0.1932356119996257], "stats": [{"ci_99": [0.09006855799998448, 0.10165944199980004], "q_25": 0.09383018525022635, "q_75": 0.09995678025006782, "min": 0.09006855799998448, "max": 0.10165944199980004, "mean": 0.09620060260003811, "std": 0.0037629091965124357, "repeat": 10, "number": 1}, {"ci_99": [0.17556928299927677, 0.20243427899913513], "q_25": 0.1911946972500118, "q_75": 0.19443076925017522, "min": 0.17556928299927677, "max": 0.20243427899913513, "mean": 0.1922959944997274, "std": 0.006419866964280767, "repeat": 10, "number": 1}], "params": [["False", "True"]]}, "time_setup_models_and_sims.TimeBuildSPM.time_setup_SPM": {"result": [0.6783132045002276], "stats": [{"ci_99": [0.6490276379990974, 0.7072335640004894], "q_25": 0.6615824312502809, "q_75": 0.6961798117508806, "min": 0.6490276379990974, "max": 0.7072335640004894, "mean": 0.678557226200246, "std": 0.01983916469874116, "repeat": 10, "number": 1}]}, "time_setup_models_and_sims.TimeBuildSPMSimulation.time_setup_SPM_simulation": {"result": [0.23460686399994302, 0.44803147300081037], "stats": [{"ci_99": [0.22485934200085467, 0.2571541770012118], "q_25": 0.22597985150059685, "q_75": 0.2407603592491796, "min": 0.22485934200085467, "max": 0.2571541770012118, "mean": 0.2360779544000252, "std": 0.010820487740317707, "repeat": 10, "number": 1}, {"ci_99": [0.42200428300020576, 0.47343375600030413], "q_25": 0.4286975294999138, "q_75": 0.4625820284995825, "min": 0.42200428300020576, "max": 0.47343375600030413, "mean": 0.4465078907998759, "std": 0.01787550796187089, "repeat": 10, "number": 1}], "params": [["False", "True"]]}, "time_setup_models_and_sims.TimeBuildSPMe.time_setup_SPMe": {"result": [0.8149368494996452], "stats": [{"ci_99": [0.7899851669990312, 0.8794553259995155], "q_25": 0.7991886097511269, "q_75": 0.8588929002494297, "min": 0.7899851669990312, "max": 0.8794553259995155, "mean": 0.8267369177998262, "std": 0.032863072528602086, "repeat": 10, "number": 1}]}, "time_setup_models_and_sims.TimeBuildSPMeSimulation.time_setup_SPMe_simulation": {"result": [0.1271742290000475, 0.22932257499996922], "stats": [{"ci_99": [0.11131491199921584, 0.1364274959996692], "q_25": 0.12334062624904618, "q_75": 0.13229469075031375, "min": 0.11131491199921584, "max": 0.1364274959996692, "mean": 0.1261332409998431, "std": 0.00786971373645107, "repeat": 10, "number": 1}, {"ci_99": [0.22522544400089828, 0.2448073879986623], "q_25": 0.22624640175126842, "q_75": 0.2379001632489235, "min": 0.22522544400089828, "max": 0.2448073879986623, "mean": 0.23204887470001268, "std": 0.007288760859390572, "repeat": 10, "number": 1}], "params": [["False", "True"]]}, "time_solve_models.TimeSolveDFN.time_solve_model": {"result": [1.3024001564999708, 1.5030835244997434], "stats": [{"ci_99": [1.2620806904754474, 1.3479974399997445], "q_25": 1.287959156249599, "q_75": 1.3197748882498672, "min": 1.2663828500008094, "max": 1.3479974399997445, "mean": 1.3046487596666339, "std": 0.026527163410744563, "repeat": 6, "number": 1}, {"ci_99": [1.442308633999346, 1.575512407000133], "q_25": 1.4665624304993798, "q_75": 1.5209968514996035, "min": 1.442308633999346, "max": 1.575512407000133, "mean": 1.5001919282497056, "std": 0.03983260836877095, "repeat": 8, "number": 1}], "params": [["True", "False"]]}, "time_solve_models.TimeSolveSPM.time_solve_model": {"result": [0.06687088850048895, 0.11569099400003324], "stats": [{"ci_99": [0.06432377000055567, 0.0739383389991417], "q_25": 0.06482057350058312, "q_75": 0.068850277501042, "min": 0.06432377000055567, "max": 0.0739383389991417, "mean": 0.06739727210024285, "std": 0.002945865677517638, "repeat": 10, "number": 1}, {"ci_99": [0.10521206799967331, 0.11997977499959234], "q_25": 0.1099895522497718, "q_75": 0.11874234174956655, "min": 0.10521206799967331, "max": 0.11997977499959234, "mean": 0.11421518349980034, "std": 0.005193915605479114, "repeat": 10, "number": 1}], "params": [["True", "False"]]}, "time_solve_models.TimeSolveSPMe.time_solve_model": {"result": [0.11056885749985668, 0.18462384750000638], "stats": [{"ci_99": [0.10296925100010412, 0.12411520599926007], "q_25": 0.10504251699921952, "q_75": 0.11430573375037056, "min": 0.10296925100010412, "max": 0.12411520599926007, "mean": 0.11123507209977106, "std": 0.006749369452251274, "repeat": 10, "number": 1}, {"ci_99": [0.17368476699994062, 0.19353671299904818], "q_25": 0.1758239332498306, "q_75": 0.19016928849941905, "min": 0.17368476699994062, "max": 0.19353671299904818, "mean": 0.18358684989962057, "std": 0.00732034599735014, "repeat": 10, "number": 1}], "params": [["True", "False"]]}}, "params": {"machine": "GitHubRunner", "python": "3.8"}, "requirements": {}, "commit_hash": "729e5f803ea49c3cfa8567c35ab13e18953edf23", "date": 1589447941000, "env_name": "virtualenv-py3.8", "python": "3.8", "profiles": {}, "started_at": {"time_setup_models_and_sims.TimeBuildDFN.time_setup_DFN": 1613154535710, "time_setup_models_and_sims.TimeBuildDFNSimulation.time_setup_DFN_simulation": 1613154542083, "time_setup_models_and_sims.TimeBuildSPM.time_setup_SPM": 1613154543997, "time_setup_models_and_sims.TimeBuildSPMSimulation.time_setup_SPM_simulation": 1613154548313, "time_setup_models_and_sims.TimeBuildSPMe.time_setup_SPMe": 1613154552734, "time_setup_models_and_sims.TimeBuildSPMeSimulation.time_setup_SPMe_simulation": 1613154557902, "time_solve_models.TimeSolveDFN.time_solve_model": 1613154560267, "time_solve_models.TimeSolveSPM.time_solve_model": 1613154589912, "time_solve_models.TimeSolveSPMe.time_solve_model": 1613154601760}, "ended_at": {"time_setup_models_and_sims.TimeBuildDFN.time_setup_DFN": 1613154542083, "time_setup_models_and_sims.TimeBuildDFNSimulation.time_setup_DFN_simulation": 1613154543996, "time_setup_models_and_sims.TimeBuildSPM.time_setup_SPM": 1613154548313, "time_setup_models_and_sims.TimeBuildSPMSimulation.time_setup_SPM_simulation": 1613154552733, "time_setup_models_and_sims.TimeBuildSPMe.time_setup_SPMe": 1613154557902, "time_setup_models_and_sims.TimeBuildSPMeSimulation.time_setup_SPMe_simulation": 1613154560266, "time_solve_models.TimeSolveDFN.time_solve_model": 1613154589911, "time_solve_models.TimeSolveSPM.time_solve_model": 1613154601760, "time_solve_models.TimeSolveSPMe.time_solve_model": 1613154616660}, "benchmark_version": {"time_setup_models_and_sims.TimeBuildDFN.time_setup_DFN": "5f322e51e6b7e66125ee6949bdf25746005db467e8ffcfdcb3ace170e92bbc3d", "time_setup_models_and_sims.TimeBuildDFNSimulation.time_setup_DFN_simulation": "8de44bc542fa7d4ba28a80f24414a9444b5436673aaebba674918f5f0bfd0ebb", "time_setup_models_and_sims.TimeBuildSPM.time_setup_SPM": "0d0b3f5c67fc2da9a5794c66b70af5a45a09558d1ee95f738745385adb84fbca", "time_setup_models_and_sims.TimeBuildSPMSimulation.time_setup_SPM_simulation": "161220a99418ce4487cc29325cbae897f28d0e44ae07e1dfbfaac2cbc53a4ff9", "time_setup_models_and_sims.TimeBuildSPMe.time_setup_SPMe": "6083f5ff944353395eb4b21c97b02af555fe6528de3cd5283f5e139943945235", "time_setup_models_and_sims.TimeBuildSPMeSimulation.time_setup_SPMe_simulation": "530563cb559427795e3648d9648df9250ae100b7721f69eec356bdda7798c55e", "time_solve_models.TimeSolveDFN.time_solve_model": "914137228e20e5900cec36b0d3865f1faa2f5d479c7d6c2539514791f9ec4430", "time_solve_models.TimeSolveSPM.time_solve_model": "ef1bb5f8d1ddfa59650e20438c4b252d73e5a062714848ce1d6d5269382bc598", "time_solve_models.TimeSolveSPMe.time_solve_model": "20672028872f4620ce85e909bae705d9490de441e926510b2b0e53ff0881d87b"}, "version": 1}