{"results": {"time_setup_models_and_sims.TimeBuildDFN.time_setup_DFN": {"result": [0.532182059500002], "stats": [{"ci_99": [0.4819837010000043, 0.6013674600000058], "q_25": 0.5106517452500015, "q_75": 0.556852737749999, "min": 0.4819837010000043, "max": 0.6013674600000058, "mean": 0.5350228881000006, "std": 0.03723519556669237, "repeat": 10, "number": 1}]}, "time_setup_models_and_sims.TimeBuildDFNSimulation.time_setup_DFN_simulation": {"result": [0.1604217165000037, 0.3749712335000055], "stats": [{"ci_99": [0.15023787499998775, 0.17872284300000274], "q_25": 0.15263224400001008, "q_75": 0.16652937950001245, "min": 0.15023787499998775, "max": 0.17872284300000274, "mean": 0.16059350190000288, "std": 0.008641341451983808, "repeat": 10, "number": 1}, {"ci_99": [0.35279216099999644, 0.40234207100000674], "q_25": 0.36010006799999417, "q_75": 0.38931112150000047, "min": 0.35279216099999644, "max": 0.40234207100000674, "mean": 0.3757345524999991, "std": 0.016540343842463376, "repeat": 10, "number": 1}], "params": [["False", "True"]]}, "time_setup_models_and_sims.TimeBuildSPM.time_setup_SPM": {"result": [0.2997858939999958], "stats": [{"ci_99": [0.29213591299999564, 0.3130290489999936], "q_25": 0.2978487307499975, "q_75": 0.3054588465000059, "min": 0.29213591299999564, "max": 0.3130290489999936, "mean": 0.30138509620000065, "std": 0.006205007275984855, "repeat": 10, "number": 1}]}, "time_setup_models_and_sims.TimeBuildSPMSimulation.time_setup_SPM_simulation": {"result": [0.16133992500000005, 0.36088159149999655], "stats": [{"ci_99": [0.14736965299999838, 0.17411565800000517], "q_25": 0.15217631624999228, "q_75": 0.16994531299999238, "min": 0.14736965299999838, "max": 0.17411565800000517, "mean": 0.1611184247999958, "std": 0.00966117276831301, "repeat": 10, "number": 1}, {"ci_99": [0.3301627159999896, 0.3787525670000065], "q_25": 0.34525721424999034, "q_75": 0.3738712184999997, "min": 0.3301627159999896, "max": 0.3787525670000065, "mean": 0.3579769354999954, "std": 0.01681738388551937, "repeat": 10, "number": 1}], "params": [["False", "True"]]}, "time_setup_models_and_sims.TimeBuildSPMe.time_setup_SPMe": {"result": [0.4347549619999924], "stats": [{"ci_99": [0.4183259830000168, 0.45969254700000306], "q_25": 0.42345306974999275, "q_75": 0.4454847105000006, "min": 0.4183259830000168, "max": 0.45969254700000306, "mean": 0.4357992809999985, "std": 0.013562466126961645, "repeat": 10, "number": 1}]}, "time_setup_models_and_sims.TimeBuildSPMeSimulation.time_setup_SPMe_simulation": {"result": [0.16586791749999463, 0.38543260899999865], "stats": [{"ci_99": [0.15736227600000063, 0.17359931300001108], "q_25": 0.16471401999998747, "q_75": 0.1711986727500019, "min": 0.15736227600000063, "max": 0.17359931300001108, "mean": 0.16653186719999838, "std": 0.00503653815464105, "repeat": 10, "number": 1}, {"ci_99": [0.36571942800000556, 0.4063359049999917], "q_25": 0.3725082830000055, "q_75": 0.39762959975001877, "min": 0.36571942800000556, "max": 0.4063359049999917, "mean": 0.38533775660000347, "std": 0.014073372836197537, "repeat": 10, "number": 1}], "params": [["False", "True"]]}, "time_solve_models.TimeSolveDFN.time_solve_model": {"result": [0.49319911250000104, 0.6487033085000036], "stats": [{"ci_99": [0.4814075759999952, 0.5458134750000028], "q_25": 0.48930612799999196, "q_75": 0.4973664812500189, "min": 0.4814075759999952, "max": 0.5458134750000028, "mean": 0.4973665850000003, "std": 0.01689500518749554, "repeat": 10, "number": 1}, {"ci_99": [0.6273127059999979, 0.6780421100000069], "q_25": 0.6411770469999851, "q_75": 0.6554097530000007, "min": 0.6273127059999979, "max": 0.6780421100000069, "mean": 0.6482915436000013, "std": 0.013713670974141844, "repeat": 10, "number": 1}], "params": [["True", "False"]]}, "time_solve_models.TimeSolveSPM.time_solve_model": {"result": [0.019383539499983726, 0.0398271990000012], "stats": [{"ci_99": [0.018405301000001373, 0.022331922000006443], "q_25": 0.019164654749985743, "q_75": 0.021777328500007798, "min": 0.018405301000001373, "max": 0.022331922000006443, "mean": 0.02021976969999173, "std": 0.0014515256205024536, "repeat": 10, "number": 1}, {"ci_99": [0.038143166000025985, 0.043219610999983615], "q_25": 0.038465919249993874, "q_75": 0.0410528817500051, "min": 0.038143166000025985, "max": 0.043219610999983615, "mean": 0.04011110740000277, "std": 0.0017429342551423341, "repeat": 10, "number": 1}], "params": [["True", "False"]]}, "time_solve_models.TimeSolveSPMe.time_solve_model": {"result": [0.029951948000004336, 0.07092926649998788], "stats": [{"ci_99": [0.028845179999990478, 0.03383845799999108], "q_25": 0.029541915500004734, "q_75": 0.03238760850000233, "min": 0.028845179999990478, "max": 0.03383845799999108, "mean": 0.030779988200001183, "std": 0.0017566086136901258, "repeat": 10, "number": 1}, {"ci_99": [0.0684385099999929, 0.07401361699999143], "q_25": 0.06974491650000658, "q_75": 0.07209999275000456, "min": 0.0684385099999929, "max": 0.07401361699999143, "mean": 0.0708878344999988, "std": 0.0017111877588694517, "repeat": 10, "number": 1}], "params": [["True", "False"]]}}, "params": {"machine": "GitHubRunner", "python": "3.8"}, "requirements": {}, "commit_hash": "76bfd1697b5f8cf182c8518797278330af332c89", "date": 1631123494000, "env_name": "virtualenv-py3.8", "python": "3.8", "profiles": {}, "started_at": {"time_setup_models_and_sims.TimeBuildDFN.time_setup_DFN": 1631157667488, "time_setup_models_and_sims.TimeBuildDFNSimulation.time_setup_DFN_simulation": 1631157671161, "time_setup_models_and_sims.TimeBuildSPM.time_setup_SPM": 1631157674636, "time_setup_models_and_sims.TimeBuildSPMSimulation.time_setup_SPM_simulation": 1631157676748, "time_setup_models_and_sims.TimeBuildSPMe.time_setup_SPMe": 1631157680019, "time_setup_models_and_sims.TimeBuildSPMeSimulation.time_setup_SPMe_simulation": 1631157682940, "time_solve_models.TimeSolveDFN.time_solve_model": 1631157686712, "time_solve_models.TimeSolveSPM.time_solve_model": 1631157706241, "time_solve_models.TimeSolveSPMe.time_solve_model": 1631157712622}, "ended_at": {"time_setup_models_and_sims.TimeBuildDFN.time_setup_DFN": 1631157671160, "time_setup_models_and_sims.TimeBuildDFNSimulation.time_setup_DFN_simulation": 1631157674634, "time_setup_models_and_sims.TimeBuildSPM.time_setup_SPM": 1631157676747, "time_setup_models_and_sims.TimeBuildSPMSimulation.time_setup_SPM_simulation": 1631157680018, "time_setup_models_and_sims.TimeBuildSPMe.time_setup_SPMe": 1631157682940, "time_setup_models_and_sims.TimeBuildSPMeSimulation.time_setup_SPMe_simulation": 1631157686711, "time_solve_models.TimeSolveDFN.time_solve_model": 1631157706240, "time_solve_models.TimeSolveSPM.time_solve_model": 1631157712621, "time_solve_models.TimeSolveSPMe.time_solve_model": 1631157721612}, "benchmark_version": {"time_setup_models_and_sims.TimeBuildDFN.time_setup_DFN": "5f322e51e6b7e66125ee6949bdf25746005db467e8ffcfdcb3ace170e92bbc3d", "time_setup_models_and_sims.TimeBuildDFNSimulation.time_setup_DFN_simulation": "8de44bc542fa7d4ba28a80f24414a9444b5436673aaebba674918f5f0bfd0ebb", "time_setup_models_and_sims.TimeBuildSPM.time_setup_SPM": "0d0b3f5c67fc2da9a5794c66b70af5a45a09558d1ee95f738745385adb84fbca", "time_setup_models_and_sims.TimeBuildSPMSimulation.time_setup_SPM_simulation": "161220a99418ce4487cc29325cbae897f28d0e44ae07e1dfbfaac2cbc53a4ff9", "time_setup_models_and_sims.TimeBuildSPMe.time_setup_SPMe": "6083f5ff944353395eb4b21c97b02af555fe6528de3cd5283f5e139943945235", "time_setup_models_and_sims.TimeBuildSPMeSimulation.time_setup_SPMe_simulation": "530563cb559427795e3648d9648df9250ae100b7721f69eec356bdda7798c55e", "time_solve_models.TimeSolveDFN.time_solve_model": "914137228e20e5900cec36b0d3865f1faa2f5d479c7d6c2539514791f9ec4430", "time_solve_models.TimeSolveSPM.time_solve_model": "ef1bb5f8d1ddfa59650e20438c4b252d73e5a062714848ce1d6d5269382bc598", "time_solve_models.TimeSolveSPMe.time_solve_model": "20672028872f4620ce85e909bae705d9490de441e926510b2b0e53ff0881d87b"}, "version": 1}