{"results": {"time_setup_models_and_sims.TimeBuildDFN.time_setup_DFN": {"result": [0.7302070964999956], "stats": [{"ci_99": [0.7186719350000033, 0.7431308230000013], "q_25": 0.7258400234999982, "q_75": 0.7339163740000032, "min": 0.7186719350000033, "max": 0.7431308230000013, "mean": 0.7301196362000013, "std": 0.006479189054978918, "repeat": 10, "number": 1}]}, "time_setup_models_and_sims.TimeBuildDFNSimulation.time_setup_DFN_simulation": {"result": [0.21432250300000533, 0.5135690005000129], "stats": [{"ci_99": [0.20692768000000683, 0.21957310199999824], "q_25": 0.21182747674999902, "q_75": 0.21633130024999758, "min": 0.20692768000000683, "max": 0.21957310199999824, "mean": 0.2139940655000018, "std": 0.003712223643446986, "repeat": 10, "number": 1}, {"ci_99": [0.4981493410000155, 0.5270127080000009], "q_25": 0.506667185499996, "q_75": 0.519322652500005, "min": 0.4981493410000155, "max": 0.5270127080000009, "mean": 0.5127461121000053, "std": 0.008737201031880285, "repeat": 10, "number": 1}], "params": [["False", "True"]]}, "time_setup_models_and_sims.TimeBuildSPM.time_setup_SPM": {"result": [0.5286323855000035], "stats": [{"ci_99": [0.512920887000007, 0.570462023999994], "q_25": 0.5253664842500143, "q_75": 0.5330323889999917, "min": 0.512920887000007, "max": 0.570462023999994, "mean": 0.5333314882999985, "std": 0.0162463846493623, "repeat": 10, "number": 1}]}, "time_setup_models_and_sims.TimeBuildSPMSimulation.time_setup_SPM_simulation": {"result": [0.27569008300000064, 0.5841186129999869], "stats": [{"ci_99": [0.2591789210000002, 0.2933188009999981], "q_25": 0.2678799977499935, "q_75": 0.28173765225000125, "min": 0.2591789210000002, "max": 0.2933188009999981, "mean": 0.27503607250000073, "std": 0.00993078967528367, "repeat": 10, "number": 1}, {"ci_99": [0.5691857740000046, 0.6028062670000054], "q_25": 0.5760751490000118, "q_75": 0.5920713047500072, "min": 0.5691857740000046, "max": 0.6028062670000054, "mean": 0.5845871561999985, "std": 0.010463765689500373, "repeat": 10, "number": 1}], "params": [["False", "True"]]}, "time_setup_models_and_sims.TimeBuildSPMe.time_setup_SPMe": {"result": [0.6791278759999955], "stats": [{"ci_99": [0.6684743639999908, 0.6945469990000106], "q_25": 0.6727655964999926, "q_75": 0.6808655642499986, "min": 0.6684743639999908, "max": 0.6945469990000106, "mean": 0.6785829312999965, "std": 0.007794547245817837, "repeat": 10, "number": 1}]}, "time_setup_models_and_sims.TimeBuildSPMeSimulation.time_setup_SPMe_simulation": {"result": [0.248265712999995, 0.5796519735000061], "stats": [{"ci_99": [0.24273240400000873, 0.2632694780000122], "q_25": 0.24561108524999042, "q_75": 0.25270484999999354, "min": 0.24273240400000873, "max": 0.2632694780000122, "mean": 0.25013332139999706, "std": 0.006452233924021275, "repeat": 10, "number": 1}, {"ci_99": [0.568580637999986, 0.6077122030000055], "q_25": 0.5754081434999989, "q_75": 0.589795493000004, "min": 0.568580637999986, "max": 0.6077122030000055, "mean": 0.5838693093000018, "std": 0.012483284721309535, "repeat": 10, "number": 1}], "params": [["False", "True"]]}, "time_solve_models.TimeSolveDFN.time_solve_model": {"result": [0.637867546999999, 0.847053543499996], "stats": [{"ci_99": [0.6188868440000022, 0.6579674660000023], "q_25": 0.628202280999993, "q_75": 0.6450861400000036, "min": 0.6188868440000022, "max": 0.6579674660000023, "mean": 0.637436359499997, "std": 0.011848258560757743, "repeat": 8, "number": 1}, {"ci_99": [0.8153064809999933, 0.8601445930000011], "q_25": 0.8343778809999876, "q_75": 0.8556198359999954, "min": 0.8153064809999933, "max": 0.8601445930000011, "mean": 0.8438903838999977, "std": 0.013509513156850167, "repeat": 10, "number": 1}], "params": [["True", "False"]]}, "time_solve_models.TimeSolveSPM.time_solve_model": {"result": [0.027231948499988334, 0.05291102299999295], "stats": [{"ci_99": [0.025558012000004737, 0.03087206499998274], "q_25": 0.02564027250001999, "q_75": 0.028713287249992447, "min": 0.025558012000004737, "max": 0.03087206499998274, "mean": 0.02739902289999634, "std": 0.0018012845781897747, "repeat": 10, "number": 1}, {"ci_99": [0.05157765999999242, 0.05435818899999845], "q_25": 0.05277772625001376, "q_75": 0.0538196387499994, "min": 0.05157765999999242, "max": 0.05435818899999845, "mean": 0.053140419500002166, "std": 0.0007832703072674274, "repeat": 10, "number": 1}], "params": [["True", "False"]]}, "time_solve_models.TimeSolveSPMe.time_solve_model": {"result": [0.03714246050002146, 0.09164059499997279], "stats": [{"ci_99": [0.03589268199999651, 0.04027880900000014], "q_25": 0.036904611500020224, "q_75": 0.03752710349998978, "min": 0.03589268199999651, "max": 0.04027880900000014, "mean": 0.03743294720000847, "std": 0.0011147844017546983, "repeat": 10, "number": 1}, {"ci_99": [0.0892430279999985, 0.10238599799998838], "q_25": 0.0906898467499957, "q_75": 0.09326437074999205, "min": 0.0892430279999985, "max": 0.10238599799998838, "mean": 0.09280795889999353, "std": 0.003638942473726797, "repeat": 10, "number": 1}], "params": [["True", "False"]]}}, "params": {"machine": "GitHubRunner", "python": "3.8"}, "requirements": {}, "commit_hash": "77f71696d9b91581da6f211a4d2a2e65f3ca325a", "date": 1635952342000, "env_name": "virtualenv-py3.8", "python": "3.8", "profiles": {}, "started_at": {"time_setup_models_and_sims.TimeBuildDFN.time_setup_DFN": 1635996156535, "time_setup_models_and_sims.TimeBuildDFNSimulation.time_setup_DFN_simulation": 1635996161352, "time_setup_models_and_sims.TimeBuildSPM.time_setup_SPM": 1635996166026, "time_setup_models_and_sims.TimeBuildSPMSimulation.time_setup_SPM_simulation": 1635996169539, "time_setup_models_and_sims.TimeBuildSPMe.time_setup_SPMe": 1635996175010, "time_setup_models_and_sims.TimeBuildSPMeSimulation.time_setup_SPMe_simulation": 1635996179527, "time_solve_models.TimeSolveDFN.time_solve_model": 1635996184848, "time_solve_models.TimeSolveSPM.time_solve_model": 1635996208782, "time_solve_models.TimeSolveSPMe.time_solve_model": 1635996218966}, "ended_at": {"time_setup_models_and_sims.TimeBuildDFN.time_setup_DFN": 1635996161352, "time_setup_models_and_sims.TimeBuildDFNSimulation.time_setup_DFN_simulation": 1635996166025, "time_setup_models_and_sims.TimeBuildSPM.time_setup_SPM": 1635996169538, "time_setup_models_and_sims.TimeBuildSPMSimulation.time_setup_SPM_simulation": 1635996175009, "time_setup_models_and_sims.TimeBuildSPMe.time_setup_SPMe": 1635996179526, "time_setup_models_and_sims.TimeBuildSPMeSimulation.time_setup_SPMe_simulation": 1635996184848, "time_solve_models.TimeSolveDFN.time_solve_model": 1635996208781, "time_solve_models.TimeSolveSPM.time_solve_model": 1635996218966, "time_solve_models.TimeSolveSPMe.time_solve_model": 1635996232360}, "benchmark_version": {"time_setup_models_and_sims.TimeBuildDFN.time_setup_DFN": "5f322e51e6b7e66125ee6949bdf25746005db467e8ffcfdcb3ace170e92bbc3d", "time_setup_models_and_sims.TimeBuildDFNSimulation.time_setup_DFN_simulation": "8de44bc542fa7d4ba28a80f24414a9444b5436673aaebba674918f5f0bfd0ebb", "time_setup_models_and_sims.TimeBuildSPM.time_setup_SPM": "0d0b3f5c67fc2da9a5794c66b70af5a45a09558d1ee95f738745385adb84fbca", "time_setup_models_and_sims.TimeBuildSPMSimulation.time_setup_SPM_simulation": "161220a99418ce4487cc29325cbae897f28d0e44ae07e1dfbfaac2cbc53a4ff9", "time_setup_models_and_sims.TimeBuildSPMe.time_setup_SPMe": "6083f5ff944353395eb4b21c97b02af555fe6528de3cd5283f5e139943945235", "time_setup_models_and_sims.TimeBuildSPMeSimulation.time_setup_SPMe_simulation": "530563cb559427795e3648d9648df9250ae100b7721f69eec356bdda7798c55e", "time_solve_models.TimeSolveDFN.time_solve_model": "914137228e20e5900cec36b0d3865f1faa2f5d479c7d6c2539514791f9ec4430", "time_solve_models.TimeSolveSPM.time_solve_model": "ef1bb5f8d1ddfa59650e20438c4b252d73e5a062714848ce1d6d5269382bc598", "time_solve_models.TimeSolveSPMe.time_solve_model": "20672028872f4620ce85e909bae705d9490de441e926510b2b0e53ff0881d87b"}, "version": 1}