{"results": {"time_setup_models_and_sims.TimeBuildDFN.time_setup_DFN": {"result": [0.5956171169999891], "stats": [{"ci_99": [0.5785842219999893, 0.6073602799999946], "q_25": 0.590714380000005, "q_75": 0.596602182250006, "min": 0.5785842219999893, "max": 0.6073602799999946, "mean": 0.5944890876999963, "std": 0.007376072075232381, "repeat": 10, "number": 1}]}, "time_setup_models_and_sims.TimeBuildDFNSimulation.time_setup_DFN_simulation": {"result": [0.195553845500001, 0.4469931345000049], "stats": [{"ci_99": [0.18698795999998197, 0.19854202000000498], "q_25": 0.19344602374998843, "q_75": 0.19689814350000745, "min": 0.18698795999998197, "max": 0.19854202000000498, "mean": 0.19452834949999698, "std": 0.003664394442793915, "repeat": 10, "number": 1}, {"ci_99": [0.43879568299999505, 0.4579639290000159], "q_25": 0.44323072875001657, "q_75": 0.45274513874999656, "min": 0.43879568299999505, "max": 0.4579639290000159, "mean": 0.44745357000000324, "std": 0.0062751596782540725, "repeat": 10, "number": 1}], "params": [["False", "True"]]}, "time_setup_models_and_sims.TimeBuildSPM.time_setup_SPM": {"result": [0.3692471060000173], "stats": [{"ci_99": [0.36651688099999546, 0.3784017149999954], "q_25": 0.3685498770000102, "q_75": 0.3707174937500035, "min": 0.36651688099999546, "max": 0.3784017149999954, "mean": 0.3701062239000052, "std": 0.003335629794167058, "repeat": 10, "number": 1}]}, "time_setup_models_and_sims.TimeBuildSPMSimulation.time_setup_SPM_simulation": {"result": [0.18972437799999398, 0.4178883114999934], "stats": [{"ci_99": [0.17979224199999067, 0.1929652190000013], "q_25": 0.18701896124998996, "q_75": 0.1928611647499956, "min": 0.17979224199999067, "max": 0.1929652190000013, "mean": 0.18920322529999395, "std": 0.004011438447652941, "repeat": 10, "number": 1}, {"ci_99": [0.4127691599999963, 0.42287235599999917], "q_25": 0.41368753750000664, "q_75": 0.4205563777500032, "min": 0.4127691599999963, "max": 0.42287235599999917, "mean": 0.4174969838999999, "std": 0.0036177815239317192, "repeat": 10, "number": 1}], "params": [["False", "True"]]}, "time_setup_models_and_sims.TimeBuildSPMe.time_setup_SPMe": {"result": [0.520441416500006], "stats": [{"ci_99": [0.5124839470000069, 0.5266667100000006], "q_25": 0.5179289215000082, "q_75": 0.5232369595000037, "min": 0.5124839470000069, "max": 0.5266667100000006, "mean": 0.5203628132000062, "std": 0.004081396401138098, "repeat": 10, "number": 1}]}, "time_setup_models_and_sims.TimeBuildSPMeSimulation.time_setup_SPMe_simulation": {"result": [0.20251124849998803, 0.4758746679999888], "stats": [{"ci_99": [0.19855901200000403, 0.20798214999999232], "q_25": 0.20045392049999577, "q_75": 0.20408537899999857, "min": 0.19855901200000403, "max": 0.20798214999999232, "mean": 0.20244102489999705, "std": 0.002776849845949925, "repeat": 10, "number": 1}, {"ci_99": [0.4673556840000117, 0.4799690440000006], "q_25": 0.47389245274998615, "q_75": 0.4772165004999991, "min": 0.4673556840000117, "max": 0.4799690440000006, "mean": 0.4749921897999968, "std": 0.0035051286745824586, "repeat": 10, "number": 1}], "params": [["False", "True"]]}, "time_solve_models.TimeSolveDFN.time_solve_model": {"result": [0.6099481905000061, 0.8025611804999926], "stats": [{"ci_99": [0.5872289270000124, 0.6189714440000103], "q_25": 0.6017958944999933, "q_75": 0.6123951682499893, "min": 0.5872289270000124, "max": 0.6189714440000103, "mean": 0.6063494200000037, "std": 0.009224944525030662, "repeat": 10, "number": 1}, {"ci_99": [0.7914430179999954, 0.8148095360000127], "q_25": 0.8001535402500153, "q_75": 0.8038851052499965, "min": 0.7914430179999954, "max": 0.8148095360000127, "mean": 0.8023651574000012, "std": 0.005614602025591643, "repeat": 10, "number": 1}], "params": [["True", "False"]]}, "time_solve_models.TimeSolveSPM.time_solve_model": {"result": [0.0235107379999846, 0.04787371199999768], "stats": [{"ci_99": [0.02281811000000289, 0.02475978999999029], "q_25": 0.023391306499995324, "q_75": 0.023669695999991802, "min": 0.02281811000000289, "max": 0.02475978999999029, "mean": 0.02356854049999413, "std": 0.0004646549300713755, "repeat": 10, "number": 1}, {"ci_99": [0.04699807000000078, 0.04886476200002221], "q_25": 0.04741041499998744, "q_75": 0.04828283525000643, "min": 0.04699807000000078, "max": 0.04886476200002221, "mean": 0.047898915200002536, "std": 0.0005772977483142694, "repeat": 10, "number": 1}], "params": [["True", "False"]]}, "time_solve_models.TimeSolveSPMe.time_solve_model": {"result": [0.03655561499999749, 0.08600869550001278], "stats": [{"ci_99": [0.03559767199999442, 0.037866673000024775], "q_25": 0.036174448000004134, "q_75": 0.03693753099998531, "min": 0.03559767199999442, "max": 0.037866673000024775, "mean": 0.036630957999997805, "std": 0.0006602186154304395, "repeat": 10, "number": 1}, {"ci_99": [0.08491393400001357, 0.08668703899999741], "q_25": 0.08547840375000959, "q_75": 0.08646715950001038, "min": 0.08491393400001357, "max": 0.08668703899999741, "mean": 0.08593027230000701, "std": 0.0005945010586455793, "repeat": 10, "number": 1}], "params": [["True", "False"]]}}, "params": {"machine": "GitHubRunner", "python": "3.8"}, "requirements": {}, "commit_hash": "78b7eb63b05b25dcceaa88c23e32a7118215e4d3", "date": 1628018099000, "env_name": "virtualenv-py3.8", "python": "3.8", "profiles": {}, "started_at": {"time_setup_models_and_sims.TimeBuildDFN.time_setup_DFN": 1628220151023, "time_setup_models_and_sims.TimeBuildDFNSimulation.time_setup_DFN_simulation": 1628220154993, "time_setup_models_and_sims.TimeBuildSPM.time_setup_SPM": 1628220159115, "time_setup_models_and_sims.TimeBuildSPMSimulation.time_setup_SPM_simulation": 1628220161677, "time_setup_models_and_sims.TimeBuildSPMe.time_setup_SPMe": 1628220165651, "time_setup_models_and_sims.TimeBuildSPMeSimulation.time_setup_SPMe_simulation": 1628220169167, "time_solve_models.TimeSolveDFN.time_solve_model": 1628220173540, "time_solve_models.TimeSolveSPM.time_solve_model": 1628220197127, "time_solve_models.TimeSolveSPMe.time_solve_model": 1628220204611}, "ended_at": {"time_setup_models_and_sims.TimeBuildDFN.time_setup_DFN": 1628220154993, "time_setup_models_and_sims.TimeBuildDFNSimulation.time_setup_DFN_simulation": 1628220159114, "time_setup_models_and_sims.TimeBuildSPM.time_setup_SPM": 1628220161677, "time_setup_models_and_sims.TimeBuildSPMSimulation.time_setup_SPM_simulation": 1628220165650, "time_setup_models_and_sims.TimeBuildSPMe.time_setup_SPMe": 1628220169167, "time_setup_models_and_sims.TimeBuildSPMeSimulation.time_setup_SPMe_simulation": 1628220173539, "time_solve_models.TimeSolveDFN.time_solve_model": 1628220197127, "time_solve_models.TimeSolveSPM.time_solve_model": 1628220204610, "time_solve_models.TimeSolveSPMe.time_solve_model": 1628220215053}, "benchmark_version": {"time_setup_models_and_sims.TimeBuildDFN.time_setup_DFN": "5f322e51e6b7e66125ee6949bdf25746005db467e8ffcfdcb3ace170e92bbc3d", "time_setup_models_and_sims.TimeBuildDFNSimulation.time_setup_DFN_simulation": "8de44bc542fa7d4ba28a80f24414a9444b5436673aaebba674918f5f0bfd0ebb", "time_setup_models_and_sims.TimeBuildSPM.time_setup_SPM": "0d0b3f5c67fc2da9a5794c66b70af5a45a09558d1ee95f738745385adb84fbca", "time_setup_models_and_sims.TimeBuildSPMSimulation.time_setup_SPM_simulation": "161220a99418ce4487cc29325cbae897f28d0e44ae07e1dfbfaac2cbc53a4ff9", "time_setup_models_and_sims.TimeBuildSPMe.time_setup_SPMe": "6083f5ff944353395eb4b21c97b02af555fe6528de3cd5283f5e139943945235", "time_setup_models_and_sims.TimeBuildSPMeSimulation.time_setup_SPMe_simulation": "530563cb559427795e3648d9648df9250ae100b7721f69eec356bdda7798c55e", "time_solve_models.TimeSolveDFN.time_solve_model": "914137228e20e5900cec36b0d3865f1faa2f5d479c7d6c2539514791f9ec4430", "time_solve_models.TimeSolveSPM.time_solve_model": "ef1bb5f8d1ddfa59650e20438c4b252d73e5a062714848ce1d6d5269382bc598", "time_solve_models.TimeSolveSPMe.time_solve_model": "20672028872f4620ce85e909bae705d9490de441e926510b2b0e53ff0881d87b"}, "version": 1}