{"results": {"time_setup_models_and_sims.TimeBuildDFN.time_setup_DFN": {"result": [0.5132448615000058], "stats": [{"ci_99": [0.5086865510000109, 0.5171273569999926], "q_25": 0.512976430000009, "q_75": 0.5156288799999871, "min": 0.5086865510000109, "max": 0.5171273569999926, "mean": 0.5136838187000023, "std": 0.0023170532018259296, "repeat": 10, "number": 1}]}, "time_setup_models_and_sims.TimeBuildDFNSimulation.time_setup_DFN_simulation": {"result": [0.15582606249999031, 0.3657927645000001], "stats": [{"ci_99": [0.15436253800000088, 0.15688707800001112], "q_25": 0.15528867999999463, "q_75": 0.1564025194999914, "min": 0.15436253800000088, "max": 0.15688707800001112, "mean": 0.1558092314999982, "std": 0.0007355711454069387, "repeat": 10, "number": 1}, {"ci_99": [0.36378338800000165, 0.3676443360000121], "q_25": 0.36430553974999924, "q_75": 0.367225104500001, "min": 0.36378338800000165, "max": 0.3676443360000121, "mean": 0.3657281501000028, "std": 0.0014850000748759988, "repeat": 10, "number": 1}], "params": [["False", "True"]]}, "time_setup_models_and_sims.TimeBuildSPM.time_setup_SPM": {"result": [0.3683217110000072], "stats": [{"ci_99": [0.36270907200000124, 0.3726758270000232], "q_25": 0.366341012999996, "q_75": 0.3710503474999953, "min": 0.36270907200000124, "max": 0.3726758270000232, "mean": 0.3685063041999996, "std": 0.003132575963727906, "repeat": 10, "number": 1}]}, "time_setup_models_and_sims.TimeBuildSPMSimulation.time_setup_SPM_simulation": {"result": [0.19389159749999862, 0.4227155875000008], "stats": [{"ci_99": [0.1932454020000023, 0.19806972099999598], "q_25": 0.19364085950000387, "q_75": 0.19417441849998696, "min": 0.1932454020000023, "max": 0.19806972099999598, "mean": 0.1942972074999986, "std": 0.0013362389768138332, "repeat": 10, "number": 1}, {"ci_99": [0.4205754200000058, 0.42426814300000615], "q_25": 0.42137718499999366, "q_75": 0.4233707302499923, "min": 0.4205754200000058, "max": 0.42426814300000615, "mean": 0.42246503810000036, "std": 0.0011662400237302212, "repeat": 10, "number": 1}], "params": [["False", "True"]]}, "time_setup_models_and_sims.TimeBuildSPMe.time_setup_SPMe": {"result": [0.4773474240000084], "stats": [{"ci_99": [0.4712209119999926, 0.484254457999981], "q_25": 0.4741968839999977, "q_75": 0.48307118675002414, "min": 0.4712209119999926, "max": 0.484254457999981, "mean": 0.4782538815000009, "std": 0.00467495014910043, "repeat": 10, "number": 1}]}, "time_setup_models_and_sims.TimeBuildSPMeSimulation.time_setup_SPMe_simulation": {"result": [0.18109311199999212, 0.4237838159999967], "stats": [{"ci_99": [0.17941916000000901, 0.18260226500001409], "q_25": 0.1803913754999975, "q_75": 0.18166959750001865, "min": 0.17941916000000901, "max": 0.18260226500001409, "mean": 0.1809772109000022, "std": 0.0009407535048647762, "repeat": 10, "number": 1}, {"ci_99": [0.421596438000023, 0.42628359600000465], "q_25": 0.4233065929999924, "q_75": 0.4247123202499914, "min": 0.421596438000023, "max": 0.42628359600000465, "mean": 0.42398084849999834, "std": 0.0013622574059034178, "repeat": 10, "number": 1}], "params": [["False", "True"]]}, "time_solve_models.TimeSolveDFN.time_solve_model": {"result": [0.5122794459999938, 0.672751425499996], "stats": [{"ci_99": [0.5086566440000126, 0.515522983000011], "q_25": 0.5101002825000052, "q_75": 0.5138514570000083, "min": 0.5086566440000126, "max": 0.515522983000011, "mean": 0.5120333359000029, "std": 0.002211398596625895, "repeat": 10, "number": 1}, {"ci_99": [0.667955008000007, 0.6763984629999982], "q_25": 0.6705335749999932, "q_75": 0.6740834814999985, "min": 0.667955008000007, "max": 0.6763984629999982, "mean": 0.6724868717999982, "std": 0.0026370133224818356, "repeat": 10, "number": 1}], "params": [["True", "False"]]}, "time_solve_models.TimeSolveSPM.time_solve_model": {"result": [0.019339401500005238, 0.04066184399999884], "stats": [{"ci_99": [0.019228553999994347, 0.01948755099999744], "q_25": 0.019258328999988805, "q_75": 0.019405774000020415, "min": 0.019228553999994347, "max": 0.01948755099999744, "mean": 0.019338341700003526, "std": 8.23829458195582e-05, "repeat": 10, "number": 1}, {"ci_99": [0.04046584400001052, 0.04101434099999324], "q_25": 0.040487711500006185, "q_75": 0.04086301400000991, "min": 0.04046584400001052, "max": 0.04101434099999324, "mean": 0.040690119800004254, "std": 0.00019817444927348088, "repeat": 10, "number": 1}], "params": [["True", "False"]]}, "time_solve_models.TimeSolveSPMe.time_solve_model": {"result": [0.02852851800001588, 0.07033665000000155], "stats": [{"ci_99": [0.028311516000002257, 0.02881802100000641], "q_25": 0.0284199144999846, "q_75": 0.0286554962499892, "min": 0.028311516000002257, "max": 0.02881802100000641, "mean": 0.02853587730000129, "std": 0.00015620048054162247, "repeat": 10, "number": 1}, {"ci_99": [0.0698304359999895, 0.07089385499998002], "q_25": 0.07000446699999685, "q_75": 0.07043780700001179, "min": 0.0698304359999895, "max": 0.07089385499998002, "mean": 0.07028605929999684, "std": 0.0003051469587297949, "repeat": 10, "number": 1}], "params": [["True", "False"]]}}, "params": {"machine": "GitHubRunner", "python": "3.8"}, "requirements": {}, "commit_hash": "7b748f8f0122c8edf3096ad5b9fee749a551b0c9", "date": 1636124423000, "env_name": "virtualenv-py3.8", "python": "3.8", "profiles": {}, "started_at": {"time_setup_models_and_sims.TimeBuildDFN.time_setup_DFN": 1636255296482, "time_setup_models_and_sims.TimeBuildDFNSimulation.time_setup_DFN_simulation": 1636255299947, "time_setup_models_and_sims.TimeBuildSPM.time_setup_SPM": 1636255303417, "time_setup_models_and_sims.TimeBuildSPMSimulation.time_setup_SPM_simulation": 1636255305930, "time_setup_models_and_sims.TimeBuildSPMe.time_setup_SPMe": 1636255310000, "time_setup_models_and_sims.TimeBuildSPMeSimulation.time_setup_SPMe_simulation": 1636255313265, "time_solve_models.TimeSolveDFN.time_solve_model": 1636255317236, "time_solve_models.TimeSolveSPM.time_solve_model": 1636255337463, "time_solve_models.TimeSolveSPMe.time_solve_model": 1636255344845}, "ended_at": {"time_setup_models_and_sims.TimeBuildDFN.time_setup_DFN": 1636255299946, "time_setup_models_and_sims.TimeBuildDFNSimulation.time_setup_DFN_simulation": 1636255303416, "time_setup_models_and_sims.TimeBuildSPM.time_setup_SPM": 1636255305929, "time_setup_models_and_sims.TimeBuildSPMSimulation.time_setup_SPM_simulation": 1636255310000, "time_setup_models_and_sims.TimeBuildSPMe.time_setup_SPMe": 1636255313264, "time_setup_models_and_sims.TimeBuildSPMeSimulation.time_setup_SPMe_simulation": 1636255317235, "time_solve_models.TimeSolveDFN.time_solve_model": 1636255337462, "time_solve_models.TimeSolveSPM.time_solve_model": 1636255344844, "time_solve_models.TimeSolveSPMe.time_solve_model": 1636255354533}, "benchmark_version": {"time_setup_models_and_sims.TimeBuildDFN.time_setup_DFN": "5f322e51e6b7e66125ee6949bdf25746005db467e8ffcfdcb3ace170e92bbc3d", "time_setup_models_and_sims.TimeBuildDFNSimulation.time_setup_DFN_simulation": "8de44bc542fa7d4ba28a80f24414a9444b5436673aaebba674918f5f0bfd0ebb", "time_setup_models_and_sims.TimeBuildSPM.time_setup_SPM": "0d0b3f5c67fc2da9a5794c66b70af5a45a09558d1ee95f738745385adb84fbca", "time_setup_models_and_sims.TimeBuildSPMSimulation.time_setup_SPM_simulation": "161220a99418ce4487cc29325cbae897f28d0e44ae07e1dfbfaac2cbc53a4ff9", "time_setup_models_and_sims.TimeBuildSPMe.time_setup_SPMe": "6083f5ff944353395eb4b21c97b02af555fe6528de3cd5283f5e139943945235", "time_setup_models_and_sims.TimeBuildSPMeSimulation.time_setup_SPMe_simulation": "530563cb559427795e3648d9648df9250ae100b7721f69eec356bdda7798c55e", "time_solve_models.TimeSolveDFN.time_solve_model": "914137228e20e5900cec36b0d3865f1faa2f5d479c7d6c2539514791f9ec4430", "time_solve_models.TimeSolveSPM.time_solve_model": "ef1bb5f8d1ddfa59650e20438c4b252d73e5a062714848ce1d6d5269382bc598", "time_solve_models.TimeSolveSPMe.time_solve_model": "20672028872f4620ce85e909bae705d9490de441e926510b2b0e53ff0881d87b"}, "version": 1}