{"results": {"time_setup_models_and_sims.TimeBuildDFN.time_setup_DFN": {"result": [0.4977431649999957], "stats": [{"ci_99": [0.49461499699999933, 0.4999339169999928], "q_25": 0.49603089374999954, "q_75": 0.499233334000003, "min": 0.49461499699999933, "max": 0.4999339169999928, "mean": 0.4975921127999996, "std": 0.0018232915219532787, "repeat": 10, "number": 1}]}, "time_setup_models_and_sims.TimeBuildDFNSimulation.time_setup_DFN_simulation": {"result": [0.14243531349999472, 0.34264141750000476], "stats": [{"ci_99": [0.1418536159999917, 0.14303752399999325], "q_25": 0.14219036124999818, "q_75": 0.14283492300000944, "min": 0.1418536159999917, "max": 0.14303752399999325, "mean": 0.1424900072000014, "std": 0.00038614004657201365, "repeat": 10, "number": 1}, {"ci_99": [0.3414093439999988, 0.3437096930000081], "q_25": 0.3423953787499947, "q_75": 0.34294073775001266, "min": 0.3414093439999988, "max": 0.3437096930000081, "mean": 0.3425962675000022, "std": 0.0006837390096978475, "repeat": 10, "number": 1}], "params": [["False", "True"]]}, "time_setup_models_and_sims.TimeBuildSPM.time_setup_SPM": {"result": [0.3019339909999985], "stats": [{"ci_99": [0.2994194919999984, 0.303048270000005], "q_25": 0.3010976354999997, "q_75": 0.3021915285000105, "min": 0.2994194919999984, "max": 0.303048270000005, "mean": 0.30163359729999967, "std": 0.0009909213121035198, "repeat": 10, "number": 1}]}, "time_setup_models_and_sims.TimeBuildSPMSimulation.time_setup_SPM_simulation": {"result": [0.13765089199999636, 0.3145905810000045], "stats": [{"ci_99": [0.1370926780000019, 0.1443281329999877], "q_25": 0.13740700774999937, "q_75": 0.13784778675000098, "min": 0.1370926780000019, "max": 0.1443281329999877, "mean": 0.13822870149999603, "std": 0.0020543981309033956, "repeat": 10, "number": 1}, {"ci_99": [0.3140690529999972, 0.31759245899999655], "q_25": 0.31435326274999653, "q_75": 0.315521650000008, "min": 0.3140690529999972, "max": 0.31759245899999655, "mean": 0.3150558720000006, "std": 0.0010755916749431195, "repeat": 10, "number": 1}], "params": [["False", "True"]]}, "time_setup_models_and_sims.TimeBuildSPMe.time_setup_SPMe": {"result": [0.4306291145000074], "stats": [{"ci_99": [0.4292321690000023, 0.43591729700000315], "q_25": 0.4296224229999943, "q_75": 0.4318804799999967, "min": 0.4292321690000023, "max": 0.43591729700000315, "mean": 0.43120437920000254, "std": 0.0019763220196154316, "repeat": 10, "number": 1}]}, "time_setup_models_and_sims.TimeBuildSPMeSimulation.time_setup_SPMe_simulation": {"result": [0.14673420849999985, 0.36129707749999795], "stats": [{"ci_99": [0.14626379700000314, 0.14870503399998825], "q_25": 0.1465230012500065, "q_75": 0.14735129324999363, "min": 0.14626379700000314, "max": 0.14870503399998825, "mean": 0.14700830140000107, "std": 0.0006979337336085673, "repeat": 10, "number": 1}, {"ci_99": [0.35872829599999534, 0.36436578200000724], "q_25": 0.3595533642499973, "q_75": 0.3617939820000089, "min": 0.35872829599999534, "max": 0.36436578200000724, "mean": 0.36093934179999965, "std": 0.0016251498634322866, "repeat": 10, "number": 1}], "params": [["False", "True"]]}, "time_solve_models.TimeSolveDFN.time_solve_model": {"result": [0.5467215219999844, 0.7207134939999946], "stats": [{"ci_99": [0.5439974530000029, 0.5537149989999932], "q_25": 0.5461222000000063, "q_75": 0.5486453242500104, "min": 0.5439974530000029, "max": 0.5537149989999932, "mean": 0.5475401435000009, "std": 0.002570451264254895, "repeat": 10, "number": 1}, {"ci_99": [0.7140867619999938, 0.7282691349999766], "q_25": 0.7179296752500051, "q_75": 0.7229637927499937, "min": 0.7140867619999938, "max": 0.7282691349999766, "mean": 0.7208377067999976, "std": 0.004009877124979655, "repeat": 10, "number": 1}], "params": [["True", "False"]]}, "time_solve_models.TimeSolveSPM.time_solve_model": {"result": [0.020196247999990646, 0.041672466499989014], "stats": [{"ci_99": [0.019864041999994697, 0.02042224900000633], "q_25": 0.020033584749995725, "q_75": 0.020256150750022073, "min": 0.019864041999994697, "max": 0.02042224900000633, "mean": 0.020149285900001247, "std": 0.00017719351886724542, "repeat": 10, "number": 1}, {"ci_99": [0.04141775700000494, 0.04234281600000145], "q_25": 0.041540330250001034, "q_75": 0.04182072300000783, "min": 0.04141775700000494, "max": 0.04234281600000145, "mean": 0.04171806069999775, "std": 0.00024999278463600346, "repeat": 10, "number": 1}], "params": [["True", "False"]]}, "time_solve_models.TimeSolveSPMe.time_solve_model": {"result": [0.0320823820000129, 0.07389445849999277], "stats": [{"ci_99": [0.03186389399999712, 0.032591402999997854], "q_25": 0.031958170000017105, "q_75": 0.03227705975000106, "min": 0.03186389399999712, "max": 0.032591402999997854, "mean": 0.032142818200000534, "std": 0.00024024032800938147, "repeat": 10, "number": 1}, {"ci_99": [0.07364695499998675, 0.07410445499999696], "q_25": 0.07375235324998641, "q_75": 0.074004263500008, "min": 0.07364695499998675, "max": 0.07410445499999696, "mean": 0.07388687999999491, "std": 0.00015872323399738008, "repeat": 10, "number": 1}], "params": [["True", "False"]]}}, "params": {"machine": "GitHubRunner", "python": "3.8"}, "requirements": {}, "commit_hash": "7d413edeb154f56f8579c3d9929d02ef9f3a3e29", "date": 1627313250000, "env_name": "virtualenv-py3.8", "python": "3.8", "profiles": {}, "started_at": {"time_setup_models_and_sims.TimeBuildDFN.time_setup_DFN": 1627356190201, "time_setup_models_and_sims.TimeBuildDFNSimulation.time_setup_DFN_simulation": 1627356193566, "time_setup_models_and_sims.TimeBuildSPM.time_setup_SPM": 1627356196735, "time_setup_models_and_sims.TimeBuildSPMSimulation.time_setup_SPM_simulation": 1627356198845, "time_setup_models_and_sims.TimeBuildSPMe.time_setup_SPMe": 1627356201863, "time_setup_models_and_sims.TimeBuildSPMeSimulation.time_setup_SPMe_simulation": 1627356204776, "time_solve_models.TimeSolveDFN.time_solve_model": 1627356208151, "time_solve_models.TimeSolveSPM.time_solve_model": 1627356228730, "time_solve_models.TimeSolveSPMe.time_solve_model": 1627356235109}, "ended_at": {"time_setup_models_and_sims.TimeBuildDFN.time_setup_DFN": 1627356193566, "time_setup_models_and_sims.TimeBuildDFNSimulation.time_setup_DFN_simulation": 1627356196734, "time_setup_models_and_sims.TimeBuildSPM.time_setup_SPM": 1627356198845, "time_setup_models_and_sims.TimeBuildSPMSimulation.time_setup_SPM_simulation": 1627356201862, "time_setup_models_and_sims.TimeBuildSPMe.time_setup_SPMe": 1627356204776, "time_setup_models_and_sims.TimeBuildSPMeSimulation.time_setup_SPMe_simulation": 1627356208150, "time_solve_models.TimeSolveDFN.time_solve_model": 1627356228729, "time_solve_models.TimeSolveSPM.time_solve_model": 1627356235109, "time_solve_models.TimeSolveSPMe.time_solve_model": 1627356244096}, "benchmark_version": {"time_setup_models_and_sims.TimeBuildDFN.time_setup_DFN": "5f322e51e6b7e66125ee6949bdf25746005db467e8ffcfdcb3ace170e92bbc3d", "time_setup_models_and_sims.TimeBuildDFNSimulation.time_setup_DFN_simulation": "8de44bc542fa7d4ba28a80f24414a9444b5436673aaebba674918f5f0bfd0ebb", "time_setup_models_and_sims.TimeBuildSPM.time_setup_SPM": "0d0b3f5c67fc2da9a5794c66b70af5a45a09558d1ee95f738745385adb84fbca", "time_setup_models_and_sims.TimeBuildSPMSimulation.time_setup_SPM_simulation": "161220a99418ce4487cc29325cbae897f28d0e44ae07e1dfbfaac2cbc53a4ff9", "time_setup_models_and_sims.TimeBuildSPMe.time_setup_SPMe": "6083f5ff944353395eb4b21c97b02af555fe6528de3cd5283f5e139943945235", "time_setup_models_and_sims.TimeBuildSPMeSimulation.time_setup_SPMe_simulation": "530563cb559427795e3648d9648df9250ae100b7721f69eec356bdda7798c55e", "time_solve_models.TimeSolveDFN.time_solve_model": "914137228e20e5900cec36b0d3865f1faa2f5d479c7d6c2539514791f9ec4430", "time_solve_models.TimeSolveSPM.time_solve_model": "ef1bb5f8d1ddfa59650e20438c4b252d73e5a062714848ce1d6d5269382bc598", "time_solve_models.TimeSolveSPMe.time_solve_model": "20672028872f4620ce85e909bae705d9490de441e926510b2b0e53ff0881d87b"}, "version": 1}