{"results": {"time_setup_models_and_sims.TimeBuildDFN.time_setup_DFN": {"result": [0.4611886240000018], "stats": [{"ci_99": [0.4574248210000036, 0.4691795540000214], "q_25": 0.4605054959999997, "q_75": 0.46207613699999683, "min": 0.4574248210000036, "max": 0.4691795540000214, "mean": 0.4617358139000004, "std": 0.0028664218055739345, "repeat": 10, "number": 1}]}, "time_setup_models_and_sims.TimeBuildDFNSimulation.time_setup_DFN_simulation": {"result": [0.11443793349999964, 0.18521513949999502], "stats": [{"ci_99": [0.11390737299998932, 0.1172191610000084], "q_25": 0.11426332774999537, "q_75": 0.11583147725001197, "min": 0.11390737299998932, "max": 0.1172191610000084, "mean": 0.11507008330000161, "std": 0.0010642422477397091, "repeat": 10, "number": 1}, {"ci_99": [0.18427086899998812, 0.19040093500001376], "q_25": 0.18474221050000494, "q_75": 0.1861654962500019, "min": 0.18427086899998812, "max": 0.19040093500001376, "mean": 0.18580263340000158, "std": 0.0016912774756050976, "repeat": 10, "number": 1}], "params": [["False", "True"]]}, "time_setup_models_and_sims.TimeBuildSPM.time_setup_SPM": {"result": [0.2692297615000001], "stats": [{"ci_99": [0.2687133969999991, 0.26951696899999433], "q_25": 0.26898730824999717, "q_75": 0.2693146827499966, "min": 0.2687133969999991, "max": 0.26951696899999433, "mean": 0.2691707674999975, "std": 0.00025410256436712007, "repeat": 10, "number": 1}]}, "time_setup_models_and_sims.TimeBuildSPMSimulation.time_setup_SPM_simulation": {"result": [0.10967456299999867, 0.16366054700000632], "stats": [{"ci_99": [0.10919294499998955, 0.11277364200000761], "q_25": 0.10936552724999515, "q_75": 0.11023252475000334, "min": 0.10919294499998955, "max": 0.11277364200000761, "mean": 0.10999691429999814, "std": 0.0010041453820705149, "repeat": 10, "number": 1}, {"ci_99": [0.16299497900001825, 0.16845901400000685], "q_25": 0.16348067574999803, "q_75": 0.1638667437500061, "min": 0.16299497900001825, "max": 0.16845901400000685, "mean": 0.16407790790000404, "std": 0.0014861778335626204, "repeat": 10, "number": 1}], "params": [["False", "True"]]}, "time_setup_models_and_sims.TimeBuildSPMe.time_setup_SPMe": {"result": [0.3987135179999939], "stats": [{"ci_99": [0.39581867600000464, 0.3997065840000005], "q_25": 0.39837612475000483, "q_75": 0.3991893942499978, "min": 0.39581867600000464, "max": 0.3997065840000005, "mean": 0.3985602170000007, "std": 0.0010347473691391976, "repeat": 10, "number": 1}]}, "time_setup_models_and_sims.TimeBuildSPMeSimulation.time_setup_SPMe_simulation": {"result": [0.11936164249999592, 0.1974963244999941], "stats": [{"ci_99": [0.11899943000000235, 0.120554229999982], "q_25": 0.11918018474998959, "q_75": 0.11962147549999713, "min": 0.11899943000000235, "max": 0.120554229999982, "mean": 0.11950861079999556, "std": 0.00046507055078558857, "repeat": 10, "number": 1}, {"ci_99": [0.19662900200000877, 0.20199121800001762], "q_25": 0.19712325300000444, "q_75": 0.1984908917500121, "min": 0.19662900200000877, "max": 0.20199121800001762, "mean": 0.1982184725000053, "std": 0.0017080634330595022, "repeat": 10, "number": 1}], "params": [["False", "True"]]}, "time_solve_models.TimeSolveDFN.time_solve_model": {"result": [0.5172887865000106, 0.6810380020000082], "stats": [{"ci_99": [0.5138886189999994, 0.5183724949999942], "q_25": 0.5167736020000007, "q_75": 0.5176035850000105, "min": 0.5138886189999994, "max": 0.5183724949999942, "mean": 0.516929668500002, "std": 0.001211786265844143, "repeat": 10, "number": 1}, {"ci_99": [0.6760469479999927, 0.684107204], "q_25": 0.680226972749999, "q_75": 0.6831561284999985, "min": 0.6760469479999927, "max": 0.684107204, "mean": 0.6809072965000013, "std": 0.002547742699951642, "repeat": 10, "number": 1}], "params": [["True", "False"]]}, "time_solve_models.TimeSolveSPM.time_solve_model": {"result": [0.019977333999989355, 0.04077324000000715], "stats": [{"ci_99": [0.01995469299998831, 0.020016333999990366], "q_25": 0.019962617000000904, "q_75": 0.019986668000004926, "min": 0.01995469299998831, "max": 0.020016333999990366, "mean": 0.019978553299995382, "std": 1.8601966148099113e-05, "repeat": 10, "number": 1}, {"ci_99": [0.040635586000007606, 0.0409228139999982], "q_25": 0.040690633499998796, "q_75": 0.040819756749993275, "min": 0.040635586000007606, "max": 0.0409228139999982, "mean": 0.04076669000000237, "std": 8.92515309309114e-05, "repeat": 10, "number": 1}], "params": [["True", "False"]]}, "time_solve_models.TimeSolveSPMe.time_solve_model": {"result": [0.03131446449999942, 0.07264972200000841], "stats": [{"ci_99": [0.03122914799999421, 0.03178186200000255], "q_25": 0.03128884325000314, "q_75": 0.03132702500001017, "min": 0.03122914799999421, "max": 0.03178186200000255, "mean": 0.03136179580000089, "std": 0.00015337195629627138, "repeat": 10, "number": 1}, {"ci_99": [0.07252436799998918, 0.07287131299997895], "q_25": 0.07259308024999456, "q_75": 0.0726727315000133, "min": 0.07252436799998918, "max": 0.07287131299997895, "mean": 0.07265860949999876, "std": 9.78353762886513e-05, "repeat": 10, "number": 1}], "params": [["True", "False"]]}}, "params": {"machine": "GitHubRunner", "python": "3.8"}, "requirements": {}, "commit_hash": "7d8ec5c773349ebfbea185f58a5b21b86a9dcf73", "date": 1621881791000, "env_name": "virtualenv-py3.8", "python": "3.8", "profiles": {}, "started_at": {"time_setup_models_and_sims.TimeBuildDFN.time_setup_DFN": 1622002500358, "time_setup_models_and_sims.TimeBuildDFNSimulation.time_setup_DFN_simulation": 1622002503421, "time_setup_models_and_sims.TimeBuildSPM.time_setup_SPM": 1622002505483, "time_setup_models_and_sims.TimeBuildSPMSimulation.time_setup_SPM_simulation": 1622002507341, "time_setup_models_and_sims.TimeBuildSPMe.time_setup_SPMe": 1622002509203, "time_setup_models_and_sims.TimeBuildSPMeSimulation.time_setup_SPMe_simulation": 1622002511914, "time_solve_models.TimeSolveDFN.time_solve_model": 1622002514027, "time_solve_models.TimeSolveSPM.time_solve_model": 1622002533190, "time_solve_models.TimeSolveSPMe.time_solve_model": 1622002538961}, "ended_at": {"time_setup_models_and_sims.TimeBuildDFN.time_setup_DFN": 1622002503421, "time_setup_models_and_sims.TimeBuildDFNSimulation.time_setup_DFN_simulation": 1622002505482, "time_setup_models_and_sims.TimeBuildSPM.time_setup_SPM": 1622002507341, "time_setup_models_and_sims.TimeBuildSPMSimulation.time_setup_SPM_simulation": 1622002509203, "time_setup_models_and_sims.TimeBuildSPMe.time_setup_SPMe": 1622002511914, "time_setup_models_and_sims.TimeBuildSPMeSimulation.time_setup_SPMe_simulation": 1622002514026, "time_solve_models.TimeSolveDFN.time_solve_model": 1622002533189, "time_solve_models.TimeSolveSPM.time_solve_model": 1622002538961, "time_solve_models.TimeSolveSPMe.time_solve_model": 1622002547288}, "benchmark_version": {"time_setup_models_and_sims.TimeBuildDFN.time_setup_DFN": "5f322e51e6b7e66125ee6949bdf25746005db467e8ffcfdcb3ace170e92bbc3d", "time_setup_models_and_sims.TimeBuildDFNSimulation.time_setup_DFN_simulation": "8de44bc542fa7d4ba28a80f24414a9444b5436673aaebba674918f5f0bfd0ebb", "time_setup_models_and_sims.TimeBuildSPM.time_setup_SPM": "0d0b3f5c67fc2da9a5794c66b70af5a45a09558d1ee95f738745385adb84fbca", "time_setup_models_and_sims.TimeBuildSPMSimulation.time_setup_SPM_simulation": "161220a99418ce4487cc29325cbae897f28d0e44ae07e1dfbfaac2cbc53a4ff9", "time_setup_models_and_sims.TimeBuildSPMe.time_setup_SPMe": "6083f5ff944353395eb4b21c97b02af555fe6528de3cd5283f5e139943945235", "time_setup_models_and_sims.TimeBuildSPMeSimulation.time_setup_SPMe_simulation": "530563cb559427795e3648d9648df9250ae100b7721f69eec356bdda7798c55e", "time_solve_models.TimeSolveDFN.time_solve_model": "914137228e20e5900cec36b0d3865f1faa2f5d479c7d6c2539514791f9ec4430", "time_solve_models.TimeSolveSPM.time_solve_model": "ef1bb5f8d1ddfa59650e20438c4b252d73e5a062714848ce1d6d5269382bc598", "time_solve_models.TimeSolveSPMe.time_solve_model": "20672028872f4620ce85e909bae705d9490de441e926510b2b0e53ff0881d87b"}, "version": 1}