{"results": {"time_setup_models_and_sims.TimeBuildDFN.time_setup_DFN": {"result": [0.9479092874998969], "stats": [{"ci_99": [0.8504763229993841, 0.9967667799992341], "q_25": 0.9306998485003533, "q_75": 0.9639541195006132, "min": 0.8504763229993841, "max": 0.9967667799992341, "mean": 0.9429191937999348, "std": 0.03705345585734797, "repeat": 10, "number": 1}]}, "time_setup_models_and_sims.TimeBuildDFNSimulation.time_setup_DFN_simulation": {"result": [0.10462521499994182, 0.20233813050072058], "stats": [{"ci_99": [0.09478419400147686, 0.11302082700058236], "q_25": 0.10161026725018019, "q_75": 0.10761388575019737, "min": 0.09478419400147686, "max": 0.11302082700058236, "mean": 0.10443650340021123, "std": 0.005718821110437377, "repeat": 10, "number": 1}, {"ci_99": [0.1948020229992835, 0.2116389490001893], "q_25": 0.19864912800039747, "q_75": 0.20587785599946073, "min": 0.1948020229992835, "max": 0.2116389490001893, "mean": 0.20255480089999764, "std": 0.00512639789059226, "repeat": 10, "number": 1}], "params": [["False", "True"]]}, "time_setup_models_and_sims.TimeBuildSPM.time_setup_SPM": {"result": [0.6678706280008555], "stats": [{"ci_99": [0.622508854001353, 0.6973391930005164], "q_25": 0.6245955702497668, "q_75": 0.6841236460008986, "min": 0.622508854001353, "max": 0.6973391930005164, "mean": 0.6591831185003685, "std": 0.03075559366149156, "repeat": 10, "number": 1}]}, "time_setup_models_and_sims.TimeBuildSPMSimulation.time_setup_SPM_simulation": {"result": [0.28475413199976174, 0.5052239430006011], "stats": [{"ci_99": [0.2486770189989329, 0.29283494199989946], "q_25": 0.2646677102502508, "q_75": 0.29109082599961766, "min": 0.2486770189989329, "max": 0.29283494199989946, "mean": 0.2771777659998406, "std": 0.01689669895984149, "repeat": 10, "number": 1}, {"ci_99": [0.4675048199987941, 0.5155896659998689], "q_25": 0.4812215192509939, "q_75": 0.5121321644996897, "min": 0.4675048199987941, "max": 0.5155896659998689, "mean": 0.4975473067001076, "std": 0.018084184847922062, "repeat": 10, "number": 1}], "params": [["False", "True"]]}, "time_setup_models_and_sims.TimeBuildSPMe.time_setup_SPMe": {"result": [0.796434115500233], "stats": [{"ci_99": [0.7696108300006017, 0.8613153010010137], "q_25": 0.7757664170007956, "q_75": 0.8251040772506713, "min": 0.7696108300006017, "max": 0.8613153010010137, "mean": 0.8048133720003534, "std": 0.032479140352012215, "repeat": 10, "number": 1}]}, "time_setup_models_and_sims.TimeBuildSPMeSimulation.time_setup_SPMe_simulation": {"result": [0.12629027200091514, 0.24663545200019144], "stats": [{"ci_99": [0.12118588699922839, 0.13375027899928682], "q_25": 0.1227400974999, "q_75": 0.12914659324997046, "min": 0.12118588699922839, "max": 0.13375027899928682, "mean": 0.1262161526001364, "std": 0.003903772670313931, "repeat": 10, "number": 1}, {"ci_99": [0.23639312900013465, 0.2731876980014931], "q_25": 0.24495371300099578, "q_75": 0.249985050500527, "min": 0.23639312900013465, "max": 0.2731876980014931, "mean": 0.25016190810038097, "std": 0.010952082896237173, "repeat": 10, "number": 1}], "params": [["False", "True"]]}, "time_solve_models.TimeSolveDFN.time_solve_model": {"result": [1.3618155000003753, 1.5630845269997735], "stats": [{"ci_99": [1.3327961446427068, 1.4074628920006944], "q_25": 1.3510160862501834, "q_75": 1.3813453502498305, "min": 1.3454646219997812, "max": 1.4074628920006944, "mean": 1.368638349333499, "std": 0.022021717557698932, "repeat": 6, "number": 1}, {"ci_99": [1.491195381999205, 1.6448090230005619], "q_25": 1.5548880965006902, "q_75": 1.6006201712498296, "min": 1.491195381999205, "max": 1.6448090230005619, "mean": 1.5711907509999037, "std": 0.043198870372081484, "repeat": 8, "number": 1}], "params": [["True", "False"]]}, "time_solve_models.TimeSolveSPM.time_solve_model": {"result": [0.0671001394994164, 0.11780440999973507], "stats": [{"ci_99": [0.0648718739994365, 0.07605865599907702], "q_25": 0.0661647080014518, "q_75": 0.07344821074957508, "min": 0.0648718739994365, "max": 0.07605865599907702, "mean": 0.06931622609990881, "std": 0.004014283537448564, "repeat": 10, "number": 1}, {"ci_99": [0.10968010100077663, 0.12755593200017756], "q_25": 0.11353175449994524, "q_75": 0.11967979825021757, "min": 0.10968010100077663, "max": 0.12755593200017756, "mean": 0.1175030477999826, "std": 0.004950493469671598, "repeat": 10, "number": 1}], "params": [["True", "False"]]}, "time_solve_models.TimeSolveSPMe.time_solve_model": {"result": [0.11854016600136674, 0.19417051750133396], "stats": [{"ci_99": [0.10991810199993779, 0.12513841500003764], "q_25": 0.11622967374933069, "q_75": 0.12067653049962246, "min": 0.10991810199993779, "max": 0.12513841500003764, "mean": 0.1179805715000839, "std": 0.004574192215877404, "repeat": 10, "number": 1}, {"ci_99": [0.17640028599998914, 0.20250497899905895], "q_25": 0.18325311349917683, "q_75": 0.1962415829998463, "min": 0.17640028599998914, "max": 0.20250497899905895, "mean": 0.19102961429998686, "std": 0.008746298399694617, "repeat": 10, "number": 1}], "params": [["True", "False"]]}}, "params": {"machine": "GitHubRunner", "python": "3.8"}, "requirements": {}, "commit_hash": "7da7414982c7b75f6199218541613f3b64305e4f", "date": 1593018625000, "env_name": "virtualenv-py3.8", "python": "3.8", "profiles": {}, "started_at": {"time_setup_models_and_sims.TimeBuildDFN.time_setup_DFN": 1613151646022, "time_setup_models_and_sims.TimeBuildDFNSimulation.time_setup_DFN_simulation": 1613151651994, "time_setup_models_and_sims.TimeBuildSPM.time_setup_SPM": 1613151654110, "time_setup_models_and_sims.TimeBuildSPMSimulation.time_setup_SPM_simulation": 1613151658577, "time_setup_models_and_sims.TimeBuildSPMe.time_setup_SPMe": 1613151663901, "time_setup_models_and_sims.TimeBuildSPMeSimulation.time_setup_SPMe_simulation": 1613151669170, "time_solve_models.TimeSolveDFN.time_solve_model": 1613151671736, "time_solve_models.TimeSolveSPM.time_solve_model": 1613151701129, "time_solve_models.TimeSolveSPMe.time_solve_model": 1613151713275}, "ended_at": {"time_setup_models_and_sims.TimeBuildDFN.time_setup_DFN": 1613151651994, "time_setup_models_and_sims.TimeBuildDFNSimulation.time_setup_DFN_simulation": 1613151654109, "time_setup_models_and_sims.TimeBuildSPM.time_setup_SPM": 1613151658576, "time_setup_models_and_sims.TimeBuildSPMSimulation.time_setup_SPM_simulation": 1613151663900, "time_setup_models_and_sims.TimeBuildSPMe.time_setup_SPMe": 1613151669169, "time_setup_models_and_sims.TimeBuildSPMeSimulation.time_setup_SPMe_simulation": 1613151671735, "time_solve_models.TimeSolveDFN.time_solve_model": 1613151701128, "time_solve_models.TimeSolveSPM.time_solve_model": 1613151713273, "time_solve_models.TimeSolveSPMe.time_solve_model": 1613151728429}, "benchmark_version": {"time_setup_models_and_sims.TimeBuildDFN.time_setup_DFN": "5f322e51e6b7e66125ee6949bdf25746005db467e8ffcfdcb3ace170e92bbc3d", "time_setup_models_and_sims.TimeBuildDFNSimulation.time_setup_DFN_simulation": "8de44bc542fa7d4ba28a80f24414a9444b5436673aaebba674918f5f0bfd0ebb", "time_setup_models_and_sims.TimeBuildSPM.time_setup_SPM": "0d0b3f5c67fc2da9a5794c66b70af5a45a09558d1ee95f738745385adb84fbca", "time_setup_models_and_sims.TimeBuildSPMSimulation.time_setup_SPM_simulation": "161220a99418ce4487cc29325cbae897f28d0e44ae07e1dfbfaac2cbc53a4ff9", "time_setup_models_and_sims.TimeBuildSPMe.time_setup_SPMe": "6083f5ff944353395eb4b21c97b02af555fe6528de3cd5283f5e139943945235", "time_setup_models_and_sims.TimeBuildSPMeSimulation.time_setup_SPMe_simulation": "530563cb559427795e3648d9648df9250ae100b7721f69eec356bdda7798c55e", "time_solve_models.TimeSolveDFN.time_solve_model": "914137228e20e5900cec36b0d3865f1faa2f5d479c7d6c2539514791f9ec4430", "time_solve_models.TimeSolveSPM.time_solve_model": "ef1bb5f8d1ddfa59650e20438c4b252d73e5a062714848ce1d6d5269382bc598", "time_solve_models.TimeSolveSPMe.time_solve_model": "20672028872f4620ce85e909bae705d9490de441e926510b2b0e53ff0881d87b"}, "version": 1}