{"results": {"time_setup_models_and_sims.TimeBuildDFN.time_setup_DFN": {"result": [0.907351114499761], "stats": [{"ci_99": [0.8549593879997701, 0.9290196319998358], "q_25": 0.8597667859999092, "q_75": 0.9250560860000405, "min": 0.8549593879997701, "max": 0.9290196319998358, "mean": 0.895467507000103, "std": 0.03175065218267868, "repeat": 10, "number": 1}]}, "time_setup_models_and_sims.TimeBuildDFNSimulation.time_setup_DFN_simulation": {"result": [0.10347291000016412, 0.19987911750013154], "stats": [{"ci_99": [0.09607760499966389, 0.11872697299986612], "q_25": 0.099074552249931, "q_75": 0.11152089474990134, "min": 0.09607760499966389, "max": 0.11872697299986612, "mean": 0.10522978299995885, "std": 0.007329372099878845, "repeat": 10, "number": 1}, {"ci_99": [0.1928147139988141, 0.2113639540002623], "q_25": 0.19571748599992134, "q_75": 0.20851605750021918, "min": 0.1928147139988141, "max": 0.2113639540002623, "mean": 0.2016775409998445, "std": 0.007001313325510992, "repeat": 10, "number": 1}], "params": [["False", "True"]]}, "time_setup_models_and_sims.TimeBuildSPM.time_setup_SPM": {"result": [0.6841008169994893], "stats": [{"ci_99": [0.6459442489995126, 0.7227890149988525], "q_25": 0.6554406194991316, "q_75": 0.7028776150009435, "min": 0.6459442489995126, "max": 0.7227890149988525, "mean": 0.6815670649999447, "std": 0.02632350119859243, "repeat": 10, "number": 1}]}, "time_setup_models_and_sims.TimeBuildSPMSimulation.time_setup_SPM_simulation": {"result": [0.2775863354991088, 0.5255884584994419], "stats": [{"ci_99": [0.25457647100120084, 0.2936789589984983], "q_25": 0.2654046500001641, "q_75": 0.2837319307495818, "min": 0.25457647100120084, "max": 0.2936789589984983, "mean": 0.2747071367994067, "std": 0.012419573527939314, "repeat": 10, "number": 1}, {"ci_99": [0.4879968880013621, 0.5468698200002109], "q_25": 0.49246158600089984, "q_75": 0.538618325250809, "min": 0.4879968880013621, "max": 0.5468698200002109, "mean": 0.5178930825002681, "std": 0.02241636518829047, "repeat": 10, "number": 1}], "params": [["False", "True"]]}, "time_setup_models_and_sims.TimeBuildSPMe.time_setup_SPMe": {"result": [0.7964490399990609], "stats": [{"ci_99": [0.7693148550006299, 0.8607236259995261], "q_25": 0.7903518810003334, "q_75": 0.8130085897505523, "min": 0.7693148550006299, "max": 0.8607236259995261, "mean": 0.8038435111000581, "std": 0.02649035793081886, "repeat": 10, "number": 1}]}, "time_setup_models_and_sims.TimeBuildSPMeSimulation.time_setup_SPMe_simulation": {"result": [0.13645769999948243, 0.25316010850019666], "stats": [{"ci_99": [0.12386470999990706, 0.1428897469995718], "q_25": 0.1294547260008585, "q_75": 0.13719088174957506, "min": 0.12386470999990706, "max": 0.1428897469995718, "mean": 0.1340306435999082, "std": 0.005808981156654343, "repeat": 10, "number": 1}, {"ci_99": [0.24649530799979402, 0.2768578300001536], "q_25": 0.24812817425072353, "q_75": 0.2641844917502567, "min": 0.24649530799979402, "max": 0.2768578300001536, "mean": 0.25717001800021533, "std": 0.01111918955209182, "repeat": 10, "number": 1}], "params": [["False", "True"]]}, "time_solve_models.TimeSolveDFN.time_solve_model": {"result": [1.392981983500249, 1.533806699500019], "stats": [{"ci_99": [1.3346815261210971, 1.428915385212079], "q_25": 1.3593397617491974, "q_75": 1.3996993649993783, "min": 1.3362300919998233, "max": 1.4185324950012728, "mean": 1.381798455666588, "std": 0.029136254137662975, "repeat": 6, "number": 1}, {"ci_99": [1.5206480410015502, 1.554263615000309], "q_25": 1.528180165249978, "q_75": 1.54882584149982, "min": 1.5206480410015502, "max": 1.554263615000309, "mean": 1.5367908345001524, "std": 0.0116735438953191, "repeat": 8, "number": 1}], "params": [["True", "False"]]}, "time_solve_models.TimeSolveSPM.time_solve_model": {"result": [0.06798659899868653, 0.11296982800013211], "stats": [{"ci_99": [0.06463617500048713, 0.07334653699945193], "q_25": 0.06585815774951698, "q_75": 0.07179187724977965, "min": 0.06463617500048713, "max": 0.07334653699945193, "mean": 0.06863508339974941, "std": 0.0030769829759312896, "repeat": 10, "number": 1}, {"ci_99": [0.1059652769999957, 0.11981827899944619], "q_25": 0.10793279199924655, "q_75": 0.11461518949954552, "min": 0.1059652769999957, "max": 0.11981827899944619, "mean": 0.11181507949968364, "std": 0.004259487208501831, "repeat": 10, "number": 1}], "params": [["True", "False"]]}, "time_solve_models.TimeSolveSPMe.time_solve_model": {"result": [0.10790878999978304, 0.18287854050049646], "stats": [{"ci_99": [0.10550067399890395, 0.11798666399954527], "q_25": 0.1071806119998655, "q_75": 0.11365765675009243, "min": 0.10550067399890395, "max": 0.11798666399954527, "mean": 0.11017884759985463, "std": 0.004052576712788586, "repeat": 10, "number": 1}, {"ci_99": [0.17272486699948786, 0.21172115000081249], "q_25": 0.17737630099964008, "q_75": 0.19147632774956946, "min": 0.17272486699948786, "max": 0.21172115000081249, "mean": 0.18574088129989832, "std": 0.011136331106170592, "repeat": 10, "number": 1}], "params": [["True", "False"]]}}, "params": {"machine": "GitHubRunner", "python": "3.8"}, "requirements": {}, "commit_hash": "7f35218dec1fa0573af3a7ff08fedcc246ed25d4", "date": 1593516941000, "env_name": "virtualenv-py3.8", "python": "3.8", "profiles": {}, "started_at": {"time_setup_models_and_sims.TimeBuildDFN.time_setup_DFN": 1613151473767, "time_setup_models_and_sims.TimeBuildDFNSimulation.time_setup_DFN_simulation": 1613151479538, "time_setup_models_and_sims.TimeBuildSPM.time_setup_SPM": 1613151481554, "time_setup_models_and_sims.TimeBuildSPMSimulation.time_setup_SPM_simulation": 1613151486022, "time_setup_models_and_sims.TimeBuildSPMe.time_setup_SPMe": 1613151491245, "time_setup_models_and_sims.TimeBuildSPMeSimulation.time_setup_SPMe_simulation": 1613151496363, "time_solve_models.TimeSolveDFN.time_solve_model": 1613151499029, "time_solve_models.TimeSolveSPM.time_solve_model": 1613151528681, "time_solve_models.TimeSolveSPMe.time_solve_model": 1613151540974}, "ended_at": {"time_setup_models_and_sims.TimeBuildDFN.time_setup_DFN": 1613151479538, "time_setup_models_and_sims.TimeBuildDFNSimulation.time_setup_DFN_simulation": 1613151481554, "time_setup_models_and_sims.TimeBuildSPM.time_setup_SPM": 1613151486021, "time_setup_models_and_sims.TimeBuildSPMSimulation.time_setup_SPM_simulation": 1613151491244, "time_setup_models_and_sims.TimeBuildSPMe.time_setup_SPMe": 1613151496363, "time_setup_models_and_sims.TimeBuildSPMeSimulation.time_setup_SPMe_simulation": 1613151499028, "time_solve_models.TimeSolveDFN.time_solve_model": 1613151528680, "time_solve_models.TimeSolveSPM.time_solve_model": 1613151540973, "time_solve_models.TimeSolveSPMe.time_solve_model": 1613151556129}, "benchmark_version": {"time_setup_models_and_sims.TimeBuildDFN.time_setup_DFN": "5f322e51e6b7e66125ee6949bdf25746005db467e8ffcfdcb3ace170e92bbc3d", "time_setup_models_and_sims.TimeBuildDFNSimulation.time_setup_DFN_simulation": "8de44bc542fa7d4ba28a80f24414a9444b5436673aaebba674918f5f0bfd0ebb", "time_setup_models_and_sims.TimeBuildSPM.time_setup_SPM": "0d0b3f5c67fc2da9a5794c66b70af5a45a09558d1ee95f738745385adb84fbca", "time_setup_models_and_sims.TimeBuildSPMSimulation.time_setup_SPM_simulation": "161220a99418ce4487cc29325cbae897f28d0e44ae07e1dfbfaac2cbc53a4ff9", "time_setup_models_and_sims.TimeBuildSPMe.time_setup_SPMe": "6083f5ff944353395eb4b21c97b02af555fe6528de3cd5283f5e139943945235", "time_setup_models_and_sims.TimeBuildSPMeSimulation.time_setup_SPMe_simulation": "530563cb559427795e3648d9648df9250ae100b7721f69eec356bdda7798c55e", "time_solve_models.TimeSolveDFN.time_solve_model": "914137228e20e5900cec36b0d3865f1faa2f5d479c7d6c2539514791f9ec4430", "time_solve_models.TimeSolveSPM.time_solve_model": "ef1bb5f8d1ddfa59650e20438c4b252d73e5a062714848ce1d6d5269382bc598", "time_solve_models.TimeSolveSPMe.time_solve_model": "20672028872f4620ce85e909bae705d9490de441e926510b2b0e53ff0881d87b"}, "version": 1}