{"results": {"time_setup_models_and_sims.TimeBuildDFN.time_setup_DFN": {"result": [1.039331415499987], "stats": [{"ci_99": [1.0125724760000594, 1.1386695589999363], "q_25": 1.0216063722500053, "q_75": 1.0765150122499563, "min": 1.0125724760000594, "max": 1.1386695589999363, "mean": 1.053033251099987, "std": 0.039077690431165685, "repeat": 10, "number": 1}]}, "time_setup_models_and_sims.TimeBuildDFNSimulation.time_setup_DFN_simulation": {"result": [0.14087805449992175, 0.21760366449996127], "stats": [{"ci_99": [0.12851488200021777, 0.1536940159999176], "q_25": 0.13690036450003618, "q_75": 0.1443211795000252, "min": 0.12851488200021777, "max": 0.1536940159999176, "mean": 0.14081644389998474, "std": 0.006464803654176688, "repeat": 10, "number": 1}, {"ci_99": [0.21189132299991797, 0.23967389499989622], "q_25": 0.2133400564999306, "q_75": 0.23223752900003092, "min": 0.21189132299991797, "max": 0.23967389499989622, "mean": 0.22216114929999548, "std": 0.010077545776062406, "repeat": 10, "number": 1}], "params": [["False", "True"]]}, "time_setup_models_and_sims.TimeBuildSPM.time_setup_SPM": {"result": [0.7368320755000468], "stats": [{"ci_99": [0.6742122739999559, 0.7641208490001645], "q_25": 0.7096790269999929, "q_75": 0.7434193567501097, "min": 0.6742122739999559, "max": 0.7641208490001645, "mean": 0.7276468412000441, "std": 0.02681559730599276, "repeat": 10, "number": 1}]}, "time_setup_models_and_sims.TimeBuildSPMSimulation.time_setup_SPM_simulation": {"result": [0.3086524489999647, 0.37708701350004503], "stats": [{"ci_99": [0.2822106950000034, 0.32940727599998354], "q_25": 0.2830349740000315, "q_75": 0.3228222404999883, "min": 0.2822106950000034, "max": 0.32940727599998354, "mean": 0.3050151607000089, "std": 0.019332550954614627, "repeat": 10, "number": 1}, {"ci_99": [0.3563831190001565, 0.4093282679998538], "q_25": 0.3695783412500191, "q_75": 0.3833946549999041, "min": 0.3563831190001565, "max": 0.4093282679998538, "mean": 0.377801217199999, "std": 0.015435326980521679, "repeat": 10, "number": 1}], "params": [["False", "True"]]}, "time_setup_models_and_sims.TimeBuildSPMe.time_setup_SPMe": {"result": [0.8400726204999955], "stats": [{"ci_99": [0.7934156960000109, 0.8992666579999877], "q_25": 0.8309291040001199, "q_75": 0.8659654247500725, "min": 0.7934156960000109, "max": 0.8992666579999877, "mean": 0.8471752498000342, "std": 0.0302006319103164, "repeat": 10, "number": 1}]}, "time_setup_models_and_sims.TimeBuildSPMeSimulation.time_setup_SPMe_simulation": {"result": [0.1636801154999148, 0.2567539185000669], "stats": [{"ci_99": [0.14990140700001575, 0.17392303499991613], "q_25": 0.1596990085000698, "q_75": 0.16668753474999676, "min": 0.14990140700001575, "max": 0.17392303499991613, "mean": 0.16299337899995409, "std": 0.007353111084805477, "repeat": 10, "number": 1}, {"ci_99": [0.23644397199996092, 0.2739057479998337], "q_25": 0.24981473750011673, "q_75": 0.258638873000109, "min": 0.23644397199996092, "max": 0.2739057479998337, "mean": 0.25385327320004764, "std": 0.010357621551055565, "repeat": 10, "number": 1}], "params": [["False", "True"]]}, "time_solve_models.TimeSolveDFN.time_solve_model": {"result": [0.9554977809999627, 1.2018123804999732], "stats": [{"ci_99": [0.8934180782370346, 0.9874161600962537], "q_25": 0.9136906257500641, "q_75": 0.9618525367499728, "min": 0.8982881389999875, "max": 0.969493317999877, "mean": 0.940417119166644, "std": 0.029375072027795816, "repeat": 6, "number": 1}, {"ci_99": [1.1393482020000647, 1.2296930740001244], "q_25": 1.1645138305000273, "q_75": 1.2161955237500592, "min": 1.1393482020000647, "max": 1.2296930740001244, "mean": 1.19145282300002, "std": 0.031090728812892522, "repeat": 8, "number": 1}], "params": [["True", "False"]]}, "time_solve_models.TimeSolveSPM.time_solve_model": {"result": [0.05196707750008045, 0.10166528750005455], "stats": [{"ci_99": [0.048183053000002474, 0.06062272400004076], "q_25": 0.05001936400003615, "q_75": 0.05396440924999979, "min": 0.048183053000002474, "max": 0.06062272400004076, "mean": 0.05246226799999931, "std": 0.0034536614841389323, "repeat": 10, "number": 1}, {"ci_99": [0.0962415129999954, 0.10589145600010852], "q_25": 0.09880604549999816, "q_75": 0.10399492949989053, "min": 0.0962415129999954, "max": 0.10589145600010852, "mean": 0.10126880569998775, "std": 0.0031812904534195253, "repeat": 10, "number": 1}], "params": [["True", "False"]]}, "time_solve_models.TimeSolveSPMe.time_solve_model": {"result": [0.06855545949997577, 0.1501213869998992], "stats": [{"ci_99": [0.06714575199998762, 0.07785830800003168], "q_25": 0.06804318724988434, "q_75": 0.07641240650008285, "min": 0.06714575199998762, "max": 0.07785830800003168, "mean": 0.07141947729999173, "std": 0.0043892102627232565, "repeat": 10, "number": 1}, {"ci_99": [0.14005923400009124, 0.1666458849999799], "q_25": 0.14438671774996692, "q_75": 0.1589579602499498, "min": 0.14005923400009124, "max": 0.1666458849999799, "mean": 0.15156045989997438, "std": 0.008753065314104313, "repeat": 10, "number": 1}], "params": [["True", "False"]]}}, "params": {"machine": "GitHubRunner", "python": "3.8"}, "requirements": {}, "commit_hash": "7fb60408096f37b8093156c744ca3eb8e77f8f13", "date": 1612381836000, "env_name": "virtualenv-py3.8", "python": "3.8", "profiles": {}, "started_at": {"time_setup_models_and_sims.TimeBuildDFN.time_setup_DFN": 1613142839932, "time_setup_models_and_sims.TimeBuildDFNSimulation.time_setup_DFN_simulation": 1613142846504, "time_setup_models_and_sims.TimeBuildSPM.time_setup_SPM": 1613142848869, "time_setup_models_and_sims.TimeBuildSPMSimulation.time_setup_SPM_simulation": 1613142853487, "time_setup_models_and_sims.TimeBuildSPMe.time_setup_SPMe": 1613142857857, "time_setup_models_and_sims.TimeBuildSPMeSimulation.time_setup_SPMe_simulation": 1613142863379, "time_solve_models.TimeSolveDFN.time_solve_model": 1613142866145, "time_solve_models.TimeSolveSPM.time_solve_model": 1613142892231, "time_solve_models.TimeSolveSPMe.time_solve_model": 1613142904828}, "ended_at": {"time_setup_models_and_sims.TimeBuildDFN.time_setup_DFN": 1613142846504, "time_setup_models_and_sims.TimeBuildDFNSimulation.time_setup_DFN_simulation": 1613142848868, "time_setup_models_and_sims.TimeBuildSPM.time_setup_SPM": 1613142853487, "time_setup_models_and_sims.TimeBuildSPMSimulation.time_setup_SPM_simulation": 1613142857857, "time_setup_models_and_sims.TimeBuildSPMe.time_setup_SPMe": 1613142863379, "time_setup_models_and_sims.TimeBuildSPMeSimulation.time_setup_SPMe_simulation": 1613142866144, "time_solve_models.TimeSolveDFN.time_solve_model": 1613142892230, "time_solve_models.TimeSolveSPM.time_solve_model": 1613142904827, "time_solve_models.TimeSolveSPMe.time_solve_model": 1613142920080}, "benchmark_version": {"time_setup_models_and_sims.TimeBuildDFN.time_setup_DFN": "5f322e51e6b7e66125ee6949bdf25746005db467e8ffcfdcb3ace170e92bbc3d", "time_setup_models_and_sims.TimeBuildDFNSimulation.time_setup_DFN_simulation": "8de44bc542fa7d4ba28a80f24414a9444b5436673aaebba674918f5f0bfd0ebb", "time_setup_models_and_sims.TimeBuildSPM.time_setup_SPM": "0d0b3f5c67fc2da9a5794c66b70af5a45a09558d1ee95f738745385adb84fbca", "time_setup_models_and_sims.TimeBuildSPMSimulation.time_setup_SPM_simulation": "161220a99418ce4487cc29325cbae897f28d0e44ae07e1dfbfaac2cbc53a4ff9", "time_setup_models_and_sims.TimeBuildSPMe.time_setup_SPMe": "6083f5ff944353395eb4b21c97b02af555fe6528de3cd5283f5e139943945235", "time_setup_models_and_sims.TimeBuildSPMeSimulation.time_setup_SPMe_simulation": "530563cb559427795e3648d9648df9250ae100b7721f69eec356bdda7798c55e", "time_solve_models.TimeSolveDFN.time_solve_model": "914137228e20e5900cec36b0d3865f1faa2f5d479c7d6c2539514791f9ec4430", "time_solve_models.TimeSolveSPM.time_solve_model": "ef1bb5f8d1ddfa59650e20438c4b252d73e5a062714848ce1d6d5269382bc598", "time_solve_models.TimeSolveSPMe.time_solve_model": "20672028872f4620ce85e909bae705d9490de441e926510b2b0e53ff0881d87b"}, "version": 1}