{"results": {"time_setup_models_and_sims.TimeBuildDFN.time_setup_DFN": {"result": [0.47147433150001206], "stats": [{"ci_99": [0.4612141980000217, 0.48617466400000353], "q_25": 0.4662767877500045, "q_75": 0.4774242024999964, "min": 0.4612141980000217, "max": 0.48617466400000353, "mean": 0.4727457413000053, "std": 0.007832194970877934, "repeat": 10, "number": 1}]}, "time_setup_models_and_sims.TimeBuildDFNSimulation.time_setup_DFN_simulation": {"result": [0.14208733950000152, 0.3344351535000172], "stats": [{"ci_99": [0.138876506999992, 0.1660707030000026], "q_25": 0.14023557574999046, "q_75": 0.15986580975000209, "min": 0.138876506999992, "max": 0.1660707030000026, "mean": 0.14833461949999957, "std": 0.011452994370703259, "repeat": 10, "number": 1}, {"ci_99": [0.33071489799999654, 0.3378302950000034], "q_25": 0.3312991955000051, "q_75": 0.33531364200000624, "min": 0.33071489799999654, "max": 0.3378302950000034, "mean": 0.333919006900004, "std": 0.002506270554589335, "repeat": 10, "number": 1}], "params": [["False", "True"]]}, "time_setup_models_and_sims.TimeBuildSPM.time_setup_SPM": {"result": [0.33370644500000424], "stats": [{"ci_99": [0.3277252749999917, 0.3404593360000092], "q_25": 0.3310978922499892, "q_75": 0.33663337850001795, "min": 0.3277252749999917, "max": 0.3404593360000092, "mean": 0.3340277211000043, "std": 0.004261640726892686, "repeat": 10, "number": 1}]}, "time_setup_models_and_sims.TimeBuildSPMSimulation.time_setup_SPM_simulation": {"result": [0.177254554000001, 0.38673718000000434], "stats": [{"ci_99": [0.17503887700000575, 0.180851070999978], "q_25": 0.17605166499999925, "q_75": 0.17798629624999052, "min": 0.17503887700000575, "max": 0.180851070999978, "mean": 0.17735076069999992, "std": 0.0016617600586005745, "repeat": 10, "number": 1}, {"ci_99": [0.3846520840000096, 0.39141212900000255], "q_25": 0.38602274999999153, "q_75": 0.3894467220000024, "min": 0.3846520840000096, "max": 0.39141212900000255, "mean": 0.3875692160000028, "std": 0.002102718275545977, "repeat": 10, "number": 1}], "params": [["False", "True"]]}, "time_setup_models_and_sims.TimeBuildSPMe.time_setup_SPMe": {"result": [0.42896089599999243], "stats": [{"ci_99": [0.42409482099999707, 0.43444703599999457], "q_25": 0.4265593307500062, "q_75": 0.4325640129999826, "min": 0.42409482099999707, "max": 0.43444703599999457, "mean": 0.42936912609999356, "std": 0.003321939859478157, "repeat": 10, "number": 1}]}, "time_setup_models_and_sims.TimeBuildSPMeSimulation.time_setup_SPMe_simulation": {"result": [0.1643144774999996, 0.3807473909999999], "stats": [{"ci_99": [0.15950372000000357, 0.16616918100000078], "q_25": 0.1634663240000016, "q_75": 0.16518164250000567, "min": 0.15950372000000357, "max": 0.16616918100000078, "mean": 0.16396883070000143, "std": 0.0018192928808636118, "repeat": 10, "number": 1}, {"ci_99": [0.37116802699998175, 0.38671900900000367], "q_25": 0.3744131452500099, "q_75": 0.38386646949998493, "min": 0.37116802699998175, "max": 0.38671900900000367, "mean": 0.37959257609999925, "std": 0.005340946718292587, "repeat": 10, "number": 1}], "params": [["False", "True"]]}, "time_solve_models.TimeSolveDFN.time_solve_model": {"result": [0.45800370100000976, 0.596663505500004], "stats": [{"ci_99": [0.451716499000014, 0.4695457389999831], "q_25": 0.45771462799999796, "q_75": 0.46043620524999795, "min": 0.451716499000014, "max": 0.4695457389999831, "mean": 0.4594086771000008, "std": 0.004842086677741642, "repeat": 10, "number": 1}, {"ci_99": [0.5879351370000165, 0.6027610449999941], "q_25": 0.5940390554999908, "q_75": 0.5982840160000009, "min": 0.5879351370000165, "max": 0.6027610449999941, "mean": 0.595787808999998, "std": 0.0044435612268534305, "repeat": 10, "number": 1}], "params": [["True", "False"]]}, "time_solve_models.TimeSolveSPM.time_solve_model": {"result": [0.017989055499995743, 0.0371348420000146], "stats": [{"ci_99": [0.017709646999975348, 0.018287264999997888], "q_25": 0.017926077500014514, "q_75": 0.018088180249989705, "min": 0.017709646999975348, "max": 0.018287264999997888, "mean": 0.01799512590000063, "std": 0.0001537669917986432, "repeat": 10, "number": 1}, {"ci_99": [0.036156305000019984, 0.038282179999981736], "q_25": 0.036700237500014055, "q_75": 0.03784869975000049, "min": 0.036156305000019984, "max": 0.038282179999981736, "mean": 0.03720383250000623, "std": 0.0007015448199489393, "repeat": 10, "number": 1}], "params": [["True", "False"]]}, "time_solve_models.TimeSolveSPMe.time_solve_model": {"result": [0.026199128499996505, 0.06394638950000342], "stats": [{"ci_99": [0.02504361600000493, 0.026561033000007228], "q_25": 0.02599152825000317, "q_75": 0.026299304750004637, "min": 0.02504361600000493, "max": 0.026561033000007228, "mean": 0.026036667300002137, "std": 0.0004449101895450186, "repeat": 10, "number": 1}, {"ci_99": [0.06335439899999074, 0.06447559699998351], "q_25": 0.0636602272500042, "q_75": 0.06426039774999026, "min": 0.06335439899999074, "max": 0.06447559699998351, "mean": 0.06394801789999746, "std": 0.00036097009047352766, "repeat": 10, "number": 1}], "params": [["True", "False"]]}}, "params": {"machine": "GitHubRunner", "python": "3.8"}, "requirements": {}, "commit_hash": "80255690b54a11d7263b20c0c95e4560c554b64e", "date": 1633554125000, "env_name": "virtualenv-py3.8", "python": "3.8", "profiles": {}, "started_at": {"time_setup_models_and_sims.TimeBuildDFN.time_setup_DFN": 1633663265021, "time_setup_models_and_sims.TimeBuildDFNSimulation.time_setup_DFN_simulation": 1633663268139, "time_setup_models_and_sims.TimeBuildSPM.time_setup_SPM": 1633663271407, "time_setup_models_and_sims.TimeBuildSPMSimulation.time_setup_SPM_simulation": 1633663273718, "time_setup_models_and_sims.TimeBuildSPMe.time_setup_SPMe": 1633663277489, "time_setup_models_and_sims.TimeBuildSPMeSimulation.time_setup_SPMe_simulation": 1633663280408, "time_solve_models.TimeSolveDFN.time_solve_model": 1633663283976, "time_solve_models.TimeSolveSPM.time_solve_model": 1633663301993, "time_solve_models.TimeSolveSPMe.time_solve_model": 1633663308772}, "ended_at": {"time_setup_models_and_sims.TimeBuildDFN.time_setup_DFN": 1633663268139, "time_setup_models_and_sims.TimeBuildDFNSimulation.time_setup_DFN_simulation": 1633663271406, "time_setup_models_and_sims.TimeBuildSPM.time_setup_SPM": 1633663273718, "time_setup_models_and_sims.TimeBuildSPMSimulation.time_setup_SPM_simulation": 1633663277489, "time_setup_models_and_sims.TimeBuildSPMe.time_setup_SPMe": 1633663280408, "time_setup_models_and_sims.TimeBuildSPMeSimulation.time_setup_SPMe_simulation": 1633663283976, "time_solve_models.TimeSolveDFN.time_solve_model": 1633663301992, "time_solve_models.TimeSolveSPM.time_solve_model": 1633663308771, "time_solve_models.TimeSolveSPMe.time_solve_model": 1633663317657}, "benchmark_version": {"time_setup_models_and_sims.TimeBuildDFN.time_setup_DFN": "5f322e51e6b7e66125ee6949bdf25746005db467e8ffcfdcb3ace170e92bbc3d", "time_setup_models_and_sims.TimeBuildDFNSimulation.time_setup_DFN_simulation": "8de44bc542fa7d4ba28a80f24414a9444b5436673aaebba674918f5f0bfd0ebb", "time_setup_models_and_sims.TimeBuildSPM.time_setup_SPM": "0d0b3f5c67fc2da9a5794c66b70af5a45a09558d1ee95f738745385adb84fbca", "time_setup_models_and_sims.TimeBuildSPMSimulation.time_setup_SPM_simulation": "161220a99418ce4487cc29325cbae897f28d0e44ae07e1dfbfaac2cbc53a4ff9", "time_setup_models_and_sims.TimeBuildSPMe.time_setup_SPMe": "6083f5ff944353395eb4b21c97b02af555fe6528de3cd5283f5e139943945235", "time_setup_models_and_sims.TimeBuildSPMeSimulation.time_setup_SPMe_simulation": "530563cb559427795e3648d9648df9250ae100b7721f69eec356bdda7798c55e", "time_solve_models.TimeSolveDFN.time_solve_model": "914137228e20e5900cec36b0d3865f1faa2f5d479c7d6c2539514791f9ec4430", "time_solve_models.TimeSolveSPM.time_solve_model": "ef1bb5f8d1ddfa59650e20438c4b252d73e5a062714848ce1d6d5269382bc598", "time_solve_models.TimeSolveSPMe.time_solve_model": "20672028872f4620ce85e909bae705d9490de441e926510b2b0e53ff0881d87b"}, "version": 1}