{"results": {"time_setup_models_and_sims.TimeBuildDFN.time_setup_DFN": {"result": [0.5487454619999994], "stats": [{"ci_99": [0.5129138060000287, 0.5618076330000008], "q_25": 0.5367451912500201, "q_75": 0.5510107417500052, "min": 0.5129138060000287, "max": 0.5618076330000008, "mean": 0.5430974714000059, "std": 0.014083099032291385, "repeat": 10, "number": 1}]}, "time_setup_models_and_sims.TimeBuildDFNSimulation.time_setup_DFN_simulation": {"result": [0.16789022750000981, 0.39999133500003836], "stats": [{"ci_99": [0.16465270999998438, 0.17826721800003043], "q_25": 0.16605073224997113, "q_75": 0.17069083524997097, "min": 0.16465270999998438, "max": 0.17826721800003043, "mean": 0.16898697239999477, "std": 0.003958157449822871, "repeat": 10, "number": 1}, {"ci_99": [0.3856381420000048, 0.41611351899996407], "q_25": 0.394579012749972, "q_75": 0.404025058000002, "min": 0.3856381420000048, "max": 0.41611351899996407, "mean": 0.39998829339999703, "std": 0.008526454633829837, "repeat": 10, "number": 1}], "params": [["False", "True"]]}, "time_setup_models_and_sims.TimeBuildSPM.time_setup_SPM": {"result": [0.3946998819999692], "stats": [{"ci_99": [0.3801051540000344, 0.4044402860000105], "q_25": 0.39190666775002114, "q_75": 0.4005332604999978, "min": 0.3801051540000344, "max": 0.4044402860000105, "mean": 0.39515817220000143, "std": 0.006585389096875084, "repeat": 10, "number": 1}]}, "time_setup_models_and_sims.TimeBuildSPMSimulation.time_setup_SPM_simulation": {"result": [0.21189464650001355, 0.4604653085000052], "stats": [{"ci_99": [0.20641610699999546, 0.21766246700002512], "q_25": 0.21023756225000056, "q_75": 0.21232515500004467, "min": 0.20641610699999546, "max": 0.21766246700002512, "mean": 0.21153794650001032, "std": 0.002864996422217864, "repeat": 10, "number": 1}, {"ci_99": [0.45691603499994926, 0.47520067099998187], "q_25": 0.45889497924999034, "q_75": 0.4619900932500087, "min": 0.45691603499994926, "max": 0.47520067099998187, "mean": 0.4616988212000024, "std": 0.004996524301501388, "repeat": 10, "number": 1}], "params": [["False", "True"]]}, "time_setup_models_and_sims.TimeBuildSPMe.time_setup_SPMe": {"result": [0.5155111650000208], "stats": [{"ci_99": [0.5078775559999826, 0.5239921339999682], "q_25": 0.5111013014999912, "q_75": 0.5179953792499816, "min": 0.5078775559999826, "max": 0.5239921339999682, "mean": 0.5153105708999931, "std": 0.004995211543891284, "repeat": 10, "number": 1}]}, "time_setup_models_and_sims.TimeBuildSPMeSimulation.time_setup_SPMe_simulation": {"result": [0.19949136499997167, 0.46102930949999177], "stats": [{"ci_99": [0.19478868099997726, 0.2051020680000306], "q_25": 0.19577162675003024, "q_75": 0.20125893700000574, "min": 0.19478868099997726, "max": 0.2051020680000306, "mean": 0.19926746089999484, "std": 0.0034319195210402026, "repeat": 10, "number": 1}, {"ci_99": [0.45345850100000007, 0.469667472000026], "q_25": 0.4606300832499812, "q_75": 0.462798978250035, "min": 0.45345850100000007, "max": 0.469667472000026, "mean": 0.4612536401999989, "std": 0.004084748383955894, "repeat": 10, "number": 1}], "params": [["False", "True"]]}, "time_solve_models.TimeSolveDFN.time_solve_model": {"result": [0.5810292079999897, 0.7639340560000392], "stats": [{"ci_99": [0.5344599719999792, 0.5885082180000154], "q_25": 0.576249500250043, "q_75": 0.585526061749988, "min": 0.5344599719999792, "max": 0.5885082180000154, "mean": 0.5760039578000089, "std": 0.01520029724189675, "repeat": 10, "number": 1}, {"ci_99": [0.7424958440000182, 0.7794198440000173], "q_25": 0.7536628842499766, "q_75": 0.7734946192499876, "min": 0.7424958440000182, "max": 0.7794198440000173, "mean": 0.7630722671000058, "std": 0.012108280432068933, "repeat": 10, "number": 1}], "params": [["True", "False"]]}, "time_solve_models.TimeSolveSPM.time_solve_model": {"result": [0.0218504560000099, 0.04496944200002417], "stats": [{"ci_99": [0.02085403099999894, 0.0225164650000238], "q_25": 0.02137852124999995, "q_75": 0.022178683750041728, "min": 0.02085403099999894, "max": 0.0225164650000238, "mean": 0.021770692000018244, "std": 0.0005272524568523917, "repeat": 10, "number": 1}, {"ci_99": [0.04465033700000731, 0.04701828399998931], "q_25": 0.0448378307499695, "q_75": 0.045462778500009904, "min": 0.04465033700000731, "max": 0.04701828399998931, "mean": 0.04537950960000785, "std": 0.0008362233078621653, "repeat": 10, "number": 1}], "params": [["True", "False"]]}, "time_solve_models.TimeSolveSPMe.time_solve_model": {"result": [0.03168036450003342, 0.0772720890000187], "stats": [{"ci_99": [0.030200433999993948, 0.03302929099999119], "q_25": 0.031202278000023398, "q_75": 0.032364602999990666, "min": 0.030200433999993948, "max": 0.03302929099999119, "mean": 0.03171816450001188, "std": 0.0008147553346334905, "repeat": 10, "number": 1}, {"ci_99": [0.07289950999995654, 0.07945165899997164], "q_25": 0.07581878275004783, "q_75": 0.07820388349999519, "min": 0.07289950999995654, "max": 0.07945165899997164, "mean": 0.07674322670000037, "std": 0.0021034837707353815, "repeat": 10, "number": 1}], "params": [["True", "False"]]}}, "params": {"machine": "GitHubRunner", "python": "3.8"}, "requirements": {}, "commit_hash": "80255690b54a11d7263b20c0c95e4560c554b64e", "date": 1633554125000, "env_name": "virtualenv-py3.8", "python": "3.8", "profiles": {}, "started_at": {"time_setup_models_and_sims.TimeBuildDFN.time_setup_DFN": 1633576879353, "time_setup_models_and_sims.TimeBuildDFNSimulation.time_setup_DFN_simulation": 1633576883020, "time_setup_models_and_sims.TimeBuildSPM.time_setup_SPM": 1633576886743, "time_setup_models_and_sims.TimeBuildSPMSimulation.time_setup_SPM_simulation": 1633576889456, "time_setup_models_and_sims.TimeBuildSPMe.time_setup_SPMe": 1633576893880, "time_setup_models_and_sims.TimeBuildSPMeSimulation.time_setup_SPMe_simulation": 1633576897404, "time_solve_models.TimeSolveDFN.time_solve_model": 1633576901778, "time_solve_models.TimeSolveSPM.time_solve_model": 1633576924262, "time_solve_models.TimeSolveSPMe.time_solve_model": 1633576932251}, "ended_at": {"time_setup_models_and_sims.TimeBuildDFN.time_setup_DFN": 1633576883020, "time_setup_models_and_sims.TimeBuildDFNSimulation.time_setup_DFN_simulation": 1633576886742, "time_setup_models_and_sims.TimeBuildSPM.time_setup_SPM": 1633576889456, "time_setup_models_and_sims.TimeBuildSPMSimulation.time_setup_SPM_simulation": 1633576893879, "time_setup_models_and_sims.TimeBuildSPMe.time_setup_SPMe": 1633576897404, "time_setup_models_and_sims.TimeBuildSPMeSimulation.time_setup_SPMe_simulation": 1633576901778, "time_solve_models.TimeSolveDFN.time_solve_model": 1633576924262, "time_solve_models.TimeSolveSPM.time_solve_model": 1633576932250, "time_solve_models.TimeSolveSPMe.time_solve_model": 1633576942595}, "benchmark_version": {"time_setup_models_and_sims.TimeBuildDFN.time_setup_DFN": "5f322e51e6b7e66125ee6949bdf25746005db467e8ffcfdcb3ace170e92bbc3d", "time_setup_models_and_sims.TimeBuildDFNSimulation.time_setup_DFN_simulation": "8de44bc542fa7d4ba28a80f24414a9444b5436673aaebba674918f5f0bfd0ebb", "time_setup_models_and_sims.TimeBuildSPM.time_setup_SPM": "0d0b3f5c67fc2da9a5794c66b70af5a45a09558d1ee95f738745385adb84fbca", "time_setup_models_and_sims.TimeBuildSPMSimulation.time_setup_SPM_simulation": "161220a99418ce4487cc29325cbae897f28d0e44ae07e1dfbfaac2cbc53a4ff9", "time_setup_models_and_sims.TimeBuildSPMe.time_setup_SPMe": "6083f5ff944353395eb4b21c97b02af555fe6528de3cd5283f5e139943945235", "time_setup_models_and_sims.TimeBuildSPMeSimulation.time_setup_SPMe_simulation": "530563cb559427795e3648d9648df9250ae100b7721f69eec356bdda7798c55e", "time_solve_models.TimeSolveDFN.time_solve_model": "914137228e20e5900cec36b0d3865f1faa2f5d479c7d6c2539514791f9ec4430", "time_solve_models.TimeSolveSPM.time_solve_model": "ef1bb5f8d1ddfa59650e20438c4b252d73e5a062714848ce1d6d5269382bc598", "time_solve_models.TimeSolveSPMe.time_solve_model": "20672028872f4620ce85e909bae705d9490de441e926510b2b0e53ff0881d87b"}, "version": 1}