{"results": {"time_setup_models_and_sims.TimeBuildDFN.time_setup_DFN": {"result": [0.93558886899973], "stats": [{"ci_99": [0.9188832489999186, 0.9632694699994317], "q_25": 0.9263871530001779, "q_75": 0.9463666219999141, "min": 0.9188832489999186, "max": 0.9632694699994317, "mean": 0.9372119908997775, "std": 0.014006341320461848, "repeat": 10, "number": 1}]}, "time_setup_models_and_sims.TimeBuildDFNSimulation.time_setup_DFN_simulation": {"result": [0.10476570799983165, 0.21071787399978348], "stats": [{"ci_99": [0.1011082320001151, 0.11331102000076498], "q_25": 0.10404905249970398, "q_75": 0.10638734399890382, "min": 0.1011082320001151, "max": 0.11331102000076498, "mean": 0.1055608635999306, "std": 0.003180602767447194, "repeat": 10, "number": 1}, {"ci_99": [0.1925979940006073, 0.22944186000131594], "q_25": 0.20803665500034185, "q_75": 0.21125237774958805, "min": 0.1925979940006073, "max": 0.22944186000131594, "mean": 0.20894584160014346, "std": 0.009659982759880694, "repeat": 10, "number": 1}], "params": [["False", "True"]]}, "time_setup_models_and_sims.TimeBuildSPM.time_setup_SPM": {"result": [0.6846072035004909], "stats": [{"ci_99": [0.6552781419995881, 0.721234018999894], "q_25": 0.6723339889995259, "q_75": 0.6955080569996426, "min": 0.6552781419995881, "max": 0.721234018999894, "mean": 0.6853630086998237, "std": 0.018379257405387685, "repeat": 10, "number": 1}]}, "time_setup_models_and_sims.TimeBuildSPMSimulation.time_setup_SPM_simulation": {"result": [0.25857062049999513, 0.5195824084994456], "stats": [{"ci_99": [0.25048591300037515, 0.2869156760007172], "q_25": 0.25724678599908657, "q_75": 0.27083728499974313, "min": 0.25048591300037515, "max": 0.2869156760007172, "mean": 0.2638664690999576, "std": 0.010338346549995775, "repeat": 10, "number": 1}, {"ci_99": [0.4822063880001224, 0.5410785150015727], "q_25": 0.4881029814991962, "q_75": 0.5300906105003378, "min": 0.4822063880001224, "max": 0.5410785150015727, "mean": 0.5119030933999966, "std": 0.022416810387609218, "repeat": 10, "number": 1}], "params": [["False", "True"]]}, "time_setup_models_and_sims.TimeBuildSPMe.time_setup_SPMe": {"result": [0.8062112335001075], "stats": [{"ci_99": [0.7869155930002307, 0.847478631998456], "q_25": 0.7999887875002969, "q_75": 0.8151267472485415, "min": 0.7869155930002307, "max": 0.847478631998456, "mean": 0.8088160918998255, "std": 0.01568041588435077, "repeat": 10, "number": 1}]}, "time_setup_models_and_sims.TimeBuildSPMeSimulation.time_setup_SPMe_simulation": {"result": [0.13713824249953177, 0.26655902799939213], "stats": [{"ci_99": [0.125824709999506, 0.14325863599879085], "q_25": 0.1285054545001003, "q_75": 0.13973551124945516, "min": 0.125824709999506, "max": 0.14325863599879085, "mean": 0.13503106679963822, "std": 0.006255237849508728, "repeat": 10, "number": 1}, {"ci_99": [0.2507821140006854, 0.2773515070002759], "q_25": 0.2611414389998572, "q_75": 0.2717722415004573, "min": 0.2507821140006854, "max": 0.2773515070002759, "mean": 0.26531458940007724, "std": 0.008862565940645805, "repeat": 10, "number": 1}], "params": [["False", "True"]]}, "time_solve_models.TimeSolveDFN.time_solve_model": {"result": [1.2900103834999754, 1.5082648110001173], "stats": [{"ci_99": [1.2569248950003384, 1.3274271020000015], "q_25": 1.2888247987507384, "q_75": 1.3038037074998101, "min": 1.2569248950003384, "max": 1.3274271020000015, "mean": 1.293533975000173, "std": 0.021443544172333552, "repeat": 6, "number": 1}, {"ci_99": [1.4503575939997972, 1.5617394969995075], "q_25": 1.4977633610005796, "q_75": 1.517064401250991, "min": 1.4503575939997972, "max": 1.5617394969995075, "mean": 1.5083335995002471, "std": 0.030771613586486838, "repeat": 8, "number": 1}], "params": [["True", "False"]]}, "time_solve_models.TimeSolveSPM.time_solve_model": {"result": [0.06767304000004515, 0.116417592000289], "stats": [{"ci_99": [0.06569997500082536, 0.07557774699853326], "q_25": 0.06713143524984844, "q_75": 0.06916357475029145, "min": 0.06569997500082536, "max": 0.07557774699853326, "mean": 0.06875502729981235, "std": 0.002891563898829723, "repeat": 10, "number": 1}, {"ci_99": [0.10919239000031666, 0.13188465399980487], "q_25": 0.11367467200079773, "q_75": 0.12513665549977304, "min": 0.10919239000031666, "max": 0.13188465399980487, "mean": 0.11916508210033498, "std": 0.007383711819234819, "repeat": 10, "number": 1}], "params": [["True", "False"]]}, "time_solve_models.TimeSolveSPMe.time_solve_model": {"result": [0.11305956800060812, 0.1936593515010827], "stats": [{"ci_99": [0.10691987400059588, 0.12282358900120016], "q_25": 0.10821320849936455, "q_75": 0.11606133899977067, "min": 0.10691987400059588, "max": 0.12282358900120016, "mean": 0.1134968212003514, "std": 0.005490321606323505, "repeat": 10, "number": 1}, {"ci_99": [0.17629847600073845, 0.20923221400153125], "q_25": 0.18758938175005824, "q_75": 0.19420203025038063, "min": 0.17629847600073845, "max": 0.20923221400153125, "mean": 0.19170901710058388, "std": 0.009691465261462251, "repeat": 10, "number": 1}], "params": [["True", "False"]]}}, "params": {"machine": "GitHubRunner", "python": "3.8"}, "requirements": {}, "commit_hash": "814f5d9dd8adba1b5519ea1005fa0aeef4609c70", "date": 1591382848000, "env_name": "virtualenv-py3.8", "python": "3.8", "profiles": {}, "started_at": {"time_setup_models_and_sims.TimeBuildDFN.time_setup_DFN": 1613152823107, "time_setup_models_and_sims.TimeBuildDFNSimulation.time_setup_DFN_simulation": 1613152828979, "time_setup_models_and_sims.TimeBuildSPM.time_setup_SPM": 1613152831093, "time_setup_models_and_sims.TimeBuildSPMSimulation.time_setup_SPM_simulation": 1613152835460, "time_setup_models_and_sims.TimeBuildSPMe.time_setup_SPMe": 1613152840282, "time_setup_models_and_sims.TimeBuildSPMeSimulation.time_setup_SPMe_simulation": 1613152845452, "time_solve_models.TimeSolveDFN.time_solve_model": 1613152848069, "time_solve_models.TimeSolveSPM.time_solve_model": 1613152877061, "time_solve_models.TimeSolveSPMe.time_solve_model": 1613152889254}, "ended_at": {"time_setup_models_and_sims.TimeBuildDFN.time_setup_DFN": 1613152828979, "time_setup_models_and_sims.TimeBuildDFNSimulation.time_setup_DFN_simulation": 1613152831092, "time_setup_models_and_sims.TimeBuildSPM.time_setup_SPM": 1613152835460, "time_setup_models_and_sims.TimeBuildSPMSimulation.time_setup_SPM_simulation": 1613152840281, "time_setup_models_and_sims.TimeBuildSPMe.time_setup_SPMe": 1613152845452, "time_setup_models_and_sims.TimeBuildSPMeSimulation.time_setup_SPMe_simulation": 1613152848068, "time_solve_models.TimeSolveDFN.time_solve_model": 1613152877060, "time_solve_models.TimeSolveSPM.time_solve_model": 1613152889253, "time_solve_models.TimeSolveSPMe.time_solve_model": 1613152904657}, "benchmark_version": {"time_setup_models_and_sims.TimeBuildDFN.time_setup_DFN": "5f322e51e6b7e66125ee6949bdf25746005db467e8ffcfdcb3ace170e92bbc3d", "time_setup_models_and_sims.TimeBuildDFNSimulation.time_setup_DFN_simulation": "8de44bc542fa7d4ba28a80f24414a9444b5436673aaebba674918f5f0bfd0ebb", "time_setup_models_and_sims.TimeBuildSPM.time_setup_SPM": "0d0b3f5c67fc2da9a5794c66b70af5a45a09558d1ee95f738745385adb84fbca", "time_setup_models_and_sims.TimeBuildSPMSimulation.time_setup_SPM_simulation": "161220a99418ce4487cc29325cbae897f28d0e44ae07e1dfbfaac2cbc53a4ff9", "time_setup_models_and_sims.TimeBuildSPMe.time_setup_SPMe": "6083f5ff944353395eb4b21c97b02af555fe6528de3cd5283f5e139943945235", "time_setup_models_and_sims.TimeBuildSPMeSimulation.time_setup_SPMe_simulation": "530563cb559427795e3648d9648df9250ae100b7721f69eec356bdda7798c55e", "time_solve_models.TimeSolveDFN.time_solve_model": "914137228e20e5900cec36b0d3865f1faa2f5d479c7d6c2539514791f9ec4430", "time_solve_models.TimeSolveSPM.time_solve_model": "ef1bb5f8d1ddfa59650e20438c4b252d73e5a062714848ce1d6d5269382bc598", "time_solve_models.TimeSolveSPMe.time_solve_model": "20672028872f4620ce85e909bae705d9490de441e926510b2b0e53ff0881d87b"}, "version": 1}