{"results": {"time_setup_models_and_sims.TimeBuildDFN.time_setup_DFN": {"result": [0.576344399000007], "stats": [{"ci_99": [0.5616343909999841, 0.6005269860000055], "q_25": 0.5718910754999982, "q_75": 0.5913653874999909, "min": 0.5616343909999841, "max": 0.6005269860000055, "mean": 0.5799158402000018, "std": 0.012342187977299947, "repeat": 10, "number": 1}]}, "time_setup_models_and_sims.TimeBuildDFNSimulation.time_setup_DFN_simulation": {"result": [0.1334727929999957, 0.32337912800001334], "stats": [{"ci_99": [0.12810437100000627, 0.1392403510000122], "q_25": 0.13032667099999173, "q_75": 0.1351106807500031, "min": 0.12810437100000627, "max": 0.1392403510000122, "mean": 0.1329668980000008, "std": 0.0032581251562175317, "repeat": 10, "number": 1}, {"ci_99": [0.3145720830000016, 0.3294023050000021], "q_25": 0.32204280100000915, "q_75": 0.32763898300000704, "min": 0.3145720830000016, "max": 0.3294023050000021, "mean": 0.3235911329000061, "std": 0.004473724290008307, "repeat": 10, "number": 1}], "params": [["False", "True"]]}, "time_setup_models_and_sims.TimeBuildSPM.time_setup_SPM": {"result": [0.3558264434999785], "stats": [{"ci_99": [0.34383850999998344, 0.3603177530000039], "q_25": 0.3519983997499949, "q_75": 0.35755008500001395, "min": 0.34383850999998344, "max": 0.3603177530000039, "mean": 0.3546469196999965, "std": 0.004618557493798588, "repeat": 10, "number": 1}]}, "time_setup_models_and_sims.TimeBuildSPMSimulation.time_setup_SPM_simulation": {"result": [0.1613619265000068, 0.3587013614999961], "stats": [{"ci_99": [0.15079326000000037, 0.16626926899999717], "q_25": 0.15659455050001014, "q_75": 0.1633961062500049, "min": 0.15079326000000037, "max": 0.16626926899999717, "mean": 0.1596694688000042, "std": 0.00485406507680107, "repeat": 10, "number": 1}, {"ci_99": [0.35111055600000896, 0.36466165299998465], "q_25": 0.3570757092499903, "q_75": 0.3624809837500109, "min": 0.35111055600000896, "max": 0.36466165299998465, "mean": 0.3587975779999965, "std": 0.004326387339405135, "repeat": 10, "number": 1}], "params": [["False", "True"]]}, "time_setup_models_and_sims.TimeBuildSPMe.time_setup_SPMe": {"result": [0.5030599620000089], "stats": [{"ci_99": [0.49098935899999674, 0.5106188210000084], "q_25": 0.4982734967500022, "q_75": 0.5089153782500091, "min": 0.49098935899999674, "max": 0.5106188210000084, "mean": 0.5025283794000017, "std": 0.0069798011779418365, "repeat": 10, "number": 1}]}, "time_setup_models_and_sims.TimeBuildSPMeSimulation.time_setup_SPMe_simulation": {"result": [0.14640175649999776, 0.36877518549999877], "stats": [{"ci_99": [0.1437199650000025, 0.16371335600001657], "q_25": 0.1452597009999863, "q_75": 0.15180944025001253, "min": 0.1437199650000025, "max": 0.16371335600001657, "mean": 0.1500884720999977, "std": 0.006888379922050568, "repeat": 10, "number": 1}, {"ci_99": [0.35654457300000786, 0.37215857999999], "q_25": 0.36542262449999185, "q_75": 0.3705341842499905, "min": 0.35654457300000786, "max": 0.37215857999999, "mean": 0.3670066713999944, "std": 0.004873116736146646, "repeat": 10, "number": 1}], "params": [["False", "True"]]}, "time_solve_models.TimeSolveDFN.time_solve_model": {"result": [0.5978925855000057, 0.7877831370000052], "stats": [{"ci_99": [0.5920531350000147, 0.6127338280000174], "q_25": 0.5965297385000028, "q_75": 0.6024490772500144, "min": 0.5920531350000147, "max": 0.6127338280000174, "mean": 0.5998135283000096, "std": 0.0059277206248417175, "repeat": 10, "number": 1}, {"ci_99": [0.7671154609999746, 0.8026984129999732], "q_25": 0.7844560160000071, "q_75": 0.7948082192500081, "min": 0.7671154609999746, "max": 0.8026984129999732, "mean": 0.7878242142999994, "std": 0.009437231634724316, "repeat": 10, "number": 1}], "params": [["True", "False"]]}, "time_solve_models.TimeSolveSPM.time_solve_model": {"result": [0.02229576549999024, 0.04744124599999111], "stats": [{"ci_99": [0.021907555000012735, 0.022806185000007417], "q_25": 0.02219060049999655, "q_75": 0.02242750824999007, "min": 0.021907555000012735, "max": 0.022806185000007417, "mean": 0.02234812939999813, "std": 0.0002625203033113835, "repeat": 10, "number": 1}, {"ci_99": [0.04570117000000096, 0.047854119000021456], "q_25": 0.047223376000005146, "q_75": 0.04762120449999685, "min": 0.04570117000000096, "max": 0.047854119000021456, "mean": 0.04720396110000138, "std": 0.0006681932474549237, "repeat": 10, "number": 1}], "params": [["True", "False"]]}, "time_solve_models.TimeSolveSPMe.time_solve_model": {"result": [0.033599989999999025, 0.08181307700000673], "stats": [{"ci_99": [0.031618049999991626, 0.03481673400000318], "q_25": 0.03229019049999948, "q_75": 0.033952898250007024, "min": 0.031618049999991626, "max": 0.03481673400000318, "mean": 0.03321823920000213, "std": 0.0010397724401070164, "repeat": 10, "number": 1}, {"ci_99": [0.0797534760000076, 0.08379677000002062], "q_25": 0.08134389624999017, "q_75": 0.0828730287500079, "min": 0.0797534760000076, "max": 0.08379677000002062, "mean": 0.08188374040000782, "std": 0.0012391584853484745, "repeat": 10, "number": 1}], "params": [["True", "False"]]}}, "params": {"machine": "GitHubRunner", "python": "3.8"}, "requirements": {}, "commit_hash": "838422665fb4d8424abcb441f6123ab354cc1a63", "date": 1642718868000, "env_name": "virtualenv-py3.8", "python": "3.8", "profiles": {}, "started_at": {"time_setup_models_and_sims.TimeBuildDFN.time_setup_DFN": 1642735241486, "time_setup_models_and_sims.TimeBuildDFNSimulation.time_setup_DFN_simulation": 1642735245403, "time_setup_models_and_sims.TimeBuildSPM.time_setup_SPM": 1642735248673, "time_setup_models_and_sims.TimeBuildSPMSimulation.time_setup_SPM_simulation": 1642735251186, "time_setup_models_and_sims.TimeBuildSPMe.time_setup_SPMe": 1642735254859, "time_setup_models_and_sims.TimeBuildSPMeSimulation.time_setup_SPMe_simulation": 1642735258375, "time_solve_models.TimeSolveDFN.time_solve_model": 1642735262049, "time_solve_models.TimeSolveSPM.time_solve_model": 1642735285080, "time_solve_models.TimeSolveSPMe.time_solve_model": 1642735292664}, "ended_at": {"time_setup_models_and_sims.TimeBuildDFN.time_setup_DFN": 1642735245402, "time_setup_models_and_sims.TimeBuildDFNSimulation.time_setup_DFN_simulation": 1642735248672, "time_setup_models_and_sims.TimeBuildSPM.time_setup_SPM": 1642735251186, "time_setup_models_and_sims.TimeBuildSPMSimulation.time_setup_SPM_simulation": 1642735254859, "time_setup_models_and_sims.TimeBuildSPMe.time_setup_SPMe": 1642735258374, "time_setup_models_and_sims.TimeBuildSPMeSimulation.time_setup_SPMe_simulation": 1642735262048, "time_solve_models.TimeSolveDFN.time_solve_model": 1642735285079, "time_solve_models.TimeSolveSPM.time_solve_model": 1642735292663, "time_solve_models.TimeSolveSPMe.time_solve_model": 1642735303105}, "benchmark_version": {"time_setup_models_and_sims.TimeBuildDFN.time_setup_DFN": "5f322e51e6b7e66125ee6949bdf25746005db467e8ffcfdcb3ace170e92bbc3d", "time_setup_models_and_sims.TimeBuildDFNSimulation.time_setup_DFN_simulation": "8de44bc542fa7d4ba28a80f24414a9444b5436673aaebba674918f5f0bfd0ebb", "time_setup_models_and_sims.TimeBuildSPM.time_setup_SPM": "0d0b3f5c67fc2da9a5794c66b70af5a45a09558d1ee95f738745385adb84fbca", "time_setup_models_and_sims.TimeBuildSPMSimulation.time_setup_SPM_simulation": "161220a99418ce4487cc29325cbae897f28d0e44ae07e1dfbfaac2cbc53a4ff9", "time_setup_models_and_sims.TimeBuildSPMe.time_setup_SPMe": "6083f5ff944353395eb4b21c97b02af555fe6528de3cd5283f5e139943945235", "time_setup_models_and_sims.TimeBuildSPMeSimulation.time_setup_SPMe_simulation": "530563cb559427795e3648d9648df9250ae100b7721f69eec356bdda7798c55e", "time_solve_models.TimeSolveDFN.time_solve_model": "914137228e20e5900cec36b0d3865f1faa2f5d479c7d6c2539514791f9ec4430", "time_solve_models.TimeSolveSPM.time_solve_model": "ef1bb5f8d1ddfa59650e20438c4b252d73e5a062714848ce1d6d5269382bc598", "time_solve_models.TimeSolveSPMe.time_solve_model": "20672028872f4620ce85e909bae705d9490de441e926510b2b0e53ff0881d87b"}, "version": 1}