{"results": {"time_setup_models_and_sims.TimeBuildDFN.time_setup_DFN": {"result": [0.971352322499115], "stats": [{"ci_99": [0.9376606289988558, 1.0036918100013281], "q_25": 0.9493002135000097, "q_75": 0.9908400390004317, "min": 0.9376606289988558, "max": 1.0036918100013281, "mean": 0.9714611538998724, "std": 0.02300342137797638, "repeat": 10, "number": 1}]}, "time_setup_models_and_sims.TimeBuildDFNSimulation.time_setup_DFN_simulation": {"result": [0.08868174599956546, 0.18509819750033785], "stats": [{"ci_99": [0.08427691399992909, 0.09682440500000666], "q_25": 0.08501249425034985, "q_75": 0.09325795375025336, "min": 0.08427691399992909, "max": 0.09682440500000666, "mean": 0.08934411070003989, "std": 0.004482684125435203, "repeat": 10, "number": 1}, {"ci_99": [0.17564797900013218, 0.19678293299875804], "q_25": 0.18057113949998893, "q_75": 0.19111784225015072, "min": 0.17564797900013218, "max": 0.19678293299875804, "mean": 0.18553525089973846, "std": 0.006512988902478036, "repeat": 10, "number": 1}], "params": [["False", "True"]]}, "time_setup_models_and_sims.TimeBuildSPM.time_setup_SPM": {"result": [0.6308826934991885], "stats": [{"ci_99": [0.6183583040001395, 0.6758113200012303], "q_25": 0.6199776904991268, "q_75": 0.649328052250894, "min": 0.6183583040001395, "max": 0.6758113200012303, "mean": 0.6368909474998873, "std": 0.01918433149316228, "repeat": 10, "number": 1}]}, "time_setup_models_and_sims.TimeBuildSPMSimulation.time_setup_SPM_simulation": {"result": [0.22560764249919885, 0.4295566270002382], "stats": [{"ci_99": [0.21124403899921163, 0.23339080000005197], "q_25": 0.21758293374978166, "q_75": 0.22792090949997146, "min": 0.21124403899921163, "max": 0.23339080000005197, "mean": 0.22341435689959327, "std": 0.006786020983478494, "repeat": 10, "number": 1}, {"ci_99": [0.4075445669986948, 0.4782829829982802], "q_25": 0.4230492057504307, "q_75": 0.4561800717492588, "min": 0.4075445669986948, "max": 0.4782829829982802, "mean": 0.43912926749981124, "std": 0.02263471785298495, "repeat": 10, "number": 1}], "params": [["False", "True"]]}, "time_setup_models_and_sims.TimeBuildSPMe.time_setup_SPMe": {"result": [0.8081918344987571], "stats": [{"ci_99": [0.7721213229997375, 0.86668371199994], "q_25": 0.8008773560004556, "q_75": 0.8243084022496987, "min": 0.7721213229997375, "max": 0.86668371199994, "mean": 0.8125328263997289, "std": 0.02414248907171106, "repeat": 10, "number": 1}]}, "time_setup_models_and_sims.TimeBuildSPMeSimulation.time_setup_SPMe_simulation": {"result": [0.1136565779997909, 0.22493853799915087], "stats": [{"ci_99": [0.10822498900051869, 0.12112698199962324], "q_25": 0.11182501424991642, "q_75": 0.1174300552488603, "min": 0.10822498900051869, "max": 0.12112698199962324, "mean": 0.11452959419966646, "std": 0.004029409369119061, "repeat": 10, "number": 1}, {"ci_99": [0.2124375470011728, 0.2383923359993787], "q_25": 0.21617524924931786, "q_75": 0.2288386912500755, "min": 0.2124375470011728, "max": 0.2383923359993787, "mean": 0.2233728364995841, "std": 0.008114059095866091, "repeat": 10, "number": 1}], "params": [["False", "True"]]}, "time_solve_models.TimeSolveDFN.time_solve_model": {"result": [1.3141570699999647, 1.4683907905000524], "stats": [{"ci_99": [1.2637162999999418, 1.358100434759274], "q_25": 1.3008394477492402, "q_75": 1.3345119160003378, "min": 1.2637162999999418, "max": 1.3494341250006983, "mean": 1.3131936116666718, "std": 0.028298300171768438, "repeat": 6, "number": 1}, {"ci_99": [1.43120141899999, 1.5331086629994388], "q_25": 1.4483091709998916, "q_75": 1.4967335220003406, "min": 1.43120141899999, "max": 1.5331086629994388, "mean": 1.4754050296248806, "std": 0.03363462599910151, "repeat": 8, "number": 1}], "params": [["True", "False"]]}, "time_solve_models.TimeSolveSPM.time_solve_model": {"result": [0.07118126800014579, 0.1155901914999049], "stats": [{"ci_99": [0.06330586100011715, 0.085797323999941], "q_25": 0.06482079725083167, "q_75": 0.07299128149998069, "min": 0.06330586100011715, "max": 0.085797323999941, "mean": 0.07094358649992501, "std": 0.006817611990248634, "repeat": 10, "number": 1}, {"ci_99": [0.10553076900032465, 0.12011587400047574], "q_25": 0.11134148524979537, "q_75": 0.11907191700083786, "min": 0.10553076900032465, "max": 0.12011587400047574, "mean": 0.11450457369992365, "std": 0.005070988599570835, "repeat": 10, "number": 1}], "params": [["True", "False"]]}, "time_solve_models.TimeSolveSPMe.time_solve_model": {"result": [0.10982925000098476, 0.18011506149923662], "stats": [{"ci_99": [0.10369705499942938, 0.12392660200021055], "q_25": 0.10615529750020869, "q_75": 0.11277009574905605, "min": 0.10369705499942938, "max": 0.12392660200021055, "mean": 0.11058166500006336, "std": 0.005762663115208928, "repeat": 10, "number": 1}, {"ci_99": [0.1703700399993977, 0.19060968800113187], "q_25": 0.17297900924859277, "q_75": 0.1867029342497517, "min": 0.1703700399993977, "max": 0.19060968800113187, "mean": 0.18028802249955334, "std": 0.007367924874567339, "repeat": 10, "number": 1}], "params": [["True", "False"]]}}, "params": {"machine": "GitHubRunner", "python": "3.8"}, "requirements": {}, "commit_hash": "83fba98eea5890a900cd76f2d16766147d8430e1", "date": 1588183777000, "env_name": "virtualenv-py3.8", "python": "3.8", "profiles": {}, "started_at": {"time_setup_models_and_sims.TimeBuildDFN.time_setup_DFN": 1613155037057, "time_setup_models_and_sims.TimeBuildDFNSimulation.time_setup_DFN_simulation": 1613155043229, "time_setup_models_and_sims.TimeBuildSPM.time_setup_SPM": 1613155045093, "time_setup_models_and_sims.TimeBuildSPMSimulation.time_setup_SPM_simulation": 1613155049260, "time_setup_models_and_sims.TimeBuildSPMe.time_setup_SPMe": 1613155053488, "time_setup_models_and_sims.TimeBuildSPMeSimulation.time_setup_SPMe_simulation": 1613155058657, "time_solve_models.TimeSolveDFN.time_solve_model": 1613155060921, "time_solve_models.TimeSolveSPM.time_solve_model": 1613155090067, "time_solve_models.TimeSolveSPMe.time_solve_model": 1613155101459}, "ended_at": {"time_setup_models_and_sims.TimeBuildDFN.time_setup_DFN": 1613155043229, "time_setup_models_and_sims.TimeBuildDFNSimulation.time_setup_DFN_simulation": 1613155045092, "time_setup_models_and_sims.TimeBuildSPM.time_setup_SPM": 1613155049260, "time_setup_models_and_sims.TimeBuildSPMSimulation.time_setup_SPM_simulation": 1613155053487, "time_setup_models_and_sims.TimeBuildSPMe.time_setup_SPMe": 1613155058657, "time_setup_models_and_sims.TimeBuildSPMeSimulation.time_setup_SPMe_simulation": 1613155060921, "time_solve_models.TimeSolveDFN.time_solve_model": 1613155090066, "time_solve_models.TimeSolveSPM.time_solve_model": 1613155101459, "time_solve_models.TimeSolveSPMe.time_solve_model": 1613155116160}, "benchmark_version": {"time_setup_models_and_sims.TimeBuildDFN.time_setup_DFN": "5f322e51e6b7e66125ee6949bdf25746005db467e8ffcfdcb3ace170e92bbc3d", "time_setup_models_and_sims.TimeBuildDFNSimulation.time_setup_DFN_simulation": "8de44bc542fa7d4ba28a80f24414a9444b5436673aaebba674918f5f0bfd0ebb", "time_setup_models_and_sims.TimeBuildSPM.time_setup_SPM": "0d0b3f5c67fc2da9a5794c66b70af5a45a09558d1ee95f738745385adb84fbca", "time_setup_models_and_sims.TimeBuildSPMSimulation.time_setup_SPM_simulation": "161220a99418ce4487cc29325cbae897f28d0e44ae07e1dfbfaac2cbc53a4ff9", "time_setup_models_and_sims.TimeBuildSPMe.time_setup_SPMe": "6083f5ff944353395eb4b21c97b02af555fe6528de3cd5283f5e139943945235", "time_setup_models_and_sims.TimeBuildSPMeSimulation.time_setup_SPMe_simulation": "530563cb559427795e3648d9648df9250ae100b7721f69eec356bdda7798c55e", "time_solve_models.TimeSolveDFN.time_solve_model": "914137228e20e5900cec36b0d3865f1faa2f5d479c7d6c2539514791f9ec4430", "time_solve_models.TimeSolveSPM.time_solve_model": "ef1bb5f8d1ddfa59650e20438c4b252d73e5a062714848ce1d6d5269382bc598", "time_solve_models.TimeSolveSPMe.time_solve_model": "20672028872f4620ce85e909bae705d9490de441e926510b2b0e53ff0881d87b"}, "version": 1}