{"results": {"time_setup_models_and_sims.TimeBuildDFN.time_setup_DFN": {"result": [0.9417125459999625], "stats": [{"ci_99": [0.9245169910000186, 0.9835259480000786], "q_25": 0.9283917824999435, "q_75": 0.9768687542500629, "min": 0.9245169910000186, "max": 0.9835259480000786, "mean": 0.9510000601000229, "std": 0.023984484460045075, "repeat": 10, "number": 1}]}, "time_setup_models_and_sims.TimeBuildDFNSimulation.time_setup_DFN_simulation": {"result": [0.11968268700024964, 0.19599896499971692], "stats": [{"ci_99": [0.11699101900012465, 0.1323723149998841], "q_25": 0.11840498624985685, "q_75": 0.12421995125009744, "min": 0.11699101900012465, "max": 0.1323723149998841, "mean": 0.12157287380005073, "std": 0.004602496405885607, "repeat": 10, "number": 1}, {"ci_99": [0.19167309699969337, 0.21193662399991808], "q_25": 0.19266047325004365, "q_75": 0.19891213749997405, "min": 0.19167309699969337, "max": 0.21193662399991808, "mean": 0.19706035149988566, "std": 0.005690921068547927, "repeat": 10, "number": 1}], "params": [["False", "True"]]}, "time_setup_models_and_sims.TimeBuildSPM.time_setup_SPM": {"result": [0.6835007019997192], "stats": [{"ci_99": [0.6603646230000777, 0.7433730400002787], "q_25": 0.666242267250027, "q_75": 0.7026884352500247, "min": 0.6603646230000777, "max": 0.7433730400002787, "mean": 0.6897348928000155, "std": 0.027152653215368357, "repeat": 10, "number": 1}]}, "time_setup_models_and_sims.TimeBuildSPMSimulation.time_setup_SPM_simulation": {"result": [0.2811424540002463, 0.358268417500085], "stats": [{"ci_99": [0.266974565000055, 0.31581164099998205], "q_25": 0.2721446284997455, "q_75": 0.29527661424992857, "min": 0.266974565000055, "max": 0.31581164099998205, "mean": 0.285416586600013, "std": 0.015152020113249827, "repeat": 10, "number": 1}, {"ci_99": [0.3442753150002318, 0.3707812770003329], "q_25": 0.3530789682500881, "q_75": 0.3655600542500679, "min": 0.3442753150002318, "max": 0.3707812770003329, "mean": 0.3583627378001438, "std": 0.008253757298705706, "repeat": 10, "number": 1}], "params": [["False", "True"]]}, "time_setup_models_and_sims.TimeBuildSPMe.time_setup_SPMe": {"result": [0.8192501295000056], "stats": [{"ci_99": [0.7927413669999623, 0.8433640769999329], "q_25": 0.8043555175001984, "q_75": 0.8336071172500397, "min": 0.7927413669999623, "max": 0.8433640769999329, "mean": 0.8195345986000575, "std": 0.01711177752787786, "repeat": 10, "number": 1}]}, "time_setup_models_and_sims.TimeBuildSPMeSimulation.time_setup_SPMe_simulation": {"result": [0.14829347350018907, 0.23746492850000323], "stats": [{"ci_99": [0.13994387200000347, 0.15868067300016264], "q_25": 0.1454179707499179, "q_75": 0.15391632299997582, "min": 0.13994387200000347, "max": 0.15868067300016264, "mean": 0.14907313150001755, "std": 0.0061729284298421795, "repeat": 10, "number": 1}, {"ci_99": [0.22299288800013528, 0.25120834099971034], "q_25": 0.2299356862500872, "q_75": 0.24504133375012316, "min": 0.22299288800013528, "max": 0.25120834099971034, "mean": 0.23722198589998697, "std": 0.009028520635670112, "repeat": 10, "number": 1}], "params": [["False", "True"]]}, "time_solve_models.TimeSolveDFN.time_solve_model": {"result": [1.4499860345001707, 1.6587454820000858], "stats": [{"ci_99": [1.3748416875529301, 1.5067118137802706], "q_25": 1.406507781999835, "q_75": 1.4713480920000848, "min": 1.384872976999759, "max": 1.4893316489997233, "mean": 1.4407767506666005, "std": 0.03895413164002447, "repeat": 6, "number": 1}, {"ci_99": [1.6015155760001107, 1.6900891163950718], "q_25": 1.6253719774999809, "q_75": 1.6670315080000364, "min": 1.6015155760001107, "max": 1.6856198370001039, "mean": 1.6472411237143336, "std": 0.030738682803926002, "repeat": 7, "number": 1}], "params": [["True", "False"]]}, "time_solve_models.TimeSolveSPM.time_solve_model": {"result": [0.06969372499997917, 0.12038048849990446], "stats": [{"ci_99": [0.06245828600003733, 0.079676685999857], "q_25": 0.06579452600010427, "q_75": 0.07259364950004965, "min": 0.06245828600003733, "max": 0.079676685999857, "mean": 0.06989296930000818, "std": 0.005102199013106268, "repeat": 10, "number": 1}, {"ci_99": [0.11365450199991756, 0.13325712400001066], "q_25": 0.11699756250004612, "q_75": 0.12194224550012223, "min": 0.11365450199991756, "max": 0.13325712400001066, "mean": 0.12146129520001522, "std": 0.006442550332263848, "repeat": 10, "number": 1}], "params": [["True", "False"]]}, "time_solve_models.TimeSolveSPMe.time_solve_model": {"result": [0.10554154699980245, 0.17888138750004146], "stats": [{"ci_99": [0.10028680999994322, 0.11950752699976874], "q_25": 0.10174727750018064, "q_75": 0.11002711924982123, "min": 0.10028680999994322, "max": 0.11950752699976874, "mean": 0.10668923359990004, "std": 0.005908998178428995, "repeat": 10, "number": 1}, {"ci_99": [0.17538178099994184, 0.1883546600001864], "q_25": 0.1777128164998203, "q_75": 0.18180903300003592, "min": 0.17538178099994184, "max": 0.1883546600001864, "mean": 0.18027843319996464, "std": 0.004123504688077931, "repeat": 10, "number": 1}], "params": [["True", "False"]]}}, "params": {"machine": "GitHubRunner", "python": "3.8"}, "requirements": {}, "commit_hash": "85b3a2083884c3a39e373a7ae7bfc1f8f3aaf6ba", "date": 1610124290000, "env_name": "virtualenv-py3.8", "python": "3.8", "profiles": {}, "started_at": {"time_setup_models_and_sims.TimeBuildDFN.time_setup_DFN": 1613144154208, "time_setup_models_and_sims.TimeBuildDFNSimulation.time_setup_DFN_simulation": 1613144160179, "time_setup_models_and_sims.TimeBuildSPM.time_setup_SPM": 1613144162344, "time_setup_models_and_sims.TimeBuildSPMSimulation.time_setup_SPM_simulation": 1613144166812, "time_setup_models_and_sims.TimeBuildSPMe.time_setup_SPMe": 1613144171033, "time_setup_models_and_sims.TimeBuildSPMeSimulation.time_setup_SPMe_simulation": 1613144176253, "time_solve_models.TimeSolveDFN.time_solve_model": 1613144178820, "time_solve_models.TimeSolveSPM.time_solve_model": 1613144209974, "time_solve_models.TimeSolveSPMe.time_solve_model": 1613144222368}, "ended_at": {"time_setup_models_and_sims.TimeBuildDFN.time_setup_DFN": 1613144160178, "time_setup_models_and_sims.TimeBuildDFNSimulation.time_setup_DFN_simulation": 1613144162344, "time_setup_models_and_sims.TimeBuildSPM.time_setup_SPM": 1613144166812, "time_setup_models_and_sims.TimeBuildSPMSimulation.time_setup_SPM_simulation": 1613144171032, "time_setup_models_and_sims.TimeBuildSPMe.time_setup_SPMe": 1613144176252, "time_setup_models_and_sims.TimeBuildSPMeSimulation.time_setup_SPMe_simulation": 1613144178819, "time_solve_models.TimeSolveDFN.time_solve_model": 1613144209973, "time_solve_models.TimeSolveSPM.time_solve_model": 1613144222367, "time_solve_models.TimeSolveSPMe.time_solve_model": 1613144237772}, "benchmark_version": {"time_setup_models_and_sims.TimeBuildDFN.time_setup_DFN": "5f322e51e6b7e66125ee6949bdf25746005db467e8ffcfdcb3ace170e92bbc3d", "time_setup_models_and_sims.TimeBuildDFNSimulation.time_setup_DFN_simulation": "8de44bc542fa7d4ba28a80f24414a9444b5436673aaebba674918f5f0bfd0ebb", "time_setup_models_and_sims.TimeBuildSPM.time_setup_SPM": "0d0b3f5c67fc2da9a5794c66b70af5a45a09558d1ee95f738745385adb84fbca", "time_setup_models_and_sims.TimeBuildSPMSimulation.time_setup_SPM_simulation": "161220a99418ce4487cc29325cbae897f28d0e44ae07e1dfbfaac2cbc53a4ff9", "time_setup_models_and_sims.TimeBuildSPMe.time_setup_SPMe": "6083f5ff944353395eb4b21c97b02af555fe6528de3cd5283f5e139943945235", "time_setup_models_and_sims.TimeBuildSPMeSimulation.time_setup_SPMe_simulation": "530563cb559427795e3648d9648df9250ae100b7721f69eec356bdda7798c55e", "time_solve_models.TimeSolveDFN.time_solve_model": "914137228e20e5900cec36b0d3865f1faa2f5d479c7d6c2539514791f9ec4430", "time_solve_models.TimeSolveSPM.time_solve_model": "ef1bb5f8d1ddfa59650e20438c4b252d73e5a062714848ce1d6d5269382bc598", "time_solve_models.TimeSolveSPMe.time_solve_model": "20672028872f4620ce85e909bae705d9490de441e926510b2b0e53ff0881d87b"}, "version": 1}