{"results": {"time_setup_models_and_sims.TimeBuildDFN.time_setup_DFN": {"result": [0.5249856384999845], "stats": [{"ci_99": [0.509910485000006, 0.5359049629999788], "q_25": 0.515934944499989, "q_75": 0.5296036330000007, "min": 0.509910485000006, "max": 0.5359049629999788, "mean": 0.5232379694999935, "std": 0.00792651251626611, "repeat": 10, "number": 1}]}, "time_setup_models_and_sims.TimeBuildDFNSimulation.time_setup_DFN_simulation": {"result": [0.11380493100000422, 0.28788034800001583], "stats": [{"ci_99": [0.11045558099999653, 0.11900000100001762], "q_25": 0.11173347299999392, "q_75": 0.11458769550001335, "min": 0.11045558099999653, "max": 0.11900000100001762, "mean": 0.11363675800000408, "std": 0.00235886377239242, "repeat": 10, "number": 1}, {"ci_99": [0.27103972000000454, 0.29520625800000744], "q_25": 0.28255821575001505, "q_75": 0.2925483972500089, "min": 0.27103972000000454, "max": 0.29520625800000744, "mean": 0.2860878758000041, "std": 0.008256051452770386, "repeat": 10, "number": 1}], "params": [["False", "True"]]}, "time_setup_models_and_sims.TimeBuildSPM.time_setup_SPM": {"result": [0.29429462849999766], "stats": [{"ci_99": [0.2887107720000017, 0.30897499900001435], "q_25": 0.29016496549998294, "q_75": 0.30523300099999773, "min": 0.2887107720000017, "max": 0.30897499900001435, "mean": 0.2972203048999944, "std": 0.00786876316500952, "repeat": 10, "number": 1}]}, "time_setup_models_and_sims.TimeBuildSPMSimulation.time_setup_SPM_simulation": {"result": [0.13736908650000146, 0.31753666199999486], "stats": [{"ci_99": [0.13103855700001077, 0.1403747709999834], "q_25": 0.13324763650000904, "q_75": 0.1390952552499911, "min": 0.13103855700001077, "max": 0.1403747709999834, "mean": 0.136324592699998, "std": 0.0034271191871169085, "repeat": 10, "number": 1}, {"ci_99": [0.30724605800000404, 0.32307393100001036], "q_25": 0.31307451025001143, "q_75": 0.3224174727499971, "min": 0.30724605800000404, "max": 0.32307393100001036, "mean": 0.3170173064000039, "std": 0.005592918403507036, "repeat": 10, "number": 1}], "params": [["False", "True"]]}, "time_setup_models_and_sims.TimeBuildSPMe.time_setup_SPMe": {"result": [0.4425710780000003], "stats": [{"ci_99": [0.4277755500000069, 0.4454285409999841], "q_25": 0.4388359707499916, "q_75": 0.4431561929999859, "min": 0.4277755500000069, "max": 0.4454285409999841, "mean": 0.4402365359999976, "std": 0.004870707421591158, "repeat": 10, "number": 1}]}, "time_setup_models_and_sims.TimeBuildSPMeSimulation.time_setup_SPMe_simulation": {"result": [0.13226931250000007, 0.32357657499998993], "stats": [{"ci_99": [0.12964991199999076, 0.1358166150000102], "q_25": 0.13116658250000057, "q_75": 0.13265678200000508, "min": 0.12964991199999076, "max": 0.1358166150000102, "mean": 0.13214305509999918, "std": 0.0015791414913280905, "repeat": 10, "number": 1}, {"ci_99": [0.30648174800001016, 0.33289520299999253], "q_25": 0.3193404922499923, "q_75": 0.32960698224999163, "min": 0.30648174800001016, "max": 0.33289520299999253, "mean": 0.32222053779999554, "std": 0.009128713246727413, "repeat": 10, "number": 1}], "params": [["False", "True"]]}, "time_solve_models.TimeSolveDFN.time_solve_model": {"result": [0.5356824520000032, 0.6995978835000045], "stats": [{"ci_99": [0.5207665819999932, 0.5430411180000192], "q_25": 0.5261213845000228, "q_75": 0.5416519584999975, "min": 0.5207665819999932, "max": 0.5430411180000192, "mean": 0.533827677800008, "std": 0.00816783949744069, "repeat": 10, "number": 1}, {"ci_99": [0.694106201000011, 0.7026826569999969], "q_25": 0.6978275249999868, "q_75": 0.7014571140000072, "min": 0.694106201000011, "max": 0.7026826569999969, "mean": 0.6994192117000011, "std": 0.0026456405279420996, "repeat": 10, "number": 1}], "params": [["True", "False"]]}, "time_solve_models.TimeSolveSPM.time_solve_model": {"result": [0.019896380999995245, 0.04267857700000377], "stats": [{"ci_99": [0.01979977400000621, 0.020517201999979306], "q_25": 0.01982224450000558, "q_75": 0.020267923500007612, "min": 0.01979977400000621, "max": 0.020517201999979306, "mean": 0.020039203900000756, "std": 0.00028074838460690106, "repeat": 10, "number": 1}, {"ci_99": [0.04192792700001746, 0.045300683999982994], "q_25": 0.042286190249996025, "q_75": 0.04312973149998811, "min": 0.04192792700001746, "max": 0.045300683999982994, "mean": 0.04288121179999678, "std": 0.000918132531833155, "repeat": 10, "number": 1}], "params": [["True", "False"]]}, "time_solve_models.TimeSolveSPMe.time_solve_model": {"result": [0.02910504250000656, 0.0702595360000231], "stats": [{"ci_99": [0.028202054999979964, 0.030126434999999674], "q_25": 0.028893437999997218, "q_75": 0.029525376749994336, "min": 0.028202054999979964, "max": 0.030126434999999674, "mean": 0.029157174099998427, "std": 0.0005586062880250906, "repeat": 10, "number": 1}, {"ci_99": [0.0642426840000212, 0.0725795960000255], "q_25": 0.06682207974998278, "q_75": 0.07219186675001765, "min": 0.0642426840000212, "max": 0.0725795960000255, "mean": 0.06933650990000899, "std": 0.003178846815408446, "repeat": 10, "number": 1}], "params": [["True", "False"]]}}, "params": {"machine": "GitHubRunner", "python": "3.8"}, "requirements": {}, "commit_hash": "85c66a739896bcb678be58583ebcfac22e426004", "date": 1639518516000, "env_name": "virtualenv-py3.8", "python": "3.8", "profiles": {}, "started_at": {"time_setup_models_and_sims.TimeBuildDFN.time_setup_DFN": 1639538504830, "time_setup_models_and_sims.TimeBuildDFNSimulation.time_setup_DFN_simulation": 1639538508296, "time_setup_models_and_sims.TimeBuildSPM.time_setup_SPM": 1639538511064, "time_setup_models_and_sims.TimeBuildSPMSimulation.time_setup_SPM_simulation": 1639538513074, "time_setup_models_and_sims.TimeBuildSPMe.time_setup_SPMe": 1639538516092, "time_setup_models_and_sims.TimeBuildSPMeSimulation.time_setup_SPMe_simulation": 1639538519106, "time_solve_models.TimeSolveDFN.time_solve_model": 1639538522182, "time_solve_models.TimeSolveSPM.time_solve_model": 1639538542607, "time_solve_models.TimeSolveSPMe.time_solve_model": 1639538549489}, "ended_at": {"time_setup_models_and_sims.TimeBuildDFN.time_setup_DFN": 1639538508295, "time_setup_models_and_sims.TimeBuildDFNSimulation.time_setup_DFN_simulation": 1639538511063, "time_setup_models_and_sims.TimeBuildSPM.time_setup_SPM": 1639538513074, "time_setup_models_and_sims.TimeBuildSPMSimulation.time_setup_SPM_simulation": 1639538516091, "time_setup_models_and_sims.TimeBuildSPMe.time_setup_SPMe": 1639538519106, "time_setup_models_and_sims.TimeBuildSPMeSimulation.time_setup_SPMe_simulation": 1639538522181, "time_solve_models.TimeSolveDFN.time_solve_model": 1639538542606, "time_solve_models.TimeSolveSPM.time_solve_model": 1639538549488, "time_solve_models.TimeSolveSPMe.time_solve_model": 1639538558478}, "benchmark_version": {"time_setup_models_and_sims.TimeBuildDFN.time_setup_DFN": "5f322e51e6b7e66125ee6949bdf25746005db467e8ffcfdcb3ace170e92bbc3d", "time_setup_models_and_sims.TimeBuildDFNSimulation.time_setup_DFN_simulation": "8de44bc542fa7d4ba28a80f24414a9444b5436673aaebba674918f5f0bfd0ebb", "time_setup_models_and_sims.TimeBuildSPM.time_setup_SPM": "0d0b3f5c67fc2da9a5794c66b70af5a45a09558d1ee95f738745385adb84fbca", "time_setup_models_and_sims.TimeBuildSPMSimulation.time_setup_SPM_simulation": "161220a99418ce4487cc29325cbae897f28d0e44ae07e1dfbfaac2cbc53a4ff9", "time_setup_models_and_sims.TimeBuildSPMe.time_setup_SPMe": "6083f5ff944353395eb4b21c97b02af555fe6528de3cd5283f5e139943945235", "time_setup_models_and_sims.TimeBuildSPMeSimulation.time_setup_SPMe_simulation": "530563cb559427795e3648d9648df9250ae100b7721f69eec356bdda7798c55e", "time_solve_models.TimeSolveDFN.time_solve_model": "914137228e20e5900cec36b0d3865f1faa2f5d479c7d6c2539514791f9ec4430", "time_solve_models.TimeSolveSPM.time_solve_model": "ef1bb5f8d1ddfa59650e20438c4b252d73e5a062714848ce1d6d5269382bc598", "time_solve_models.TimeSolveSPMe.time_solve_model": "20672028872f4620ce85e909bae705d9490de441e926510b2b0e53ff0881d87b"}, "version": 1}