{"results": {"time_setup_models_and_sims.TimeBuildDFN.time_setup_DFN": {"result": [0.9091326494994973], "stats": [{"ci_99": [0.8781436419994861, 0.9408700230005707], "q_25": 0.8953136625002571, "q_75": 0.9288272334999874, "min": 0.8781436419994861, "max": 0.9408700230005707, "mean": 0.9102238768999087, "std": 0.021172997165840424, "repeat": 10, "number": 1}]}, "time_setup_models_and_sims.TimeBuildDFNSimulation.time_setup_DFN_simulation": {"result": [0.11728927000012845, 0.24565668850027578], "stats": [{"ci_99": [0.11431193800035544, 0.13128274900009274], "q_25": 0.11621876775029705, "q_75": 0.11905457375019068, "min": 0.11431193800035544, "max": 0.13128274900009274, "mean": 0.11871985250008947, "std": 0.004536616549776062, "repeat": 10, "number": 1}, {"ci_99": [0.23085539799922117, 0.2566859349999504], "q_25": 0.23602422925046085, "q_75": 0.2547250415002509, "min": 0.23085539799922117, "max": 0.2566859349999504, "mean": 0.24522621330015681, "std": 0.009592099534322591, "repeat": 10, "number": 1}], "params": [["False", "True"]]}, "time_setup_models_and_sims.TimeBuildSPM.time_setup_SPM": {"result": [0.6498563105001267], "stats": [{"ci_99": [0.633995846000289, 0.7003735710004548], "q_25": 0.6398126637502628, "q_75": 0.6677514887503548, "min": 0.633995846000289, "max": 0.7003735710004548, "mean": 0.656453587100259, "std": 0.021046012376158104, "repeat": 10, "number": 1}]}, "time_setup_models_and_sims.TimeBuildSPMSimulation.time_setup_SPM_simulation": {"result": [0.29947896249950645, 0.5809172795002269], "stats": [{"ci_99": [0.2813983299993197, 0.31147798799975135], "q_25": 0.292263173250376, "q_75": 0.3028859892503988, "min": 0.2813983299993197, "max": 0.31147798799975135, "mean": 0.2978452158999062, "std": 0.008043022867272537, "repeat": 10, "number": 1}, {"ci_99": [0.5433882359993731, 0.597389597000074], "q_25": 0.5696049980003863, "q_75": 0.5864897589997327, "min": 0.5433882359993731, "max": 0.597389597000074, "mean": 0.5772535989999596, "std": 0.01509004580642915, "repeat": 10, "number": 1}], "params": [["False", "True"]]}, "time_setup_models_and_sims.TimeBuildSPMe.time_setup_SPMe": {"result": [0.7814980670000296], "stats": [{"ci_99": [0.7474219109999467, 0.8317862240000977], "q_25": 0.7678346100001363, "q_75": 0.7982094570002118, "min": 0.7474219109999467, "max": 0.8317862240000977, "mean": 0.7835550517002048, "std": 0.024899834191988404, "repeat": 10, "number": 1}]}, "time_setup_models_and_sims.TimeBuildSPMeSimulation.time_setup_SPMe_simulation": {"result": [0.1474844879999182, 0.2822155905000727], "stats": [{"ci_99": [0.1374012699998275, 0.15672279199952754], "q_25": 0.1416871652500049, "q_75": 0.15090403399995012, "min": 0.1374012699998275, "max": 0.15672279199952754, "mean": 0.1470418420999522, "std": 0.006262828705554848, "repeat": 10, "number": 1}, {"ci_99": [0.2764537539997036, 0.3243453950008188], "q_25": 0.2792000062497664, "q_75": 0.293435154250119, "min": 0.2764537539997036, "max": 0.3243453950008188, "mean": 0.2897076255001593, "std": 0.014917684442181778, "repeat": 10, "number": 1}], "params": [["False", "True"]]}, "time_solve_models.TimeSolveDFN.time_solve_model": {"result": [1.006102424999881, 1.1817552395000348], "stats": [{"ci_99": [0.9672084370004086, 1.026651621976945], "q_25": 0.9841304927497276, "q_75": 1.0109804525002346, "min": 0.9672084370004086, "max": 1.0158373780004695, "mean": 0.9974439403334449, "std": 0.01827317821635803, "repeat": 6, "number": 1}, {"ci_99": [1.1617514409999785, 1.2078765080004814], "q_25": 1.1756099057499796, "q_75": 1.201862899499929, "min": 1.1617514409999785, "max": 1.2078765080004814, "mean": 1.1863886761250342, "std": 0.015605144542947228, "repeat": 8, "number": 1}], "params": [["True", "False"]]}, "time_solve_models.TimeSolveSPM.time_solve_model": {"result": [0.056864095499804534, 0.10190076300023065], "stats": [{"ci_99": [0.054167166000297584, 0.0602736000000732], "q_25": 0.05619426099997327, "q_75": 0.05786545124988152, "min": 0.054167166000297584, "max": 0.0602736000000732, "mean": 0.05708553330005088, "std": 0.001750395920456561, "repeat": 10, "number": 1}, {"ci_99": [0.09873657999924035, 0.10925968599985936], "q_25": 0.09975492674993802, "q_75": 0.10279816150000443, "min": 0.09873657999924035, "max": 0.10925968599985936, "mean": 0.10224997130007978, "std": 0.0030741640273090824, "repeat": 10, "number": 1}], "params": [["True", "False"]]}, "time_solve_models.TimeSolveSPMe.time_solve_model": {"result": [0.0781560929999614, 0.14574555499984854], "stats": [{"ci_99": [0.07422717099962028, 0.08440113500000734], "q_25": 0.07716476224936741, "q_75": 0.0812059929996849, "min": 0.07422717099962028, "max": 0.08440113500000734, "mean": 0.07921636289966046, "std": 0.0031032125077603673, "repeat": 10, "number": 1}, {"ci_99": [0.14210000000002765, 0.1650308070002211], "q_25": 0.14515310425008465, "q_75": 0.15527181050038052, "min": 0.14210000000002765, "max": 0.1650308070002211, "mean": 0.14987465290005275, "std": 0.0072158237381304835, "repeat": 10, "number": 1}], "params": [["True", "False"]]}}, "params": {"machine": "GitHubRunner", "python": "3.8"}, "requirements": {}, "commit_hash": "86fabc1f52866854d85c0d32fe85214b738a8355", "date": 1607079589000, "env_name": "virtualenv-py3.8", "python": "3.8", "profiles": {}, "started_at": {"time_setup_models_and_sims.TimeBuildDFN.time_setup_DFN": 1613145466940, "time_setup_models_and_sims.TimeBuildDFNSimulation.time_setup_DFN_simulation": 1613145472662, "time_setup_models_and_sims.TimeBuildSPM.time_setup_SPM": 1613145475127, "time_setup_models_and_sims.TimeBuildSPMSimulation.time_setup_SPM_simulation": 1613145479394, "time_setup_models_and_sims.TimeBuildSPMe.time_setup_SPMe": 1613145485121, "time_setup_models_and_sims.TimeBuildSPMeSimulation.time_setup_SPMe_simulation": 1613145490090, "time_solve_models.TimeSolveDFN.time_solve_model": 1613145493108, "time_solve_models.TimeSolveSPM.time_solve_model": 1613145517840, "time_solve_models.TimeSolveSPMe.time_solve_model": 1613145529686}, "ended_at": {"time_setup_models_and_sims.TimeBuildDFN.time_setup_DFN": 1613145472662, "time_setup_models_and_sims.TimeBuildDFNSimulation.time_setup_DFN_simulation": 1613145475126, "time_setup_models_and_sims.TimeBuildSPM.time_setup_SPM": 1613145479393, "time_setup_models_and_sims.TimeBuildSPMSimulation.time_setup_SPM_simulation": 1613145485120, "time_setup_models_and_sims.TimeBuildSPMe.time_setup_SPMe": 1613145490090, "time_setup_models_and_sims.TimeBuildSPMeSimulation.time_setup_SPMe_simulation": 1613145493107, "time_solve_models.TimeSolveDFN.time_solve_model": 1613145517840, "time_solve_models.TimeSolveSPM.time_solve_model": 1613145529685, "time_solve_models.TimeSolveSPMe.time_solve_model": 1613145544138}, "benchmark_version": {"time_setup_models_and_sims.TimeBuildDFN.time_setup_DFN": "5f322e51e6b7e66125ee6949bdf25746005db467e8ffcfdcb3ace170e92bbc3d", "time_setup_models_and_sims.TimeBuildDFNSimulation.time_setup_DFN_simulation": "8de44bc542fa7d4ba28a80f24414a9444b5436673aaebba674918f5f0bfd0ebb", "time_setup_models_and_sims.TimeBuildSPM.time_setup_SPM": "0d0b3f5c67fc2da9a5794c66b70af5a45a09558d1ee95f738745385adb84fbca", "time_setup_models_and_sims.TimeBuildSPMSimulation.time_setup_SPM_simulation": "161220a99418ce4487cc29325cbae897f28d0e44ae07e1dfbfaac2cbc53a4ff9", "time_setup_models_and_sims.TimeBuildSPMe.time_setup_SPMe": "6083f5ff944353395eb4b21c97b02af555fe6528de3cd5283f5e139943945235", "time_setup_models_and_sims.TimeBuildSPMeSimulation.time_setup_SPMe_simulation": "530563cb559427795e3648d9648df9250ae100b7721f69eec356bdda7798c55e", "time_solve_models.TimeSolveDFN.time_solve_model": "914137228e20e5900cec36b0d3865f1faa2f5d479c7d6c2539514791f9ec4430", "time_solve_models.TimeSolveSPM.time_solve_model": "ef1bb5f8d1ddfa59650e20438c4b252d73e5a062714848ce1d6d5269382bc598", "time_solve_models.TimeSolveSPMe.time_solve_model": "20672028872f4620ce85e909bae705d9490de441e926510b2b0e53ff0881d87b"}, "version": 1}