{"results": {"time_setup_models_and_sims.TimeBuildDFN.time_setup_DFN": {"result": [0.8737659555008577], "stats": [{"ci_99": [0.8368061809997016, 0.9381169169992063], "q_25": 0.8553281447489098, "q_75": 0.9125620372496996, "min": 0.8368061809997016, "max": 0.9381169169992063, "mean": 0.8828938187994936, "std": 0.033427333911768546, "repeat": 10, "number": 1}]}, "time_setup_models_and_sims.TimeBuildDFNSimulation.time_setup_DFN_simulation": {"result": [0.10512766400006512, 0.19668758000079833], "stats": [{"ci_99": [0.09812101399984385, 0.11163101199963421], "q_25": 0.10113668450048863, "q_75": 0.10873216525033058, "min": 0.09812101399984385, "max": 0.11163101199963421, "mean": 0.1050837839000451, "std": 0.0046223825151470305, "repeat": 10, "number": 1}, {"ci_99": [0.1887738730001729, 0.22194651199970394], "q_25": 0.19368235775027642, "q_75": 0.19993500299915468, "min": 0.1887738730001729, "max": 0.22194651199970394, "mean": 0.19855771330003336, "std": 0.00886016392776582, "repeat": 10, "number": 1}], "params": [["False", "True"]]}, "time_setup_models_and_sims.TimeBuildSPM.time_setup_SPM": {"result": [0.6468760050001947], "stats": [{"ci_99": [0.6378708340016601, 0.6979603709987714], "q_25": 0.6410425092499281, "q_75": 0.6536798260008254, "min": 0.6378708340016601, "max": 0.6979603709987714, "mean": 0.6539899042003526, "std": 0.01911307441681902, "repeat": 10, "number": 1}]}, "time_setup_models_and_sims.TimeBuildSPMSimulation.time_setup_SPM_simulation": {"result": [0.2527183875008632, 0.47803962550005963], "stats": [{"ci_99": [0.24485508100042352, 0.2799582349998673], "q_25": 0.24641046650049248, "q_75": 0.2602173175009739, "min": 0.24485508100042352, "max": 0.2799582349998673, "mean": 0.25564105860048586, "std": 0.011060224880619801, "repeat": 10, "number": 1}, {"ci_99": [0.46999491799942916, 0.5228324029994837], "q_25": 0.4742023979993064, "q_75": 0.49174387625089366, "min": 0.46999491799942916, "max": 0.5228324029994837, "mean": 0.48614190429980225, "std": 0.016919661153145468, "repeat": 10, "number": 1}], "params": [["False", "True"]]}, "time_setup_models_and_sims.TimeBuildSPMe.time_setup_SPMe": {"result": [0.7962606874998528], "stats": [{"ci_99": [0.7434065069992357, 0.847911261000263], "q_25": 0.7626065427498361, "q_75": 0.8288703242506017, "min": 0.7434065069992357, "max": 0.847911261000263, "mean": 0.7951197999000215, "std": 0.03699846211727277, "repeat": 10, "number": 1}]}, "time_setup_models_and_sims.TimeBuildSPMeSimulation.time_setup_SPMe_simulation": {"result": [0.12491180800043367, 0.2533095400003731], "stats": [{"ci_99": [0.1212989830000879, 0.13988531599898124], "q_25": 0.12288696874975358, "q_75": 0.12703254824918986, "min": 0.1212989830000879, "max": 0.13988531599898124, "mean": 0.1262209875998451, "std": 0.00507609837248921, "repeat": 10, "number": 1}, {"ci_99": [0.24533438199978264, 0.27113236999866785], "q_25": 0.2493346135001957, "q_75": 0.26333289050080566, "min": 0.24533438199978264, "max": 0.27113236999866785, "mean": 0.2562000422998608, "std": 0.008820904464229852, "repeat": 10, "number": 1}], "params": [["False", "True"]]}, "time_solve_models.TimeSolveDFN.time_solve_model": {"result": [1.3312751294997724, 1.5317122304995792], "stats": [{"ci_99": [1.2797637254805845, 1.3755917065192667], "q_25": 1.3063016422502187, "q_75": 1.3525564019996636, "min": 1.284455930999684, "max": 1.3614328000003297, "mean": 1.3276777159999256, "std": 0.028237742540339426, "repeat": 6, "number": 1}, {"ci_99": [1.4878189070004737, 1.5960562029995344], "q_25": 1.5064236007506224, "q_75": 1.572766674250488, "min": 1.4878189070004737, "max": 1.5960562029995344, "mean": 1.537238183125055, "std": 0.037666023965615344, "repeat": 8, "number": 1}], "params": [["True", "False"]]}, "time_solve_models.TimeSolveSPM.time_solve_model": {"result": [0.06684778600083519, 0.10714372849997744], "stats": [{"ci_99": [0.06342916100038565, 0.07465064200005145], "q_25": 0.06553295124876968, "q_75": 0.07263595274980617, "min": 0.06342916100038565, "max": 0.07465064200005145, "mean": 0.06867124899999907, "std": 0.00392675956956667, "repeat": 10, "number": 1}, {"ci_99": [0.1041745570000785, 0.1212411800006521], "q_25": 0.10651499925006647, "q_75": 0.11327352249963951, "min": 0.1041745570000785, "max": 0.1212411800006521, "mean": 0.10989049839990912, "std": 0.005776694770522215, "repeat": 10, "number": 1}], "params": [["True", "False"]]}, "time_solve_models.TimeSolveSPMe.time_solve_model": {"result": [0.11509243599994079, 0.18305832949954493], "stats": [{"ci_99": [0.10308814800009714, 0.1209763800015935], "q_25": 0.10621997150019524, "q_75": 0.11746752825092699, "min": 0.10308814800009714, "max": 0.1209763800015935, "mean": 0.11266688840041753, "std": 0.006188944936542539, "repeat": 10, "number": 1}, {"ci_99": [0.17325875800088397, 0.20346667900048487], "q_25": 0.18053901150051388, "q_75": 0.18643857999995816, "min": 0.17325875800088397, "max": 0.20346667900048487, "mean": 0.18380027520015574, "std": 0.008089020696101857, "repeat": 10, "number": 1}], "params": [["True", "False"]]}}, "params": {"machine": "GitHubRunner", "python": "3.8"}, "requirements": {}, "commit_hash": "903ab782ad45a4b8efc95a3b7af25bec5e72414b", "date": 1592923242000, "env_name": "virtualenv-py3.8", "python": "3.8", "profiles": {}, "started_at": {"time_setup_models_and_sims.TimeBuildDFN.time_setup_DFN": 1613151983729, "time_setup_models_and_sims.TimeBuildDFNSimulation.time_setup_DFN_simulation": 1613151989350, "time_setup_models_and_sims.TimeBuildSPM.time_setup_SPM": 1613151991364, "time_setup_models_and_sims.TimeBuildSPMSimulation.time_setup_SPM_simulation": 1613151995629, "time_setup_models_and_sims.TimeBuildSPMe.time_setup_SPMe": 1613152000501, "time_setup_models_and_sims.TimeBuildSPMeSimulation.time_setup_SPMe_simulation": 1613152005670, "time_solve_models.TimeSolveDFN.time_solve_model": 1613152008235, "time_solve_models.TimeSolveSPM.time_solve_model": 1613152037339, "time_solve_models.TimeSolveSPMe.time_solve_model": 1613152049483}, "ended_at": {"time_setup_models_and_sims.TimeBuildDFN.time_setup_DFN": 1613151989349, "time_setup_models_and_sims.TimeBuildDFNSimulation.time_setup_DFN_simulation": 1613151991363, "time_setup_models_and_sims.TimeBuildSPM.time_setup_SPM": 1613151995629, "time_setup_models_and_sims.TimeBuildSPMSimulation.time_setup_SPM_simulation": 1613152000501, "time_setup_models_and_sims.TimeBuildSPMe.time_setup_SPMe": 1613152005670, "time_setup_models_and_sims.TimeBuildSPMeSimulation.time_setup_SPMe_simulation": 1613152008235, "time_solve_models.TimeSolveDFN.time_solve_model": 1613152037339, "time_solve_models.TimeSolveSPM.time_solve_model": 1613152049483, "time_solve_models.TimeSolveSPMe.time_solve_model": 1613152064232}, "benchmark_version": {"time_setup_models_and_sims.TimeBuildDFN.time_setup_DFN": "5f322e51e6b7e66125ee6949bdf25746005db467e8ffcfdcb3ace170e92bbc3d", "time_setup_models_and_sims.TimeBuildDFNSimulation.time_setup_DFN_simulation": "8de44bc542fa7d4ba28a80f24414a9444b5436673aaebba674918f5f0bfd0ebb", "time_setup_models_and_sims.TimeBuildSPM.time_setup_SPM": "0d0b3f5c67fc2da9a5794c66b70af5a45a09558d1ee95f738745385adb84fbca", "time_setup_models_and_sims.TimeBuildSPMSimulation.time_setup_SPM_simulation": "161220a99418ce4487cc29325cbae897f28d0e44ae07e1dfbfaac2cbc53a4ff9", "time_setup_models_and_sims.TimeBuildSPMe.time_setup_SPMe": "6083f5ff944353395eb4b21c97b02af555fe6528de3cd5283f5e139943945235", "time_setup_models_and_sims.TimeBuildSPMeSimulation.time_setup_SPMe_simulation": "530563cb559427795e3648d9648df9250ae100b7721f69eec356bdda7798c55e", "time_solve_models.TimeSolveDFN.time_solve_model": "914137228e20e5900cec36b0d3865f1faa2f5d479c7d6c2539514791f9ec4430", "time_solve_models.TimeSolveSPM.time_solve_model": "ef1bb5f8d1ddfa59650e20438c4b252d73e5a062714848ce1d6d5269382bc598", "time_solve_models.TimeSolveSPMe.time_solve_model": "20672028872f4620ce85e909bae705d9490de441e926510b2b0e53ff0881d87b"}, "version": 1}