{"results": {"time_setup_models_and_sims.TimeBuildDFN.time_setup_DFN": {"result": [1.2554769049999948], "stats": [{"ci_99": [1.2018456910000168, 1.2991387539999835], "q_25": 1.224413317500023, "q_75": 1.2804070840000108, "min": 1.2018456910000168, "max": 1.2991387539999835, "mean": 1.2527558405000065, "std": 0.032269121886154904, "repeat": 10, "number": 1}]}, "time_setup_models_and_sims.TimeBuildDFNSimulation.time_setup_DFN_simulation": {"result": [0.14924641100000713, 0.25851651999998637], "stats": [{"ci_99": [0.14535101100000247, 0.16726198200001363], "q_25": 0.14830234850001034, "q_75": 0.15081215774998213, "min": 0.14535101100000247, "max": 0.16726198200001363, "mean": 0.15162220540000249, "std": 0.0062937900431905254, "repeat": 10, "number": 1}, {"ci_99": [0.2457331100000033, 0.29186067200001276], "q_25": 0.2539202574999919, "q_75": 0.27134466449999906, "min": 0.2457331100000033, "max": 0.29186067200001276, "mean": 0.2636036018999988, "std": 0.013424989773243795, "repeat": 10, "number": 1}], "params": [["False", "True"]]}, "time_setup_models_and_sims.TimeBuildSPM.time_setup_SPM": {"result": [0.7133408414999991], "stats": [{"ci_99": [0.66215296499999, 0.7526202960000035], "q_25": 0.6912658057499854, "q_75": 0.7215559614999805, "min": 0.66215296499999, "max": 0.7526202960000035, "mean": 0.7082910983999966, "std": 0.02668957672933892, "repeat": 10, "number": 1}]}, "time_setup_models_and_sims.TimeBuildSPMSimulation.time_setup_SPM_simulation": {"result": [0.1477647975000167, 0.2344574520000151], "stats": [{"ci_99": [0.13942467199998987, 0.15406816999998796], "q_25": 0.14346346550000533, "q_75": 0.152798927500001, "min": 0.13942467199998987, "max": 0.15406816999998796, "mean": 0.14757126400000403, "std": 0.005331428015396226, "repeat": 10, "number": 1}, {"ci_99": [0.21354139999999688, 0.24498077900000226], "q_25": 0.2275152075000122, "q_75": 0.23754144950001432, "min": 0.21354139999999688, "max": 0.24498077900000226, "mean": 0.2329593093000085, "std": 0.008798008986117876, "repeat": 10, "number": 1}], "params": [["False", "True"]]}, "time_setup_models_and_sims.TimeBuildSPMe.time_setup_SPMe": {"result": [1.0320917359999981], "stats": [{"ci_99": [0.9888654270000075, 1.0907287849999818], "q_25": 1.018545011250005, "q_75": 1.0613731407500069, "min": 0.9888654270000075, "max": 1.0907287849999818, "mean": 1.0364408993000012, "std": 0.02998295115753452, "repeat": 10, "number": 1}]}, "time_setup_models_and_sims.TimeBuildSPMeSimulation.time_setup_SPMe_simulation": {"result": [0.17152383949999717, 0.2784470640000052], "stats": [{"ci_99": [0.1590503369999965, 0.17865853899999706], "q_25": 0.16387857749999313, "q_75": 0.17299660175000042, "min": 0.1590503369999965, "max": 0.17865853899999706, "mean": 0.1694910023999995, "std": 0.006718560887527675, "repeat": 10, "number": 1}, {"ci_99": [0.2592593870000144, 0.28756549900001005], "q_25": 0.26911739100000176, "q_75": 0.27947600225, "min": 0.2592593870000144, "max": 0.28756549900001005, "mean": 0.2753210333000055, "std": 0.00800538102836398, "repeat": 10, "number": 1}], "params": [["False", "True"]]}, "time_solve_models.TimeSolveDFN.time_solve_model": {"result": [0.8881797090000134, 1.0484060940000148], "stats": [{"ci_99": [0.8626914010000064, 0.9052032534755711], "q_25": 0.8750222634999858, "q_75": 0.8940672522499895, "min": 0.8626914010000064, "max": 0.8988906980000024, "mean": 0.8841012886666656, "std": 0.01304069197587989, "repeat": 6, "number": 1}, {"ci_99": [1.0208137969999598, 1.0839099160000103], "q_25": 1.0403708492500243, "q_75": 1.0575065682499911, "min": 1.0208137969999598, "max": 1.0839099160000103, "mean": 1.050406987125001, "std": 0.01874033896852635, "repeat": 8, "number": 1}], "params": [["True", "False"]]}, "time_solve_models.TimeSolveSPM.time_solve_model": {"result": [0.046968382499997574, 0.08387562850001018], "stats": [{"ci_99": [0.044130206999994925, 0.0501561659999652], "q_25": 0.04542496674997665, "q_75": 0.04876885125000996, "min": 0.044130206999994925, "max": 0.0501561659999652, "mean": 0.04706420189998539, "std": 0.0019749027730506974, "repeat": 10, "number": 1}, {"ci_99": [0.07695128299999965, 0.08792321500004618], "q_25": 0.08207615575000204, "q_75": 0.08544832500000865, "min": 0.07695128299999965, "max": 0.08792321500004618, "mean": 0.083453752900013, "std": 0.0031861959761845466, "repeat": 10, "number": 1}], "params": [["True", "False"]]}, "time_solve_models.TimeSolveSPMe.time_solve_model": {"result": [0.063122165999971, 0.1302064180000002], "stats": [{"ci_99": [0.062162204000003385, 0.07108415700000137], "q_25": 0.06300516149998714, "q_75": 0.06401959575001825, "min": 0.062162204000003385, "max": 0.07108415700000137, "mean": 0.06409564930000045, "std": 0.0024476182597321775, "repeat": 10, "number": 1}, {"ci_99": [0.11833853299998509, 0.13834083799997643], "q_25": 0.12160721650001705, "q_75": 0.13298413149998822, "min": 0.11833853299998509, "max": 0.13834083799997643, "mean": 0.12808572699999274, "std": 0.00643187648612893, "repeat": 10, "number": 1}], "params": [["True", "False"]]}}, "params": {"machine": "GitHubRunner", "python": "3.8"}, "requirements": {}, "commit_hash": "92d0279d94343df6610b68a445cbb4b6189d7aaf", "date": 1613107092000, "env_name": "virtualenv-py3.8", "python": "3.8", "profiles": {}, "started_at": {"time_setup_models_and_sims.TimeBuildDFN.time_setup_DFN": 1613141286175, "time_setup_models_and_sims.TimeBuildDFNSimulation.time_setup_DFN_simulation": 1613141294002, "time_setup_models_and_sims.TimeBuildSPM.time_setup_SPM": 1613141296769, "time_setup_models_and_sims.TimeBuildSPMSimulation.time_setup_SPM_simulation": 1613141301337, "time_setup_models_and_sims.TimeBuildSPMe.time_setup_SPMe": 1613141303852, "time_setup_models_and_sims.TimeBuildSPMeSimulation.time_setup_SPMe_simulation": 1613141310477, "time_solve_models.TimeSolveDFN.time_solve_model": 1613141313445, "time_solve_models.TimeSolveSPM.time_solve_model": 1613141340540, "time_solve_models.TimeSolveSPMe.time_solve_model": 1613141353183}, "ended_at": {"time_setup_models_and_sims.TimeBuildDFN.time_setup_DFN": 1613141294002, "time_setup_models_and_sims.TimeBuildDFNSimulation.time_setup_DFN_simulation": 1613141296768, "time_setup_models_and_sims.TimeBuildSPM.time_setup_SPM": 1613141301336, "time_setup_models_and_sims.TimeBuildSPMSimulation.time_setup_SPM_simulation": 1613141303851, "time_setup_models_and_sims.TimeBuildSPMe.time_setup_SPMe": 1613141310476, "time_setup_models_and_sims.TimeBuildSPMeSimulation.time_setup_SPMe_simulation": 1613141313444, "time_solve_models.TimeSolveDFN.time_solve_model": 1613141340539, "time_solve_models.TimeSolveSPM.time_solve_model": 1613141353182, "time_solve_models.TimeSolveSPMe.time_solve_model": 1613141371347}, "benchmark_version": {"time_setup_models_and_sims.TimeBuildDFN.time_setup_DFN": "5f322e51e6b7e66125ee6949bdf25746005db467e8ffcfdcb3ace170e92bbc3d", "time_setup_models_and_sims.TimeBuildDFNSimulation.time_setup_DFN_simulation": "8de44bc542fa7d4ba28a80f24414a9444b5436673aaebba674918f5f0bfd0ebb", "time_setup_models_and_sims.TimeBuildSPM.time_setup_SPM": "0d0b3f5c67fc2da9a5794c66b70af5a45a09558d1ee95f738745385adb84fbca", "time_setup_models_and_sims.TimeBuildSPMSimulation.time_setup_SPM_simulation": "161220a99418ce4487cc29325cbae897f28d0e44ae07e1dfbfaac2cbc53a4ff9", "time_setup_models_and_sims.TimeBuildSPMe.time_setup_SPMe": "6083f5ff944353395eb4b21c97b02af555fe6528de3cd5283f5e139943945235", "time_setup_models_and_sims.TimeBuildSPMeSimulation.time_setup_SPMe_simulation": "530563cb559427795e3648d9648df9250ae100b7721f69eec356bdda7798c55e", "time_solve_models.TimeSolveDFN.time_solve_model": "914137228e20e5900cec36b0d3865f1faa2f5d479c7d6c2539514791f9ec4430", "time_solve_models.TimeSolveSPM.time_solve_model": "ef1bb5f8d1ddfa59650e20438c4b252d73e5a062714848ce1d6d5269382bc598", "time_solve_models.TimeSolveSPMe.time_solve_model": "20672028872f4620ce85e909bae705d9490de441e926510b2b0e53ff0881d87b"}, "version": 1}