{"results": {"time_setup_models_and_sims.TimeBuildDFN.time_setup_DFN": {"result": [0.9147804165004345], "stats": [{"ci_99": [0.8950780120003401, 0.9674651830000585], "q_25": 0.9094693362501403, "q_75": 0.9328403274998891, "min": 0.8950780120003401, "max": 0.9674651830000585, "mean": 0.9246390364000945, "std": 0.023037356413851438, "repeat": 10, "number": 1}]}, "time_setup_models_and_sims.TimeBuildDFNSimulation.time_setup_DFN_simulation": {"result": [0.08792480200008868, 0.17587052600038078], "stats": [{"ci_99": [0.08531248199960828, 0.09997558300074161], "q_25": 0.08638926474986874, "q_75": 0.09196956975029025, "min": 0.08531248199960828, "max": 0.09997558300074161, "mean": 0.08979519980002806, "std": 0.004438801570504865, "repeat": 10, "number": 1}, {"ci_99": [0.17116886599978898, 0.19635206699967966], "q_25": 0.1731622805002644, "q_75": 0.17884577724998962, "min": 0.17116886599978898, "max": 0.19635206699967966, "mean": 0.17858758180009318, "std": 0.0079769446805529, "repeat": 10, "number": 1}], "params": [["False", "True"]]}, "time_setup_models_and_sims.TimeBuildSPM.time_setup_SPM": {"result": [0.66686361650045], "stats": [{"ci_99": [0.6427817270005107, 0.6958087490002072], "q_25": 0.6485941985004047, "q_75": 0.6827948207501322, "min": 0.6427817270005107, "max": 0.6958087490002072, "mean": 0.6669497189002869, "std": 0.019001983501702315, "repeat": 10, "number": 1}]}, "time_setup_models_and_sims.TimeBuildSPMSimulation.time_setup_SPM_simulation": {"result": [0.2606413769995015, 0.4678743059998851], "stats": [{"ci_99": [0.24389760600024601, 0.2851440720005485], "q_25": 0.25712393875028283, "q_75": 0.26602462949972505, "min": 0.24389760600024601, "max": 0.2851440720005485, "mean": 0.2621416889998727, "std": 0.01035559156087265, "repeat": 10, "number": 1}, {"ci_99": [0.4580399779997606, 0.5126163820004876], "q_25": 0.4648230495001826, "q_75": 0.4847190354998929, "min": 0.4580399779997606, "max": 0.5126163820004876, "mean": 0.47586916440004645, "std": 0.01587887202659622, "repeat": 10, "number": 1}], "params": [["False", "True"]]}, "time_setup_models_and_sims.TimeBuildSPMe.time_setup_SPMe": {"result": [0.7912247925000884], "stats": [{"ci_99": [0.769655421000607, 0.8304085069994471], "q_25": 0.7842872460003036, "q_75": 0.8027830877501856, "min": 0.769655421000607, "max": 0.8304085069994471, "mean": 0.7937977539000712, "std": 0.017980881324492725, "repeat": 10, "number": 1}]}, "time_setup_models_and_sims.TimeBuildSPMeSimulation.time_setup_SPMe_simulation": {"result": [0.1089483079999809, 0.22092923900027017], "stats": [{"ci_99": [0.10145949100024154, 0.11372750399914366], "q_25": 0.10580442499963283, "q_75": 0.11255651924966514, "min": 0.10145949100024154, "max": 0.11372750399914366, "mean": 0.10846983429973989, "std": 0.00443783624249037, "repeat": 10, "number": 1}, {"ci_99": [0.20238620799955243, 0.22626406500057783], "q_25": 0.21864550425016205, "q_75": 0.22364577649955208, "min": 0.20238620799955243, "max": 0.22626406500057783, "mean": 0.2188566725999408, "std": 0.0073609348799679635, "repeat": 10, "number": 1}], "params": [["False", "True"]]}, "time_solve_models.TimeSolveDFN.time_solve_model": {"result": [0.999869028500143, 1.1997800004992314], "stats": [{"ci_99": [0.9665332270497172, 1.025386978283958], "q_25": 0.9829359570001088, "q_75": 1.0084135007500663, "min": 0.9685700750005708, "max": 1.0188992260000305, "mean": 0.9959601026668375, "std": 0.01757381781761472, "repeat": 6, "number": 1}, {"ci_99": [1.168432163000034, 1.2319363249998787], "q_25": 1.1903742829999828, "q_75": 1.2085944257498795, "min": 1.168432163000034, "max": 1.2319363249998787, "mean": 1.1993621922497368, "std": 0.017699278249133667, "repeat": 8, "number": 1}], "params": [["True", "False"]]}, "time_solve_models.TimeSolveSPM.time_solve_model": {"result": [0.05971741650000695, 0.10469136000028811], "stats": [{"ci_99": [0.05653114599954279, 0.06421740600035264], "q_25": 0.05832882699974107, "q_75": 0.06140075925009114, "min": 0.05653114599954279, "max": 0.06421740600035264, "mean": 0.059865457900014005, "std": 0.0022583580339918126, "repeat": 10, "number": 1}, {"ci_99": [0.0994257820002531, 0.11269008700037375], "q_25": 0.10204459974966085, "q_75": 0.11011645125017822, "min": 0.0994257820002531, "max": 0.11269008700037375, "mean": 0.10577234530010174, "std": 0.0047127461695406995, "repeat": 10, "number": 1}], "params": [["True", "False"]]}, "time_solve_models.TimeSolveSPMe.time_solve_model": {"result": [0.08047642700012148, 0.15746941399993375], "stats": [{"ci_99": [0.07684310399963579, 0.08930390200021066], "q_25": 0.07895898750007291, "q_75": 0.0832357927497469, "min": 0.07684310399963579, "max": 0.08930390200021066, "mean": 0.08117968239994297, "std": 0.0035528682989748954, "repeat": 10, "number": 1}, {"ci_99": [0.15009135699983744, 0.16393748699920252], "q_25": 0.15271960774975923, "q_75": 0.16092416199967374, "min": 0.15009135699983744, "max": 0.16393748699920252, "mean": 0.1570613814998069, "std": 0.005033029838647414, "repeat": 10, "number": 1}], "params": [["True", "False"]]}}, "params": {"machine": "GitHubRunner", "python": "3.8"}, "requirements": {}, "commit_hash": "931792b94f1a73582df14d87760a82606087f7b0", "date": 1605563919000, "env_name": "virtualenv-py3.8", "python": "3.8", "profiles": {}, "started_at": {"time_setup_models_and_sims.TimeBuildDFN.time_setup_DFN": 1613146114280, "time_setup_models_and_sims.TimeBuildDFNSimulation.time_setup_DFN_simulation": 1613146120155, "time_setup_models_and_sims.TimeBuildSPM.time_setup_SPM": 1613146122120, "time_setup_models_and_sims.TimeBuildSPMSimulation.time_setup_SPM_simulation": 1613146126387, "time_setup_models_and_sims.TimeBuildSPMe.time_setup_SPMe": 1613146131211, "time_setup_models_and_sims.TimeBuildSPMeSimulation.time_setup_SPMe_simulation": 1613146136332, "time_solve_models.TimeSolveDFN.time_solve_model": 1613146138598, "time_solve_models.TimeSolveSPM.time_solve_model": 1613146163639, "time_solve_models.TimeSolveSPMe.time_solve_model": 1613146175683}, "ended_at": {"time_setup_models_and_sims.TimeBuildDFN.time_setup_DFN": 1613146120154, "time_setup_models_and_sims.TimeBuildDFNSimulation.time_setup_DFN_simulation": 1613146122119, "time_setup_models_and_sims.TimeBuildSPM.time_setup_SPM": 1613146126387, "time_setup_models_and_sims.TimeBuildSPMSimulation.time_setup_SPM_simulation": 1613146131210, "time_setup_models_and_sims.TimeBuildSPMe.time_setup_SPMe": 1613146136332, "time_setup_models_and_sims.TimeBuildSPMeSimulation.time_setup_SPMe_simulation": 1613146138597, "time_solve_models.TimeSolveDFN.time_solve_model": 1613146163638, "time_solve_models.TimeSolveSPM.time_solve_model": 1613146175682, "time_solve_models.TimeSolveSPMe.time_solve_model": 1613146190334}, "benchmark_version": {"time_setup_models_and_sims.TimeBuildDFN.time_setup_DFN": "5f322e51e6b7e66125ee6949bdf25746005db467e8ffcfdcb3ace170e92bbc3d", "time_setup_models_and_sims.TimeBuildDFNSimulation.time_setup_DFN_simulation": "8de44bc542fa7d4ba28a80f24414a9444b5436673aaebba674918f5f0bfd0ebb", "time_setup_models_and_sims.TimeBuildSPM.time_setup_SPM": "0d0b3f5c67fc2da9a5794c66b70af5a45a09558d1ee95f738745385adb84fbca", "time_setup_models_and_sims.TimeBuildSPMSimulation.time_setup_SPM_simulation": "161220a99418ce4487cc29325cbae897f28d0e44ae07e1dfbfaac2cbc53a4ff9", "time_setup_models_and_sims.TimeBuildSPMe.time_setup_SPMe": "6083f5ff944353395eb4b21c97b02af555fe6528de3cd5283f5e139943945235", "time_setup_models_and_sims.TimeBuildSPMeSimulation.time_setup_SPMe_simulation": "530563cb559427795e3648d9648df9250ae100b7721f69eec356bdda7798c55e", "time_solve_models.TimeSolveDFN.time_solve_model": "914137228e20e5900cec36b0d3865f1faa2f5d479c7d6c2539514791f9ec4430", "time_solve_models.TimeSolveSPM.time_solve_model": "ef1bb5f8d1ddfa59650e20438c4b252d73e5a062714848ce1d6d5269382bc598", "time_solve_models.TimeSolveSPMe.time_solve_model": "20672028872f4620ce85e909bae705d9490de441e926510b2b0e53ff0881d87b"}, "version": 1}