{"results": {"time_setup_models_and_sims.TimeBuildDFN.time_setup_DFN": {"result": [0.5153557510000013], "stats": [{"ci_99": [0.5134514760000002, 0.5203880050000009], "q_25": 0.514056724750013, "q_75": 0.5185472027499962, "min": 0.5134514760000002, "max": 0.5203880050000009, "mean": 0.5162411623000025, "std": 0.0024450715535548604, "repeat": 10, "number": 1}]}, "time_setup_models_and_sims.TimeBuildDFNSimulation.time_setup_DFN_simulation": {"result": [0.11935478349999329, 0.28878952499999855], "stats": [{"ci_99": [0.11772179400000482, 0.12167294400001083], "q_25": 0.11826861325000237, "q_75": 0.12045493125001272, "min": 0.11772179400000482, "max": 0.12167294400001083, "mean": 0.11946159460000416, "std": 0.001293055147659095, "repeat": 10, "number": 1}, {"ci_99": [0.2875600690000084, 0.2908095909999986], "q_25": 0.2883437787500043, "q_75": 0.28942414850001086, "min": 0.2875600690000084, "max": 0.2908095909999986, "mean": 0.28892197670000286, "std": 0.0008771293470646057, "repeat": 10, "number": 1}], "params": [["False", "True"]]}, "time_setup_models_and_sims.TimeBuildSPM.time_setup_SPM": {"result": [0.3034843115000001], "stats": [{"ci_99": [0.28899398600000836, 0.31597673100000634], "q_25": 0.29204011299999877, "q_75": 0.3152725220000008, "min": 0.28899398600000836, "max": 0.31597673100000634, "mean": 0.3031897430000029, "std": 0.011905188947839209, "repeat": 10, "number": 1}]}, "time_setup_models_and_sims.TimeBuildSPMSimulation.time_setup_SPM_simulation": {"result": [0.1445849695000163, 0.32058706699999817], "stats": [{"ci_99": [0.14230841600000588, 0.1483261930000026], "q_25": 0.14431535375001303, "q_75": 0.1459020802500035, "min": 0.14230841600000588, "max": 0.1483261930000026, "mean": 0.14494187400000555, "std": 0.0017800790273401056, "repeat": 10, "number": 1}, {"ci_99": [0.31968993200001705, 0.3215130540000075], "q_25": 0.32011117250000254, "q_75": 0.32108162100000825, "min": 0.31968993200001705, "max": 0.3215130540000075, "mean": 0.3206170869000061, "std": 0.0006011155986932816, "repeat": 10, "number": 1}], "params": [["False", "True"]]}, "time_setup_models_and_sims.TimeBuildSPMe.time_setup_SPMe": {"result": [0.44904474949999695], "stats": [{"ci_99": [0.4452295789999994, 0.45296177099999113], "q_25": 0.4485055927499957, "q_75": 0.4505529665000054, "min": 0.4452295789999994, "max": 0.45296177099999113, "mean": 0.44914372579999906, "std": 0.0021083275628999824, "repeat": 10, "number": 1}]}, "time_setup_models_and_sims.TimeBuildSPMeSimulation.time_setup_SPMe_simulation": {"result": [0.13309819899999553, 0.3153293754999993], "stats": [{"ci_99": [0.13140512399999693, 0.14036705099999836], "q_25": 0.13288766224999193, "q_75": 0.13444842250000022, "min": 0.13140512399999693, "max": 0.14036705099999836, "mean": 0.13413954909999432, "std": 0.0024437509292678313, "repeat": 10, "number": 1}, {"ci_99": [0.29953292199999737, 0.3272971920000032], "q_25": 0.30104926574998814, "q_75": 0.3264938307499996, "min": 0.29953292199999737, "max": 0.3272971920000032, "mean": 0.3141162942000008, "std": 0.012365195719583772, "repeat": 10, "number": 1}], "params": [["False", "True"]]}, "time_solve_models.TimeSolveDFN.time_solve_model": {"result": [0.5036059724999973, 0.6546747249999925], "stats": [{"ci_99": [0.4698184739999931, 0.5351306950000065], "q_25": 0.47386213525000187, "q_75": 0.5327244372499997, "min": 0.4698184739999931, "max": 0.5351306950000065, "mean": 0.5031765424000014, "std": 0.029813524155250775, "repeat": 10, "number": 1}, {"ci_99": [0.6202736019999975, 0.6868829259999814], "q_25": 0.6240033977499948, "q_75": 0.6836881407500215, "min": 0.6202736019999975, "max": 0.6868829259999814, "mean": 0.6538853654999969, "std": 0.03047681139638938, "repeat": 10, "number": 1}], "params": [["True", "False"]]}, "time_solve_models.TimeSolveSPM.time_solve_model": {"result": [0.019701891500005786, 0.041811562999996], "stats": [{"ci_99": [0.019420749000005344, 0.019776252999974986], "q_25": 0.01954142275000237, "q_75": 0.019753116999986275, "min": 0.019420749000005344, "max": 0.019776252999974986, "mean": 0.019646716199997628, "std": 0.00013194405159960436, "repeat": 10, "number": 1}, {"ci_99": [0.04163003300001833, 0.04260804599999801], "q_25": 0.04174708499999724, "q_75": 0.041917838999992796, "min": 0.04163003300001833, "max": 0.04260804599999801, "mean": 0.04187797710000041, "std": 0.00026481908942648994, "repeat": 10, "number": 1}], "params": [["True", "False"]]}, "time_solve_models.TimeSolveSPMe.time_solve_model": {"result": [0.02915648799999815, 0.07191029699998808], "stats": [{"ci_99": [0.028937417000008736, 0.029562121999987312], "q_25": 0.028982705249994467, "q_75": 0.02934939474999254, "min": 0.028937417000008736, "max": 0.029562121999987312, "mean": 0.029182130299997767, "std": 0.00021622650806989684, "repeat": 10, "number": 1}, {"ci_99": [0.07123727199999053, 0.07259377799999811], "q_25": 0.07183873000001739, "q_75": 0.0721987894999998, "min": 0.07123727199999053, "max": 0.07259377799999811, "mean": 0.071946658600001, "std": 0.0003875856762042011, "repeat": 10, "number": 1}], "params": [["True", "False"]]}}, "params": {"machine": "GitHubRunner", "python": "3.8"}, "requirements": {}, "commit_hash": "93d6ddc276d0aa519592c9d8a62a669515e0bc20", "date": 1639592506000, "env_name": "virtualenv-py3.8", "python": "3.8", "profiles": {}, "started_at": {"time_setup_models_and_sims.TimeBuildDFN.time_setup_DFN": 1639711288820, "time_setup_models_and_sims.TimeBuildDFNSimulation.time_setup_DFN_simulation": 1639711292287, "time_setup_models_and_sims.TimeBuildSPM.time_setup_SPM": 1639711295054, "time_setup_models_and_sims.TimeBuildSPMSimulation.time_setup_SPM_simulation": 1639711297070, "time_setup_models_and_sims.TimeBuildSPMe.time_setup_SPMe": 1639711300186, "time_setup_models_and_sims.TimeBuildSPMeSimulation.time_setup_SPMe_simulation": 1639711303249, "time_solve_models.TimeSolveDFN.time_solve_model": 1639711306167, "time_solve_models.TimeSolveSPM.time_solve_model": 1639711324843, "time_solve_models.TimeSolveSPMe.time_solve_model": 1639711331622}, "ended_at": {"time_setup_models_and_sims.TimeBuildDFN.time_setup_DFN": 1639711292287, "time_setup_models_and_sims.TimeBuildDFNSimulation.time_setup_DFN_simulation": 1639711295053, "time_setup_models_and_sims.TimeBuildSPM.time_setup_SPM": 1639711297069, "time_setup_models_and_sims.TimeBuildSPMSimulation.time_setup_SPM_simulation": 1639711300186, "time_setup_models_and_sims.TimeBuildSPMe.time_setup_SPMe": 1639711303248, "time_setup_models_and_sims.TimeBuildSPMeSimulation.time_setup_SPMe_simulation": 1639711306167, "time_solve_models.TimeSolveDFN.time_solve_model": 1639711324842, "time_solve_models.TimeSolveSPM.time_solve_model": 1639711331622, "time_solve_models.TimeSolveSPMe.time_solve_model": 1639711340863}, "benchmark_version": {"time_setup_models_and_sims.TimeBuildDFN.time_setup_DFN": "5f322e51e6b7e66125ee6949bdf25746005db467e8ffcfdcb3ace170e92bbc3d", "time_setup_models_and_sims.TimeBuildDFNSimulation.time_setup_DFN_simulation": "8de44bc542fa7d4ba28a80f24414a9444b5436673aaebba674918f5f0bfd0ebb", "time_setup_models_and_sims.TimeBuildSPM.time_setup_SPM": "0d0b3f5c67fc2da9a5794c66b70af5a45a09558d1ee95f738745385adb84fbca", "time_setup_models_and_sims.TimeBuildSPMSimulation.time_setup_SPM_simulation": "161220a99418ce4487cc29325cbae897f28d0e44ae07e1dfbfaac2cbc53a4ff9", "time_setup_models_and_sims.TimeBuildSPMe.time_setup_SPMe": "6083f5ff944353395eb4b21c97b02af555fe6528de3cd5283f5e139943945235", "time_setup_models_and_sims.TimeBuildSPMeSimulation.time_setup_SPMe_simulation": "530563cb559427795e3648d9648df9250ae100b7721f69eec356bdda7798c55e", "time_solve_models.TimeSolveDFN.time_solve_model": "914137228e20e5900cec36b0d3865f1faa2f5d479c7d6c2539514791f9ec4430", "time_solve_models.TimeSolveSPM.time_solve_model": "ef1bb5f8d1ddfa59650e20438c4b252d73e5a062714848ce1d6d5269382bc598", "time_solve_models.TimeSolveSPMe.time_solve_model": "20672028872f4620ce85e909bae705d9490de441e926510b2b0e53ff0881d87b"}, "version": 1}