{"results": {"time_setup_models_and_sims.TimeBuildDFN.time_setup_DFN": {"result": [0.511417341000012], "stats": [{"ci_99": [0.4823181639999916, 0.5246924960000001], "q_25": 0.4942384897499821, "q_75": 0.5212137299999995, "min": 0.4823181639999916, "max": 0.5246924960000001, "mean": 0.5071252858999997, "std": 0.016159515097878496, "repeat": 10, "number": 1}]}, "time_setup_models_and_sims.TimeBuildDFNSimulation.time_setup_DFN_simulation": {"result": [0.12003581149998865, 0.2918910890000035], "stats": [{"ci_99": [0.11904649499999209, 0.12202102899999545], "q_25": 0.11967792649999964, "q_75": 0.12066416450000261, "min": 0.11904649499999209, "max": 0.12202102899999545, "mean": 0.12023703899999845, "std": 0.0008230820258694178, "repeat": 10, "number": 1}, {"ci_99": [0.29041222600000083, 0.29432427599999755], "q_25": 0.2908707464999978, "q_75": 0.29336184250000485, "min": 0.29041222600000083, "max": 0.29432427599999755, "mean": 0.29211999900000196, "std": 0.0014043788628448496, "repeat": 10, "number": 1}], "params": [["False", "True"]]}, "time_setup_models_and_sims.TimeBuildSPM.time_setup_SPM": {"result": [0.3175929625000009], "stats": [{"ci_99": [0.3142760439999961, 0.3200793740000165], "q_25": 0.3169000862499942, "q_75": 0.31869315149998556, "min": 0.3142760439999961, "max": 0.3200793740000165, "mean": 0.3175008817999981, "std": 0.0017453910072571755, "repeat": 10, "number": 1}]}, "time_setup_models_and_sims.TimeBuildSPMSimulation.time_setup_SPM_simulation": {"result": [0.14457556600000032, 0.3124343449999998], "stats": [{"ci_99": [0.1437043089999861, 0.14570681700001842], "q_25": 0.1443336040000105, "q_75": 0.1450821072499906, "min": 0.1437043089999861, "max": 0.14570681700001842, "mean": 0.14468444069999578, "std": 0.0005886218610655507, "repeat": 10, "number": 1}, {"ci_99": [0.2971794999999986, 0.3236341559999971], "q_25": 0.2993076682500089, "q_75": 0.32245457074998285, "min": 0.2971794999999986, "max": 0.3236341559999971, "mean": 0.31118807439999896, "std": 0.011550240408659367, "repeat": 10, "number": 1}], "params": [["False", "True"]]}, "time_setup_models_and_sims.TimeBuildSPMe.time_setup_SPMe": {"result": [0.45541274250000185], "stats": [{"ci_99": [0.44841161899998383, 0.4571230599999865], "q_25": 0.4513538687499903, "q_75": 0.4560492839999952, "min": 0.44841161899998383, "max": 0.4571230599999865, "mean": 0.45399721919999647, "std": 0.0029196922972429128, "repeat": 10, "number": 1}]}, "time_setup_models_and_sims.TimeBuildSPMeSimulation.time_setup_SPMe_simulation": {"result": [0.13082030949999535, 0.3174549424999924], "stats": [{"ci_99": [0.12508095600000502, 0.1369871670000009], "q_25": 0.1257224859999937, "q_75": 0.13309023349999904, "min": 0.12508095600000502, "max": 0.1369871670000009, "mean": 0.13001351259999866, "std": 0.004071081311482969, "repeat": 10, "number": 1}, {"ci_99": [0.3070716930000117, 0.32965140100000667], "q_25": 0.307817948499995, "q_75": 0.3272444077500225, "min": 0.3070716930000117, "max": 0.32965140100000667, "mean": 0.3176646203000047, "std": 0.00982548528343727, "repeat": 10, "number": 1}], "params": [["False", "True"]]}, "time_solve_models.TimeSolveDFN.time_solve_model": {"result": [0.5084654654999952, 0.6953859089999952], "stats": [{"ci_99": [0.4773205179999991, 0.5445433309999999], "q_25": 0.4801296827500181, "q_75": 0.5380772480000005, "min": 0.4773205179999991, "max": 0.5445433309999999, "mean": 0.5095417358000021, "std": 0.02973549270294125, "repeat": 10, "number": 1}, {"ci_99": [0.6887949100000128, 0.6995875890000036], "q_25": 0.694163973749987, "q_75": 0.69686510599999, "min": 0.6887949100000128, "max": 0.6995875890000036, "mean": 0.6950101260999929, "std": 0.003295954486684998, "repeat": 10, "number": 1}], "params": [["True", "False"]]}, "time_solve_models.TimeSolveSPM.time_solve_model": {"result": [0.019560615999992592, 0.040775745499999516], "stats": [{"ci_99": [0.018514758000009124, 0.019953168000000687], "q_25": 0.018827560500007223, "q_75": 0.019803166749980505, "min": 0.018514758000009124, "max": 0.019953168000000687, "mean": 0.019349143899995626, "std": 0.0005267756986076712, "repeat": 10, "number": 1}, {"ci_99": [0.038170226000005414, 0.041857853000010437], "q_25": 0.03912678399998981, "q_75": 0.04164497574999615, "min": 0.038170226000005414, "max": 0.041857853000010437, "mean": 0.04034073189999958, "std": 0.0014486035080027151, "repeat": 10, "number": 1}], "params": [["True", "False"]]}, "time_solve_models.TimeSolveSPMe.time_solve_model": {"result": [0.029592601000004493, 0.069837244999988], "stats": [{"ci_99": [0.02674692599998707, 0.03034575699999209], "q_25": 0.027241254750016708, "q_75": 0.0297390262499988, "min": 0.02674692599998707, "max": 0.03034575699999209, "mean": 0.028739883000000077, "std": 0.0013657071065660167, "repeat": 10, "number": 1}, {"ci_99": [0.0657552540000097, 0.07420423799999298], "q_25": 0.06608233200000058, "q_75": 0.07298374450000722, "min": 0.0657552540000097, "max": 0.07420423799999298, "mean": 0.06971629129999997, "std": 0.003576353340673063, "repeat": 10, "number": 1}], "params": [["True", "False"]]}}, "params": {"machine": "GitHubRunner", "python": "3.8"}, "requirements": {}, "commit_hash": "93d6ddc276d0aa519592c9d8a62a669515e0bc20", "date": 1639592506000, "env_name": "virtualenv-py3.8", "python": "3.8", "profiles": {}, "started_at": {"time_setup_models_and_sims.TimeBuildDFN.time_setup_DFN": 1639624908997, "time_setup_models_and_sims.TimeBuildDFNSimulation.time_setup_DFN_simulation": 1639624912317, "time_setup_models_and_sims.TimeBuildSPM.time_setup_SPM": 1639624915136, "time_setup_models_and_sims.TimeBuildSPMSimulation.time_setup_SPM_simulation": 1639624917348, "time_setup_models_and_sims.TimeBuildSPMe.time_setup_SPMe": 1639624920367, "time_setup_models_and_sims.TimeBuildSPMeSimulation.time_setup_SPMe_simulation": 1639624923483, "time_solve_models.TimeSolveDFN.time_solve_model": 1639624926402, "time_solve_models.TimeSolveSPM.time_solve_model": 1639624947031, "time_solve_models.TimeSolveSPMe.time_solve_model": 1639624953362}, "ended_at": {"time_setup_models_and_sims.TimeBuildDFN.time_setup_DFN": 1639624912316, "time_setup_models_and_sims.TimeBuildDFNSimulation.time_setup_DFN_simulation": 1639624915135, "time_setup_models_and_sims.TimeBuildSPM.time_setup_SPM": 1639624917348, "time_setup_models_and_sims.TimeBuildSPMSimulation.time_setup_SPM_simulation": 1639624920367, "time_setup_models_and_sims.TimeBuildSPMe.time_setup_SPMe": 1639624923482, "time_setup_models_and_sims.TimeBuildSPMeSimulation.time_setup_SPMe_simulation": 1639624926402, "time_solve_models.TimeSolveDFN.time_solve_model": 1639624947031, "time_solve_models.TimeSolveSPM.time_solve_model": 1639624953361, "time_solve_models.TimeSolveSPMe.time_solve_model": 1639624962801}, "benchmark_version": {"time_setup_models_and_sims.TimeBuildDFN.time_setup_DFN": "5f322e51e6b7e66125ee6949bdf25746005db467e8ffcfdcb3ace170e92bbc3d", "time_setup_models_and_sims.TimeBuildDFNSimulation.time_setup_DFN_simulation": "8de44bc542fa7d4ba28a80f24414a9444b5436673aaebba674918f5f0bfd0ebb", "time_setup_models_and_sims.TimeBuildSPM.time_setup_SPM": "0d0b3f5c67fc2da9a5794c66b70af5a45a09558d1ee95f738745385adb84fbca", "time_setup_models_and_sims.TimeBuildSPMSimulation.time_setup_SPM_simulation": "161220a99418ce4487cc29325cbae897f28d0e44ae07e1dfbfaac2cbc53a4ff9", "time_setup_models_and_sims.TimeBuildSPMe.time_setup_SPMe": "6083f5ff944353395eb4b21c97b02af555fe6528de3cd5283f5e139943945235", "time_setup_models_and_sims.TimeBuildSPMeSimulation.time_setup_SPMe_simulation": "530563cb559427795e3648d9648df9250ae100b7721f69eec356bdda7798c55e", "time_solve_models.TimeSolveDFN.time_solve_model": "914137228e20e5900cec36b0d3865f1faa2f5d479c7d6c2539514791f9ec4430", "time_solve_models.TimeSolveSPM.time_solve_model": "ef1bb5f8d1ddfa59650e20438c4b252d73e5a062714848ce1d6d5269382bc598", "time_solve_models.TimeSolveSPMe.time_solve_model": "20672028872f4620ce85e909bae705d9490de441e926510b2b0e53ff0881d87b"}, "version": 1}