{"results": {"time_setup_models_and_sims.TimeBuildDFN.time_setup_DFN": {"result": [0.7280561665000107], "stats": [{"ci_99": [0.6999091039999712, 0.7783268769999836], "q_25": 0.7193993450000278, "q_75": 0.7556069055000023, "min": 0.6999091039999712, "max": 0.7783268769999836, "mean": 0.7359535596000001, "std": 0.02309566650939319, "repeat": 10, "number": 1}]}, "time_setup_models_and_sims.TimeBuildDFNSimulation.time_setup_DFN_simulation": {"result": [0.15589905250001834, 0.38051870449999114], "stats": [{"ci_99": [0.14538233799999034, 0.17362150799999654], "q_25": 0.15207725650000725, "q_75": 0.15870025599998883, "min": 0.14538233799999034, "max": 0.17362150799999654, "mean": 0.15615483009999592, "std": 0.0071861764427504785, "repeat": 10, "number": 1}, {"ci_99": [0.3662181720000035, 0.42103472600001624], "q_25": 0.37372585724997975, "q_75": 0.3885993612499874, "min": 0.3662181720000035, "max": 0.42103472600001624, "mean": 0.38344797990000073, "std": 0.014537017224079124, "repeat": 10, "number": 1}], "params": [["False", "True"]]}, "time_setup_models_and_sims.TimeBuildSPM.time_setup_SPM": {"result": [0.43723089950000826], "stats": [{"ci_99": [0.40686644199996636, 0.4591542210000057], "q_25": 0.4291160620000056, "q_75": 0.43824768850001306, "min": 0.40686644199996636, "max": 0.4591542210000057, "mean": 0.4334299884000018, "std": 0.013880553341924786, "repeat": 10, "number": 1}]}, "time_setup_models_and_sims.TimeBuildSPMSimulation.time_setup_SPM_simulation": {"result": [0.19009392799998182, 0.41630376699998806], "stats": [{"ci_99": [0.17074193299998797, 0.2089744259999975], "q_25": 0.1827084619999937, "q_75": 0.1969798974999719, "min": 0.17074193299998797, "max": 0.2089744259999975, "mean": 0.18970813079999402, "std": 0.010626769927852402, "repeat": 10, "number": 1}, {"ci_99": [0.3944246410000005, 0.44236515699998336], "q_25": 0.4074159880000252, "q_75": 0.4380999410000186, "min": 0.3944246410000005, "max": 0.44236515699998336, "mean": 0.42020167480000625, "std": 0.01683642129732833, "repeat": 10, "number": 1}], "params": [["False", "True"]]}, "time_setup_models_and_sims.TimeBuildSPMe.time_setup_SPMe": {"result": [0.6129138404999992], "stats": [{"ci_99": [0.581535443000007, 0.6693154399999912], "q_25": 0.5960180015000276, "q_75": 0.6186694449999806, "min": 0.581535443000007, "max": 0.6693154399999912, "mean": 0.6129208011999993, "std": 0.023154741283715103, "repeat": 10, "number": 1}]}, "time_setup_models_and_sims.TimeBuildSPMeSimulation.time_setup_SPMe_simulation": {"result": [0.17370255899999165, 0.4473104680000404], "stats": [{"ci_99": [0.16424428500005206, 0.21166880499998797], "q_25": 0.17006093749999707, "q_75": 0.17615131424997799, "min": 0.16424428500005206, "max": 0.21166880499998797, "mean": 0.17603899019999858, "std": 0.012452065421552123, "repeat": 10, "number": 1}, {"ci_99": [0.42997845700000425, 0.46693966100002626], "q_25": 0.4408829444999611, "q_75": 0.4562707954999752, "min": 0.42997845700000425, "max": 0.46693966100002626, "mean": 0.4485089981999977, "std": 0.011055074916851796, "repeat": 10, "number": 1}], "params": [["False", "True"]]}, "time_solve_models.TimeSolveDFN.time_solve_model": {"result": [0.5634549884999842, 0.7186644474999753], "stats": [{"ci_99": [0.5485004070000059, 0.5956445310000049], "q_25": 0.5524308512499942, "q_75": 0.5701071092500172, "min": 0.5485004070000059, "max": 0.5956445310000049, "mean": 0.5640222538000046, "std": 0.013556152067364389, "repeat": 10, "number": 1}, {"ci_99": [0.711312506000013, 0.758912520000024], "q_25": 0.7141364557499799, "q_75": 0.7242702577500211, "min": 0.711312506000013, "max": 0.758912520000024, "mean": 0.7222611177999966, "std": 0.013131096260323372, "repeat": 10, "number": 1}], "params": [["True", "False"]]}, "time_solve_models.TimeSolveSPM.time_solve_model": {"result": [0.026273388500015926, 0.05050119700001687], "stats": [{"ci_99": [0.025228794999975435, 0.027674778999994487], "q_25": 0.025853041749954286, "q_75": 0.026708809500007646, "min": 0.025228794999975435, "max": 0.027674778999994487, "mean": 0.026312368399987917, "std": 0.0006936912019403383, "repeat": 10, "number": 1}, {"ci_99": [0.048430213000017375, 0.05501205399997389], "q_25": 0.04937272700001927, "q_75": 0.05234687600001564, "min": 0.048430213000017375, "max": 0.05501205399997389, "mean": 0.051090899100006484, "std": 0.002057760907238818, "repeat": 10, "number": 1}], "params": [["True", "False"]]}, "time_solve_models.TimeSolveSPMe.time_solve_model": {"result": [0.03702612600002908, 0.08410792750001406], "stats": [{"ci_99": [0.035864212999968004, 0.04047811599997431], "q_25": 0.036288271250029425, "q_75": 0.039029388750009275, "min": 0.035864212999968004, "max": 0.04047811599997431, "mean": 0.03760826100000827, "std": 0.0016295521375578146, "repeat": 10, "number": 1}, {"ci_99": [0.08037265100000468, 0.09012157900002649], "q_25": 0.08230971050002722, "q_75": 0.08641942274999792, "min": 0.08037265100000468, "max": 0.09012157900002649, "mean": 0.08470979530000022, "std": 0.003151966695886222, "repeat": 10, "number": 1}], "params": [["True", "False"]]}}, "params": {"machine": "GitHubRunner", "python": "3.8"}, "requirements": {}, "commit_hash": "93d6ddc276d0aa519592c9d8a62a669515e0bc20", "date": 1639592506000, "env_name": "virtualenv-py3.8", "python": "3.8", "profiles": {}, "started_at": {"time_setup_models_and_sims.TimeBuildDFN.time_setup_DFN": 1640056983820, "time_setup_models_and_sims.TimeBuildDFNSimulation.time_setup_DFN_simulation": 1640056988637, "time_setup_models_and_sims.TimeBuildSPM.time_setup_SPM": 1640056992103, "time_setup_models_and_sims.TimeBuildSPMSimulation.time_setup_SPM_simulation": 1640056995013, "time_setup_models_and_sims.TimeBuildSPMe.time_setup_SPMe": 1640056998880, "time_setup_models_and_sims.TimeBuildSPMeSimulation.time_setup_SPMe_simulation": 1640057003044, "time_solve_models.TimeSolveDFN.time_solve_model": 1640057007012, "time_solve_models.TimeSolveSPM.time_solve_model": 1640057030684, "time_solve_models.TimeSolveSPMe.time_solve_model": 1640057039366}, "ended_at": {"time_setup_models_and_sims.TimeBuildDFN.time_setup_DFN": 1640056988636, "time_setup_models_and_sims.TimeBuildDFNSimulation.time_setup_DFN_simulation": 1640056992102, "time_setup_models_and_sims.TimeBuildSPM.time_setup_SPM": 1640056995013, "time_setup_models_and_sims.TimeBuildSPMSimulation.time_setup_SPM_simulation": 1640056998880, "time_setup_models_and_sims.TimeBuildSPMe.time_setup_SPMe": 1640057003044, "time_setup_models_and_sims.TimeBuildSPMeSimulation.time_setup_SPMe_simulation": 1640057007011, "time_solve_models.TimeSolveDFN.time_solve_model": 1640057030683, "time_solve_models.TimeSolveSPM.time_solve_model": 1640057039364, "time_solve_models.TimeSolveSPMe.time_solve_model": 1640057051358}, "benchmark_version": {"time_setup_models_and_sims.TimeBuildDFN.time_setup_DFN": "5f322e51e6b7e66125ee6949bdf25746005db467e8ffcfdcb3ace170e92bbc3d", "time_setup_models_and_sims.TimeBuildDFNSimulation.time_setup_DFN_simulation": "8de44bc542fa7d4ba28a80f24414a9444b5436673aaebba674918f5f0bfd0ebb", "time_setup_models_and_sims.TimeBuildSPM.time_setup_SPM": "0d0b3f5c67fc2da9a5794c66b70af5a45a09558d1ee95f738745385adb84fbca", "time_setup_models_and_sims.TimeBuildSPMSimulation.time_setup_SPM_simulation": "161220a99418ce4487cc29325cbae897f28d0e44ae07e1dfbfaac2cbc53a4ff9", "time_setup_models_and_sims.TimeBuildSPMe.time_setup_SPMe": "6083f5ff944353395eb4b21c97b02af555fe6528de3cd5283f5e139943945235", "time_setup_models_and_sims.TimeBuildSPMeSimulation.time_setup_SPMe_simulation": "530563cb559427795e3648d9648df9250ae100b7721f69eec356bdda7798c55e", "time_solve_models.TimeSolveDFN.time_solve_model": "914137228e20e5900cec36b0d3865f1faa2f5d479c7d6c2539514791f9ec4430", "time_solve_models.TimeSolveSPM.time_solve_model": "ef1bb5f8d1ddfa59650e20438c4b252d73e5a062714848ce1d6d5269382bc598", "time_solve_models.TimeSolveSPMe.time_solve_model": "20672028872f4620ce85e909bae705d9490de441e926510b2b0e53ff0881d87b"}, "version": 1}