{"results": {"time_setup_models_and_sims.TimeBuildDFN.time_setup_DFN": {"result": [0.48992674000001557], "stats": [{"ci_99": [0.4862648739999713, 0.4947437210000203], "q_25": 0.4887019564999946, "q_75": 0.4929806985000198, "min": 0.4862648739999713, "max": 0.4947437210000203, "mean": 0.49051536790000794, "std": 0.0027979165831869207, "repeat": 10, "number": 1}]}, "time_setup_models_and_sims.TimeBuildDFNSimulation.time_setup_DFN_simulation": {"result": [0.11389825150001798, 0.2773775775000047], "stats": [{"ci_99": [0.11335478600000215, 0.11682663199997023], "q_25": 0.11352289050002184, "q_75": 0.11552074575003246, "min": 0.11335478600000215, "max": 0.11682663199997023, "mean": 0.114592111200011, "std": 0.0012538083552442803, "repeat": 10, "number": 1}, {"ci_99": [0.2765981879999799, 0.27825046700002076], "q_25": 0.2769462435000065, "q_75": 0.27755738300001553, "min": 0.2765981879999799, "max": 0.27825046700002076, "mean": 0.2773560071000077, "std": 0.0005228951410528182, "repeat": 10, "number": 1}], "params": [["False", "True"]]}, "time_setup_models_and_sims.TimeBuildSPM.time_setup_SPM": {"result": [0.30205247600000007], "stats": [{"ci_99": [0.30037495900000977, 0.3078762499999925], "q_25": 0.3014449222500275, "q_75": 0.30240937000002077, "min": 0.30037495900000977, "max": 0.3078762499999925, "mean": 0.3027871626000092, "std": 0.0023379492612622876, "repeat": 10, "number": 1}]}, "time_setup_models_and_sims.TimeBuildSPMSimulation.time_setup_SPM_simulation": {"result": [0.1396027355000058, 0.3093309670000224], "stats": [{"ci_99": [0.13741230699997686, 0.14190669799995703], "q_25": 0.13866920425000728, "q_75": 0.14058212025000216, "min": 0.13741230699997686, "max": 0.14190669799995703, "mean": 0.13961869010000214, "std": 0.0012953873499182437, "repeat": 10, "number": 1}, {"ci_99": [0.30852475599999707, 0.31269231099997796], "q_25": 0.3091648937500082, "q_75": 0.310157059749983, "min": 0.30852475599999707, "max": 0.31269231099997796, "mean": 0.3097772659000043, "std": 0.0011146809058357003, "repeat": 10, "number": 1}], "params": [["False", "True"]]}, "time_setup_models_and_sims.TimeBuildSPMe.time_setup_SPMe": {"result": [0.42877053399999454], "stats": [{"ci_99": [0.4247317299999622, 0.432876092000015], "q_25": 0.4282687759999959, "q_75": 0.4307370129999981, "min": 0.4247317299999622, "max": 0.432876092000015, "mean": 0.4291534753999997, "std": 0.002209847696446631, "repeat": 10, "number": 1}]}, "time_setup_models_and_sims.TimeBuildSPMeSimulation.time_setup_SPMe_simulation": {"result": [0.128662541500006, 0.3149937435000254], "stats": [{"ci_99": [0.128376075999995, 0.13183063399998218], "q_25": 0.12842798550001078, "q_75": 0.12948297549998244, "min": 0.128376075999995, "max": 0.13183063399998218, "mean": 0.1293373059999965, "std": 0.0012892212345876563, "repeat": 10, "number": 1}, {"ci_99": [0.3138823259999981, 0.3173406170000135], "q_25": 0.31403331600000683, "q_75": 0.31626998974998344, "min": 0.3138823259999981, "max": 0.3173406170000135, "mean": 0.3152465696999968, "std": 0.0012549093269770331, "repeat": 10, "number": 1}], "params": [["False", "True"]]}, "time_solve_models.TimeSolveDFN.time_solve_model": {"result": [0.5045784950000041, 0.6588646349999863], "stats": [{"ci_99": [0.49900936899996395, 0.511392624999985], "q_25": 0.5019165990000118, "q_75": 0.5089501602499951, "min": 0.49900936899996395, "max": 0.511392624999985, "mean": 0.5051062535999904, "std": 0.004045599909873544, "repeat": 10, "number": 1}, {"ci_99": [0.6550735859999577, 0.6632449819999806], "q_25": 0.6573836137500138, "q_75": 0.6608876257499929, "min": 0.6550735859999577, "max": 0.6632449819999806, "mean": 0.6590152846999899, "std": 0.0025327538575518472, "repeat": 10, "number": 1}], "params": [["True", "False"]]}, "time_solve_models.TimeSolveSPM.time_solve_model": {"result": [0.01939710700000319, 0.040404268000003185], "stats": [{"ci_99": [0.019180038000001787, 0.019484742000031474], "q_25": 0.01936004099997035, "q_75": 0.019435657000030915, "min": 0.019180038000001787, "max": 0.019484742000031474, "mean": 0.0193870893000053, "std": 8.203405933725717e-05, "repeat": 10, "number": 1}, {"ci_99": [0.040312930000027336, 0.04064003799999227], "q_25": 0.04038449875000083, "q_75": 0.040493536249996964, "min": 0.040312930000027336, "max": 0.04064003799999227, "mean": 0.04043701800000008, "std": 9.233507896510377e-05, "repeat": 10, "number": 1}], "params": [["True", "False"]]}, "time_solve_models.TimeSolveSPMe.time_solve_model": {"result": [0.02852805599999897, 0.06970795750001457], "stats": [{"ci_99": [0.02824325299997099, 0.028921266999986983], "q_25": 0.028418655249978997, "q_75": 0.028679811749981354, "min": 0.02824325299997099, "max": 0.028921266999986983, "mean": 0.0285392080999884, "std": 0.00019892047604386972, "repeat": 10, "number": 1}, {"ci_99": [0.06947416799999928, 0.07010213900002782], "q_25": 0.06950371799997868, "q_75": 0.06988276749999045, "min": 0.06947416799999928, "max": 0.07010213900002782, "mean": 0.06971572940000215, "std": 0.00021230006423647078, "repeat": 10, "number": 1}], "params": [["True", "False"]]}}, "params": {"machine": "GitHubRunner", "python": "3.8"}, "requirements": {}, "commit_hash": "93d6ddc276d0aa519592c9d8a62a669515e0bc20", "date": 1639592506000, "env_name": "virtualenv-py3.8", "python": "3.8", "profiles": {}, "started_at": {"time_setup_models_and_sims.TimeBuildDFN.time_setup_DFN": 1639797781499, "time_setup_models_and_sims.TimeBuildDFNSimulation.time_setup_DFN_simulation": 1639797784763, "time_setup_models_and_sims.TimeBuildSPM.time_setup_SPM": 1639797787379, "time_setup_models_and_sims.TimeBuildSPMSimulation.time_setup_SPM_simulation": 1639797789489, "time_setup_models_and_sims.TimeBuildSPMe.time_setup_SPMe": 1639797792455, "time_setup_models_and_sims.TimeBuildSPMeSimulation.time_setup_SPMe_simulation": 1639797795367, "time_solve_models.TimeSolveDFN.time_solve_model": 1639797798334, "time_solve_models.TimeSolveSPM.time_solve_model": 1639797817696, "time_solve_models.TimeSolveSPMe.time_solve_model": 1639797824172}, "ended_at": {"time_setup_models_and_sims.TimeBuildDFN.time_setup_DFN": 1639797784763, "time_setup_models_and_sims.TimeBuildDFNSimulation.time_setup_DFN_simulation": 1639797787378, "time_setup_models_and_sims.TimeBuildSPM.time_setup_SPM": 1639797789488, "time_setup_models_and_sims.TimeBuildSPMSimulation.time_setup_SPM_simulation": 1639797792454, "time_setup_models_and_sims.TimeBuildSPMe.time_setup_SPMe": 1639797795366, "time_setup_models_and_sims.TimeBuildSPMeSimulation.time_setup_SPMe_simulation": 1639797798333, "time_solve_models.TimeSolveDFN.time_solve_model": 1639797817696, "time_solve_models.TimeSolveSPM.time_solve_model": 1639797824172, "time_solve_models.TimeSolveSPMe.time_solve_model": 1639797833005}, "benchmark_version": {"time_setup_models_and_sims.TimeBuildDFN.time_setup_DFN": "5f322e51e6b7e66125ee6949bdf25746005db467e8ffcfdcb3ace170e92bbc3d", "time_setup_models_and_sims.TimeBuildDFNSimulation.time_setup_DFN_simulation": "8de44bc542fa7d4ba28a80f24414a9444b5436673aaebba674918f5f0bfd0ebb", "time_setup_models_and_sims.TimeBuildSPM.time_setup_SPM": "0d0b3f5c67fc2da9a5794c66b70af5a45a09558d1ee95f738745385adb84fbca", "time_setup_models_and_sims.TimeBuildSPMSimulation.time_setup_SPM_simulation": "161220a99418ce4487cc29325cbae897f28d0e44ae07e1dfbfaac2cbc53a4ff9", "time_setup_models_and_sims.TimeBuildSPMe.time_setup_SPMe": "6083f5ff944353395eb4b21c97b02af555fe6528de3cd5283f5e139943945235", "time_setup_models_and_sims.TimeBuildSPMeSimulation.time_setup_SPMe_simulation": "530563cb559427795e3648d9648df9250ae100b7721f69eec356bdda7798c55e", "time_solve_models.TimeSolveDFN.time_solve_model": "914137228e20e5900cec36b0d3865f1faa2f5d479c7d6c2539514791f9ec4430", "time_solve_models.TimeSolveSPM.time_solve_model": "ef1bb5f8d1ddfa59650e20438c4b252d73e5a062714848ce1d6d5269382bc598", "time_solve_models.TimeSolveSPMe.time_solve_model": "20672028872f4620ce85e909bae705d9490de441e926510b2b0e53ff0881d87b"}, "version": 1}