{"results": {"time_setup_models_and_sims.TimeBuildDFN.time_setup_DFN": {"result": [0.5003124534999941], "stats": [{"ci_99": [0.49507052900000303, 0.5040955730000007], "q_25": 0.49889960099999797, "q_75": 0.5025299384999968, "min": 0.49507052900000303, "max": 0.5040955730000007, "mean": 0.5004160348, "std": 0.0025608996145269963, "repeat": 10, "number": 1}]}, "time_setup_models_and_sims.TimeBuildDFNSimulation.time_setup_DFN_simulation": {"result": [0.1168876394999927, 0.285530832500001], "stats": [{"ci_99": [0.1162227409999872, 0.11942185200001632], "q_25": 0.11654801499999934, "q_75": 0.11878602450000031, "min": 0.1162227409999872, "max": 0.11942185200001632, "mean": 0.11749640339999985, "std": 0.001253767362853959, "repeat": 10, "number": 1}, {"ci_99": [0.2844800680000077, 0.28734088400000246], "q_25": 0.2850027879999999, "q_75": 0.28606668950000724, "min": 0.2844800680000077, "max": 0.28734088400000246, "mean": 0.28559757280000186, "std": 0.0008075255478560094, "repeat": 10, "number": 1}], "params": [["False", "True"]]}, "time_setup_models_and_sims.TimeBuildSPM.time_setup_SPM": {"result": [0.3086378054999983], "stats": [{"ci_99": [0.304501333999994, 0.30965934299999276], "q_25": 0.30739035449999363, "q_75": 0.30899253874999744, "min": 0.304501333999994, "max": 0.30965934299999276, "mean": 0.3080911726999986, "std": 0.0014749459593752239, "repeat": 10, "number": 1}]}, "time_setup_models_and_sims.TimeBuildSPMSimulation.time_setup_SPM_simulation": {"result": [0.14203320249999507, 0.3171392945000093], "stats": [{"ci_99": [0.1400809080000016, 0.14396510299999932], "q_25": 0.14168429400000093, "q_75": 0.14323470049999543, "min": 0.1400809080000016, "max": 0.14396510299999932, "mean": 0.14227638259999792, "std": 0.0011212638211793044, "repeat": 10, "number": 1}, {"ci_99": [0.3151790929999976, 0.3186767990000021], "q_25": 0.31537016899999415, "q_75": 0.31794199399999457, "min": 0.3151790929999976, "max": 0.3186767990000021, "mean": 0.316803734600002, "std": 0.0013238782995208874, "repeat": 10, "number": 1}], "params": [["False", "True"]]}, "time_setup_models_and_sims.TimeBuildSPMe.time_setup_SPMe": {"result": [0.43935649900000584], "stats": [{"ci_99": [0.43505015700000627, 0.4412887880000085], "q_25": 0.4383717884999996, "q_75": 0.4404777832500031, "min": 0.43505015700000627, "max": 0.4412887880000085, "mean": 0.43891864600000474, "std": 0.0020386768365007833, "repeat": 10, "number": 1}]}, "time_setup_models_and_sims.TimeBuildSPMeSimulation.time_setup_SPMe_simulation": {"result": [0.132407366999999, 0.3235402180000051], "stats": [{"ci_99": [0.1312515049999945, 0.13499588400000562], "q_25": 0.13220155249999266, "q_75": 0.13391222375000567, "min": 0.1312515049999945, "max": 0.13499588400000562, "mean": 0.1329000533999988, "std": 0.0012012800303083245, "repeat": 10, "number": 1}, {"ci_99": [0.322041102, 0.32577794699999174], "q_25": 0.32276422274999916, "q_75": 0.32442647324999996, "min": 0.322041102, "max": 0.32577794699999174, "mean": 0.3237061603000001, "std": 0.001159114880543253, "repeat": 10, "number": 1}], "params": [["False", "True"]]}, "time_solve_models.TimeSolveDFN.time_solve_model": {"result": [0.5181530345000027, 0.6741550844999864], "stats": [{"ci_99": [0.5131095039999991, 0.5219652689999918], "q_25": 0.5146178359999993, "q_75": 0.5187623867500015, "min": 0.5131095039999991, "max": 0.5219652689999918, "mean": 0.517202435999998, "std": 0.0026453435311402855, "repeat": 10, "number": 1}, {"ci_99": [0.6698195060000103, 0.6773804830000074], "q_25": 0.673068022250007, "q_75": 0.6750384149999817, "min": 0.6698195060000103, "max": 0.6773804830000074, "mean": 0.6739304246999979, "std": 0.0021700527729222006, "repeat": 10, "number": 1}], "params": [["True", "False"]]}, "time_solve_models.TimeSolveSPM.time_solve_model": {"result": [0.019523540500003378, 0.041083682000007116], "stats": [{"ci_99": [0.01944232099998544, 0.019655140999986997], "q_25": 0.019474251749997507, "q_75": 0.019571326749996842, "min": 0.01944232099998544, "max": 0.019655140999986997, "mean": 0.01953316119999613, "std": 7.087862202482037e-05, "repeat": 10, "number": 1}, {"ci_99": [0.04083700499998599, 0.04134015800002544], "q_25": 0.04091087999999843, "q_75": 0.04117275700000533, "min": 0.04083700499998599, "max": 0.04134015800002544, "mean": 0.04105592140000454, "std": 0.00015835542468538722, "repeat": 10, "number": 1}], "params": [["True", "False"]]}, "time_solve_models.TimeSolveSPMe.time_solve_model": {"result": [0.028859898500002146, 0.07120203800000979], "stats": [{"ci_99": [0.02863999600000966, 0.029003898999974354], "q_25": 0.028738426250015436, "q_75": 0.028916315750016963, "min": 0.02863999600000966, "max": 0.029003898999974354, "mean": 0.028831496400002266, "std": 0.00010857288898109908, "repeat": 10, "number": 1}, {"ci_99": [0.07005144099997551, 0.07142784999999208], "q_25": 0.07078825849999504, "q_75": 0.07133447400000392, "min": 0.07005144099997551, "max": 0.07142784999999208, "mean": 0.07103092819999687, "std": 0.0004308443472543308, "repeat": 10, "number": 1}], "params": [["True", "False"]]}}, "params": {"machine": "GitHubRunner", "python": "3.8"}, "requirements": {}, "commit_hash": "93d6ddc276d0aa519592c9d8a62a669515e0bc20", "date": 1639592506000, "env_name": "virtualenv-py3.8", "python": "3.8", "profiles": {}, "started_at": {"time_setup_models_and_sims.TimeBuildDFN.time_setup_DFN": 1639884125244, "time_setup_models_and_sims.TimeBuildDFNSimulation.time_setup_DFN_simulation": 1639884128609, "time_setup_models_and_sims.TimeBuildSPM.time_setup_SPM": 1639884131328, "time_setup_models_and_sims.TimeBuildSPMSimulation.time_setup_SPM_simulation": 1639884133489, "time_setup_models_and_sims.TimeBuildSPMe.time_setup_SPMe": 1639884136558, "time_setup_models_and_sims.TimeBuildSPMeSimulation.time_setup_SPMe_simulation": 1639884139522, "time_solve_models.TimeSolveDFN.time_solve_model": 1639884142590, "time_solve_models.TimeSolveSPM.time_solve_model": 1639884162365, "time_solve_models.TimeSolveSPMe.time_solve_model": 1639884168948}, "ended_at": {"time_setup_models_and_sims.TimeBuildDFN.time_setup_DFN": 1639884128609, "time_setup_models_and_sims.TimeBuildDFNSimulation.time_setup_DFN_simulation": 1639884131326, "time_setup_models_and_sims.TimeBuildSPM.time_setup_SPM": 1639884133489, "time_setup_models_and_sims.TimeBuildSPMSimulation.time_setup_SPM_simulation": 1639884136557, "time_setup_models_and_sims.TimeBuildSPMe.time_setup_SPMe": 1639884139522, "time_setup_models_and_sims.TimeBuildSPMeSimulation.time_setup_SPMe_simulation": 1639884142590, "time_solve_models.TimeSolveDFN.time_solve_model": 1639884162365, "time_solve_models.TimeSolveSPM.time_solve_model": 1639884168948, "time_solve_models.TimeSolveSPMe.time_solve_model": 1639884177987}, "benchmark_version": {"time_setup_models_and_sims.TimeBuildDFN.time_setup_DFN": "5f322e51e6b7e66125ee6949bdf25746005db467e8ffcfdcb3ace170e92bbc3d", "time_setup_models_and_sims.TimeBuildDFNSimulation.time_setup_DFN_simulation": "8de44bc542fa7d4ba28a80f24414a9444b5436673aaebba674918f5f0bfd0ebb", "time_setup_models_and_sims.TimeBuildSPM.time_setup_SPM": "0d0b3f5c67fc2da9a5794c66b70af5a45a09558d1ee95f738745385adb84fbca", "time_setup_models_and_sims.TimeBuildSPMSimulation.time_setup_SPM_simulation": "161220a99418ce4487cc29325cbae897f28d0e44ae07e1dfbfaac2cbc53a4ff9", "time_setup_models_and_sims.TimeBuildSPMe.time_setup_SPMe": "6083f5ff944353395eb4b21c97b02af555fe6528de3cd5283f5e139943945235", "time_setup_models_and_sims.TimeBuildSPMeSimulation.time_setup_SPMe_simulation": "530563cb559427795e3648d9648df9250ae100b7721f69eec356bdda7798c55e", "time_solve_models.TimeSolveDFN.time_solve_model": "914137228e20e5900cec36b0d3865f1faa2f5d479c7d6c2539514791f9ec4430", "time_solve_models.TimeSolveSPM.time_solve_model": "ef1bb5f8d1ddfa59650e20438c4b252d73e5a062714848ce1d6d5269382bc598", "time_solve_models.TimeSolveSPMe.time_solve_model": "20672028872f4620ce85e909bae705d9490de441e926510b2b0e53ff0881d87b"}, "version": 1}