{"results": {"time_setup_models_and_sims.TimeBuildDFN.time_setup_DFN": {"result": [0.5032425010000026], "stats": [{"ci_99": [0.4622556150000037, 0.5286824669999959], "q_25": 0.477734680250002, "q_75": 0.5219189287499972, "min": 0.4622556150000037, "max": 0.5286824669999959, "mean": 0.4988206625000018, "std": 0.025001201468368855, "repeat": 10, "number": 1}]}, "time_setup_models_and_sims.TimeBuildDFNSimulation.time_setup_DFN_simulation": {"result": [0.11328835499999457, 0.27893010999999035], "stats": [{"ci_99": [0.1046738679999919, 0.12465366399999311], "q_25": 0.10970408525000153, "q_75": 0.12089086399999971, "min": 0.1046738679999919, "max": 0.12465366399999311, "mean": 0.11473199889999677, "std": 0.006452308786818545, "repeat": 10, "number": 1}, {"ci_99": [0.25800794700001006, 0.2955918500000081], "q_25": 0.2615044449999928, "q_75": 0.29070181574999765, "min": 0.25800794700001006, "max": 0.2955918500000081, "mean": 0.2767776572999992, "std": 0.014832950876310721, "repeat": 10, "number": 1}], "params": [["False", "True"]]}, "time_setup_models_and_sims.TimeBuildSPM.time_setup_SPM": {"result": [0.31884947349999493], "stats": [{"ci_99": [0.311926064000005, 0.3217903540000009], "q_25": 0.3164963510000014, "q_75": 0.32037527749999484, "min": 0.311926064000005, "max": 0.3217903540000009, "mean": 0.31804055749999804, "std": 0.0030229419721331118, "repeat": 10, "number": 1}]}, "time_setup_models_and_sims.TimeBuildSPMSimulation.time_setup_SPM_simulation": {"result": [0.1375691665000005, 0.30638599299999925], "stats": [{"ci_99": [0.1285436209999773, 0.14456120299999498], "q_25": 0.13316472525000478, "q_75": 0.14179088350000768, "min": 0.1285436209999773, "max": 0.14456120299999498, "mean": 0.13683628270000128, "std": 0.005514141606158425, "repeat": 10, "number": 1}, {"ci_99": [0.2859513250000134, 0.3189524130000052], "q_25": 0.29082140599999917, "q_75": 0.31624736875000536, "min": 0.2859513250000134, "max": 0.3189524130000052, "mean": 0.3037312064000034, "std": 0.013471428424898457, "repeat": 10, "number": 1}], "params": [["False", "True"]]}, "time_setup_models_and_sims.TimeBuildSPMe.time_setup_SPMe": {"result": [0.4465757615000143], "stats": [{"ci_99": [0.435294920000004, 0.454748880000011], "q_25": 0.4431272757499869, "q_75": 0.449127622000006, "min": 0.435294920000004, "max": 0.454748880000011, "mean": 0.4457921657000014, "std": 0.005255005101436298, "repeat": 10, "number": 1}]}, "time_setup_models_and_sims.TimeBuildSPMeSimulation.time_setup_SPMe_simulation": {"result": [0.1258542629999937, 0.31253712500000574], "stats": [{"ci_99": [0.1162354869999831, 0.1351249369999863], "q_25": 0.12019208875001652, "q_75": 0.13227734274999747, "min": 0.1162354869999831, "max": 0.1351249369999863, "mean": 0.12580719279999783, "std": 0.006795407551161614, "repeat": 10, "number": 1}, {"ci_99": [0.28936036000001764, 0.32844177900000204], "q_25": 0.29601340474999205, "q_75": 0.3246681427499958, "min": 0.28936036000001764, "max": 0.32844177900000204, "mean": 0.3105304726000028, "std": 0.014932216198975912, "repeat": 10, "number": 1}], "params": [["False", "True"]]}, "time_solve_models.TimeSolveDFN.time_solve_model": {"result": [0.5196667565000155, 0.6810668009999858], "stats": [{"ci_99": [0.5147088229999781, 0.5242872350000027], "q_25": 0.5182545947499975, "q_75": 0.5218397807499997, "min": 0.5147088229999781, "max": 0.5242872350000027, "mean": 0.5196898905999987, "std": 0.002900838397360877, "repeat": 10, "number": 1}, {"ci_99": [0.6741478929999971, 0.6876546489999953], "q_25": 0.6793494539999898, "q_75": 0.6820376984999896, "min": 0.6741478929999971, "max": 0.6876546489999953, "mean": 0.6809052416999919, "std": 0.0032818142998363494, "repeat": 10, "number": 1}], "params": [["True", "False"]]}, "time_solve_models.TimeSolveSPM.time_solve_model": {"result": [0.01919704000000877, 0.039856790500010675], "stats": [{"ci_99": [0.017824139999987665, 0.02203225900001371], "q_25": 0.01869712250000788, "q_75": 0.01960839099999845, "min": 0.017824139999987665, "max": 0.02203225900001371, "mean": 0.019315984400003573, "std": 0.0010609887745044804, "repeat": 10, "number": 1}, {"ci_99": [0.03720397799997954, 0.042328085000008286], "q_25": 0.03786687399999522, "q_75": 0.04124170275000694, "min": 0.03720397799997954, "max": 0.042328085000008286, "mean": 0.03968763739999872, "std": 0.0018298578208719642, "repeat": 10, "number": 1}], "params": [["True", "False"]]}, "time_solve_models.TimeSolveSPMe.time_solve_model": {"result": [0.02693054149999341, 0.06508543350000195], "stats": [{"ci_99": [0.026343077000007042, 0.029238418000005595], "q_25": 0.02665014925000264, "q_75": 0.028470071500009908, "min": 0.026343077000007042, "max": 0.029238418000005595, "mean": 0.02743258479999895, "std": 0.0010626036121544962, "repeat": 10, "number": 1}, {"ci_99": [0.06432947499999386, 0.0680658029999961], "q_25": 0.06476708199998171, "q_75": 0.06619806899999503, "min": 0.06432947499999386, "max": 0.0680658029999961, "mean": 0.06563078699999494, "std": 0.0012461703408449957, "repeat": 10, "number": 1}], "params": [["True", "False"]]}}, "params": {"machine": "GitHubRunner", "python": "3.8"}, "requirements": {}, "commit_hash": "93f3d34c55a9312e61b0ff0692f691ef38b2cb59", "date": 1642096110000, "env_name": "virtualenv-py3.8", "python": "3.8", "profiles": {}, "started_at": {"time_setup_models_and_sims.TimeBuildDFN.time_setup_DFN": 1642130609674, "time_setup_models_and_sims.TimeBuildDFNSimulation.time_setup_DFN_simulation": 1642130612989, "time_setup_models_and_sims.TimeBuildSPM.time_setup_SPM": 1642130615706, "time_setup_models_and_sims.TimeBuildSPMSimulation.time_setup_SPM_simulation": 1642130618069, "time_setup_models_and_sims.TimeBuildSPMe.time_setup_SPMe": 1642130621188, "time_setup_models_and_sims.TimeBuildSPMeSimulation.time_setup_SPMe_simulation": 1642130624352, "time_solve_models.TimeSolveDFN.time_solve_model": 1642130627371, "time_solve_models.TimeSolveSPM.time_solve_model": 1642130647596, "time_solve_models.TimeSolveSPMe.time_solve_model": 1642130653825}, "ended_at": {"time_setup_models_and_sims.TimeBuildDFN.time_setup_DFN": 1642130612989, "time_setup_models_and_sims.TimeBuildDFNSimulation.time_setup_DFN_simulation": 1642130615705, "time_setup_models_and_sims.TimeBuildSPM.time_setup_SPM": 1642130618068, "time_setup_models_and_sims.TimeBuildSPMSimulation.time_setup_SPM_simulation": 1642130621188, "time_setup_models_and_sims.TimeBuildSPMe.time_setup_SPMe": 1642130624352, "time_setup_models_and_sims.TimeBuildSPMeSimulation.time_setup_SPMe_simulation": 1642130627371, "time_solve_models.TimeSolveDFN.time_solve_model": 1642130647596, "time_solve_models.TimeSolveSPM.time_solve_model": 1642130653824, "time_solve_models.TimeSolveSPMe.time_solve_model": 1642130662560}, "benchmark_version": {"time_setup_models_and_sims.TimeBuildDFN.time_setup_DFN": "5f322e51e6b7e66125ee6949bdf25746005db467e8ffcfdcb3ace170e92bbc3d", "time_setup_models_and_sims.TimeBuildDFNSimulation.time_setup_DFN_simulation": "8de44bc542fa7d4ba28a80f24414a9444b5436673aaebba674918f5f0bfd0ebb", "time_setup_models_and_sims.TimeBuildSPM.time_setup_SPM": "0d0b3f5c67fc2da9a5794c66b70af5a45a09558d1ee95f738745385adb84fbca", "time_setup_models_and_sims.TimeBuildSPMSimulation.time_setup_SPM_simulation": "161220a99418ce4487cc29325cbae897f28d0e44ae07e1dfbfaac2cbc53a4ff9", "time_setup_models_and_sims.TimeBuildSPMe.time_setup_SPMe": "6083f5ff944353395eb4b21c97b02af555fe6528de3cd5283f5e139943945235", "time_setup_models_and_sims.TimeBuildSPMeSimulation.time_setup_SPMe_simulation": "530563cb559427795e3648d9648df9250ae100b7721f69eec356bdda7798c55e", "time_solve_models.TimeSolveDFN.time_solve_model": "914137228e20e5900cec36b0d3865f1faa2f5d479c7d6c2539514791f9ec4430", "time_solve_models.TimeSolveSPM.time_solve_model": "ef1bb5f8d1ddfa59650e20438c4b252d73e5a062714848ce1d6d5269382bc598", "time_solve_models.TimeSolveSPMe.time_solve_model": "20672028872f4620ce85e909bae705d9490de441e926510b2b0e53ff0881d87b"}, "version": 1}