{"results": {"time_setup_models_and_sims.TimeBuildDFN.time_setup_DFN": {"result": [0.9805698329998904], "stats": [{"ci_99": [0.9159903559998384, 1.009431725000013], "q_25": 0.9383364712500679, "q_75": 0.9907471104999104, "min": 0.9159903559998384, "max": 1.009431725000013, "mean": 0.9677046783998776, "std": 0.03214985456100853, "repeat": 10, "number": 1}]}, "time_setup_models_and_sims.TimeBuildDFNSimulation.time_setup_DFN_simulation": {"result": [0.12288623699987511, 0.20084180449998712], "stats": [{"ci_99": [0.1161618040000576, 0.13542062100032126], "q_25": 0.11958266900012404, "q_75": 0.1265890657498403, "min": 0.1161618040000576, "max": 0.13542062100032126, "mean": 0.12364451560001725, "std": 0.005486591969685413, "repeat": 10, "number": 1}, {"ci_99": [0.1938515759998154, 0.2308342989999801], "q_25": 0.19682689374985785, "q_75": 0.209727760499959, "min": 0.1938515759998154, "max": 0.2308342989999801, "mean": 0.2045243630999721, "std": 0.010675084497143385, "repeat": 10, "number": 1}], "params": [["False", "True"]]}, "time_setup_models_and_sims.TimeBuildSPM.time_setup_SPM": {"result": [0.7082605195000724], "stats": [{"ci_99": [0.6615920650001499, 0.7444819129996176], "q_25": 0.6898077292502194, "q_75": 0.7227160322498776, "min": 0.6615920650001499, "max": 0.7444819129996176, "mean": 0.7033465697000338, "std": 0.025788589391236863, "repeat": 10, "number": 1}]}, "time_setup_models_and_sims.TimeBuildSPMSimulation.time_setup_SPM_simulation": {"result": [0.288714599000059, 0.34773979450005754], "stats": [{"ci_99": [0.27851656900020316, 0.311387165999804], "q_25": 0.28469524425008785, "q_75": 0.3054965302499113, "min": 0.27851656900020316, "max": 0.311387165999804, "mean": 0.2935276682000222, "std": 0.011397448431609176, "repeat": 10, "number": 1}, {"ci_99": [0.33508802899996226, 0.36776910299977317], "q_25": 0.3442087677500467, "q_75": 0.35393022550010755, "min": 0.33508802899996226, "max": 0.36776910299977317, "mean": 0.3500816683000266, "std": 0.009617006144814576, "repeat": 10, "number": 1}], "params": [["False", "True"]]}, "time_setup_models_and_sims.TimeBuildSPMe.time_setup_SPMe": {"result": [0.8271484785002485], "stats": [{"ci_99": [0.7921283430000585, 0.8764188059999469], "q_25": 0.7999112767498673, "q_75": 0.8485888974996669, "min": 0.7921283430000585, "max": 0.8764188059999469, "mean": 0.8277612531999694, "std": 0.02856278786002589, "repeat": 10, "number": 1}]}, "time_setup_models_and_sims.TimeBuildSPMeSimulation.time_setup_SPMe_simulation": {"result": [0.15438207900001544, 0.2343673674999991], "stats": [{"ci_99": [0.14426086299999952, 0.16137366600014502], "q_25": 0.1526984992499365, "q_75": 0.15577883525020297, "min": 0.14426086299999952, "max": 0.16137366600014502, "mean": 0.15408676730003207, "std": 0.004495898981109972, "repeat": 10, "number": 1}, {"ci_99": [0.22840208199977496, 0.2546637240002383], "q_25": 0.2307567102500343, "q_75": 0.23729565625012583, "min": 0.22840208199977496, "max": 0.2546637240002383, "mean": 0.23668235380000624, "std": 0.008181176900509651, "repeat": 10, "number": 1}], "params": [["False", "True"]]}, "time_solve_models.TimeSolveDFN.time_solve_model": {"result": [1.4120749324999906, 1.6482944865001627], "stats": [{"ci_99": [1.3727424412192766, 1.486028873000123], "q_25": 1.397714628000017, "q_75": 1.4194445935002022, "min": 1.3847718739998527, "max": 1.486028873000123, "mean": 1.4182966031667092, "std": 0.032669004606607537, "repeat": 6, "number": 1}, {"ci_99": [1.6088259476590583, 1.6962162723409981], "q_25": 1.639488435749854, "q_75": 1.669265234249906, "min": 1.6096951030003765, "max": 1.6960340149998956, "mean": 1.652521110000028, "std": 0.027403891439383453, "repeat": 6, "number": 1}], "params": [["True", "False"]]}, "time_solve_models.TimeSolveSPM.time_solve_model": {"result": [0.06608384599985584, 0.12059677249999368], "stats": [{"ci_99": [0.06351107900036368, 0.06970422000040344], "q_25": 0.06480536349988597, "q_75": 0.0670791024999744, "min": 0.06351107900036368, "max": 0.06970422000040344, "mean": 0.06623523680004836, "std": 0.0018436341121915271, "repeat": 10, "number": 1}, {"ci_99": [0.11550228800024342, 0.13029057599987937], "q_25": 0.11794282925006883, "q_75": 0.12422889550020955, "min": 0.11550228800024342, "max": 0.13029057599987937, "mean": 0.12131989630001953, "std": 0.004307950249748444, "repeat": 10, "number": 1}], "params": [["True", "False"]]}, "time_solve_models.TimeSolveSPMe.time_solve_model": {"result": [0.1051863319999029, 0.18588406099979693], "stats": [{"ci_99": [0.09999079499993968, 0.11225006799986659], "q_25": 0.102709211249703, "q_75": 0.10899768000001586, "min": 0.09999079499993968, "max": 0.11225006799986659, "mean": 0.10562431169992123, "std": 0.0038310986265690573, "repeat": 10, "number": 1}, {"ci_99": [0.17512495099981606, 0.19709137199970428], "q_25": 0.17652067774974967, "q_75": 0.18971500650002326, "min": 0.17512495099981606, "max": 0.19709137199970428, "mean": 0.18474949419983205, "std": 0.007893488759594582, "repeat": 10, "number": 1}], "params": [["True", "False"]]}}, "params": {"machine": "GitHubRunner", "python": "3.8"}, "requirements": {}, "commit_hash": "943f418b5d1a98e4420c6083f415c711ae3c71a9", "date": 1610038000000, "env_name": "virtualenv-py3.8", "python": "3.8", "profiles": {}, "started_at": {"time_setup_models_and_sims.TimeBuildDFN.time_setup_DFN": 1613144326144, "time_setup_models_and_sims.TimeBuildDFNSimulation.time_setup_DFN_simulation": 1613144332317, "time_setup_models_and_sims.TimeBuildSPM.time_setup_SPM": 1613144334532, "time_setup_models_and_sims.TimeBuildSPMSimulation.time_setup_SPM_simulation": 1613144339050, "time_setup_models_and_sims.TimeBuildSPMe.time_setup_SPMe": 1613144343270, "time_setup_models_and_sims.TimeBuildSPMeSimulation.time_setup_SPMe_simulation": 1613144348590, "time_solve_models.TimeSolveDFN.time_solve_model": 1613144351258, "time_solve_models.TimeSolveSPM.time_solve_model": 1613144379702, "time_solve_models.TimeSolveSPMe.time_solve_model": 1613144392250}, "ended_at": {"time_setup_models_and_sims.TimeBuildDFN.time_setup_DFN": 1613144332317, "time_setup_models_and_sims.TimeBuildDFNSimulation.time_setup_DFN_simulation": 1613144334532, "time_setup_models_and_sims.TimeBuildSPM.time_setup_SPM": 1613144339050, "time_setup_models_and_sims.TimeBuildSPMSimulation.time_setup_SPM_simulation": 1613144343269, "time_setup_models_and_sims.TimeBuildSPMe.time_setup_SPMe": 1613144348590, "time_setup_models_and_sims.TimeBuildSPMeSimulation.time_setup_SPMe_simulation": 1613144351257, "time_solve_models.TimeSolveDFN.time_solve_model": 1613144379701, "time_solve_models.TimeSolveSPM.time_solve_model": 1613144392249, "time_solve_models.TimeSolveSPMe.time_solve_model": 1613144407605}, "benchmark_version": {"time_setup_models_and_sims.TimeBuildDFN.time_setup_DFN": "5f322e51e6b7e66125ee6949bdf25746005db467e8ffcfdcb3ace170e92bbc3d", "time_setup_models_and_sims.TimeBuildDFNSimulation.time_setup_DFN_simulation": "8de44bc542fa7d4ba28a80f24414a9444b5436673aaebba674918f5f0bfd0ebb", "time_setup_models_and_sims.TimeBuildSPM.time_setup_SPM": "0d0b3f5c67fc2da9a5794c66b70af5a45a09558d1ee95f738745385adb84fbca", "time_setup_models_and_sims.TimeBuildSPMSimulation.time_setup_SPM_simulation": "161220a99418ce4487cc29325cbae897f28d0e44ae07e1dfbfaac2cbc53a4ff9", "time_setup_models_and_sims.TimeBuildSPMe.time_setup_SPMe": "6083f5ff944353395eb4b21c97b02af555fe6528de3cd5283f5e139943945235", "time_setup_models_and_sims.TimeBuildSPMeSimulation.time_setup_SPMe_simulation": "530563cb559427795e3648d9648df9250ae100b7721f69eec356bdda7798c55e", "time_solve_models.TimeSolveDFN.time_solve_model": "914137228e20e5900cec36b0d3865f1faa2f5d479c7d6c2539514791f9ec4430", "time_solve_models.TimeSolveSPM.time_solve_model": "ef1bb5f8d1ddfa59650e20438c4b252d73e5a062714848ce1d6d5269382bc598", "time_solve_models.TimeSolveSPMe.time_solve_model": "20672028872f4620ce85e909bae705d9490de441e926510b2b0e53ff0881d87b"}, "version": 1}