{"results": {"time_setup_models_and_sims.TimeBuildDFN.time_setup_DFN": {"result": [0.9104311895000592], "stats": [{"ci_99": [0.8718148950001705, 0.9922923190001711], "q_25": 0.8893440322501647, "q_75": 0.9511030204999997, "min": 0.8718148950001705, "max": 0.9922923190001711, "mean": 0.9209457345000829, "std": 0.03901788797748801, "repeat": 10, "number": 1}]}, "time_setup_models_and_sims.TimeBuildDFNSimulation.time_setup_DFN_simulation": {"result": [0.12081090250012494, 0.2018321499999729], "stats": [{"ci_99": [0.11611833999995724, 0.14538902899994355], "q_25": 0.11725186825026412, "q_75": 0.12769940300029248, "min": 0.11611833999995724, "max": 0.14538902899994355, "mean": 0.1238660649000849, "std": 0.008632561758989892, "repeat": 10, "number": 1}, {"ci_99": [0.1880956929999229, 0.22029115600025762], "q_25": 0.19753747325012228, "q_75": 0.21086607924974032, "min": 0.1880956929999229, "max": 0.22029115600025762, "mean": 0.20335895800003528, "std": 0.010289573127621316, "repeat": 10, "number": 1}], "params": [["False", "True"]]}, "time_setup_models_and_sims.TimeBuildSPM.time_setup_SPM": {"result": [0.6552292110000053], "stats": [{"ci_99": [0.6342161140000826, 0.7623151689999759], "q_25": 0.6456713544999957, "q_75": 0.6842822407501217, "min": 0.6342161140000826, "max": 0.7623151689999759, "mean": 0.6748721146000207, "std": 0.0429511153948442, "repeat": 10, "number": 1}]}, "time_setup_models_and_sims.TimeBuildSPMSimulation.time_setup_SPM_simulation": {"result": [0.28927039849986613, 0.3400449370001297], "stats": [{"ci_99": [0.27415260899988425, 0.33554272099991067], "q_25": 0.2840350657501176, "q_75": 0.30237187249986164, "min": 0.27415260899988425, "max": 0.33554272099991067, "mean": 0.2953487927999959, "std": 0.01736445834390605, "repeat": 10, "number": 1}, {"ci_99": [0.32756640299976425, 0.3902690290001374], "q_25": 0.3382731279998552, "q_75": 0.37970254674985426, "min": 0.32756640299976425, "max": 0.3902690290001374, "mean": 0.3545104409999567, "std": 0.023267364876754924, "repeat": 10, "number": 1}], "params": [["False", "True"]]}, "time_setup_models_and_sims.TimeBuildSPMe.time_setup_SPMe": {"result": [0.7954319479999867], "stats": [{"ci_99": [0.760180037000282, 0.8603017820000787], "q_25": 0.7696846105000077, "q_75": 0.8262375409998413, "min": 0.760180037000282, "max": 0.8603017820000787, "mean": 0.8006610111999635, "std": 0.033583150416003446, "repeat": 10, "number": 1}]}, "time_setup_models_and_sims.TimeBuildSPMeSimulation.time_setup_SPMe_simulation": {"result": [0.15307257149993347, 0.23046095599988803], "stats": [{"ci_99": [0.1366941839996798, 0.160634614999708], "q_25": 0.14021788150034808, "q_75": 0.15886722974994427, "min": 0.1366941839996798, "max": 0.160634614999708, "mean": 0.15015398319997075, "std": 0.009368722608098312, "repeat": 10, "number": 1}, {"ci_99": [0.225840086000062, 0.2511239759996897], "q_25": 0.22814447449991349, "q_75": 0.23277641300046525, "min": 0.225840086000062, "max": 0.2511239759996897, "mean": 0.23208420850010042, "std": 0.006781128300345337, "repeat": 10, "number": 1}], "params": [["False", "True"]]}, "time_solve_models.TimeSolveDFN.time_solve_model": {"result": [1.0255807855000967, 1.1834968030000255], "stats": [{"ci_99": [1.0049986230001196, 1.0401342314905515], "q_25": 1.0184361504997241, "q_75": 1.0325072725001974, "min": 1.0049986230001196, "max": 1.0337593580006796, "mean": 1.023465043166804, "std": 0.010276577378507465, "repeat": 6, "number": 1}, {"ci_99": [1.1618190090002827, 1.2393479310003386], "q_25": 1.1753905164998741, "q_75": 1.216755819499781, "min": 1.1618190090002827, "max": 1.2393479310003386, "mean": 1.1945279845000414, "std": 0.02819510565240468, "repeat": 8, "number": 1}], "params": [["True", "False"]]}, "time_solve_models.TimeSolveSPM.time_solve_model": {"result": [0.058953991000180395, 0.10477887100046246], "stats": [{"ci_99": [0.055094413999995595, 0.06269309700019221], "q_25": 0.05755065250014013, "q_75": 0.05973326875005114, "min": 0.055094413999995595, "max": 0.06269309700019221, "mean": 0.05882249370010868, "std": 0.0022466637565142678, "repeat": 10, "number": 1}, {"ci_99": [0.10115947700069228, 0.11436204199981148], "q_25": 0.10433446799993362, "q_75": 0.10562130950017945, "min": 0.10115947700069228, "max": 0.11436204199981148, "mean": 0.10538598940011071, "std": 0.003355419664777657, "repeat": 10, "number": 1}], "params": [["True", "False"]]}, "time_solve_models.TimeSolveSPMe.time_solve_model": {"result": [0.07795371350016467, 0.14402521149963832], "stats": [{"ci_99": [0.07561131900001783, 0.08406553100030578], "q_25": 0.07717656700037878, "q_75": 0.08162613224988036, "min": 0.07561131900001783, "max": 0.08406553100030578, "mean": 0.07913154940001732, "std": 0.0026868862358655093, "repeat": 10, "number": 1}, {"ci_99": [0.1410824889999276, 0.16074850400036667], "q_25": 0.1427029555001127, "q_75": 0.14577949600004558, "min": 0.1410824889999276, "max": 0.16074850400036667, "mean": 0.14631083930003114, "std": 0.006068511751703084, "repeat": 10, "number": 1}], "params": [["True", "False"]]}}, "params": {"machine": "GitHubRunner", "python": "3.8"}, "requirements": {}, "commit_hash": "96029c09ce835220838ef404ade3521d4f479e07", "date": 1607614170000, "env_name": "virtualenv-py3.8", "python": "3.8", "profiles": {}, "started_at": {"time_setup_models_and_sims.TimeBuildDFN.time_setup_DFN": 1613145145100, "time_setup_models_and_sims.TimeBuildDFNSimulation.time_setup_DFN_simulation": 1613145151072, "time_setup_models_and_sims.TimeBuildSPM.time_setup_SPM": 1613145153337, "time_setup_models_and_sims.TimeBuildSPMSimulation.time_setup_SPM_simulation": 1613145157854, "time_setup_models_and_sims.TimeBuildSPMe.time_setup_SPMe": 1613145162125, "time_setup_models_and_sims.TimeBuildSPMeSimulation.time_setup_SPMe_simulation": 1613145167444, "time_solve_models.TimeSolveDFN.time_solve_model": 1613145170011, "time_solve_models.TimeSolveSPM.time_solve_model": 1613145195193, "time_solve_models.TimeSolveSPMe.time_solve_model": 1613145207235}, "ended_at": {"time_setup_models_and_sims.TimeBuildDFN.time_setup_DFN": 1613145151072, "time_setup_models_and_sims.TimeBuildDFNSimulation.time_setup_DFN_simulation": 1613145153336, "time_setup_models_and_sims.TimeBuildSPM.time_setup_SPM": 1613145157854, "time_setup_models_and_sims.TimeBuildSPMSimulation.time_setup_SPM_simulation": 1613145162124, "time_setup_models_and_sims.TimeBuildSPMe.time_setup_SPMe": 1613145167443, "time_setup_models_and_sims.TimeBuildSPMeSimulation.time_setup_SPMe_simulation": 1613145170010, "time_solve_models.TimeSolveDFN.time_solve_model": 1613145195192, "time_solve_models.TimeSolveSPM.time_solve_model": 1613145207234, "time_solve_models.TimeSolveSPMe.time_solve_model": 1613145221693}, "benchmark_version": {"time_setup_models_and_sims.TimeBuildDFN.time_setup_DFN": "5f322e51e6b7e66125ee6949bdf25746005db467e8ffcfdcb3ace170e92bbc3d", "time_setup_models_and_sims.TimeBuildDFNSimulation.time_setup_DFN_simulation": "8de44bc542fa7d4ba28a80f24414a9444b5436673aaebba674918f5f0bfd0ebb", "time_setup_models_and_sims.TimeBuildSPM.time_setup_SPM": "0d0b3f5c67fc2da9a5794c66b70af5a45a09558d1ee95f738745385adb84fbca", "time_setup_models_and_sims.TimeBuildSPMSimulation.time_setup_SPM_simulation": "161220a99418ce4487cc29325cbae897f28d0e44ae07e1dfbfaac2cbc53a4ff9", "time_setup_models_and_sims.TimeBuildSPMe.time_setup_SPMe": "6083f5ff944353395eb4b21c97b02af555fe6528de3cd5283f5e139943945235", "time_setup_models_and_sims.TimeBuildSPMeSimulation.time_setup_SPMe_simulation": "530563cb559427795e3648d9648df9250ae100b7721f69eec356bdda7798c55e", "time_solve_models.TimeSolveDFN.time_solve_model": "914137228e20e5900cec36b0d3865f1faa2f5d479c7d6c2539514791f9ec4430", "time_solve_models.TimeSolveSPM.time_solve_model": "ef1bb5f8d1ddfa59650e20438c4b252d73e5a062714848ce1d6d5269382bc598", "time_solve_models.TimeSolveSPMe.time_solve_model": "20672028872f4620ce85e909bae705d9490de441e926510b2b0e53ff0881d87b"}, "version": 1}