{"results": {"time_setup_models_and_sims.TimeBuildDFN.time_setup_DFN": {"result": [1.2694551059999526], "stats": [{"ci_99": [1.2086939360000315, 1.3028345689999696], "q_25": 1.2499531460000242, "q_75": 1.2780303360000005, "min": 1.2086939360000315, "max": 1.3028345689999696, "mean": 1.2628956710000012, "std": 0.028461141919288845, "repeat": 10, "number": 1}]}, "time_setup_models_and_sims.TimeBuildDFNSimulation.time_setup_DFN_simulation": {"result": [0.15726750500004982, 0.2626265794999654], "stats": [{"ci_99": [0.14316238799995062, 0.17734571000005417], "q_25": 0.15084469024995428, "q_75": 0.1616111887499585, "min": 0.14316238799995062, "max": 0.17734571000005417, "mean": 0.1570947957000044, "std": 0.009008380575432252, "repeat": 10, "number": 1}, {"ci_99": [0.24716218599996864, 0.2771544649999669], "q_25": 0.2541783552500476, "q_75": 0.26509293100005493, "min": 0.24716218599996864, "max": 0.2771544649999669, "mean": 0.2613510529000109, "std": 0.009110290892427946, "repeat": 10, "number": 1}], "params": [["False", "True"]]}, "time_setup_models_and_sims.TimeBuildSPM.time_setup_SPM": {"result": [0.7033257859999935], "stats": [{"ci_99": [0.661283813999944, 0.7165265300000101], "q_25": 0.6887323039999558, "q_75": 0.7096044245000144, "min": 0.661283813999944, "max": 0.7165265300000101, "mean": 0.697910891499987, "std": 0.01561498835891181, "repeat": 10, "number": 1}]}, "time_setup_models_and_sims.TimeBuildSPMSimulation.time_setup_SPM_simulation": {"result": [0.140140869999982, 0.215548078500035], "stats": [{"ci_99": [0.13644522099991718, 0.15771721900000557], "q_25": 0.13874291325006993, "q_75": 0.1440417385000501, "min": 0.13644522099991718, "max": 0.15771721900000557, "mean": 0.1432689382000035, "std": 0.007105803361143633, "repeat": 10, "number": 1}, {"ci_99": [0.21105540700000347, 0.24141069899997092], "q_25": 0.2119127864999939, "q_75": 0.22741188474998353, "min": 0.21105540700000347, "max": 0.24141069899997092, "mean": 0.22030071620000627, "std": 0.009912145934172294, "repeat": 10, "number": 1}], "params": [["False", "True"]]}, "time_setup_models_and_sims.TimeBuildSPMe.time_setup_SPMe": {"result": [1.0204669369999806], "stats": [{"ci_99": [0.9693809030000011, 1.0433594649999804], "q_25": 0.9786732482499474, "q_75": 1.0417802040000481, "min": 0.9693809030000011, "max": 1.0433594649999804, "mean": 1.0118831248999982, "std": 0.03018869064467614, "repeat": 10, "number": 1}]}, "time_setup_models_and_sims.TimeBuildSPMeSimulation.time_setup_SPMe_simulation": {"result": [0.16243963749997192, 0.27968234700000494], "stats": [{"ci_99": [0.15090891600004852, 0.1722406820000515], "q_25": 0.15270444175001785, "q_75": 0.16701149125000825, "min": 0.15090891600004852, "max": 0.1722406820000515, "mean": 0.16110689740000908, "std": 0.007819661831088462, "repeat": 10, "number": 1}, {"ci_99": [0.2603576339998881, 0.3098887690000538], "q_25": 0.2746627955000349, "q_75": 0.28538355250003633, "min": 0.2603576339998881, "max": 0.3098887690000538, "mean": 0.28125385449999385, "std": 0.012800359574555687, "repeat": 10, "number": 1}], "params": [["False", "True"]]}, "time_solve_models.TimeSolveDFN.time_solve_model": {"result": [0.8617814250000038, 1.029071098500026], "stats": [{"ci_99": [0.8319986205379433, 0.8945620360000248], "q_25": 0.8502885545000538, "q_75": 0.8684574677499768, "min": 0.8337250319999612, "max": 0.8945620360000248, "mean": 0.8614983885000053, "std": 0.01892270898726362, "repeat": 6, "number": 1}, {"ci_99": [0.9812284860000773, 1.0614661719999958], "q_25": 1.0110384005000128, "q_75": 1.0536036569999965, "min": 0.9812284860000773, "max": 1.0614661719999958, "mean": 1.0289381411250247, "std": 0.027211587852066888, "repeat": 8, "number": 1}], "params": [["True", "False"]]}, "time_solve_models.TimeSolveSPM.time_solve_model": {"result": [0.047808965000001535, 0.081724228999974], "stats": [{"ci_99": [0.04433900599997287, 0.053816248999964955], "q_25": 0.045221633750060164, "q_75": 0.04965622224997901, "min": 0.04433900599997287, "max": 0.053816248999964955, "mean": 0.04791129889999866, "std": 0.002910546172713041, "repeat": 10, "number": 1}, {"ci_99": [0.07481924700005038, 0.08787959300002512], "q_25": 0.07593807325000057, "q_75": 0.08594651949999843, "min": 0.07481924700005038, "max": 0.08787959300002512, "mean": 0.08125058999999055, "std": 0.005154930342710541, "repeat": 10, "number": 1}], "params": [["True", "False"]]}, "time_solve_models.TimeSolveSPMe.time_solve_model": {"result": [0.06394824149998612, 0.1284751905000121], "stats": [{"ci_99": [0.05945147399995676, 0.06691712299993924], "q_25": 0.06131140724997408, "q_75": 0.06495260224997423, "min": 0.05945147399995676, "max": 0.06691712299993924, "mean": 0.06329515089997813, "std": 0.002276356906387613, "repeat": 10, "number": 1}, {"ci_99": [0.11971776100006082, 0.13663605200008533], "q_25": 0.12446327450004446, "q_75": 0.130101846499997, "min": 0.11971776100006082, "max": 0.13663605200008533, "mean": 0.12771427380001796, "std": 0.004812422527683611, "repeat": 10, "number": 1}], "params": [["True", "False"]]}}, "params": {"machine": "GitHubRunner", "python": "3.8"}, "requirements": {}, "commit_hash": "97b5f74bb5bc3ac93a9e0577f21d91f9047e9340", "date": 1612792850000, "env_name": "virtualenv-py3.8", "python": "3.8", "profiles": {}, "started_at": {"time_setup_models_and_sims.TimeBuildDFN.time_setup_DFN": 1613141984183, "time_setup_models_and_sims.TimeBuildDFNSimulation.time_setup_DFN_simulation": 1613141992211, "time_setup_models_and_sims.TimeBuildSPM.time_setup_SPM": 1613141995077, "time_setup_models_and_sims.TimeBuildSPMSimulation.time_setup_SPM_simulation": 1613141999494, "time_setup_models_and_sims.TimeBuildSPMe.time_setup_SPMe": 1613142002009, "time_setup_models_and_sims.TimeBuildSPMeSimulation.time_setup_SPMe_simulation": 1613142008583, "time_solve_models.TimeSolveDFN.time_solve_model": 1613142011499, "time_solve_models.TimeSolveSPM.time_solve_model": 1613142038238, "time_solve_models.TimeSolveSPMe.time_solve_model": 1613142050734}, "ended_at": {"time_setup_models_and_sims.TimeBuildDFN.time_setup_DFN": 1613141992211, "time_setup_models_and_sims.TimeBuildDFNSimulation.time_setup_DFN_simulation": 1613141995077, "time_setup_models_and_sims.TimeBuildSPM.time_setup_SPM": 1613141999494, "time_setup_models_and_sims.TimeBuildSPMSimulation.time_setup_SPM_simulation": 1613142002009, "time_setup_models_and_sims.TimeBuildSPMe.time_setup_SPMe": 1613142008583, "time_setup_models_and_sims.TimeBuildSPMeSimulation.time_setup_SPMe_simulation": 1613142011499, "time_solve_models.TimeSolveDFN.time_solve_model": 1613142038237, "time_solve_models.TimeSolveSPM.time_solve_model": 1613142050733, "time_solve_models.TimeSolveSPMe.time_solve_model": 1613142068693}, "benchmark_version": {"time_setup_models_and_sims.TimeBuildDFN.time_setup_DFN": "5f322e51e6b7e66125ee6949bdf25746005db467e8ffcfdcb3ace170e92bbc3d", "time_setup_models_and_sims.TimeBuildDFNSimulation.time_setup_DFN_simulation": "8de44bc542fa7d4ba28a80f24414a9444b5436673aaebba674918f5f0bfd0ebb", "time_setup_models_and_sims.TimeBuildSPM.time_setup_SPM": "0d0b3f5c67fc2da9a5794c66b70af5a45a09558d1ee95f738745385adb84fbca", "time_setup_models_and_sims.TimeBuildSPMSimulation.time_setup_SPM_simulation": "161220a99418ce4487cc29325cbae897f28d0e44ae07e1dfbfaac2cbc53a4ff9", "time_setup_models_and_sims.TimeBuildSPMe.time_setup_SPMe": "6083f5ff944353395eb4b21c97b02af555fe6528de3cd5283f5e139943945235", "time_setup_models_and_sims.TimeBuildSPMeSimulation.time_setup_SPMe_simulation": "530563cb559427795e3648d9648df9250ae100b7721f69eec356bdda7798c55e", "time_solve_models.TimeSolveDFN.time_solve_model": "914137228e20e5900cec36b0d3865f1faa2f5d479c7d6c2539514791f9ec4430", "time_solve_models.TimeSolveSPM.time_solve_model": "ef1bb5f8d1ddfa59650e20438c4b252d73e5a062714848ce1d6d5269382bc598", "time_solve_models.TimeSolveSPMe.time_solve_model": "20672028872f4620ce85e909bae705d9490de441e926510b2b0e53ff0881d87b"}, "version": 1}