{"results": {"time_setup_models_and_sims.TimeBuildDFN.time_setup_DFN": {"result": [0.5843682059999935], "stats": [{"ci_99": [0.5722568730000148, 0.5963180450000038], "q_25": 0.5826163962499891, "q_75": 0.585937273749991, "min": 0.5722568730000148, "max": 0.5963180450000038, "mean": 0.5845472261999959, "std": 0.006554107346713032, "repeat": 10, "number": 1}]}, "time_setup_models_and_sims.TimeBuildDFNSimulation.time_setup_DFN_simulation": {"result": [0.17380423100000542, 0.40574250349999375], "stats": [{"ci_99": [0.1721372139999744, 0.17889394200000197], "q_25": 0.1732980162500155, "q_75": 0.17388618174999948, "min": 0.1721372139999744, "max": 0.17889394200000197, "mean": 0.17416183620000253, "std": 0.0019095327295361873, "repeat": 10, "number": 1}, {"ci_99": [0.4019300489999864, 0.41797127999996064], "q_25": 0.40325426975001477, "q_75": 0.4125718874999791, "min": 0.4019300489999864, "max": 0.41797127999996064, "mean": 0.40774611129999416, "std": 0.00542739516697239, "repeat": 10, "number": 1}], "params": [["False", "True"]]}, "time_setup_models_and_sims.TimeBuildSPM.time_setup_SPM": {"result": [0.41684465749999333], "stats": [{"ci_99": [0.4045048239999858, 0.42358603499997116], "q_25": 0.4107104684999996, "q_75": 0.41955180499998335, "min": 0.4045048239999858, "max": 0.42358603499997116, "mean": 0.41521442419999344, "std": 0.005913234707178683, "repeat": 10, "number": 1}]}, "time_setup_models_and_sims.TimeBuildSPMSimulation.time_setup_SPM_simulation": {"result": [0.21793330950001177, 0.4772421325000096], "stats": [{"ci_99": [0.21680143500003624, 0.22179115100004765], "q_25": 0.21707581699998713, "q_75": 0.21940781500001805, "min": 0.21680143500003624, "max": 0.22179115100004765, "mean": 0.21840500300001792, "std": 0.0015705863527262138, "repeat": 10, "number": 1}, {"ci_99": [0.4598456859999942, 0.48031910899999275], "q_25": 0.4742024915000016, "q_75": 0.47930831575001775, "min": 0.4598456859999942, "max": 0.48031910899999275, "mean": 0.47452780930000527, "std": 0.006670280704824465, "repeat": 10, "number": 1}], "params": [["False", "True"]]}, "time_setup_models_and_sims.TimeBuildSPMe.time_setup_SPMe": {"result": [0.5359653879999797], "stats": [{"ci_99": [0.5251620319999688, 0.5467170440000189], "q_25": 0.5276520137499858, "q_75": 0.5416269195000183, "min": 0.5251620319999688, "max": 0.5467170440000189, "mean": 0.5354962389000008, "std": 0.00800292828517181, "repeat": 10, "number": 1}]}, "time_setup_models_and_sims.TimeBuildSPMeSimulation.time_setup_SPMe_simulation": {"result": [0.2017741330000007, 0.4649951674999784], "stats": [{"ci_99": [0.19304315300001917, 0.20669807400000195], "q_25": 0.19945678399997746, "q_75": 0.20510527199999018, "min": 0.19304315300001917, "max": 0.20669807400000195, "mean": 0.2013535566999991, "std": 0.0042763149690897085, "repeat": 10, "number": 1}, {"ci_99": [0.4575387450000221, 0.4750879779999764], "q_25": 0.46411111574999353, "q_75": 0.468095823249989, "min": 0.4575387450000221, "max": 0.4750879779999764, "mean": 0.4657140802999919, "std": 0.005238349546687505, "repeat": 10, "number": 1}], "params": [["False", "True"]]}, "time_solve_models.TimeSolveDFN.time_solve_model": {"result": [0.5980565620000107, 0.7727777700000047], "stats": [{"ci_99": [0.5848120820000418, 0.6062671979999834], "q_25": 0.5933305375000089, "q_75": 0.6019980852500169, "min": 0.5848120820000418, "max": 0.6062671979999834, "mean": 0.5972892909000052, "std": 0.00636259641654344, "repeat": 10, "number": 1}, {"ci_99": [0.7604167079999797, 0.791740405999974], "q_25": 0.7672780562499995, "q_75": 0.7775024922499938, "min": 0.7604167079999797, "max": 0.791740405999974, "mean": 0.7732388001000003, "std": 0.009267845929884465, "repeat": 10, "number": 1}], "params": [["True", "False"]]}, "time_solve_models.TimeSolveSPM.time_solve_model": {"result": [0.021974541000005843, 0.04610981200001163], "stats": [{"ci_99": [0.021210346000032132, 0.02252252200000271], "q_25": 0.021546941249994234, "q_75": 0.022208507749994055, "min": 0.021210346000032132, "max": 0.02252252200000271, "mean": 0.021910287100001823, "std": 0.00044266262920130816, "repeat": 10, "number": 1}, {"ci_99": [0.044393318000004456, 0.050644798999996965], "q_25": 0.04518948625001684, "q_75": 0.04709582824997227, "min": 0.044393318000004456, "max": 0.050644798999996965, "mean": 0.04674721050000415, "std": 0.0021048436855935406, "repeat": 10, "number": 1}], "params": [["True", "False"]]}, "time_solve_models.TimeSolveSPMe.time_solve_model": {"result": [0.03250091000002442, 0.08143725699999038], "stats": [{"ci_99": [0.03153890200002252, 0.0329302899999675], "q_25": 0.03231927050001815, "q_75": 0.03286310975002493, "min": 0.03153890200002252, "max": 0.0329302899999675, "mean": 0.03249148880001087, "std": 0.0004156264048237845, "repeat": 10, "number": 1}, {"ci_99": [0.08008887799999798, 0.08275335799999084], "q_25": 0.08070284949997841, "q_75": 0.08164432875000927, "min": 0.08008887799999798, "max": 0.08275335799999084, "mean": 0.08132086999999615, "std": 0.0007459985861301903, "repeat": 10, "number": 1}], "params": [["True", "False"]]}}, "params": {"machine": "GitHubRunner", "python": "3.8"}, "requirements": {}, "commit_hash": "989811b5633437ff69dd226d11053b2e36862a50", "date": 1635367935000, "env_name": "virtualenv-py3.8", "python": "3.8", "profiles": {}, "started_at": {"time_setup_models_and_sims.TimeBuildDFN.time_setup_DFN": 1635477742763, "time_setup_models_and_sims.TimeBuildDFNSimulation.time_setup_DFN_simulation": 1635477746685, "time_setup_models_and_sims.TimeBuildSPM.time_setup_SPM": 1635477750559, "time_setup_models_and_sims.TimeBuildSPMSimulation.time_setup_SPM_simulation": 1635477753426, "time_setup_models_and_sims.TimeBuildSPMe.time_setup_SPMe": 1635477757951, "time_setup_models_and_sims.TimeBuildSPMeSimulation.time_setup_SPMe_simulation": 1635477761520, "time_solve_models.TimeSolveDFN.time_solve_model": 1635477765851, "time_solve_models.TimeSolveSPM.time_solve_model": 1635477788751, "time_solve_models.TimeSolveSPMe.time_solve_model": 1635477796889}, "ended_at": {"time_setup_models_and_sims.TimeBuildDFN.time_setup_DFN": 1635477746684, "time_setup_models_and_sims.TimeBuildDFNSimulation.time_setup_DFN_simulation": 1635477750558, "time_setup_models_and_sims.TimeBuildSPM.time_setup_SPM": 1635477753426, "time_setup_models_and_sims.TimeBuildSPMSimulation.time_setup_SPM_simulation": 1635477757950, "time_setup_models_and_sims.TimeBuildSPMe.time_setup_SPMe": 1635477761520, "time_setup_models_and_sims.TimeBuildSPMeSimulation.time_setup_SPMe_simulation": 1635477765850, "time_solve_models.TimeSolveDFN.time_solve_model": 1635477788750, "time_solve_models.TimeSolveSPM.time_solve_model": 1635477796889, "time_solve_models.TimeSolveSPMe.time_solve_model": 1635477807591}, "benchmark_version": {"time_setup_models_and_sims.TimeBuildDFN.time_setup_DFN": "5f322e51e6b7e66125ee6949bdf25746005db467e8ffcfdcb3ace170e92bbc3d", "time_setup_models_and_sims.TimeBuildDFNSimulation.time_setup_DFN_simulation": "8de44bc542fa7d4ba28a80f24414a9444b5436673aaebba674918f5f0bfd0ebb", "time_setup_models_and_sims.TimeBuildSPM.time_setup_SPM": "0d0b3f5c67fc2da9a5794c66b70af5a45a09558d1ee95f738745385adb84fbca", "time_setup_models_and_sims.TimeBuildSPMSimulation.time_setup_SPM_simulation": "161220a99418ce4487cc29325cbae897f28d0e44ae07e1dfbfaac2cbc53a4ff9", "time_setup_models_and_sims.TimeBuildSPMe.time_setup_SPMe": "6083f5ff944353395eb4b21c97b02af555fe6528de3cd5283f5e139943945235", "time_setup_models_and_sims.TimeBuildSPMeSimulation.time_setup_SPMe_simulation": "530563cb559427795e3648d9648df9250ae100b7721f69eec356bdda7798c55e", "time_solve_models.TimeSolveDFN.time_solve_model": "914137228e20e5900cec36b0d3865f1faa2f5d479c7d6c2539514791f9ec4430", "time_solve_models.TimeSolveSPM.time_solve_model": "ef1bb5f8d1ddfa59650e20438c4b252d73e5a062714848ce1d6d5269382bc598", "time_solve_models.TimeSolveSPMe.time_solve_model": "20672028872f4620ce85e909bae705d9490de441e926510b2b0e53ff0881d87b"}, "version": 1}