{"results": {"time_setup_models_and_sims.TimeBuildDFN.time_setup_DFN": {"result": [1.212019763999706], "stats": [{"ci_99": [1.1504012470004454, 1.248843559999841], "q_25": 1.1677666272505576, "q_75": 1.2347141750001356, "min": 1.1504012470004454, "max": 1.248843559999841, "mean": 1.2020879716000308, "std": 0.037274142362218425, "repeat": 10, "number": 1}]}, "time_setup_models_and_sims.TimeBuildDFNSimulation.time_setup_DFN_simulation": {"result": [0.3014228414999707, 0.5859255594996284], "stats": [{"ci_99": [0.279727739000009, 0.31191967199993087], "q_25": 0.29681235574980747, "q_75": 0.30691032674963026, "min": 0.279727739000009, "max": 0.31191967199993087, "mean": 0.29952519769985886, "std": 0.010657394201983066, "repeat": 10, "number": 1}, {"ci_99": [0.555889749999551, 0.6159776679996867], "q_25": 0.5666287537496828, "q_75": 0.5924396020000131, "min": 0.555889749999551, "max": 0.6159776679996867, "mean": 0.5833496205998927, "std": 0.018491979633477307, "repeat": 10, "number": 1}], "params": [["False", "True"]]}, "time_setup_models_and_sims.TimeBuildSPM.time_setup_SPM": {"result": [0.8084785394994469], "stats": [{"ci_99": [0.780676061000122, 0.8380591049999566], "q_25": 0.799251427499712, "q_75": 0.832217910000054, "min": 0.780676061000122, "max": 0.8380591049999566, "mean": 0.8119468815998516, "std": 0.02039448949628855, "repeat": 10, "number": 1}]}, "time_setup_models_and_sims.TimeBuildSPMSimulation.time_setup_SPM_simulation": {"result": [0.3956547695001973, 0.7616649834999407], "stats": [{"ci_99": [0.37184330799937015, 0.4131282949992965], "q_25": 0.3803177947502263, "q_75": 0.40072851574973356, "min": 0.37184330799937015, "max": 0.4131282949992965, "mean": 0.3927392240998415, "std": 0.013451276963542744, "repeat": 10, "number": 1}, {"ci_99": [0.7129973689998224, 0.8206697759997041], "q_25": 0.7395116674997553, "q_75": 0.7864585452500705, "min": 0.7129973689998224, "max": 0.8206697759997041, "mean": 0.7627546021998569, "std": 0.03366575237165381, "repeat": 10, "number": 1}], "params": [["False", "True"]]}, "time_setup_models_and_sims.TimeBuildSPMe.time_setup_SPMe": {"result": [1.0135205460001089], "stats": [{"ci_99": [0.9728311830003804, 1.101820220999798], "q_25": 0.9984710690000611, "q_75": 1.026258038749802, "min": 0.9728311830003804, "max": 1.101820220999798, "mean": 1.0226225985999917, "std": 0.04027058790055291, "repeat": 10, "number": 1}]}, "time_setup_models_and_sims.TimeBuildSPMeSimulation.time_setup_SPMe_simulation": {"result": [0.30012822500020775, 0.6181394295003884], "stats": [{"ci_99": [0.2967540600002394, 0.3299792019997767], "q_25": 0.29857608874976904, "q_75": 0.30471234299966454, "min": 0.2967540600002394, "max": 0.3299792019997767, "mean": 0.3036304152999946, "std": 0.009325231665599091, "repeat": 10, "number": 1}, {"ci_99": [0.5997935460000008, 0.6590483969994239], "q_25": 0.601297775250714, "q_75": 0.6235922632502024, "min": 0.5997935460000008, "max": 0.6590483969994239, "mean": 0.6179078174001915, "std": 0.01788399391097429, "repeat": 10, "number": 1}], "params": [["False", "True"]]}, "time_solve_models.TimeSolveDFN.time_solve_model": {"result": [1.3775202665001416, 1.59618542599992], "stats": [{"ci_99": [1.3241476576628735, 1.4203427270037081], "q_25": 1.3446579742499125, "q_75": 1.397735191750371, "min": 1.3346586659999957, "max": 1.4055945779991816, "mean": 1.3722451923332908, "std": 0.028733883080377755, "repeat": 6, "number": 1}, {"ci_99": [1.5578889326502152, 1.6380180070000279], "q_25": 1.5758554687497508, "q_75": 1.6044678992504942, "min": 1.5674339480001436, "max": 1.6380180070000279, "mean": 1.595688391166732, "std": 0.023690770016804457, "repeat": 6, "number": 1}], "params": [["True", "False"]]}, "time_solve_models.TimeSolveSPM.time_solve_model": {"result": [0.06279255500021463, 0.11308482100048423], "stats": [{"ci_99": [0.06171534700024495, 0.07035940900004789], "q_25": 0.061850373999732255, "q_75": 0.06427321724959256, "min": 0.06171534700024495, "max": 0.07035940900004789, "mean": 0.06399121399999785, "std": 0.0028543930620706925, "repeat": 10, "number": 1}, {"ci_99": [0.10485586199956742, 0.12134917799994582], "q_25": 0.10692700099980357, "q_75": 0.11602058974949614, "min": 0.10485586199956742, "max": 0.12134917799994582, "mean": 0.11218498339994767, "std": 0.00566183777638318, "repeat": 10, "number": 1}], "params": [["True", "False"]]}, "time_solve_models.TimeSolveSPMe.time_solve_model": {"result": [0.10474750899993523, 0.17745188800017786], "stats": [{"ci_99": [0.10149273600018205, 0.11940166699969268], "q_25": 0.1025028912495145, "q_75": 0.10845250949978436, "min": 0.10149273600018205, "max": 0.11940166699969268, "mean": 0.10714926649980043, "std": 0.006047938010079374, "repeat": 10, "number": 1}, {"ci_99": [0.1718521430002511, 0.19833483899947169], "q_25": 0.17425716075013042, "q_75": 0.18023390674943585, "min": 0.1718521430002511, "max": 0.19833483899947169, "mean": 0.17961908119996223, "std": 0.007961474970264459, "repeat": 10, "number": 1}], "params": [["True", "False"]]}}, "params": {"machine": "GitHubRunner", "python": "3.8"}, "requirements": {}, "commit_hash": "9b4c54dd78f4552ce3b64cd197aa59be0bec41ec", "date": 1602864003000, "env_name": "virtualenv-py3.8", "python": "3.8", "profiles": {}, "started_at": {"time_setup_models_and_sims.TimeBuildDFN.time_setup_DFN": 1613148447277, "time_setup_models_and_sims.TimeBuildDFNSimulation.time_setup_DFN_simulation": 1613148454858, "time_setup_models_and_sims.TimeBuildSPM.time_setup_SPM": 1613148460532, "time_setup_models_and_sims.TimeBuildSPMSimulation.time_setup_SPM_simulation": 1613148465701, "time_setup_models_and_sims.TimeBuildSPMe.time_setup_SPMe": 1613148472930, "time_setup_models_and_sims.TimeBuildSPMeSimulation.time_setup_SPMe_simulation": 1613148479358, "time_solve_models.TimeSolveDFN.time_solve_model": 1613148485185, "time_solve_models.TimeSolveSPM.time_solve_model": 1613148514535, "time_solve_models.TimeSolveSPMe.time_solve_model": 1613148528336}, "ended_at": {"time_setup_models_and_sims.TimeBuildDFN.time_setup_DFN": 1613148454857, "time_setup_models_and_sims.TimeBuildDFNSimulation.time_setup_DFN_simulation": 1613148460532, "time_setup_models_and_sims.TimeBuildSPM.time_setup_SPM": 1613148465700, "time_setup_models_and_sims.TimeBuildSPMSimulation.time_setup_SPM_simulation": 1613148472930, "time_setup_models_and_sims.TimeBuildSPMe.time_setup_SPMe": 1613148479358, "time_setup_models_and_sims.TimeBuildSPMeSimulation.time_setup_SPMe_simulation": 1613148485184, "time_solve_models.TimeSolveDFN.time_solve_model": 1613148514534, "time_solve_models.TimeSolveSPM.time_solve_model": 1613148528335, "time_solve_models.TimeSolveSPMe.time_solve_model": 1613148545793}, "benchmark_version": {"time_setup_models_and_sims.TimeBuildDFN.time_setup_DFN": "5f322e51e6b7e66125ee6949bdf25746005db467e8ffcfdcb3ace170e92bbc3d", "time_setup_models_and_sims.TimeBuildDFNSimulation.time_setup_DFN_simulation": "8de44bc542fa7d4ba28a80f24414a9444b5436673aaebba674918f5f0bfd0ebb", "time_setup_models_and_sims.TimeBuildSPM.time_setup_SPM": "0d0b3f5c67fc2da9a5794c66b70af5a45a09558d1ee95f738745385adb84fbca", "time_setup_models_and_sims.TimeBuildSPMSimulation.time_setup_SPM_simulation": "161220a99418ce4487cc29325cbae897f28d0e44ae07e1dfbfaac2cbc53a4ff9", "time_setup_models_and_sims.TimeBuildSPMe.time_setup_SPMe": "6083f5ff944353395eb4b21c97b02af555fe6528de3cd5283f5e139943945235", "time_setup_models_and_sims.TimeBuildSPMeSimulation.time_setup_SPMe_simulation": "530563cb559427795e3648d9648df9250ae100b7721f69eec356bdda7798c55e", "time_solve_models.TimeSolveDFN.time_solve_model": "914137228e20e5900cec36b0d3865f1faa2f5d479c7d6c2539514791f9ec4430", "time_solve_models.TimeSolveSPM.time_solve_model": "ef1bb5f8d1ddfa59650e20438c4b252d73e5a062714848ce1d6d5269382bc598", "time_solve_models.TimeSolveSPMe.time_solve_model": "20672028872f4620ce85e909bae705d9490de441e926510b2b0e53ff0881d87b"}, "version": 1}