{"results": {"time_setup_models_and_sims.TimeBuildDFN.time_setup_DFN": {"result": [0.761484177000014], "stats": [{"ci_99": [0.7328780849999816, 0.8045331220000094], "q_25": 0.753401773500002, "q_75": 0.7739593997500052, "min": 0.7328780849999816, "max": 0.8045331220000094, "mean": 0.7642687221000017, "std": 0.019218478724557262, "repeat": 10, "number": 1}]}, "time_setup_models_and_sims.TimeBuildDFNSimulation.time_setup_DFN_simulation": {"result": [0.22712711549999653, 0.5154040519999938], "stats": [{"ci_99": [0.21477126000002045, 0.23982313100000852], "q_25": 0.21868084975000102, "q_75": 0.2287266392499987, "min": 0.21477126000002045, "max": 0.23982313100000852, "mean": 0.22578181080000662, "std": 0.007813749631942155, "repeat": 10, "number": 1}, {"ci_99": [0.5038020349999783, 0.539981632000007], "q_25": 0.5134719412500033, "q_75": 0.5297271505000012, "min": 0.5038020349999783, "max": 0.539981632000007, "mean": 0.5206863317999989, "std": 0.011895883480042337, "repeat": 10, "number": 1}], "params": [["False", "True"]]}, "time_setup_models_and_sims.TimeBuildSPM.time_setup_SPM": {"result": [0.5266226589999974], "stats": [{"ci_99": [0.5051459489999957, 0.5884798939999882], "q_25": 0.51363822550001, "q_75": 0.5547159765000131, "min": 0.5051459489999957, "max": 0.5884798939999882, "mean": 0.5362490467000015, "std": 0.026747298003493257, "repeat": 10, "number": 1}]}, "time_setup_models_and_sims.TimeBuildSPMSimulation.time_setup_SPM_simulation": {"result": [0.2623701804999996, 0.6040737269999994], "stats": [{"ci_99": [0.2523713270000201, 0.30605816100000993], "q_25": 0.2552847397500031, "q_75": 0.26570867024999245, "min": 0.2523713270000201, "max": 0.30605816100000993, "mean": 0.2661969823000021, "std": 0.015457536520027203, "repeat": 10, "number": 1}, {"ci_99": [0.5586355099999878, 0.6205390389999934], "q_25": 0.5964130252500013, "q_75": 0.6134238427499952, "min": 0.5586355099999878, "max": 0.6205390389999934, "mean": 0.5988803320999978, "std": 0.019960874993146388, "repeat": 10, "number": 1}], "params": [["False", "True"]]}, "time_setup_models_and_sims.TimeBuildSPMe.time_setup_SPMe": {"result": [0.7174315379999996], "stats": [{"ci_99": [0.6811182890000111, 0.7596707330000072], "q_25": 0.7047403932499918, "q_75": 0.735164279750002, "min": 0.6811182890000111, "max": 0.7596707330000072, "mean": 0.7193717852000049, "std": 0.023166812107541214, "repeat": 10, "number": 1}]}, "time_setup_models_and_sims.TimeBuildSPMeSimulation.time_setup_SPMe_simulation": {"result": [0.25200269699999467, 0.590983792000003], "stats": [{"ci_99": [0.23603207599998655, 0.27096991999999887], "q_25": 0.2455435834999875, "q_75": 0.25484195474999893, "min": 0.23603207599998655, "max": 0.27096991999999887, "mean": 0.2521910285999951, "std": 0.010052788186187952, "repeat": 10, "number": 1}, {"ci_99": [0.5820914779999953, 0.6258851640000103], "q_25": 0.5844901620000016, "q_75": 0.6101479210000065, "min": 0.5820914779999953, "max": 0.6258851640000103, "mean": 0.5980191899000005, "std": 0.015611937133753709, "repeat": 10, "number": 1}], "params": [["False", "True"]]}, "time_solve_models.TimeSolveDFN.time_solve_model": {"result": [0.5706054770000009, 0.7475684529999995], "stats": [{"ci_99": [0.5554114030000221, 0.6248700909999911], "q_25": 0.5621446640000087, "q_75": 0.5948418054999962, "min": 0.5554114030000221, "max": 0.6248700909999911, "mean": 0.579193137200005, "std": 0.021177213573919745, "repeat": 10, "number": 1}, {"ci_99": [0.7276295140000002, 0.8088240749999898], "q_25": 0.73589598800001, "q_75": 0.7700064047500064, "min": 0.7276295140000002, "max": 0.8088240749999898, "mean": 0.7574557635000048, "std": 0.028114532936056088, "repeat": 10, "number": 1}], "params": [["True", "False"]]}, "time_solve_models.TimeSolveSPM.time_solve_model": {"result": [0.026707477999991625, 0.05313505949997932], "stats": [{"ci_99": [0.024687956999969174, 0.028781348999984857], "q_25": 0.02604830200000663, "q_75": 0.02729672875001654, "min": 0.024687956999969174, "max": 0.028781348999984857, "mean": 0.02666850259999478, "std": 0.0010799114090038323, "repeat": 10, "number": 1}, {"ci_99": [0.04996504199999663, 0.062107270000012704], "q_25": 0.05233142949998637, "q_75": 0.05404626200001417, "min": 0.04996504199999663, "max": 0.062107270000012704, "mean": 0.053666556299995706, "std": 0.003207878533341431, "repeat": 10, "number": 1}], "params": [["True", "False"]]}, "time_solve_models.TimeSolveSPMe.time_solve_model": {"result": [0.03937340150000068, 0.08872189500000616], "stats": [{"ci_99": [0.037056900999971276, 0.04424298600002885], "q_25": 0.037986687249990325, "q_75": 0.0398764079999836, "min": 0.037056900999971276, "max": 0.04424298600002885, "mean": 0.03941635150000309, "std": 0.0019653356980414483, "repeat": 10, "number": 1}, {"ci_99": [0.08290451699997448, 0.100070192000004], "q_25": 0.08796809975003583, "q_75": 0.09249067099996466, "min": 0.08290451699997448, "max": 0.100070192000004, "mean": 0.08998586049999915, "std": 0.004547358401197786, "repeat": 10, "number": 1}], "params": [["True", "False"]]}}, "params": {"machine": "GitHubRunner", "python": "3.8"}, "requirements": {}, "commit_hash": "9b5d303459e8e65b0ded428ec21c8cd38976370a", "date": 1634319258000, "env_name": "virtualenv-py3.8", "python": "3.8", "profiles": {}, "started_at": {"time_setup_models_and_sims.TimeBuildDFN.time_setup_DFN": 1634440893463, "time_setup_models_and_sims.TimeBuildDFNSimulation.time_setup_DFN_simulation": 1634440898532, "time_setup_models_and_sims.TimeBuildSPM.time_setup_SPM": 1634440903351, "time_setup_models_and_sims.TimeBuildSPMSimulation.time_setup_SPM_simulation": 1634440906813, "time_setup_models_and_sims.TimeBuildSPMe.time_setup_SPMe": 1634440912284, "time_setup_models_and_sims.TimeBuildSPMeSimulation.time_setup_SPMe_simulation": 1634440916899, "time_solve_models.TimeSolveDFN.time_solve_model": 1634440922322, "time_solve_models.TimeSolveSPM.time_solve_model": 1634440947544, "time_solve_models.TimeSolveSPMe.time_solve_model": 1634440957530}, "ended_at": {"time_setup_models_and_sims.TimeBuildDFN.time_setup_DFN": 1634440898531, "time_setup_models_and_sims.TimeBuildDFNSimulation.time_setup_DFN_simulation": 1634440903350, "time_setup_models_and_sims.TimeBuildSPM.time_setup_SPM": 1634440906813, "time_setup_models_and_sims.TimeBuildSPMSimulation.time_setup_SPM_simulation": 1634440912284, "time_setup_models_and_sims.TimeBuildSPMe.time_setup_SPMe": 1634440916899, "time_setup_models_and_sims.TimeBuildSPMeSimulation.time_setup_SPMe_simulation": 1634440922322, "time_solve_models.TimeSolveDFN.time_solve_model": 1634440947544, "time_solve_models.TimeSolveSPM.time_solve_model": 1634440957529, "time_solve_models.TimeSolveSPMe.time_solve_model": 1634440971072}, "benchmark_version": {"time_setup_models_and_sims.TimeBuildDFN.time_setup_DFN": "5f322e51e6b7e66125ee6949bdf25746005db467e8ffcfdcb3ace170e92bbc3d", "time_setup_models_and_sims.TimeBuildDFNSimulation.time_setup_DFN_simulation": "8de44bc542fa7d4ba28a80f24414a9444b5436673aaebba674918f5f0bfd0ebb", "time_setup_models_and_sims.TimeBuildSPM.time_setup_SPM": "0d0b3f5c67fc2da9a5794c66b70af5a45a09558d1ee95f738745385adb84fbca", "time_setup_models_and_sims.TimeBuildSPMSimulation.time_setup_SPM_simulation": "161220a99418ce4487cc29325cbae897f28d0e44ae07e1dfbfaac2cbc53a4ff9", "time_setup_models_and_sims.TimeBuildSPMe.time_setup_SPMe": "6083f5ff944353395eb4b21c97b02af555fe6528de3cd5283f5e139943945235", "time_setup_models_and_sims.TimeBuildSPMeSimulation.time_setup_SPMe_simulation": "530563cb559427795e3648d9648df9250ae100b7721f69eec356bdda7798c55e", "time_solve_models.TimeSolveDFN.time_solve_model": "914137228e20e5900cec36b0d3865f1faa2f5d479c7d6c2539514791f9ec4430", "time_solve_models.TimeSolveSPM.time_solve_model": "ef1bb5f8d1ddfa59650e20438c4b252d73e5a062714848ce1d6d5269382bc598", "time_solve_models.TimeSolveSPMe.time_solve_model": "20672028872f4620ce85e909bae705d9490de441e926510b2b0e53ff0881d87b"}, "version": 1}