{"results": {"time_setup_models_and_sims.TimeBuildDFN.time_setup_DFN": {"result": [0.5603922880000027], "stats": [{"ci_99": [0.5500217010000199, 0.5732757369999888], "q_25": 0.555117939750005, "q_75": 0.564002061250001, "min": 0.5500217010000199, "max": 0.5732757369999888, "mean": 0.5601377465000041, "std": 0.007035299964864714, "repeat": 10, "number": 1}]}, "time_setup_models_and_sims.TimeBuildDFNSimulation.time_setup_DFN_simulation": {"result": [0.16506215299999383, 0.38294555800001717], "stats": [{"ci_99": [0.15658448899999655, 0.17080830899999455], "q_25": 0.16257513125000855, "q_75": 0.16741521150001404, "min": 0.15658448899999655, "max": 0.17080830899999455, "mean": 0.16454077680000126, "std": 0.004085012992923676, "repeat": 10, "number": 1}, {"ci_99": [0.37099482600001465, 0.4014489149999889], "q_25": 0.37689484774999826, "q_75": 0.3925652635000141, "min": 0.37099482600001465, "max": 0.4014489149999889, "mean": 0.3851614946000055, "std": 0.010126331856682047, "repeat": 10, "number": 1}], "params": [["False", "True"]]}, "time_setup_models_and_sims.TimeBuildSPM.time_setup_SPM": {"result": [0.39526846299999363], "stats": [{"ci_99": [0.374245908000006, 0.4063575790000016], "q_25": 0.3839314994999974, "q_75": 0.4024533554999934, "min": 0.374245908000006, "max": 0.4063575790000016, "mean": 0.392821004999999, "std": 0.01192104375826085, "repeat": 10, "number": 1}]}, "time_setup_models_and_sims.TimeBuildSPMSimulation.time_setup_SPM_simulation": {"result": [0.20810549650001064, 0.4514495345], "stats": [{"ci_99": [0.19913446000001045, 0.22166973700001336], "q_25": 0.20467175575000596, "q_75": 0.2163800519999981, "min": 0.19913446000001045, "max": 0.22166973700001336, "mean": 0.20975790980000397, "std": 0.007369521348582707, "repeat": 10, "number": 1}, {"ci_99": [0.4364632180000001, 0.4619539039999836], "q_25": 0.4472802242499938, "q_75": 0.45665911624998756, "min": 0.4364632180000001, "max": 0.4619539039999836, "mean": 0.45132186419999415, "std": 0.007138561042880355, "repeat": 10, "number": 1}], "params": [["False", "True"]]}, "time_setup_models_and_sims.TimeBuildSPMe.time_setup_SPMe": {"result": [0.5155117025000067], "stats": [{"ci_99": [0.5060242010000024, 0.5366588199999853], "q_25": 0.5107552872500065, "q_75": 0.5303216145000107, "min": 0.5060242010000024, "max": 0.5366588199999853, "mean": 0.5195831036000044, "std": 0.010540436671980614, "repeat": 10, "number": 1}]}, "time_setup_models_and_sims.TimeBuildSPMeSimulation.time_setup_SPMe_simulation": {"result": [0.18923785700000906, 0.44169785549999574], "stats": [{"ci_99": [0.18336823900000354, 0.19913215500000092], "q_25": 0.18720609900000085, "q_75": 0.19504006125000473, "min": 0.18336823900000354, "max": 0.19913215500000092, "mean": 0.19052850460000456, "std": 0.005089334765135593, "repeat": 10, "number": 1}, {"ci_99": [0.43141845299999204, 0.4653222919999962], "q_25": 0.43271850874999274, "q_75": 0.4525088467499998, "min": 0.43141845299999204, "max": 0.4653222919999962, "mean": 0.4436881324999945, "std": 0.011655136321839692, "repeat": 10, "number": 1}], "params": [["False", "True"]]}, "time_solve_models.TimeSolveDFN.time_solve_model": {"result": [0.5709338714999888, 0.7551160529999805], "stats": [{"ci_99": [0.5450890289999961, 0.5973554230000104], "q_25": 0.5548036469999928, "q_75": 0.5918384032499944, "min": 0.5450890289999961, "max": 0.5973554230000104, "mean": 0.5724987406999957, "std": 0.019011100749052958, "repeat": 10, "number": 1}, {"ci_99": [0.713948495000011, 0.7791692970000099], "q_25": 0.7457779927500212, "q_75": 0.7707603597499926, "min": 0.713948495000011, "max": 0.7791692970000099, "mean": 0.7550647922999986, "std": 0.018384034594013082, "repeat": 10, "number": 1}], "params": [["True", "False"]]}, "time_solve_models.TimeSolveSPM.time_solve_model": {"result": [0.02143314099998861, 0.043838538000002814], "stats": [{"ci_99": [0.020613917999980913, 0.022414483999995127], "q_25": 0.0210950359999984, "q_75": 0.02186164525000578, "min": 0.020613917999980913, "max": 0.022414483999995127, "mean": 0.021463328999996634, "std": 0.0005685150374455831, "repeat": 10, "number": 1}, {"ci_99": [0.0407972159999872, 0.0491020560000095], "q_25": 0.04242988250000934, "q_75": 0.04504173474999362, "min": 0.0407972159999872, "max": 0.0491020560000095, "mean": 0.04399897520000025, "std": 0.002269632820169628, "repeat": 10, "number": 1}], "params": [["True", "False"]]}, "time_solve_models.TimeSolveSPMe.time_solve_model": {"result": [0.03145645100001104, 0.07685612850001178], "stats": [{"ci_99": [0.02930720499998074, 0.03301616999999624], "q_25": 0.031210615249996465, "q_75": 0.0323853430000014, "min": 0.02930720499998074, "max": 0.03301616999999624, "mean": 0.031550866399999225, "std": 0.001069798764688718, "repeat": 10, "number": 1}, {"ci_99": [0.07289285699999937, 0.08037658000000647], "q_25": 0.076569818249979, "q_75": 0.07737622075000417, "min": 0.07289285699999937, "max": 0.08037658000000647, "mean": 0.07688988989999643, "std": 0.0017996810973232842, "repeat": 10, "number": 1}], "params": [["True", "False"]]}}, "params": {"machine": "GitHubRunner", "python": "3.8"}, "requirements": {}, "commit_hash": "9b5d303459e8e65b0ded428ec21c8cd38976370a", "date": 1634319258000, "env_name": "virtualenv-py3.8", "python": "3.8", "profiles": {}, "started_at": {"time_setup_models_and_sims.TimeBuildDFN.time_setup_DFN": 1634700108167, "time_setup_models_and_sims.TimeBuildDFNSimulation.time_setup_DFN_simulation": 1634700111935, "time_setup_models_and_sims.TimeBuildSPM.time_setup_SPM": 1634700115606, "time_setup_models_and_sims.TimeBuildSPMSimulation.time_setup_SPM_simulation": 1634700118319, "time_setup_models_and_sims.TimeBuildSPMe.time_setup_SPMe": 1634700122642, "time_setup_models_and_sims.TimeBuildSPMeSimulation.time_setup_SPMe_simulation": 1634700126064, "time_solve_models.TimeSolveDFN.time_solve_model": 1634700130236, "time_solve_models.TimeSolveSPM.time_solve_model": 1634700152516, "time_solve_models.TimeSolveSPMe.time_solve_model": 1634700160351}, "ended_at": {"time_setup_models_and_sims.TimeBuildDFN.time_setup_DFN": 1634700111935, "time_setup_models_and_sims.TimeBuildDFNSimulation.time_setup_DFN_simulation": 1634700115604, "time_setup_models_and_sims.TimeBuildSPM.time_setup_SPM": 1634700118318, "time_setup_models_and_sims.TimeBuildSPMSimulation.time_setup_SPM_simulation": 1634700122641, "time_setup_models_and_sims.TimeBuildSPMe.time_setup_SPMe": 1634700126064, "time_setup_models_and_sims.TimeBuildSPMeSimulation.time_setup_SPMe_simulation": 1634700130236, "time_solve_models.TimeSolveDFN.time_solve_model": 1634700152515, "time_solve_models.TimeSolveSPM.time_solve_model": 1634700160350, "time_solve_models.TimeSolveSPMe.time_solve_model": 1634700170639}, "benchmark_version": {"time_setup_models_and_sims.TimeBuildDFN.time_setup_DFN": "5f322e51e6b7e66125ee6949bdf25746005db467e8ffcfdcb3ace170e92bbc3d", "time_setup_models_and_sims.TimeBuildDFNSimulation.time_setup_DFN_simulation": "8de44bc542fa7d4ba28a80f24414a9444b5436673aaebba674918f5f0bfd0ebb", "time_setup_models_and_sims.TimeBuildSPM.time_setup_SPM": "0d0b3f5c67fc2da9a5794c66b70af5a45a09558d1ee95f738745385adb84fbca", "time_setup_models_and_sims.TimeBuildSPMSimulation.time_setup_SPM_simulation": "161220a99418ce4487cc29325cbae897f28d0e44ae07e1dfbfaac2cbc53a4ff9", "time_setup_models_and_sims.TimeBuildSPMe.time_setup_SPMe": "6083f5ff944353395eb4b21c97b02af555fe6528de3cd5283f5e139943945235", "time_setup_models_and_sims.TimeBuildSPMeSimulation.time_setup_SPMe_simulation": "530563cb559427795e3648d9648df9250ae100b7721f69eec356bdda7798c55e", "time_solve_models.TimeSolveDFN.time_solve_model": "914137228e20e5900cec36b0d3865f1faa2f5d479c7d6c2539514791f9ec4430", "time_solve_models.TimeSolveSPM.time_solve_model": "ef1bb5f8d1ddfa59650e20438c4b252d73e5a062714848ce1d6d5269382bc598", "time_solve_models.TimeSolveSPMe.time_solve_model": "20672028872f4620ce85e909bae705d9490de441e926510b2b0e53ff0881d87b"}, "version": 1}