{"results": {"time_setup_models_and_sims.TimeBuildDFN.time_setup_DFN": {"result": [0.5925117830000204], "stats": [{"ci_99": [0.5857606750000173, 0.5981861659999765], "q_25": 0.5867796677499797, "q_75": 0.5951272714999902, "min": 0.5857606750000173, "max": 0.5981861659999765, "mean": 0.591683505499995, "std": 0.004668102252258397, "repeat": 10, "number": 1}]}, "time_setup_models_and_sims.TimeBuildDFNSimulation.time_setup_DFN_simulation": {"result": [0.17369331850002823, 0.40955407300000957], "stats": [{"ci_99": [0.17167240200001288, 0.17767994799999087], "q_25": 0.1732371640000281, "q_75": 0.1746645057499876, "min": 0.17167240200001288, "max": 0.17767994799999087, "mean": 0.17417394550000723, "std": 0.0016420273477747113, "repeat": 10, "number": 1}, {"ci_99": [0.40090478300004406, 0.41314743399999543], "q_25": 0.40576084000001345, "q_75": 0.41159267224999496, "min": 0.40090478300004406, "max": 0.41314743399999543, "mean": 0.40835470630000825, "std": 0.003756433523304537, "repeat": 10, "number": 1}], "params": [["False", "True"]]}, "time_setup_models_and_sims.TimeBuildSPM.time_setup_SPM": {"result": [0.4105692809999937], "stats": [{"ci_99": [0.4060259170000222, 0.4205367110000111], "q_25": 0.4087519510000277, "q_75": 0.41307371599999954, "min": 0.4060259170000222, "max": 0.4205367110000111, "mean": 0.4115229772000134, "std": 0.004269786107293775, "repeat": 10, "number": 1}]}, "time_setup_models_and_sims.TimeBuildSPMSimulation.time_setup_SPM_simulation": {"result": [0.21346066799998198, 0.4696370444999616], "stats": [{"ci_99": [0.2117306650000046, 0.21869480999998814], "q_25": 0.2123435932500115, "q_75": 0.21480162024998606, "min": 0.2117306650000046, "max": 0.21869480999998814, "mean": 0.21400294099999542, "std": 0.0021570085536949607, "repeat": 10, "number": 1}, {"ci_99": [0.4645048830000178, 0.4724073750000457], "q_25": 0.46806019299999946, "q_75": 0.471272008499966, "min": 0.4645048830000178, "max": 0.4724073750000457, "mean": 0.4694212676999882, "std": 0.0023787433613655234, "repeat": 10, "number": 1}], "params": [["False", "True"]]}, "time_setup_models_and_sims.TimeBuildSPMe.time_setup_SPMe": {"result": [0.5321598154999947], "stats": [{"ci_99": [0.5274989680000317, 0.5371560649999765], "q_25": 0.5301721645000015, "q_75": 0.5334456364999909, "min": 0.5274989680000317, "max": 0.5371560649999765, "mean": 0.5320735248000006, "std": 0.0028418483947310743, "repeat": 10, "number": 1}]}, "time_setup_models_and_sims.TimeBuildSPMeSimulation.time_setup_SPMe_simulation": {"result": [0.19996361749997504, 0.46525515199999745], "stats": [{"ci_99": [0.19764202400000386, 0.20374764199999618], "q_25": 0.19873277574997417, "q_75": 0.20088154949996806, "min": 0.19764202400000386, "max": 0.20374764199999618, "mean": 0.20008051929998488, "std": 0.0018766228383182882, "repeat": 10, "number": 1}, {"ci_99": [0.4613132580000183, 0.47149519900000314], "q_25": 0.46145078350001256, "q_75": 0.46782784624998897, "min": 0.4613132580000183, "max": 0.47149519900000314, "mean": 0.4651617791000035, "std": 0.003532830329062615, "repeat": 10, "number": 1}], "params": [["False", "True"]]}, "time_solve_models.TimeSolveDFN.time_solve_model": {"result": [0.5919257605000041, 0.7825476840000363], "stats": [{"ci_99": [0.5847780990000047, 0.604151284000011], "q_25": 0.5881346745000116, "q_75": 0.5988840265000164, "min": 0.5847780990000047, "max": 0.604151284000011, "mean": 0.5933054199000083, "std": 0.006310918733917105, "repeat": 10, "number": 1}, {"ci_99": [0.766280289000008, 0.7940525360000379], "q_25": 0.7783594757499799, "q_75": 0.7896730857499961, "min": 0.766280289000008, "max": 0.7940525360000379, "mean": 0.7825764836000075, "std": 0.008202972985133629, "repeat": 10, "number": 1}], "params": [["True", "False"]]}, "time_solve_models.TimeSolveSPM.time_solve_model": {"result": [0.02199396399998932, 0.04601249199998847], "stats": [{"ci_99": [0.021356758999957037, 0.02252276699999811], "q_25": 0.02181686199996591, "q_75": 0.022160363999987, "min": 0.021356758999957037, "max": 0.02252276699999811, "mean": 0.021978203199984135, "std": 0.0003245809102712982, "repeat": 10, "number": 1}, {"ci_99": [0.04506263400003263, 0.048187958000028175], "q_25": 0.04538871300000835, "q_75": 0.046805772499979525, "min": 0.04506263400003263, "max": 0.048187958000028175, "mean": 0.04617330309999943, "std": 0.0009586779280366014, "repeat": 10, "number": 1}], "params": [["True", "False"]]}, "time_solve_models.TimeSolveSPMe.time_solve_model": {"result": [0.032794858999977805, 0.08006240200001002], "stats": [{"ci_99": [0.03213963900003591, 0.0340760529999784], "q_25": 0.032631643749994055, "q_75": 0.032950099500041574, "min": 0.03213963900003591, "max": 0.0340760529999784, "mean": 0.03286840650000613, "std": 0.0004900828162926967, "repeat": 10, "number": 1}, {"ci_99": [0.07840380100003586, 0.08244460800000297], "q_25": 0.07937545249995992, "q_75": 0.08069488800002489, "min": 0.07840380100003586, "max": 0.08244460800000297, "mean": 0.08013943270000254, "std": 0.0011002821848924403, "repeat": 10, "number": 1}], "params": [["True", "False"]]}}, "params": {"machine": "GitHubRunner", "python": "3.8"}, "requirements": {}, "commit_hash": "9b5d303459e8e65b0ded428ec21c8cd38976370a", "date": 1634319258000, "env_name": "virtualenv-py3.8", "python": "3.8", "profiles": {}, "started_at": {"time_setup_models_and_sims.TimeBuildDFN.time_setup_DFN": 1634613741250, "time_setup_models_and_sims.TimeBuildDFNSimulation.time_setup_DFN_simulation": 1634613745173, "time_setup_models_and_sims.TimeBuildSPM.time_setup_SPM": 1634613748994, "time_setup_models_and_sims.TimeBuildSPMSimulation.time_setup_SPM_simulation": 1634613751809, "time_setup_models_and_sims.TimeBuildSPMe.time_setup_SPMe": 1634613756291, "time_setup_models_and_sims.TimeBuildSPMeSimulation.time_setup_SPMe_simulation": 1634613759909, "time_solve_models.TimeSolveDFN.time_solve_model": 1634613764337, "time_solve_models.TimeSolveSPM.time_solve_model": 1634613787418, "time_solve_models.TimeSolveSPMe.time_solve_model": 1634613795610}, "ended_at": {"time_setup_models_and_sims.TimeBuildDFN.time_setup_DFN": 1634613745173, "time_setup_models_and_sims.TimeBuildDFNSimulation.time_setup_DFN_simulation": 1634613748993, "time_setup_models_and_sims.TimeBuildSPM.time_setup_SPM": 1634613751808, "time_setup_models_and_sims.TimeBuildSPMSimulation.time_setup_SPM_simulation": 1634613756290, "time_setup_models_and_sims.TimeBuildSPMe.time_setup_SPMe": 1634613759909, "time_setup_models_and_sims.TimeBuildSPMeSimulation.time_setup_SPMe_simulation": 1634613764336, "time_solve_models.TimeSolveDFN.time_solve_model": 1634613787418, "time_solve_models.TimeSolveSPM.time_solve_model": 1634613795609, "time_solve_models.TimeSolveSPMe.time_solve_model": 1634613806400}, "benchmark_version": {"time_setup_models_and_sims.TimeBuildDFN.time_setup_DFN": "5f322e51e6b7e66125ee6949bdf25746005db467e8ffcfdcb3ace170e92bbc3d", "time_setup_models_and_sims.TimeBuildDFNSimulation.time_setup_DFN_simulation": "8de44bc542fa7d4ba28a80f24414a9444b5436673aaebba674918f5f0bfd0ebb", "time_setup_models_and_sims.TimeBuildSPM.time_setup_SPM": "0d0b3f5c67fc2da9a5794c66b70af5a45a09558d1ee95f738745385adb84fbca", "time_setup_models_and_sims.TimeBuildSPMSimulation.time_setup_SPM_simulation": "161220a99418ce4487cc29325cbae897f28d0e44ae07e1dfbfaac2cbc53a4ff9", "time_setup_models_and_sims.TimeBuildSPMe.time_setup_SPMe": "6083f5ff944353395eb4b21c97b02af555fe6528de3cd5283f5e139943945235", "time_setup_models_and_sims.TimeBuildSPMeSimulation.time_setup_SPMe_simulation": "530563cb559427795e3648d9648df9250ae100b7721f69eec356bdda7798c55e", "time_solve_models.TimeSolveDFN.time_solve_model": "914137228e20e5900cec36b0d3865f1faa2f5d479c7d6c2539514791f9ec4430", "time_solve_models.TimeSolveSPM.time_solve_model": "ef1bb5f8d1ddfa59650e20438c4b252d73e5a062714848ce1d6d5269382bc598", "time_solve_models.TimeSolveSPMe.time_solve_model": "20672028872f4620ce85e909bae705d9490de441e926510b2b0e53ff0881d87b"}, "version": 1}