{"results": {"time_setup_models_and_sims.TimeBuildDFN.time_setup_DFN": {"result": [0.5180534665000067], "stats": [{"ci_99": [0.5139738750000049, 0.5207879390000016], "q_25": 0.5155023460000052, "q_75": 0.5191861920000065, "min": 0.5139738750000049, "max": 0.5207879390000016, "mean": 0.5174761684000032, "std": 0.002200246769406335, "repeat": 10, "number": 1}]}, "time_setup_models_and_sims.TimeBuildDFNSimulation.time_setup_DFN_simulation": {"result": [0.15554298200000005, 0.36602828800000964], "stats": [{"ci_99": [0.15405837999998084, 0.15696258099998772], "q_25": 0.154673529500009, "q_75": 0.15584036599999251, "min": 0.15405837999998084, "max": 0.15696258099998772, "mean": 0.15535853909999559, "std": 0.0008768802064624743, "repeat": 10, "number": 1}, {"ci_99": [0.3632517830000097, 0.3674351070000057], "q_25": 0.3652771057500033, "q_75": 0.3664183695000105, "min": 0.3632517830000097, "max": 0.3674351070000057, "mean": 0.3656416822000068, "std": 0.001324070492459845, "repeat": 10, "number": 1}], "params": [["False", "True"]]}, "time_setup_models_and_sims.TimeBuildSPM.time_setup_SPM": {"result": [0.36797891599999843], "stats": [{"ci_99": [0.3648281060000045, 0.370173713000014], "q_25": 0.36633662775000886, "q_75": 0.36939005324998675, "min": 0.3648281060000045, "max": 0.370173713000014, "mean": 0.3678399240999994, "std": 0.0017634372238948001, "repeat": 10, "number": 1}]}, "time_setup_models_and_sims.TimeBuildSPMSimulation.time_setup_SPM_simulation": {"result": [0.19278443450001248, 0.42061590150001393], "stats": [{"ci_99": [0.19191573800000583, 0.19526075499999251], "q_25": 0.19217633525001787, "q_75": 0.1935369377500038, "min": 0.19191573800000583, "max": 0.19526075499999251, "mean": 0.19303827840000737, "std": 0.001003505324058738, "repeat": 10, "number": 1}, {"ci_99": [0.41903777900000705, 0.42522781899998563], "q_25": 0.4198154024999923, "q_75": 0.42255565449999466, "min": 0.41903777900000705, "max": 0.42522781899998563, "mean": 0.42130276649999987, "std": 0.0018535585196606354, "repeat": 10, "number": 1}], "params": [["False", "True"]]}, "time_setup_models_and_sims.TimeBuildSPMe.time_setup_SPMe": {"result": [0.4763536814999867], "stats": [{"ci_99": [0.47270734599999287, 0.4784033990000012], "q_25": 0.47501981299998164, "q_75": 0.4769736160000022, "min": 0.47270734599999287, "max": 0.4784033990000012, "mean": 0.475916019099995, "std": 0.001595664811762826, "repeat": 10, "number": 1}]}, "time_setup_models_and_sims.TimeBuildSPMeSimulation.time_setup_SPMe_simulation": {"result": [0.1781113815000026, 0.4174988839999969], "stats": [{"ci_99": [0.17754693300000213, 0.18094628199997942], "q_25": 0.17762955474999131, "q_75": 0.1784386770000168, "min": 0.17754693300000213, "max": 0.18094628199997942, "mean": 0.17833331480000253, "std": 0.0009723911383939841, "repeat": 10, "number": 1}, {"ci_99": [0.4162526400000104, 0.4202675500000055], "q_25": 0.4167324719999925, "q_75": 0.4185057250000028, "min": 0.4162526400000104, "max": 0.4202675500000055, "mean": 0.41780339840000236, "std": 0.0012446092794756705, "repeat": 10, "number": 1}], "params": [["False", "True"]]}, "time_solve_models.TimeSolveDFN.time_solve_model": {"result": [0.5070221809999964, 0.6645362935000207], "stats": [{"ci_99": [0.5048015140000075, 0.5108197439999458], "q_25": 0.505726387249986, "q_75": 0.5074334197500079, "min": 0.5048015140000075, "max": 0.5108197439999458, "mean": 0.507022624399994, "std": 0.001668050994137037, "repeat": 10, "number": 1}, {"ci_99": [0.6624142639999491, 0.6682977680000022], "q_25": 0.6639673782499997, "q_75": 0.6663403737500104, "min": 0.6624142639999491, "max": 0.6682977680000022, "mean": 0.6649783785999972, "std": 0.0017389115505276266, "repeat": 10, "number": 1}], "params": [["True", "False"]]}, "time_solve_models.TimeSolveSPM.time_solve_model": {"result": [0.019171523000011348, 0.0406644255000117], "stats": [{"ci_99": [0.01911652299997968, 0.019231271000023753], "q_25": 0.019140782250005373, "q_75": 0.019180545750010936, "min": 0.01911652299997968, "max": 0.019231271000023753, "mean": 0.019169551300004174, "std": 3.473896522001824e-05, "repeat": 10, "number": 1}, {"ci_99": [0.04049347000000125, 0.04588984900004789], "q_25": 0.040550497749997305, "q_75": 0.040899277500002995, "min": 0.04049347000000125, "max": 0.04588984900004789, "mean": 0.041580287000005, "std": 0.001874285921329961, "repeat": 10, "number": 1}], "params": [["True", "False"]]}, "time_solve_models.TimeSolveSPMe.time_solve_model": {"result": [0.028322849500028724, 0.06991448650001075], "stats": [{"ci_99": [0.028222397000007504, 0.0285980049999921], "q_25": 0.028265049500021178, "q_75": 0.028378175999989708, "min": 0.028222397000007504, "max": 0.0285980049999921, "mean": 0.028355750000008582, "std": 0.00012802980123687423, "repeat": 10, "number": 1}, {"ci_99": [0.06939058199998271, 0.07098520200003122], "q_25": 0.06971515950003493, "q_75": 0.07027689224996436, "min": 0.06939058199998271, "max": 0.07098520200003122, "mean": 0.07001502920000462, "std": 0.000454398160433128, "repeat": 10, "number": 1}], "params": [["True", "False"]]}}, "params": {"machine": "GitHubRunner", "python": "3.8"}, "requirements": {}, "commit_hash": "9b5d303459e8e65b0ded428ec21c8cd38976370a", "date": 1634319258000, "env_name": "virtualenv-py3.8", "python": "3.8", "profiles": {}, "started_at": {"time_setup_models_and_sims.TimeBuildDFN.time_setup_DFN": 1634527293094, "time_setup_models_and_sims.TimeBuildDFNSimulation.time_setup_DFN_simulation": 1634527296560, "time_setup_models_and_sims.TimeBuildSPM.time_setup_SPM": 1634527299979, "time_setup_models_and_sims.TimeBuildSPMSimulation.time_setup_SPM_simulation": 1634527302490, "time_setup_models_and_sims.TimeBuildSPMe.time_setup_SPMe": 1634527306460, "time_setup_models_and_sims.TimeBuildSPMeSimulation.time_setup_SPMe_simulation": 1634527309674, "time_solve_models.TimeSolveDFN.time_solve_model": 1634527313593, "time_solve_models.TimeSolveSPM.time_solve_model": 1634527333571, "time_solve_models.TimeSolveSPMe.time_solve_model": 1634527340850}, "ended_at": {"time_setup_models_and_sims.TimeBuildDFN.time_setup_DFN": 1634527296560, "time_setup_models_and_sims.TimeBuildDFNSimulation.time_setup_DFN_simulation": 1634527299978, "time_setup_models_and_sims.TimeBuildSPM.time_setup_SPM": 1634527302490, "time_setup_models_and_sims.TimeBuildSPMSimulation.time_setup_SPM_simulation": 1634527306460, "time_setup_models_and_sims.TimeBuildSPMe.time_setup_SPMe": 1634527309674, "time_setup_models_and_sims.TimeBuildSPMeSimulation.time_setup_SPMe_simulation": 1634527313593, "time_solve_models.TimeSolveDFN.time_solve_model": 1634527333570, "time_solve_models.TimeSolveSPM.time_solve_model": 1634527340849, "time_solve_models.TimeSolveSPMe.time_solve_model": 1634527350435}, "benchmark_version": {"time_setup_models_and_sims.TimeBuildDFN.time_setup_DFN": "5f322e51e6b7e66125ee6949bdf25746005db467e8ffcfdcb3ace170e92bbc3d", "time_setup_models_and_sims.TimeBuildDFNSimulation.time_setup_DFN_simulation": "8de44bc542fa7d4ba28a80f24414a9444b5436673aaebba674918f5f0bfd0ebb", "time_setup_models_and_sims.TimeBuildSPM.time_setup_SPM": "0d0b3f5c67fc2da9a5794c66b70af5a45a09558d1ee95f738745385adb84fbca", "time_setup_models_and_sims.TimeBuildSPMSimulation.time_setup_SPM_simulation": "161220a99418ce4487cc29325cbae897f28d0e44ae07e1dfbfaac2cbc53a4ff9", "time_setup_models_and_sims.TimeBuildSPMe.time_setup_SPMe": "6083f5ff944353395eb4b21c97b02af555fe6528de3cd5283f5e139943945235", "time_setup_models_and_sims.TimeBuildSPMeSimulation.time_setup_SPMe_simulation": "530563cb559427795e3648d9648df9250ae100b7721f69eec356bdda7798c55e", "time_solve_models.TimeSolveDFN.time_solve_model": "914137228e20e5900cec36b0d3865f1faa2f5d479c7d6c2539514791f9ec4430", "time_solve_models.TimeSolveSPM.time_solve_model": "ef1bb5f8d1ddfa59650e20438c4b252d73e5a062714848ce1d6d5269382bc598", "time_solve_models.TimeSolveSPMe.time_solve_model": "20672028872f4620ce85e909bae705d9490de441e926510b2b0e53ff0881d87b"}, "version": 1}