{"results": {"time_setup_models_and_sims.TimeBuildDFN.time_setup_DFN": {"result": [1.1973585754999476], "stats": [{"ci_99": [1.145687053999609, 1.2496751589997075], "q_25": 1.1642565347503933, "q_75": 1.2241078069994273, "min": 1.145687053999609, "max": 1.2496751589997075, "mean": 1.194981197999823, "std": 0.03401362815921637, "repeat": 10, "number": 1}]}, "time_setup_models_and_sims.TimeBuildDFNSimulation.time_setup_DFN_simulation": {"result": [0.3087106119996861, 0.6128632205004578], "stats": [{"ci_99": [0.3000500140005897, 0.3127438909996272], "q_25": 0.30696186425007, "q_75": 0.31067710525007897, "min": 0.3000500140005897, "max": 0.3127438909996272, "mean": 0.3080755149999277, "std": 0.0036538623377470464, "repeat": 10, "number": 1}, {"ci_99": [0.5735783290001564, 0.6449609249993955], "q_25": 0.6070983955000884, "q_75": 0.6163237149999077, "min": 0.5735783290001564, "max": 0.6449609249993955, "mean": 0.6092500280000422, "std": 0.020087693144515254, "repeat": 10, "number": 1}], "params": [["False", "True"]]}, "time_setup_models_and_sims.TimeBuildSPM.time_setup_SPM": {"result": [0.8114080620002824], "stats": [{"ci_99": [0.7797694479995698, 0.8382026389999737], "q_25": 0.7919026385000052, "q_75": 0.8259331487502095, "min": 0.7797694479995698, "max": 0.8382026389999737, "mean": 0.8107121169000493, "std": 0.019824067905154716, "repeat": 10, "number": 1}]}, "time_setup_models_and_sims.TimeBuildSPMSimulation.time_setup_SPM_simulation": {"result": [0.4065625865000584, 0.7277451949998976], "stats": [{"ci_99": [0.37388905600073485, 0.41614434700022684], "q_25": 0.38988439424974786, "q_75": 0.4122397337496295, "min": 0.37388905600073485, "max": 0.41614434700022684, "mean": 0.4006697835999148, "std": 0.014052059240313273, "repeat": 10, "number": 1}, {"ci_99": [0.713254022000001, 0.8024139119997926], "q_25": 0.7179789564997918, "q_75": 0.7448803384997973, "min": 0.713254022000001, "max": 0.8024139119997926, "mean": 0.7399864555998648, "std": 0.03004238998291869, "repeat": 10, "number": 1}], "params": [["False", "True"]]}, "time_setup_models_and_sims.TimeBuildSPMe.time_setup_SPMe": {"result": [0.9947192295003333], "stats": [{"ci_99": [0.97978127100032, 1.070650286000273], "q_25": 0.9899627067495658, "q_75": 1.032388079249813, "min": 0.97978127100032, "max": 1.070650286000273, "mean": 1.0119554804000472, "std": 0.03243563810300578, "repeat": 10, "number": 1}]}, "time_setup_models_and_sims.TimeBuildSPMeSimulation.time_setup_SPMe_simulation": {"result": [0.3188222475000657, 0.6059686829999009], "stats": [{"ci_99": [0.29395166500034975, 0.34564392900028906], "q_25": 0.3093808382498082, "q_75": 0.3264962682501391, "min": 0.29395166500034975, "max": 0.34564392900028906, "mean": 0.31923173310015046, "std": 0.014498833406845591, "repeat": 10, "number": 1}, {"ci_99": [0.5923104610001246, 0.6255872759993508], "q_25": 0.6010075284993945, "q_75": 0.6110586165002587, "min": 0.5923104610001246, "max": 0.6255872759993508, "mean": 0.6070831849998285, "std": 0.010114077493997882, "repeat": 10, "number": 1}], "params": [["False", "True"]]}, "time_solve_models.TimeSolveDFN.time_solve_model": {"result": [1.3521609850004097, 1.58612622200053], "stats": [{"ci_99": [1.2997839350741898, 1.4211330289260178], "q_25": 1.340174059999299, "q_75": 1.3929039840004407, "min": 1.321049715999834, "max": 1.396003665000535, "mean": 1.3604584820001038, "std": 0.029494161132735036, "repeat": 5, "number": 1}, {"ci_99": [1.5640799521980708, 1.6263612520006063], "q_25": 1.5801692677498522, "q_75": 1.5904444142504417, "min": 1.567968156000461, "max": 1.6263612520006063, "mean": 1.5894415466670277, "std": 0.018142501451182024, "repeat": 6, "number": 1}], "params": [["True", "False"]]}, "time_solve_models.TimeSolveSPM.time_solve_model": {"result": [0.06486322449973159, 0.11553639549947547], "stats": [{"ci_99": [0.06187265199969261, 0.06931660900045244], "q_25": 0.06254935725019095, "q_75": 0.06786334775051728, "min": 0.06187265199969261, "max": 0.06931660900045244, "mean": 0.06520690739998827, "std": 0.0027212498243793216, "repeat": 10, "number": 1}, {"ci_99": [0.10771879099957005, 0.12472031000015704], "q_25": 0.1092685982500825, "q_75": 0.11925612150002962, "min": 0.10771879099957005, "max": 0.12472031000015704, "mean": 0.11536611449992051, "std": 0.0059899623374290445, "repeat": 10, "number": 1}], "params": [["True", "False"]]}, "time_solve_models.TimeSolveSPMe.time_solve_model": {"result": [0.11246187450069556, 0.17889766200005397], "stats": [{"ci_99": [0.10153764099959517, 0.12031057799958944], "q_25": 0.10229652274961154, "q_75": 0.11470876524981577, "min": 0.10153764099959517, "max": 0.12031057799958944, "mean": 0.11001595500001712, "std": 0.006825020150776578, "repeat": 10, "number": 1}, {"ci_99": [0.17030134299966448, 0.1940775160001067], "q_25": 0.17567203324938419, "q_75": 0.18674321699973007, "min": 0.17030134299966448, "max": 0.1940775160001067, "mean": 0.18122940539979027, "std": 0.007821736820762325, "repeat": 10, "number": 1}], "params": [["True", "False"]]}}, "params": {"machine": "GitHubRunner", "python": "3.8"}, "requirements": {}, "commit_hash": "9c3fb05437549f822f480d308db233e961e35e80", "date": 1603104017000, "env_name": "virtualenv-py3.8", "python": "3.8", "profiles": {}, "started_at": {"time_setup_models_and_sims.TimeBuildDFN.time_setup_DFN": 1613148246550, "time_setup_models_and_sims.TimeBuildDFNSimulation.time_setup_DFN_simulation": 1613148254126, "time_setup_models_and_sims.TimeBuildSPM.time_setup_SPM": 1613148260052, "time_setup_models_and_sims.TimeBuildSPMSimulation.time_setup_SPM_simulation": 1613148265372, "time_setup_models_and_sims.TimeBuildSPMe.time_setup_SPMe": 1613148272552, "time_setup_models_and_sims.TimeBuildSPMeSimulation.time_setup_SPMe_simulation": 1613148278824, "time_solve_models.TimeSolveDFN.time_solve_model": 1613148284852, "time_solve_models.TimeSolveSPM.time_solve_model": 1613148309988, "time_solve_models.TimeSolveSPMe.time_solve_model": 1613148323936}, "ended_at": {"time_setup_models_and_sims.TimeBuildDFN.time_setup_DFN": 1613148254125, "time_setup_models_and_sims.TimeBuildDFNSimulation.time_setup_DFN_simulation": 1613148260051, "time_setup_models_and_sims.TimeBuildSPM.time_setup_SPM": 1613148265372, "time_setup_models_and_sims.TimeBuildSPMSimulation.time_setup_SPM_simulation": 1613148272551, "time_setup_models_and_sims.TimeBuildSPMe.time_setup_SPMe": 1613148278824, "time_setup_models_and_sims.TimeBuildSPMeSimulation.time_setup_SPMe_simulation": 1613148284851, "time_solve_models.TimeSolveDFN.time_solve_model": 1613148309987, "time_solve_models.TimeSolveSPM.time_solve_model": 1613148323936, "time_solve_models.TimeSolveSPMe.time_solve_model": 1613148341702}, "benchmark_version": {"time_setup_models_and_sims.TimeBuildDFN.time_setup_DFN": "5f322e51e6b7e66125ee6949bdf25746005db467e8ffcfdcb3ace170e92bbc3d", "time_setup_models_and_sims.TimeBuildDFNSimulation.time_setup_DFN_simulation": "8de44bc542fa7d4ba28a80f24414a9444b5436673aaebba674918f5f0bfd0ebb", "time_setup_models_and_sims.TimeBuildSPM.time_setup_SPM": "0d0b3f5c67fc2da9a5794c66b70af5a45a09558d1ee95f738745385adb84fbca", "time_setup_models_and_sims.TimeBuildSPMSimulation.time_setup_SPM_simulation": "161220a99418ce4487cc29325cbae897f28d0e44ae07e1dfbfaac2cbc53a4ff9", "time_setup_models_and_sims.TimeBuildSPMe.time_setup_SPMe": "6083f5ff944353395eb4b21c97b02af555fe6528de3cd5283f5e139943945235", "time_setup_models_and_sims.TimeBuildSPMeSimulation.time_setup_SPMe_simulation": "530563cb559427795e3648d9648df9250ae100b7721f69eec356bdda7798c55e", "time_solve_models.TimeSolveDFN.time_solve_model": "914137228e20e5900cec36b0d3865f1faa2f5d479c7d6c2539514791f9ec4430", "time_solve_models.TimeSolveSPM.time_solve_model": "ef1bb5f8d1ddfa59650e20438c4b252d73e5a062714848ce1d6d5269382bc598", "time_solve_models.TimeSolveSPMe.time_solve_model": "20672028872f4620ce85e909bae705d9490de441e926510b2b0e53ff0881d87b"}, "version": 1}