{"results": {"time_setup_models_and_sims.TimeBuildDFN.time_setup_DFN": {"result": [0.9367285970001831], "stats": [{"ci_99": [0.907003963000534, 0.988816200000656], "q_25": 0.9196486394998828, "q_75": 0.9539623454998036, "min": 0.907003963000534, "max": 0.988816200000656, "mean": 0.9412781064000229, "std": 0.0256300600935758, "repeat": 10, "number": 1}]}, "time_setup_models_and_sims.TimeBuildDFNSimulation.time_setup_DFN_simulation": {"result": [0.11756125150031949, 0.23529636249986652], "stats": [{"ci_99": [0.11440330700042978, 0.12424383300003683], "q_25": 0.11483276250010022, "q_75": 0.11933095174981645, "min": 0.11440330700042978, "max": 0.12424383300003683, "mean": 0.11794893469996168, "std": 0.0033228554916723482, "repeat": 10, "number": 1}, {"ci_99": [0.23117526499936503, 0.25621055100054946], "q_25": 0.23333296649980184, "q_75": 0.2416377682500297, "min": 0.23117526499936503, "max": 0.25621055100054946, "mean": 0.23799260249998042, "std": 0.007395786040683138, "repeat": 10, "number": 1}], "params": [["False", "True"]]}, "time_setup_models_and_sims.TimeBuildSPM.time_setup_SPM": {"result": [0.6688416345004953], "stats": [{"ci_99": [0.6269152810000378, 0.69873802300026], "q_25": 0.6381708715000514, "q_75": 0.689851554750021, "min": 0.6269152810000378, "max": 0.69873802300026, "mean": 0.6650764477002667, "std": 0.026559841928122704, "repeat": 10, "number": 1}]}, "time_setup_models_and_sims.TimeBuildSPMSimulation.time_setup_SPM_simulation": {"result": [0.29431149699985326, 0.538916219499697], "stats": [{"ci_99": [0.2783208000000741, 0.3106369609995454], "q_25": 0.29191914750049364, "q_75": 0.2975518134996946, "min": 0.2783208000000741, "max": 0.3106369609995454, "mean": 0.2938463393999882, "std": 0.00856977078037679, "repeat": 10, "number": 1}, {"ci_99": [0.5270217229999616, 0.6007485319996704], "q_25": 0.5361025312495258, "q_75": 0.549958184000161, "min": 0.5270217229999616, "max": 0.6007485319996704, "mean": 0.5464459496997733, "std": 0.02015215123239544, "repeat": 10, "number": 1}], "params": [["False", "True"]]}, "time_setup_models_and_sims.TimeBuildSPMe.time_setup_SPMe": {"result": [0.7576722465000785], "stats": [{"ci_99": [0.7475510370004486, 0.7918988260007609], "q_25": 0.7493599969996012, "q_75": 0.7768046682499516, "min": 0.7475510370004486, "max": 0.7918988260007609, "mean": 0.7636105216000942, "std": 0.01535558722635517, "repeat": 10, "number": 1}]}, "time_setup_models_and_sims.TimeBuildSPMeSimulation.time_setup_SPMe_simulation": {"result": [0.1445799990001433, 0.2904233019999083], "stats": [{"ci_99": [0.14065140100046847, 0.15963071700025466], "q_25": 0.14183024300018587, "q_75": 0.14956413774984867, "min": 0.14065140100046847, "max": 0.15963071700025466, "mean": 0.14678099530010513, "std": 0.005989282335897787, "repeat": 10, "number": 1}, {"ci_99": [0.2751143309997133, 0.30316524600038974], "q_25": 0.28618871250023403, "q_75": 0.29932685625021804, "min": 0.2751143309997133, "max": 0.30316524600038974, "mean": 0.2908930615999452, "std": 0.009399825018665299, "repeat": 10, "number": 1}], "params": [["False", "True"]]}, "time_solve_models.TimeSolveDFN.time_solve_model": {"result": [0.9965919005003343, 1.192332752999846], "stats": [{"ci_99": [0.9504730930002552, 1.0193686004164693], "q_25": 0.9851276324998253, "q_75": 0.9987123850003172, "min": 0.9504730930002552, "max": 1.01535985099963, "mean": 0.9899570280000868, "std": 0.020227099772874867, "repeat": 6, "number": 1}, {"ci_99": [1.1447816709996914, 1.2451087160006864], "q_25": 1.1758122059998186, "q_75": 1.2218123737502538, "min": 1.1447816709996914, "max": 1.2451087160006864, "mean": 1.1963626612499638, "std": 0.032880425739723336, "repeat": 8, "number": 1}], "params": [["True", "False"]]}, "time_solve_models.TimeSolveSPM.time_solve_model": {"result": [0.05592957199951343, 0.10383259850050308], "stats": [{"ci_99": [0.05466134499965847, 0.06245259499974054], "q_25": 0.055109800250193075, "q_75": 0.058045280500437, "min": 0.05466134499965847, "max": 0.06245259499974054, "mean": 0.057162934799816864, "std": 0.0027305167104946623, "repeat": 10, "number": 1}, {"ci_99": [0.0982297889995607, 0.107829866999964], "q_25": 0.1019362950003142, "q_75": 0.10560363674994733, "min": 0.0982297889995607, "max": 0.107829866999964, "mean": 0.10335839930021393, "std": 0.003070314924606518, "repeat": 10, "number": 1}], "params": [["True", "False"]]}, "time_solve_models.TimeSolveSPMe.time_solve_model": {"result": [0.07756607999954213, 0.14860497649988247], "stats": [{"ci_99": [0.07500797699958639, 0.08539224099968123], "q_25": 0.07603572675043324, "q_75": 0.08253487524984848, "min": 0.07500797699958639, "max": 0.08539224099968123, "mean": 0.07923425939989101, "std": 0.003843601087884581, "repeat": 10, "number": 1}, {"ci_99": [0.1414402410000548, 0.16262419099984982], "q_25": 0.1462437735003732, "q_75": 0.1565958669993961, "min": 0.1414402410000548, "max": 0.16262419099984982, "mean": 0.15112331479995192, "std": 0.006734297314999483, "repeat": 10, "number": 1}], "params": [["True", "False"]]}}, "params": {"machine": "GitHubRunner", "python": "3.8"}, "requirements": {}, "commit_hash": "9d42dfe69834c436f6aae40c756d2f8085df958d", "date": 1607270140000, "env_name": "virtualenv-py3.8", "python": "3.8", "profiles": {}, "started_at": {"time_setup_models_and_sims.TimeBuildDFN.time_setup_DFN": 1613145305904, "time_setup_models_and_sims.TimeBuildDFNSimulation.time_setup_DFN_simulation": 1613145311826, "time_setup_models_and_sims.TimeBuildSPM.time_setup_SPM": 1613145314292, "time_setup_models_and_sims.TimeBuildSPMSimulation.time_setup_SPM_simulation": 1613145318810, "time_setup_models_and_sims.TimeBuildSPMe.time_setup_SPMe": 1613145324240, "time_setup_models_and_sims.TimeBuildSPMeSimulation.time_setup_SPMe_simulation": 1613145329158, "time_solve_models.TimeSolveDFN.time_solve_model": 1613145332126, "time_solve_models.TimeSolveSPM.time_solve_model": 1613145356657, "time_solve_models.TimeSolveSPMe.time_solve_model": 1613145368599}, "ended_at": {"time_setup_models_and_sims.TimeBuildDFN.time_setup_DFN": 1613145311826, "time_setup_models_and_sims.TimeBuildDFNSimulation.time_setup_DFN_simulation": 1613145314291, "time_setup_models_and_sims.TimeBuildSPM.time_setup_SPM": 1613145318810, "time_setup_models_and_sims.TimeBuildSPMSimulation.time_setup_SPM_simulation": 1613145324239, "time_setup_models_and_sims.TimeBuildSPMe.time_setup_SPMe": 1613145329158, "time_setup_models_and_sims.TimeBuildSPMeSimulation.time_setup_SPMe_simulation": 1613145332125, "time_solve_models.TimeSolveDFN.time_solve_model": 1613145356656, "time_solve_models.TimeSolveSPM.time_solve_model": 1613145368599, "time_solve_models.TimeSolveSPMe.time_solve_model": 1613145383149}, "benchmark_version": {"time_setup_models_and_sims.TimeBuildDFN.time_setup_DFN": "5f322e51e6b7e66125ee6949bdf25746005db467e8ffcfdcb3ace170e92bbc3d", "time_setup_models_and_sims.TimeBuildDFNSimulation.time_setup_DFN_simulation": "8de44bc542fa7d4ba28a80f24414a9444b5436673aaebba674918f5f0bfd0ebb", "time_setup_models_and_sims.TimeBuildSPM.time_setup_SPM": "0d0b3f5c67fc2da9a5794c66b70af5a45a09558d1ee95f738745385adb84fbca", "time_setup_models_and_sims.TimeBuildSPMSimulation.time_setup_SPM_simulation": "161220a99418ce4487cc29325cbae897f28d0e44ae07e1dfbfaac2cbc53a4ff9", "time_setup_models_and_sims.TimeBuildSPMe.time_setup_SPMe": "6083f5ff944353395eb4b21c97b02af555fe6528de3cd5283f5e139943945235", "time_setup_models_and_sims.TimeBuildSPMeSimulation.time_setup_SPMe_simulation": "530563cb559427795e3648d9648df9250ae100b7721f69eec356bdda7798c55e", "time_solve_models.TimeSolveDFN.time_solve_model": "914137228e20e5900cec36b0d3865f1faa2f5d479c7d6c2539514791f9ec4430", "time_solve_models.TimeSolveSPM.time_solve_model": "ef1bb5f8d1ddfa59650e20438c4b252d73e5a062714848ce1d6d5269382bc598", "time_solve_models.TimeSolveSPMe.time_solve_model": "20672028872f4620ce85e909bae705d9490de441e926510b2b0e53ff0881d87b"}, "version": 1}