{"results": {"time_setup_models_and_sims.TimeBuildDFN.time_setup_DFN": {"result": [0.49572115150000684], "stats": [{"ci_99": [0.4919409120000182, 0.4984059260000038], "q_25": 0.49471862350000606, "q_75": 0.49659064849999623, "min": 0.4919409120000182, "max": 0.4984059260000038, "mean": 0.49557073810000246, "std": 0.0019185947835678506, "repeat": 10, "number": 1}]}, "time_setup_models_and_sims.TimeBuildDFNSimulation.time_setup_DFN_simulation": {"result": [0.11521083350000083, 0.28106076299999927], "stats": [{"ci_99": [0.11393617999999606, 0.11774988499999495], "q_25": 0.11483364250001671, "q_75": 0.1162392754999857, "min": 0.11393617999999606, "max": 0.11774988499999495, "mean": 0.11553354849999949, "std": 0.0011405889555910472, "repeat": 10, "number": 1}, {"ci_99": [0.27760168399998975, 0.28206054000000336], "q_25": 0.2793097469999921, "q_75": 0.2816393037500049, "min": 0.27760168399998975, "max": 0.28206054000000336, "mean": 0.28044762169999443, "std": 0.001460603146501513, "repeat": 10, "number": 1}], "params": [["False", "True"]]}, "time_setup_models_and_sims.TimeBuildSPM.time_setup_SPM": {"result": [0.3051314735000119], "stats": [{"ci_99": [0.3016316270000061, 0.30606730200000243], "q_25": 0.30472954650000617, "q_75": 0.30558560300000437, "min": 0.3016316270000061, "max": 0.30606730200000243, "mean": 0.30477290910000365, "std": 0.001272755938406945, "repeat": 10, "number": 1}]}, "time_setup_models_and_sims.TimeBuildSPMSimulation.time_setup_SPM_simulation": {"result": [0.14084241899999483, 0.3131369469999896], "stats": [{"ci_99": [0.13970541200001207, 0.14268581400000357], "q_25": 0.1406591919999869, "q_75": 0.14124769475000676, "min": 0.13970541200001207, "max": 0.14268581400000357, "mean": 0.14104650779999872, "std": 0.0007701176086438593, "repeat": 10, "number": 1}, {"ci_99": [0.3111372200000062, 0.31491629000001353], "q_25": 0.3122694199999927, "q_75": 0.31439721174999846, "min": 0.3111372200000062, "max": 0.31491629000001353, "mean": 0.31320595679999597, "std": 0.001239607881432938, "repeat": 10, "number": 1}], "params": [["False", "True"]]}, "time_setup_models_and_sims.TimeBuildSPMe.time_setup_SPMe": {"result": [0.4330518940000019], "stats": [{"ci_99": [0.4302105409999797, 0.43493301099999826], "q_25": 0.43246379325000817, "q_75": 0.4341741800000065, "min": 0.4302105409999797, "max": 0.43493301099999826, "mean": 0.4329713804000022, "std": 0.0015016690025192706, "repeat": 10, "number": 1}]}, "time_setup_models_and_sims.TimeBuildSPMeSimulation.time_setup_SPMe_simulation": {"result": [0.12989153250001095, 0.3177333929999975], "stats": [{"ci_99": [0.1283897670000158, 0.13209293599999228], "q_25": 0.12933845725000026, "q_75": 0.1302133614999903, "min": 0.1283897670000158, "max": 0.13209293599999228, "mean": 0.12999697479999953, "std": 0.0011014667060030936, "repeat": 10, "number": 1}, {"ci_99": [0.3161070559999928, 0.31834226099999796], "q_25": 0.3169587490000083, "q_75": 0.31793377649999144, "min": 0.3161070559999928, "max": 0.31834226099999796, "mean": 0.3174237121000004, "std": 0.0007629033806219339, "repeat": 10, "number": 1}], "params": [["False", "True"]]}, "time_solve_models.TimeSolveDFN.time_solve_model": {"result": [0.5077205189999887, 0.6659722385000038], "stats": [{"ci_99": [0.5045385470000099, 0.511058821000006], "q_25": 0.5062603730000177, "q_75": 0.5085848519999914, "min": 0.5045385470000099, "max": 0.511058821000006, "mean": 0.507557217300004, "std": 0.001768561129592156, "repeat": 10, "number": 1}, {"ci_99": [0.6614584849999972, 0.6710661750000213], "q_25": 0.6647628802499881, "q_75": 0.6674039790000066, "min": 0.6614584849999972, "max": 0.6710661750000213, "mean": 0.6659151988000047, "std": 0.002591103961374364, "repeat": 10, "number": 1}], "params": [["True", "False"]]}, "time_solve_models.TimeSolveSPM.time_solve_model": {"result": [0.0194661370000091, 0.04061912399998846], "stats": [{"ci_99": [0.01942884700000036, 0.01955763600000182], "q_25": 0.019446340499996495, "q_75": 0.01951811025001149, "min": 0.01942884700000036, "max": 0.01955763600000182, "mean": 0.019480278700004305, "std": 4.222277944921366e-05, "repeat": 10, "number": 1}, {"ci_99": [0.040435285999990356, 0.04096398999999451], "q_25": 0.04050578624999446, "q_75": 0.040835508250012253, "min": 0.040435285999990356, "max": 0.04096398999999451, "mean": 0.040669154299996534, "std": 0.00018471176574176421, "repeat": 10, "number": 1}], "params": [["True", "False"]]}, "time_solve_models.TimeSolveSPMe.time_solve_model": {"result": [0.028923840499999187, 0.07060898949998773], "stats": [{"ci_99": [0.028742803000000094, 0.02904130499999269], "q_25": 0.028860517750004533, "q_75": 0.028980351000008397, "min": 0.028742803000000094, "max": 0.02904130499999269, "mean": 0.028913692300000092, "std": 9.211384305496524e-05, "repeat": 10, "number": 1}, {"ci_99": [0.07038009100000409, 0.07110475400000382], "q_25": 0.07055680799999209, "q_75": 0.07086576075000295, "min": 0.07038009100000409, "max": 0.07110475400000382, "mean": 0.07070393389999481, "std": 0.00023349399659926956, "repeat": 10, "number": 1}], "params": [["True", "False"]]}}, "params": {"machine": "GitHubRunner", "python": "3.8"}, "requirements": {}, "commit_hash": "9dd5048fb27af3abe38c876f58442bd5e5e53cc7", "date": 1639172066000, "env_name": "virtualenv-py3.8", "python": "3.8", "profiles": {}, "started_at": {"time_setup_models_and_sims.TimeBuildDFN.time_setup_DFN": 1639192877074, "time_setup_models_and_sims.TimeBuildDFNSimulation.time_setup_DFN_simulation": 1639192880389, "time_setup_models_and_sims.TimeBuildSPM.time_setup_SPM": 1639192883056, "time_setup_models_and_sims.TimeBuildSPMSimulation.time_setup_SPM_simulation": 1639192885166, "time_setup_models_and_sims.TimeBuildSPMe.time_setup_SPMe": 1639192888183, "time_setup_models_and_sims.TimeBuildSPMeSimulation.time_setup_SPMe_simulation": 1639192891096, "time_solve_models.TimeSolveDFN.time_solve_model": 1639192894112, "time_solve_models.TimeSolveSPM.time_solve_model": 1639192913627, "time_solve_models.TimeSolveSPMe.time_solve_model": 1639192920104}, "ended_at": {"time_setup_models_and_sims.TimeBuildDFN.time_setup_DFN": 1639192880389, "time_setup_models_and_sims.TimeBuildDFNSimulation.time_setup_DFN_simulation": 1639192883055, "time_setup_models_and_sims.TimeBuildSPM.time_setup_SPM": 1639192885166, "time_setup_models_and_sims.TimeBuildSPMSimulation.time_setup_SPM_simulation": 1639192888182, "time_setup_models_and_sims.TimeBuildSPMe.time_setup_SPMe": 1639192891095, "time_setup_models_and_sims.TimeBuildSPMeSimulation.time_setup_SPMe_simulation": 1639192894111, "time_solve_models.TimeSolveDFN.time_solve_model": 1639192913626, "time_solve_models.TimeSolveSPM.time_solve_model": 1639192920103, "time_solve_models.TimeSolveSPMe.time_solve_model": 1639192929044}, "benchmark_version": {"time_setup_models_and_sims.TimeBuildDFN.time_setup_DFN": "5f322e51e6b7e66125ee6949bdf25746005db467e8ffcfdcb3ace170e92bbc3d", "time_setup_models_and_sims.TimeBuildDFNSimulation.time_setup_DFN_simulation": "8de44bc542fa7d4ba28a80f24414a9444b5436673aaebba674918f5f0bfd0ebb", "time_setup_models_and_sims.TimeBuildSPM.time_setup_SPM": "0d0b3f5c67fc2da9a5794c66b70af5a45a09558d1ee95f738745385adb84fbca", "time_setup_models_and_sims.TimeBuildSPMSimulation.time_setup_SPM_simulation": "161220a99418ce4487cc29325cbae897f28d0e44ae07e1dfbfaac2cbc53a4ff9", "time_setup_models_and_sims.TimeBuildSPMe.time_setup_SPMe": "6083f5ff944353395eb4b21c97b02af555fe6528de3cd5283f5e139943945235", "time_setup_models_and_sims.TimeBuildSPMeSimulation.time_setup_SPMe_simulation": "530563cb559427795e3648d9648df9250ae100b7721f69eec356bdda7798c55e", "time_solve_models.TimeSolveDFN.time_solve_model": "914137228e20e5900cec36b0d3865f1faa2f5d479c7d6c2539514791f9ec4430", "time_solve_models.TimeSolveSPM.time_solve_model": "ef1bb5f8d1ddfa59650e20438c4b252d73e5a062714848ce1d6d5269382bc598", "time_solve_models.TimeSolveSPMe.time_solve_model": "20672028872f4620ce85e909bae705d9490de441e926510b2b0e53ff0881d87b"}, "version": 1}