{"results": {"time_setup_models_and_sims.TimeBuildDFN.time_setup_DFN": {"result": [0.4991945164999976], "stats": [{"ci_99": [0.4926047060000087, 0.5065502260000017], "q_25": 0.49743770199999915, "q_75": 0.5053565757499712, "min": 0.4926047060000087, "max": 0.5065502260000017, "mean": 0.500250411099995, "std": 0.0048858295131780725, "repeat": 10, "number": 1}]}, "time_setup_models_and_sims.TimeBuildDFNSimulation.time_setup_DFN_simulation": {"result": [0.11547347900000204, 0.281272928000007], "stats": [{"ci_99": [0.11407926399999724, 0.11951532999995607], "q_25": 0.11465905574999624, "q_75": 0.11617988799997647, "min": 0.11407926399999724, "max": 0.11951532999995607, "mean": 0.11598081709999235, "std": 0.0018095120872801713, "repeat": 10, "number": 1}, {"ci_99": [0.28019275900001617, 0.2830891710000287], "q_25": 0.28076323399999836, "q_75": 0.28280705750000834, "min": 0.28019275900001617, "max": 0.2830891710000287, "mean": 0.2816349222000099, "std": 0.0010578255350923561, "repeat": 10, "number": 1}], "params": [["False", "True"]]}, "time_setup_models_and_sims.TimeBuildSPM.time_setup_SPM": {"result": [0.3088014750000099], "stats": [{"ci_99": [0.30508857300000614, 0.310346074999984], "q_25": 0.30683062399999983, "q_75": 0.3101012249999968, "min": 0.30508857300000614, "max": 0.310346074999984, "mean": 0.30837089450000404, "std": 0.0017677533072548801, "repeat": 10, "number": 1}]}, "time_setup_models_and_sims.TimeBuildSPMSimulation.time_setup_SPM_simulation": {"result": [0.14128283900002714, 0.31367894950000164], "stats": [{"ci_99": [0.13918477800001483, 0.14564308199999232], "q_25": 0.14065064800001892, "q_75": 0.14242919199997317, "min": 0.13918477800001483, "max": 0.14564308199999232, "mean": 0.1418593986000019, "std": 0.0019425001709423644, "repeat": 10, "number": 1}, {"ci_99": [0.3117897739999762, 0.3160218710000322], "q_25": 0.3131407814999889, "q_75": 0.3148327299999849, "min": 0.3117897739999762, "max": 0.3160218710000322, "mean": 0.31380325049998986, "std": 0.0013662844577613429, "repeat": 10, "number": 1}], "params": [["False", "True"]]}, "time_setup_models_and_sims.TimeBuildSPMe.time_setup_SPMe": {"result": [0.4360911389999842], "stats": [{"ci_99": [0.43433068500002037, 0.43876583000002256], "q_25": 0.4352263782500003, "q_75": 0.4365638935000149, "min": 0.43433068500002037, "max": 0.43876583000002256, "mean": 0.4361823618000017, "std": 0.0012975575926707104, "repeat": 10, "number": 1}]}, "time_setup_models_and_sims.TimeBuildSPMeSimulation.time_setup_SPMe_simulation": {"result": [0.13006687799997962, 0.318691108500019], "stats": [{"ci_99": [0.128732379000013, 0.13413542899996855], "q_25": 0.1293870410000153, "q_75": 0.1305761657500284, "min": 0.128732379000013, "max": 0.13413542899996855, "mean": 0.13060245359999953, "std": 0.0018576195609601043, "repeat": 10, "number": 1}, {"ci_99": [0.31820414900002447, 0.3215146489999938], "q_25": 0.318405379000005, "q_75": 0.3194545632500052, "min": 0.31820414900002447, "max": 0.3215146489999938, "mean": 0.31909126870000365, "std": 0.0010020682479968117, "repeat": 10, "number": 1}], "params": [["False", "True"]]}, "time_solve_models.TimeSolveDFN.time_solve_model": {"result": [0.5150346544999991, 0.6766024055000059], "stats": [{"ci_99": [0.5092179730000055, 0.5240496269999539], "q_25": 0.5110554262500244, "q_75": 0.515722781249977, "min": 0.5092179730000055, "max": 0.5240496269999539, "mean": 0.5143990393999957, "std": 0.004089848811037212, "repeat": 10, "number": 1}, {"ci_99": [0.6695274919999861, 0.6834791780000273], "q_25": 0.6716131555000118, "q_75": 0.6826938724999962, "min": 0.6695274919999861, "max": 0.6834791780000273, "mean": 0.6767431630000061, "std": 0.005754055931523486, "repeat": 10, "number": 1}], "params": [["True", "False"]]}, "time_solve_models.TimeSolveSPM.time_solve_model": {"result": [0.019507335000014336, 0.04083882249997828], "stats": [{"ci_99": [0.01925913700000592, 0.01985523300004388], "q_25": 0.01936933700000054, "q_75": 0.0196795820000375, "min": 0.01925913700000592, "max": 0.01985523300004388, "mean": 0.019530424800012724, "std": 0.00020070944578531625, "repeat": 10, "number": 1}, {"ci_99": [0.040283149999993384, 0.041527967999968496], "q_25": 0.04039028274999623, "q_75": 0.04123341724999818, "min": 0.040283149999993384, "max": 0.041527967999968496, "mean": 0.04083267459999433, "std": 0.0004384084659553281, "repeat": 10, "number": 1}], "params": [["True", "False"]]}, "time_solve_models.TimeSolveSPMe.time_solve_model": {"result": [0.02883163399999944, 0.07106540150002161], "stats": [{"ci_99": [0.02838983599997391, 0.029397735999964425], "q_25": 0.02850338599998281, "q_75": 0.028951512249975053, "min": 0.02838983599997391, "max": 0.029397735999964425, "mean": 0.028791856599985975, "std": 0.00030301998957986973, "repeat": 10, "number": 1}, {"ci_99": [0.07043361699999195, 0.07133708999998589], "q_25": 0.07064381824999089, "q_75": 0.07120165999999983, "min": 0.07043361699999195, "max": 0.07133708999998589, "mean": 0.07095505859999776, "std": 0.00031292134119578855, "repeat": 10, "number": 1}], "params": [["True", "False"]]}}, "params": {"machine": "GitHubRunner", "python": "3.8"}, "requirements": {}, "commit_hash": "9dd5048fb27af3abe38c876f58442bd5e5e53cc7", "date": 1639172066000, "env_name": "virtualenv-py3.8", "python": "3.8", "profiles": {}, "started_at": {"time_setup_models_and_sims.TimeBuildDFN.time_setup_DFN": 1639452099636, "time_setup_models_and_sims.TimeBuildDFNSimulation.time_setup_DFN_simulation": 1639452103002, "time_setup_models_and_sims.TimeBuildSPM.time_setup_SPM": 1639452105669, "time_setup_models_and_sims.TimeBuildSPMSimulation.time_setup_SPM_simulation": 1639452107829, "time_setup_models_and_sims.TimeBuildSPMe.time_setup_SPMe": 1639452110851, "time_setup_models_and_sims.TimeBuildSPMeSimulation.time_setup_SPMe_simulation": 1639452113814, "time_solve_models.TimeSolveDFN.time_solve_model": 1639452116832, "time_solve_models.TimeSolveSPM.time_solve_model": 1639452136703, "time_solve_models.TimeSolveSPMe.time_solve_model": 1639452143380}, "ended_at": {"time_setup_models_and_sims.TimeBuildDFN.time_setup_DFN": 1639452103002, "time_setup_models_and_sims.TimeBuildDFNSimulation.time_setup_DFN_simulation": 1639452105668, "time_setup_models_and_sims.TimeBuildSPM.time_setup_SPM": 1639452107829, "time_setup_models_and_sims.TimeBuildSPMSimulation.time_setup_SPM_simulation": 1639452110850, "time_setup_models_and_sims.TimeBuildSPMe.time_setup_SPMe": 1639452113814, "time_setup_models_and_sims.TimeBuildSPMeSimulation.time_setup_SPMe_simulation": 1639452116831, "time_solve_models.TimeSolveDFN.time_solve_model": 1639452136702, "time_solve_models.TimeSolveSPM.time_solve_model": 1639452143380, "time_solve_models.TimeSolveSPMe.time_solve_model": 1639452152477}, "benchmark_version": {"time_setup_models_and_sims.TimeBuildDFN.time_setup_DFN": "5f322e51e6b7e66125ee6949bdf25746005db467e8ffcfdcb3ace170e92bbc3d", "time_setup_models_and_sims.TimeBuildDFNSimulation.time_setup_DFN_simulation": "8de44bc542fa7d4ba28a80f24414a9444b5436673aaebba674918f5f0bfd0ebb", "time_setup_models_and_sims.TimeBuildSPM.time_setup_SPM": "0d0b3f5c67fc2da9a5794c66b70af5a45a09558d1ee95f738745385adb84fbca", "time_setup_models_and_sims.TimeBuildSPMSimulation.time_setup_SPM_simulation": "161220a99418ce4487cc29325cbae897f28d0e44ae07e1dfbfaac2cbc53a4ff9", "time_setup_models_and_sims.TimeBuildSPMe.time_setup_SPMe": "6083f5ff944353395eb4b21c97b02af555fe6528de3cd5283f5e139943945235", "time_setup_models_and_sims.TimeBuildSPMeSimulation.time_setup_SPMe_simulation": "530563cb559427795e3648d9648df9250ae100b7721f69eec356bdda7798c55e", "time_solve_models.TimeSolveDFN.time_solve_model": "914137228e20e5900cec36b0d3865f1faa2f5d479c7d6c2539514791f9ec4430", "time_solve_models.TimeSolveSPM.time_solve_model": "ef1bb5f8d1ddfa59650e20438c4b252d73e5a062714848ce1d6d5269382bc598", "time_solve_models.TimeSolveSPMe.time_solve_model": "20672028872f4620ce85e909bae705d9490de441e926510b2b0e53ff0881d87b"}, "version": 1}