{"results": {"time_setup_models_and_sims.TimeBuildDFN.time_setup_DFN": {"result": [0.5080633710000058], "stats": [{"ci_99": [0.503323690000002, 0.518352243999999], "q_25": 0.5061018020000034, "q_75": 0.5154462342499997, "min": 0.503323690000002, "max": 0.518352243999999, "mean": 0.5101518666000032, "std": 0.005119956721064322, "repeat": 10, "number": 1}]}, "time_setup_models_and_sims.TimeBuildDFNSimulation.time_setup_DFN_simulation": {"result": [0.11817155849999494, 0.2909709049999947], "stats": [{"ci_99": [0.11604349999998931, 0.1233315479999817], "q_25": 0.11667056875001691, "q_75": 0.11832190774997997, "min": 0.11604349999998931, "max": 0.1233315479999817, "mean": 0.11834901859999718, "std": 0.0022247195434724025, "repeat": 10, "number": 1}, {"ci_99": [0.2847295419999796, 0.2954136859999892], "q_25": 0.287000452000008, "q_75": 0.2924373935000091, "min": 0.2847295419999796, "max": 0.2954136859999892, "mean": 0.2899079993999948, "std": 0.0034056806422141563, "repeat": 10, "number": 1}], "params": [["False", "True"]]}, "time_setup_models_and_sims.TimeBuildSPM.time_setup_SPM": {"result": [0.3122523675000082], "stats": [{"ci_99": [0.30778562500000817, 0.3173208299999999], "q_25": 0.3093762234999886, "q_75": 0.3167443944999917, "min": 0.30778562500000817, "max": 0.3173208299999999, "mean": 0.31266490589999874, "std": 0.0036902206069332, "repeat": 10, "number": 1}]}, "time_setup_models_and_sims.TimeBuildSPMSimulation.time_setup_SPM_simulation": {"result": [0.1434046440000003, 0.319590809999994], "stats": [{"ci_99": [0.14118085999999153, 0.14801796399999034], "q_25": 0.14252429799999788, "q_75": 0.14583900625000012, "min": 0.14118085999999153, "max": 0.14801796399999034, "mean": 0.14405761419999977, "std": 0.0021797196490272184, "repeat": 10, "number": 1}, {"ci_99": [0.31802639499997554, 0.3242056980000143], "q_25": 0.31869308999999646, "q_75": 0.32241220125001036, "min": 0.31802639499997554, "max": 0.3242056980000143, "mean": 0.3205376988999973, "std": 0.002267687159704869, "repeat": 10, "number": 1}], "params": [["False", "True"]]}, "time_setup_models_and_sims.TimeBuildSPMe.time_setup_SPMe": {"result": [0.44596965449999004], "stats": [{"ci_99": [0.43796689300000935, 0.4545415339999863], "q_25": 0.4399074992500047, "q_75": 0.45235309375001265, "min": 0.43796689300000935, "max": 0.4545415339999863, "mean": 0.4460907488000004, "std": 0.006442923836636125, "repeat": 10, "number": 1}]}, "time_setup_models_and_sims.TimeBuildSPMeSimulation.time_setup_SPMe_simulation": {"result": [0.13292793749999987, 0.3273578400000048], "stats": [{"ci_99": [0.13143937999998911, 0.13859764200000768], "q_25": 0.13256037824999822, "q_75": 0.13587663750001155, "min": 0.13143937999998911, "max": 0.13859764200000768, "mean": 0.1341410541000016, "std": 0.002383080417453138, "repeat": 10, "number": 1}, {"ci_99": [0.32420314400002326, 0.3297431790000189], "q_25": 0.32671411924999205, "q_75": 0.3278001352500013, "min": 0.32420314400002326, "max": 0.3297431790000189, "mean": 0.3272817496000016, "std": 0.0014302254219750038, "repeat": 10, "number": 1}], "params": [["False", "True"]]}, "time_solve_models.TimeSolveDFN.time_solve_model": {"result": [0.5143947920000187, 0.6736855719999966], "stats": [{"ci_99": [0.5094052099999828, 0.5274069849999989], "q_25": 0.5124328612499909, "q_75": 0.5187741410000086, "min": 0.5094052099999828, "max": 0.5274069849999989, "mean": 0.5158396073000034, "std": 0.005337973680853346, "repeat": 10, "number": 1}, {"ci_99": [0.6674869929999829, 0.688653778999992], "q_25": 0.6715400120000012, "q_75": 0.6754886747500066, "min": 0.6674869929999829, "max": 0.688653778999992, "mean": 0.6748466978000011, "std": 0.005762993866731281, "repeat": 10, "number": 1}], "params": [["True", "False"]]}, "time_solve_models.TimeSolveSPM.time_solve_model": {"result": [0.019384047499983126, 0.04124515949997942], "stats": [{"ci_99": [0.019196562000018957, 0.019742538000002696], "q_25": 0.019259838250000882, "q_75": 0.019459955000002083, "min": 0.019196562000018957, "max": 0.019742538000002696, "mean": 0.01939420789999815, "std": 0.00016011641170454082, "repeat": 10, "number": 1}, {"ci_99": [0.040846910999988495, 0.04165870799999993], "q_25": 0.04108148950000867, "q_75": 0.04150980524998005, "min": 0.040846910999988495, "max": 0.04165870799999993, "mean": 0.04127150959999426, "std": 0.00026282640845651315, "repeat": 10, "number": 1}], "params": [["True", "False"]]}, "time_solve_models.TimeSolveSPMe.time_solve_model": {"result": [0.028833151499995324, 0.07210103200000617], "stats": [{"ci_99": [0.028590085000018917, 0.029102993999998716], "q_25": 0.028733773500015047, "q_75": 0.02898190150000346, "min": 0.028590085000018917, "max": 0.029102993999998716, "mean": 0.028838934300000573, "std": 0.00016255950706415306, "repeat": 10, "number": 1}, {"ci_99": [0.07190472900001055, 0.0729334460000075], "q_25": 0.07202855450001522, "q_75": 0.07242206199999401, "min": 0.07190472900001055, "max": 0.0729334460000075, "mean": 0.07224914440000418, "std": 0.000315431746127709, "repeat": 10, "number": 1}], "params": [["True", "False"]]}}, "params": {"machine": "GitHubRunner", "python": "3.8"}, "requirements": {}, "commit_hash": "9dd5048fb27af3abe38c876f58442bd5e5e53cc7", "date": 1639172066000, "env_name": "virtualenv-py3.8", "python": "3.8", "profiles": {}, "started_at": {"time_setup_models_and_sims.TimeBuildDFN.time_setup_DFN": 1639365708855, "time_setup_models_and_sims.TimeBuildDFNSimulation.time_setup_DFN_simulation": 1639365712323, "time_setup_models_and_sims.TimeBuildSPM.time_setup_SPM": 1639365715093, "time_setup_models_and_sims.TimeBuildSPMSimulation.time_setup_SPM_simulation": 1639365717305, "time_setup_models_and_sims.TimeBuildSPMe.time_setup_SPMe": 1639365720424, "time_setup_models_and_sims.TimeBuildSPMeSimulation.time_setup_SPMe_simulation": 1639365723491, "time_solve_models.TimeSolveDFN.time_solve_model": 1639365726612, "time_solve_models.TimeSolveSPM.time_solve_model": 1639365746735, "time_solve_models.TimeSolveSPMe.time_solve_model": 1639365753414}, "ended_at": {"time_setup_models_and_sims.TimeBuildDFN.time_setup_DFN": 1639365712323, "time_setup_models_and_sims.TimeBuildDFNSimulation.time_setup_DFN_simulation": 1639365715092, "time_setup_models_and_sims.TimeBuildSPM.time_setup_SPM": 1639365717305, "time_setup_models_and_sims.TimeBuildSPMSimulation.time_setup_SPM_simulation": 1639365720423, "time_setup_models_and_sims.TimeBuildSPMe.time_setup_SPMe": 1639365723491, "time_setup_models_and_sims.TimeBuildSPMeSimulation.time_setup_SPMe_simulation": 1639365726611, "time_solve_models.TimeSolveDFN.time_solve_model": 1639365746734, "time_solve_models.TimeSolveSPM.time_solve_model": 1639365753413, "time_solve_models.TimeSolveSPMe.time_solve_model": 1639365762752}, "benchmark_version": {"time_setup_models_and_sims.TimeBuildDFN.time_setup_DFN": "5f322e51e6b7e66125ee6949bdf25746005db467e8ffcfdcb3ace170e92bbc3d", "time_setup_models_and_sims.TimeBuildDFNSimulation.time_setup_DFN_simulation": "8de44bc542fa7d4ba28a80f24414a9444b5436673aaebba674918f5f0bfd0ebb", "time_setup_models_and_sims.TimeBuildSPM.time_setup_SPM": "0d0b3f5c67fc2da9a5794c66b70af5a45a09558d1ee95f738745385adb84fbca", "time_setup_models_and_sims.TimeBuildSPMSimulation.time_setup_SPM_simulation": "161220a99418ce4487cc29325cbae897f28d0e44ae07e1dfbfaac2cbc53a4ff9", "time_setup_models_and_sims.TimeBuildSPMe.time_setup_SPMe": "6083f5ff944353395eb4b21c97b02af555fe6528de3cd5283f5e139943945235", "time_setup_models_and_sims.TimeBuildSPMeSimulation.time_setup_SPMe_simulation": "530563cb559427795e3648d9648df9250ae100b7721f69eec356bdda7798c55e", "time_solve_models.TimeSolveDFN.time_solve_model": "914137228e20e5900cec36b0d3865f1faa2f5d479c7d6c2539514791f9ec4430", "time_solve_models.TimeSolveSPM.time_solve_model": "ef1bb5f8d1ddfa59650e20438c4b252d73e5a062714848ce1d6d5269382bc598", "time_solve_models.TimeSolveSPMe.time_solve_model": "20672028872f4620ce85e909bae705d9490de441e926510b2b0e53ff0881d87b"}, "version": 1}