{"results": {"time_setup_models_and_sims.TimeBuildDFN.time_setup_DFN": {"result": [0.6506658445000113], "stats": [{"ci_99": [0.636777775999974, 0.6748118669999599], "q_25": 0.6434454542500063, "q_75": 0.6582426614999903, "min": 0.636777775999974, "max": 0.6748118669999599, "mean": 0.6519027579999971, "std": 0.011899961187468451, "repeat": 10, "number": 1}]}, "time_setup_models_and_sims.TimeBuildDFNSimulation.time_setup_DFN_simulation": {"result": [0.1477138475000146, 0.3594487339999972], "stats": [{"ci_99": [0.14266209999999546, 0.15547005500002342], "q_25": 0.14591567900001223, "q_75": 0.148999179999997, "min": 0.14266209999999546, "max": 0.15547005500002342, "mean": 0.1480511611000054, "std": 0.0035694966691813676, "repeat": 10, "number": 1}, {"ci_99": [0.35518681199999946, 0.36985000200002105], "q_25": 0.35748201524999956, "q_75": 0.36076676974998634, "min": 0.35518681199999946, "max": 0.36985000200002105, "mean": 0.3605231957000058, "std": 0.00455927952775238, "repeat": 10, "number": 1}], "params": [["False", "True"]]}, "time_setup_models_and_sims.TimeBuildSPM.time_setup_SPM": {"result": [0.3981539389999966], "stats": [{"ci_99": [0.3789693129999989, 0.4111059779999664], "q_25": 0.3910481184999952, "q_75": 0.4050485142499909, "min": 0.3789693129999989, "max": 0.4111059779999664, "mean": 0.39758725959999025, "std": 0.009342367165902156, "repeat": 10, "number": 1}]}, "time_setup_models_and_sims.TimeBuildSPMSimulation.time_setup_SPM_simulation": {"result": [0.1798699145000029, 0.3961890304999969], "stats": [{"ci_99": [0.1717261160000021, 0.18840681400001813], "q_25": 0.1763543792499931, "q_75": 0.18117016774999684, "min": 0.1717261160000021, "max": 0.18840681400001813, "mean": 0.17970936839999468, "std": 0.004698212519112979, "repeat": 10, "number": 1}, {"ci_99": [0.38931421500001306, 0.42752968500002453], "q_25": 0.3912666169999852, "q_75": 0.4039421819999802, "min": 0.38931421500001306, "max": 0.42752968500002453, "mean": 0.40017038290000356, "std": 0.011419717836472056, "repeat": 10, "number": 1}], "params": [["False", "True"]]}, "time_setup_models_and_sims.TimeBuildSPMe.time_setup_SPMe": {"result": [0.5629180514999916], "stats": [{"ci_99": [0.5543604310000205, 0.5831489239999996], "q_25": 0.5598731297500095, "q_75": 0.569779671500001, "min": 0.5543604310000205, "max": 0.5831489239999996, "mean": 0.5655447420000002, "std": 0.008154676011649282, "repeat": 10, "number": 1}]}, "time_setup_models_and_sims.TimeBuildSPMeSimulation.time_setup_SPMe_simulation": {"result": [0.1674069974999952, 0.40739637000001494], "stats": [{"ci_99": [0.1627580149999801, 0.1755520039999965], "q_25": 0.16485689624998656, "q_75": 0.1678613845000001, "min": 0.1627580149999801, "max": 0.1755520039999965, "mean": 0.16720953669999689, "std": 0.0034127678112195214, "repeat": 10, "number": 1}, {"ci_99": [0.3964254879999771, 0.4201348619999976], "q_25": 0.40285455149999194, "q_75": 0.4118221782500129, "min": 0.3964254879999771, "max": 0.4201348619999976, "mean": 0.40799201579999933, "std": 0.006946114273712372, "repeat": 10, "number": 1}], "params": [["False", "True"]]}, "time_solve_models.TimeSolveDFN.time_solve_model": {"result": [0.6448793010000031, 0.8531514109999989], "stats": [{"ci_99": [0.6369919750000008, 0.6926475250000408], "q_25": 0.6428765889999681, "q_75": 0.6839446189999876, "min": 0.6369919750000008, "max": 0.6926475250000408, "mean": 0.6607840808888896, "std": 0.02136305372439404, "repeat": 9, "number": 1}, {"ci_99": [0.8265807719999998, 0.9053647499999897], "q_25": 0.8372053697499666, "q_75": 0.8856862155000016, "min": 0.8265807719999998, "max": 0.9053647499999897, "mean": 0.8600224310999977, "std": 0.027485441918903026, "repeat": 10, "number": 1}], "params": [["True", "False"]]}, "time_solve_models.TimeSolveSPM.time_solve_model": {"result": [0.023738645999998198, 0.05250758250002718], "stats": [{"ci_99": [0.023273520000032022, 0.025701062999985425], "q_25": 0.0233236190000099, "q_75": 0.024629951999997957, "min": 0.023273520000032022, "max": 0.025701062999985425, "mean": 0.024068566600004716, "std": 0.0008554135006861512, "repeat": 10, "number": 1}, {"ci_99": [0.05016194899997117, 0.06096074499998849], "q_25": 0.051873810499998285, "q_75": 0.05340111875000275, "min": 0.05016194899997117, "max": 0.06096074499998849, "mean": 0.053545923900003345, "std": 0.003017880012710068, "repeat": 10, "number": 1}], "params": [["True", "False"]]}, "time_solve_models.TimeSolveSPMe.time_solve_model": {"result": [0.036617491000015434, 0.09042837050000685], "stats": [{"ci_99": [0.035491614999955345, 0.03756773399999247], "q_25": 0.03621245625001279, "q_75": 0.03727684200002557, "min": 0.035491614999955345, "max": 0.03756773399999247, "mean": 0.036694076100008036, "std": 0.000676306713491561, "repeat": 10, "number": 1}, {"ci_99": [0.08860073100004229, 0.09307447200001207], "q_25": 0.08995074175000184, "q_75": 0.09095623600002511, "min": 0.08860073100004229, "max": 0.09307447200001207, "mean": 0.09055291170000715, "std": 0.0011264514168974973, "repeat": 10, "number": 1}], "params": [["True", "False"]]}}, "params": {"machine": "GitHubRunner", "python": "3.8"}, "requirements": {}, "commit_hash": "9dd5048fb27af3abe38c876f58442bd5e5e53cc7", "date": 1639172066000, "env_name": "virtualenv-py3.8", "python": "3.8", "profiles": {}, "started_at": {"time_setup_models_and_sims.TimeBuildDFN.time_setup_DFN": 1639279293815, "time_setup_models_and_sims.TimeBuildDFNSimulation.time_setup_DFN_simulation": 1639279298134, "time_setup_models_and_sims.TimeBuildSPM.time_setup_SPM": 1639279301562, "time_setup_models_and_sims.TimeBuildSPMSimulation.time_setup_SPM_simulation": 1639279304326, "time_setup_models_and_sims.TimeBuildSPMe.time_setup_SPMe": 1639279308203, "time_setup_models_and_sims.TimeBuildSPMeSimulation.time_setup_SPMe_simulation": 1639279312070, "time_solve_models.TimeSolveDFN.time_solve_model": 1639279315944, "time_solve_models.TimeSolveSPM.time_solve_model": 1639279340434, "time_solve_models.TimeSolveSPMe.time_solve_model": 1639279348520}, "ended_at": {"time_setup_models_and_sims.TimeBuildDFN.time_setup_DFN": 1639279298133, "time_setup_models_and_sims.TimeBuildDFNSimulation.time_setup_DFN_simulation": 1639279301561, "time_setup_models_and_sims.TimeBuildSPM.time_setup_SPM": 1639279304325, "time_setup_models_and_sims.TimeBuildSPMSimulation.time_setup_SPM_simulation": 1639279308202, "time_setup_models_and_sims.TimeBuildSPMe.time_setup_SPMe": 1639279312070, "time_setup_models_and_sims.TimeBuildSPMeSimulation.time_setup_SPMe_simulation": 1639279315944, "time_solve_models.TimeSolveDFN.time_solve_model": 1639279340434, "time_solve_models.TimeSolveSPM.time_solve_model": 1639279348520, "time_solve_models.TimeSolveSPMe.time_solve_model": 1639279360118}, "benchmark_version": {"time_setup_models_and_sims.TimeBuildDFN.time_setup_DFN": "5f322e51e6b7e66125ee6949bdf25746005db467e8ffcfdcb3ace170e92bbc3d", "time_setup_models_and_sims.TimeBuildDFNSimulation.time_setup_DFN_simulation": "8de44bc542fa7d4ba28a80f24414a9444b5436673aaebba674918f5f0bfd0ebb", "time_setup_models_and_sims.TimeBuildSPM.time_setup_SPM": "0d0b3f5c67fc2da9a5794c66b70af5a45a09558d1ee95f738745385adb84fbca", "time_setup_models_and_sims.TimeBuildSPMSimulation.time_setup_SPM_simulation": "161220a99418ce4487cc29325cbae897f28d0e44ae07e1dfbfaac2cbc53a4ff9", "time_setup_models_and_sims.TimeBuildSPMe.time_setup_SPMe": "6083f5ff944353395eb4b21c97b02af555fe6528de3cd5283f5e139943945235", "time_setup_models_and_sims.TimeBuildSPMeSimulation.time_setup_SPMe_simulation": "530563cb559427795e3648d9648df9250ae100b7721f69eec356bdda7798c55e", "time_solve_models.TimeSolveDFN.time_solve_model": "914137228e20e5900cec36b0d3865f1faa2f5d479c7d6c2539514791f9ec4430", "time_solve_models.TimeSolveSPM.time_solve_model": "ef1bb5f8d1ddfa59650e20438c4b252d73e5a062714848ce1d6d5269382bc598", "time_solve_models.TimeSolveSPMe.time_solve_model": "20672028872f4620ce85e909bae705d9490de441e926510b2b0e53ff0881d87b"}, "version": 1}