{"results": {"time_setup_models_and_sims.TimeBuildDFN.time_setup_DFN": {"result": [0.4994366629999831], "stats": [{"ci_99": [0.48093050499997503, 0.5200899889999846], "q_25": 0.49178389200000794, "q_75": 0.5037899237500056, "min": 0.48093050499997503, "max": 0.5200899889999846, "mean": 0.4985785488999966, "std": 0.010315529613084946, "repeat": 10, "number": 1}]}, "time_setup_models_and_sims.TimeBuildDFNSimulation.time_setup_DFN_simulation": {"result": [0.13328368300000193, 0.22951762600000336], "stats": [{"ci_99": [0.12817903800001318, 0.14657614999998714], "q_25": 0.13011361324999626, "q_75": 0.1407283982499976, "min": 0.12817903800001318, "max": 0.14657614999998714, "mean": 0.13543427390000035, "std": 0.006014651165978748, "repeat": 10, "number": 1}, {"ci_99": [0.21293652700001076, 0.23649814699999183], "q_25": 0.22442030999999218, "q_75": 0.23223207875000895, "min": 0.21293652700001076, "max": 0.23649814699999183, "mean": 0.22765737770000385, "std": 0.006381192502764801, "repeat": 10, "number": 1}], "params": [["False", "True"]]}, "time_setup_models_and_sims.TimeBuildSPM.time_setup_SPM": {"result": [0.30587362050000877], "stats": [{"ci_99": [0.28745758599998794, 0.31651882500000283], "q_25": 0.2936798052500009, "q_75": 0.31009478350001274, "min": 0.28745758599998794, "max": 0.31651882500000283, "mean": 0.3031993206000038, "std": 0.010393067706218942, "repeat": 10, "number": 1}]}, "time_setup_models_and_sims.TimeBuildSPMSimulation.time_setup_SPM_simulation": {"result": [0.12762735299999406, 0.1973345414999983], "stats": [{"ci_99": [0.12345419400000424, 0.13226562900001682], "q_25": 0.12476386074999368, "q_75": 0.13082497399999937, "min": 0.12345419400000424, "max": 0.13226562900001682, "mean": 0.1277967225000026, "std": 0.0032108837707802884, "repeat": 10, "number": 1}, {"ci_99": [0.19000171399997612, 0.2045023560000061], "q_25": 0.19405097149999762, "q_75": 0.2021183207499888, "min": 0.19000171399997612, "max": 0.2045023560000061, "mean": 0.1974162691999936, "std": 0.004875849014835139, "repeat": 10, "number": 1}], "params": [["False", "True"]]}, "time_setup_models_and_sims.TimeBuildSPMe.time_setup_SPMe": {"result": [0.4365480115000082], "stats": [{"ci_99": [0.41279157799999666, 0.45442523299999493], "q_25": 0.43148189150001315, "q_75": 0.4396415032499945, "min": 0.41279157799999666, "max": 0.45442523299999493, "mean": 0.43562303650000445, "std": 0.01004646780096482, "repeat": 10, "number": 1}]}, "time_setup_models_and_sims.TimeBuildSPMeSimulation.time_setup_SPMe_simulation": {"result": [0.13788679950000926, 0.23672505300000068], "stats": [{"ci_99": [0.1307844209999871, 0.14705728199999157], "q_25": 0.1373961864999842, "q_75": 0.14422548875000984, "min": 0.1307844209999871, "max": 0.14705728199999157, "mean": 0.1394236548000009, "std": 0.005478142080250857, "repeat": 10, "number": 1}, {"ci_99": [0.22506780699998785, 0.24417542099999423], "q_25": 0.22809329250000587, "q_75": 0.24347462574998957, "min": 0.22506780699998785, "max": 0.24417542099999423, "mean": 0.23553035440000086, "std": 0.007528477541587308, "repeat": 10, "number": 1}], "params": [["False", "True"]]}, "time_solve_models.TimeSolveDFN.time_solve_model": {"result": [0.555524024499988, 0.7199383715000067], "stats": [{"ci_99": [0.5251667919999932, 0.5949700840000105], "q_25": 0.5421545092499969, "q_75": 0.5692059127500002, "min": 0.5251667919999932, "max": 0.5949700840000105, "mean": 0.5565076726999962, "std": 0.020080319227560275, "repeat": 10, "number": 1}, {"ci_99": [0.7021705910000264, 0.7421314350000046], "q_25": 0.7147868382499993, "q_75": 0.7255686825000041, "min": 0.7021705910000264, "max": 0.7421314350000046, "mean": 0.7209340796000078, "std": 0.011687777387458353, "repeat": 10, "number": 1}], "params": [["True", "False"]]}, "time_solve_models.TimeSolveSPM.time_solve_model": {"result": [0.021966666499992016, 0.04319517799999062], "stats": [{"ci_99": [0.020942464999990307, 0.024447854999976926], "q_25": 0.021801744250005584, "q_75": 0.022769032249996712, "min": 0.020942464999990307, "max": 0.024447854999976926, "mean": 0.022346441599998455, "std": 0.0010246032841491844, "repeat": 10, "number": 1}, {"ci_99": [0.03994935000000055, 0.047922872000015104], "q_25": 0.04205234175000072, "q_75": 0.04537870449998849, "min": 0.03994935000000055, "max": 0.047922872000015104, "mean": 0.04368759809999858, "std": 0.002259320459652481, "repeat": 10, "number": 1}], "params": [["True", "False"]]}, "time_solve_models.TimeSolveSPMe.time_solve_model": {"result": [0.03320929799998851, 0.07793322599999897], "stats": [{"ci_99": [0.029722732999999835, 0.03503367600001184], "q_25": 0.03286977049999251, "q_75": 0.03372632549999821, "min": 0.029722732999999835, "max": 0.03503367600001184, "mean": 0.03306899309999665, "std": 0.0013762053298145825, "repeat": 10, "number": 1}, {"ci_99": [0.07374288600001933, 0.08206976200000327], "q_25": 0.07617533749999694, "q_75": 0.07938079999999559, "min": 0.07374288600001933, "max": 0.08206976200000327, "mean": 0.07799804960000074, "std": 0.0025293456992858845, "repeat": 10, "number": 1}], "params": [["True", "False"]]}}, "params": {"machine": "GitHubRunner", "python": "3.8"}, "requirements": {}, "commit_hash": "a0849afe1c1f43898af86187f22d7b08ac4c49a6", "date": 1624528188000, "env_name": "virtualenv-py3.8", "python": "3.8", "profiles": {}, "started_at": {"time_setup_models_and_sims.TimeBuildDFN.time_setup_DFN": 1624850613556, "time_setup_models_and_sims.TimeBuildDFNSimulation.time_setup_DFN_simulation": 1624850616871, "time_setup_models_and_sims.TimeBuildSPM.time_setup_SPM": 1624850619237, "time_setup_models_and_sims.TimeBuildSPMSimulation.time_setup_SPM_simulation": 1624850621305, "time_setup_models_and_sims.TimeBuildSPMe.time_setup_SPMe": 1624850623470, "time_setup_models_and_sims.TimeBuildSPMeSimulation.time_setup_SPMe_simulation": 1624850626382, "time_solve_models.TimeSolveDFN.time_solve_model": 1624850628846, "time_solve_models.TimeSolveSPM.time_solve_model": 1624850649616, "time_solve_models.TimeSolveSPMe.time_solve_model": 1624850656402}, "ended_at": {"time_setup_models_and_sims.TimeBuildDFN.time_setup_DFN": 1624850616871, "time_setup_models_and_sims.TimeBuildDFNSimulation.time_setup_DFN_simulation": 1624850619236, "time_setup_models_and_sims.TimeBuildSPM.time_setup_SPM": 1624850621305, "time_setup_models_and_sims.TimeBuildSPMSimulation.time_setup_SPM_simulation": 1624850623469, "time_setup_models_and_sims.TimeBuildSPMe.time_setup_SPMe": 1624850626382, "time_setup_models_and_sims.TimeBuildSPMeSimulation.time_setup_SPMe_simulation": 1624850628846, "time_solve_models.TimeSolveDFN.time_solve_model": 1624850649615, "time_solve_models.TimeSolveSPM.time_solve_model": 1624850656401, "time_solve_models.TimeSolveSPMe.time_solve_model": 1624850665586}, "benchmark_version": {"time_setup_models_and_sims.TimeBuildDFN.time_setup_DFN": "5f322e51e6b7e66125ee6949bdf25746005db467e8ffcfdcb3ace170e92bbc3d", "time_setup_models_and_sims.TimeBuildDFNSimulation.time_setup_DFN_simulation": "8de44bc542fa7d4ba28a80f24414a9444b5436673aaebba674918f5f0bfd0ebb", "time_setup_models_and_sims.TimeBuildSPM.time_setup_SPM": "0d0b3f5c67fc2da9a5794c66b70af5a45a09558d1ee95f738745385adb84fbca", "time_setup_models_and_sims.TimeBuildSPMSimulation.time_setup_SPM_simulation": "161220a99418ce4487cc29325cbae897f28d0e44ae07e1dfbfaac2cbc53a4ff9", "time_setup_models_and_sims.TimeBuildSPMe.time_setup_SPMe": "6083f5ff944353395eb4b21c97b02af555fe6528de3cd5283f5e139943945235", "time_setup_models_and_sims.TimeBuildSPMeSimulation.time_setup_SPMe_simulation": "530563cb559427795e3648d9648df9250ae100b7721f69eec356bdda7798c55e", "time_solve_models.TimeSolveDFN.time_solve_model": "914137228e20e5900cec36b0d3865f1faa2f5d479c7d6c2539514791f9ec4430", "time_solve_models.TimeSolveSPM.time_solve_model": "ef1bb5f8d1ddfa59650e20438c4b252d73e5a062714848ce1d6d5269382bc598", "time_solve_models.TimeSolveSPMe.time_solve_model": "20672028872f4620ce85e909bae705d9490de441e926510b2b0e53ff0881d87b"}, "version": 1}