{"results": {"time_setup_models_and_sims.TimeBuildDFN.time_setup_DFN": {"result": [0.5072752920000028], "stats": [{"ci_99": [0.4982318579999969, 0.5251555300000064], "q_25": 0.5030008329999589, "q_75": 0.5185540634999981, "min": 0.4982318579999969, "max": 0.5251555300000064, "mean": 0.5104913169999946, "std": 0.009464976634856475, "repeat": 10, "number": 1}]}, "time_setup_models_and_sims.TimeBuildDFNSimulation.time_setup_DFN_simulation": {"result": [0.15044471950000116, 0.223774192999997], "stats": [{"ci_99": [0.1343426749999992, 0.16482352099995978], "q_25": 0.13742118125001213, "q_75": 0.16113808175002475, "min": 0.1343426749999992, "max": 0.16482352099995978, "mean": 0.1497456722999999, "std": 0.012663939440572774, "repeat": 10, "number": 1}, {"ci_99": [0.218820189999974, 0.23105181299996502], "q_25": 0.22170445374999304, "q_75": 0.22770901924999976, "min": 0.218820189999974, "max": 0.23105181299996502, "mean": 0.2246746565999956, "std": 0.004085933460464884, "repeat": 10, "number": 1}], "params": [["False", "True"]]}, "time_setup_models_and_sims.TimeBuildSPM.time_setup_SPM": {"result": [0.30050052050002307], "stats": [{"ci_99": [0.291054177999996, 0.31026933399999734], "q_25": 0.29582757999998677, "q_75": 0.30347267799997724, "min": 0.291054177999996, "max": 0.31026933399999734, "mean": 0.30016884540000033, "std": 0.00550117960393476, "repeat": 10, "number": 1}]}, "time_setup_models_and_sims.TimeBuildSPMSimulation.time_setup_SPM_simulation": {"result": [0.1308376904999875, 0.20217249550002236], "stats": [{"ci_99": [0.12822693900000104, 0.1320959450000032], "q_25": 0.1300133272499835, "q_75": 0.13132637724999796, "min": 0.12822693900000104, "max": 0.1320959450000032, "mean": 0.13046684969999944, "std": 0.0012571316992970663, "repeat": 10, "number": 1}, {"ci_99": [0.1954254320000075, 0.20944856200003414], "q_25": 0.19964261524999927, "q_75": 0.2054785557500125, "min": 0.1954254320000075, "max": 0.20944856200003414, "mean": 0.20254884110001115, "std": 0.004253951053649327, "repeat": 10, "number": 1}], "params": [["False", "True"]]}, "time_setup_models_and_sims.TimeBuildSPMe.time_setup_SPMe": {"result": [0.4396464645000151], "stats": [{"ci_99": [0.4258970300000158, 0.44949334300002874], "q_25": 0.4364556594999911, "q_75": 0.4435203654999924, "min": 0.4258970300000158, "max": 0.44949334300002874, "mean": 0.4390837014000056, "std": 0.006579567972513237, "repeat": 10, "number": 1}]}, "time_setup_models_and_sims.TimeBuildSPMeSimulation.time_setup_SPMe_simulation": {"result": [0.14161075949998292, 0.2383246500000098], "stats": [{"ci_99": [0.1377691319999883, 0.14681010900000047], "q_25": 0.1392932707499881, "q_75": 0.14343857124996617, "min": 0.1377691319999883, "max": 0.14681010900000047, "mean": 0.1419062445999913, "std": 0.0030037087178364564, "repeat": 10, "number": 1}, {"ci_99": [0.23020264999996698, 0.2510916699999939], "q_25": 0.2341355132499885, "q_75": 0.24307819624997506, "min": 0.23020264999996698, "max": 0.2510916699999939, "mean": 0.23867595069999084, "std": 0.006213866548051402, "repeat": 10, "number": 1}], "params": [["False", "True"]]}, "time_solve_models.TimeSolveDFN.time_solve_model": {"result": [0.5702211740000109, 0.7666549590000216], "stats": [{"ci_99": [0.5636731030000135, 0.578636801000016], "q_25": 0.5670314805000132, "q_75": 0.5743532557499975, "min": 0.5636731030000135, "max": 0.578636801000016, "mean": 0.5704958600000054, "std": 0.004739821175891163, "repeat": 10, "number": 1}, {"ci_99": [0.7367181079999909, 0.7777787469999851], "q_25": 0.762103422249993, "q_75": 0.7689630059999928, "min": 0.7367181079999909, "max": 0.7777787469999851, "mean": 0.7637075135999964, "std": 0.010576278728498744, "repeat": 10, "number": 1}], "params": [["True", "False"]]}, "time_solve_models.TimeSolveSPM.time_solve_model": {"result": [0.021995334499990804, 0.0448037804999899], "stats": [{"ci_99": [0.020555688000001737, 0.02265706099996123], "q_25": 0.021720769000012297, "q_75": 0.022130800499994052, "min": 0.020555688000001737, "max": 0.02265706099996123, "mean": 0.02186662539999702, "std": 0.0005596292322712876, "repeat": 10, "number": 1}, {"ci_99": [0.04277577499999552, 0.04635354900000266], "q_25": 0.04399888950003117, "q_75": 0.045231384500013405, "min": 0.04277577499999552, "max": 0.04635354900000266, "mean": 0.044656294600002866, "std": 0.0009910387199572577, "repeat": 10, "number": 1}], "params": [["True", "False"]]}, "time_solve_models.TimeSolveSPMe.time_solve_model": {"result": [0.03531690000002641, 0.0819942390000108], "stats": [{"ci_99": [0.03329494000001887, 0.036672826000028635], "q_25": 0.03463242050003146, "q_75": 0.036262016500003824, "min": 0.03329494000001887, "max": 0.036672826000028635, "mean": 0.03525213190001182, "std": 0.001158094149412797, "repeat": 10, "number": 1}, {"ci_99": [0.07849561500000846, 0.08354772199999161], "q_25": 0.08054690675001552, "q_75": 0.08294789999999352, "min": 0.07849561500000846, "max": 0.08354772199999161, "mean": 0.08153817429999322, "std": 0.0016542522592961635, "repeat": 10, "number": 1}], "params": [["True", "False"]]}}, "params": {"machine": "GitHubRunner", "python": "3.8"}, "requirements": {}, "commit_hash": "a0849afe1c1f43898af86187f22d7b08ac4c49a6", "date": 1624528188000, "env_name": "virtualenv-py3.8", "python": "3.8", "profiles": {}, "started_at": {"time_setup_models_and_sims.TimeBuildDFN.time_setup_DFN": 1624764194629, "time_setup_models_and_sims.TimeBuildDFNSimulation.time_setup_DFN_simulation": 1624764198044, "time_setup_models_and_sims.TimeBuildSPM.time_setup_SPM": 1624764200664, "time_setup_models_and_sims.TimeBuildSPMSimulation.time_setup_SPM_simulation": 1624764202778, "time_setup_models_and_sims.TimeBuildSPMe.time_setup_SPMe": 1624764205052, "time_setup_models_and_sims.TimeBuildSPMeSimulation.time_setup_SPMe_simulation": 1624764208066, "time_solve_models.TimeSolveDFN.time_solve_model": 1624764210683, "time_solve_models.TimeSolveSPM.time_solve_model": 1624764232261, "time_solve_models.TimeSolveSPMe.time_solve_model": 1624764238942}, "ended_at": {"time_setup_models_and_sims.TimeBuildDFN.time_setup_DFN": 1624764198043, "time_setup_models_and_sims.TimeBuildDFNSimulation.time_setup_DFN_simulation": 1624764200663, "time_setup_models_and_sims.TimeBuildSPM.time_setup_SPM": 1624764202777, "time_setup_models_and_sims.TimeBuildSPMSimulation.time_setup_SPM_simulation": 1624764205052, "time_setup_models_and_sims.TimeBuildSPMe.time_setup_SPMe": 1624764208066, "time_setup_models_and_sims.TimeBuildSPMeSimulation.time_setup_SPMe_simulation": 1624764210682, "time_solve_models.TimeSolveDFN.time_solve_model": 1624764232260, "time_solve_models.TimeSolveSPM.time_solve_model": 1624764238941, "time_solve_models.TimeSolveSPMe.time_solve_model": 1624764248732}, "benchmark_version": {"time_setup_models_and_sims.TimeBuildDFN.time_setup_DFN": "5f322e51e6b7e66125ee6949bdf25746005db467e8ffcfdcb3ace170e92bbc3d", "time_setup_models_and_sims.TimeBuildDFNSimulation.time_setup_DFN_simulation": "8de44bc542fa7d4ba28a80f24414a9444b5436673aaebba674918f5f0bfd0ebb", "time_setup_models_and_sims.TimeBuildSPM.time_setup_SPM": "0d0b3f5c67fc2da9a5794c66b70af5a45a09558d1ee95f738745385adb84fbca", "time_setup_models_and_sims.TimeBuildSPMSimulation.time_setup_SPM_simulation": "161220a99418ce4487cc29325cbae897f28d0e44ae07e1dfbfaac2cbc53a4ff9", "time_setup_models_and_sims.TimeBuildSPMe.time_setup_SPMe": "6083f5ff944353395eb4b21c97b02af555fe6528de3cd5283f5e139943945235", "time_setup_models_and_sims.TimeBuildSPMeSimulation.time_setup_SPMe_simulation": "530563cb559427795e3648d9648df9250ae100b7721f69eec356bdda7798c55e", "time_solve_models.TimeSolveDFN.time_solve_model": "914137228e20e5900cec36b0d3865f1faa2f5d479c7d6c2539514791f9ec4430", "time_solve_models.TimeSolveSPM.time_solve_model": "ef1bb5f8d1ddfa59650e20438c4b252d73e5a062714848ce1d6d5269382bc598", "time_solve_models.TimeSolveSPMe.time_solve_model": "20672028872f4620ce85e909bae705d9490de441e926510b2b0e53ff0881d87b"}, "version": 1}