{"results": {"time_setup_models_and_sims.TimeBuildDFN.time_setup_DFN": {"result": [0.5979535510000034], "stats": [{"ci_99": [0.5788299700000152, 0.6286860550000029], "q_25": 0.58780355250002, "q_75": 0.6109653370000174, "min": 0.5788299700000152, "max": 0.6286860550000029, "mean": 0.6002485573000058, "std": 0.016339518596579176, "repeat": 10, "number": 1}]}, "time_setup_models_and_sims.TimeBuildDFNSimulation.time_setup_DFN_simulation": {"result": [0.14417303349998178, 0.23968531999997822], "stats": [{"ci_99": [0.1419843009999795, 0.1604665180000211], "q_25": 0.14347048850000732, "q_75": 0.15006493624997574, "min": 0.1419843009999795, "max": 0.1604665180000211, "mean": 0.14737614409999367, "std": 0.005811773994334582, "repeat": 10, "number": 1}, {"ci_99": [0.2256985909999969, 0.25860210799999095], "q_25": 0.23635118924999432, "q_75": 0.2519183395000013, "min": 0.2256985909999969, "max": 0.25860210799999095, "mean": 0.2431285542999916, "std": 0.01029354717417409, "repeat": 10, "number": 1}], "params": [["False", "True"]]}, "time_setup_models_and_sims.TimeBuildSPM.time_setup_SPM": {"result": [0.36387162199997647], "stats": [{"ci_99": [0.3449910260000024, 0.368588735000003], "q_25": 0.35864601949998587, "q_75": 0.36571643325000025, "min": 0.3449910260000024, "max": 0.368588735000003, "mean": 0.361418936299998, "std": 0.006516514644167298, "repeat": 10, "number": 1}]}, "time_setup_models_and_sims.TimeBuildSPMSimulation.time_setup_SPM_simulation": {"result": [0.1390759094999936, 0.2057664284999845], "stats": [{"ci_99": [0.13707134699998846, 0.14842462699999714], "q_25": 0.1385310150000123, "q_75": 0.14305201625000308, "min": 0.13707134699998846, "max": 0.14842462699999714, "mean": 0.14090304549999927, "std": 0.0037923465677478854, "repeat": 10, "number": 1}, {"ci_99": [0.19776643500000546, 0.21857825099999673], "q_25": 0.20395654799999363, "q_75": 0.21411449900001145, "min": 0.19776643500000546, "max": 0.21857825099999673, "mean": 0.20817428309999855, "std": 0.006324677983380024, "repeat": 10, "number": 1}], "params": [["False", "True"]]}, "time_setup_models_and_sims.TimeBuildSPMe.time_setup_SPMe": {"result": [0.5241073729999641], "stats": [{"ci_99": [0.5161996909999971, 0.5364720540000008], "q_25": 0.5189732572499963, "q_75": 0.5293625717499921, "min": 0.5161996909999971, "max": 0.5364720540000008, "mean": 0.5244745388999889, "std": 0.006596321565105103, "repeat": 10, "number": 1}]}, "time_setup_models_and_sims.TimeBuildSPMeSimulation.time_setup_SPMe_simulation": {"result": [0.14989301899996121, 0.24961276700000212], "stats": [{"ci_99": [0.1458881789999964, 0.15564486199997418], "q_25": 0.14702211824999267, "q_75": 0.15216698725001265, "min": 0.1458881789999964, "max": 0.15564486199997418, "mean": 0.14992075879998765, "std": 0.003195484582288515, "repeat": 10, "number": 1}, {"ci_99": [0.23865217600001642, 0.25912609400000974], "q_25": 0.24654137599999615, "q_75": 0.25216580650000253, "min": 0.23865217600001642, "max": 0.25912609400000974, "mean": 0.249679465600002, "std": 0.00582873824844999, "repeat": 10, "number": 1}], "params": [["False", "True"]]}, "time_solve_models.TimeSolveDFN.time_solve_model": {"result": [0.5892009099999882, 0.7734061990000214], "stats": [{"ci_99": [0.5812961610000116, 0.645694208000009], "q_25": 0.5860818244999706, "q_75": 0.5954121762500364, "min": 0.5812961610000116, "max": 0.645694208000009, "mean": 0.5976058705000014, "std": 0.019429151318940754, "repeat": 10, "number": 1}, {"ci_99": [0.7549572560000115, 0.8010371760000226], "q_25": 0.7626788962500086, "q_75": 0.7905759045000025, "min": 0.7549572560000115, "max": 0.8010371760000226, "mean": 0.77668852380001, "std": 0.015824431813473552, "repeat": 10, "number": 1}], "params": [["True", "False"]]}, "time_solve_models.TimeSolveSPM.time_solve_model": {"result": [0.025390096000023732, 0.0507945465000148], "stats": [{"ci_99": [0.025185625000005984, 0.027273434999983692], "q_25": 0.025220789999991666, "q_75": 0.026156734999986497, "min": 0.025185625000005984, "max": 0.027273434999983692, "mean": 0.025752697800004398, "std": 0.0007043199496794133, "repeat": 10, "number": 1}, {"ci_99": [0.04958278499998414, 0.05651162599997406], "q_25": 0.05010729749997722, "q_75": 0.05155782875000625, "min": 0.04958278499998414, "max": 0.05651162599997406, "mean": 0.0515163460999986, "std": 0.002081768157537359, "repeat": 10, "number": 1}], "params": [["True", "False"]]}, "time_solve_models.TimeSolveSPMe.time_solve_model": {"result": [0.03759496999998646, 0.08850872450003067], "stats": [{"ci_99": [0.03615428500000917, 0.04102742300000273], "q_25": 0.037126161999992746, "q_75": 0.03832858250000015, "min": 0.03615428500000917, "max": 0.04102742300000273, "mean": 0.03787225070000204, "std": 0.0013091047794662458, "repeat": 10, "number": 1}, {"ci_99": [0.08542890100000022, 0.09624891099997512], "q_25": 0.08742802750002454, "q_75": 0.09173106450001, "min": 0.08542890100000022, "max": 0.09624891099997512, "mean": 0.08949002660000929, "std": 0.0032509033126960547, "repeat": 10, "number": 1}], "params": [["True", "False"]]}}, "params": {"machine": "GitHubRunner", "python": "3.8"}, "requirements": {}, "commit_hash": "a31e2095600bb92e913598ac4d02b2b6b77b31c1", "date": 1619719321000, "env_name": "virtualenv-py3.8", "python": "3.8", "profiles": {}, "started_at": {"time_setup_models_and_sims.TimeBuildDFN.time_setup_DFN": 1619753358279, "time_setup_models_and_sims.TimeBuildDFNSimulation.time_setup_DFN_simulation": 1619753362192, "time_setup_models_and_sims.TimeBuildSPM.time_setup_SPM": 1619753364755, "time_setup_models_and_sims.TimeBuildSPMSimulation.time_setup_SPM_simulation": 1619753367214, "time_setup_models_and_sims.TimeBuildSPMe.time_setup_SPMe": 1619753369526, "time_setup_models_and_sims.TimeBuildSPMeSimulation.time_setup_SPMe_simulation": 1619753373088, "time_solve_models.TimeSolveDFN.time_solve_model": 1619753375751, "time_solve_models.TimeSolveSPM.time_solve_model": 1619753398464, "time_solve_models.TimeSolveSPMe.time_solve_model": 1619753405938}, "ended_at": {"time_setup_models_and_sims.TimeBuildDFN.time_setup_DFN": 1619753362192, "time_setup_models_and_sims.TimeBuildDFNSimulation.time_setup_DFN_simulation": 1619753364754, "time_setup_models_and_sims.TimeBuildSPM.time_setup_SPM": 1619753367213, "time_setup_models_and_sims.TimeBuildSPMSimulation.time_setup_SPM_simulation": 1619753369525, "time_setup_models_and_sims.TimeBuildSPMe.time_setup_SPMe": 1619753373087, "time_setup_models_and_sims.TimeBuildSPMeSimulation.time_setup_SPMe_simulation": 1619753375750, "time_solve_models.TimeSolveDFN.time_solve_model": 1619753398463, "time_solve_models.TimeSolveSPM.time_solve_model": 1619753405937, "time_solve_models.TimeSolveSPMe.time_solve_model": 1619753416570}, "benchmark_version": {"time_setup_models_and_sims.TimeBuildDFN.time_setup_DFN": "5f322e51e6b7e66125ee6949bdf25746005db467e8ffcfdcb3ace170e92bbc3d", "time_setup_models_and_sims.TimeBuildDFNSimulation.time_setup_DFN_simulation": "8de44bc542fa7d4ba28a80f24414a9444b5436673aaebba674918f5f0bfd0ebb", "time_setup_models_and_sims.TimeBuildSPM.time_setup_SPM": "0d0b3f5c67fc2da9a5794c66b70af5a45a09558d1ee95f738745385adb84fbca", "time_setup_models_and_sims.TimeBuildSPMSimulation.time_setup_SPM_simulation": "161220a99418ce4487cc29325cbae897f28d0e44ae07e1dfbfaac2cbc53a4ff9", "time_setup_models_and_sims.TimeBuildSPMe.time_setup_SPMe": "6083f5ff944353395eb4b21c97b02af555fe6528de3cd5283f5e139943945235", "time_setup_models_and_sims.TimeBuildSPMeSimulation.time_setup_SPMe_simulation": "530563cb559427795e3648d9648df9250ae100b7721f69eec356bdda7798c55e", "time_solve_models.TimeSolveDFN.time_solve_model": "914137228e20e5900cec36b0d3865f1faa2f5d479c7d6c2539514791f9ec4430", "time_solve_models.TimeSolveSPM.time_solve_model": "ef1bb5f8d1ddfa59650e20438c4b252d73e5a062714848ce1d6d5269382bc598", "time_solve_models.TimeSolveSPMe.time_solve_model": "20672028872f4620ce85e909bae705d9490de441e926510b2b0e53ff0881d87b"}, "version": 1}