{"results": {"time_setup_models_and_sims.TimeBuildDFN.time_setup_DFN": {"result": [0.49093998649996706], "stats": [{"ci_99": [0.4765296759999842, 0.4957817590000104], "q_25": 0.48863060599998676, "q_75": 0.49274478125001053, "min": 0.4765296759999842, "max": 0.4957817590000104, "mean": 0.4894906397999989, "std": 0.005399935618165129, "repeat": 10, "number": 1}]}, "time_setup_models_and_sims.TimeBuildDFNSimulation.time_setup_DFN_simulation": {"result": [0.1290078499999936, 0.2076067309999985], "stats": [{"ci_99": [0.12201541299998553, 0.13421672399999807], "q_25": 0.1284388930000091, "q_75": 0.13198069799997825, "min": 0.12201541299998553, "max": 0.13421672399999807, "mean": 0.129486977199997, "std": 0.0032222975186818746, "repeat": 10, "number": 1}, {"ci_99": [0.19693853699999408, 0.21586480600001323], "q_25": 0.20364947374999076, "q_75": 0.21289165974999946, "min": 0.19693853699999408, "max": 0.21586480600001323, "mean": 0.2073500877000015, "std": 0.006326059620098489, "repeat": 10, "number": 1}], "params": [["False", "True"]]}, "time_setup_models_and_sims.TimeBuildSPM.time_setup_SPM": {"result": [0.2963756554999861], "stats": [{"ci_99": [0.28581579100000454, 0.32053729500000827], "q_25": 0.2929960469999884, "q_75": 0.3111481144999857, "min": 0.28581579100000454, "max": 0.32053729500000827, "mean": 0.3009943049999947, "std": 0.010960783289823379, "repeat": 10, "number": 1}]}, "time_setup_models_and_sims.TimeBuildSPMSimulation.time_setup_SPM_simulation": {"result": [0.11959175249998566, 0.1776647945000036], "stats": [{"ci_99": [0.11564963300003228, 0.1253459170000042], "q_25": 0.11800454724998133, "q_75": 0.12055034874998682, "min": 0.11564963300003228, "max": 0.1253459170000042, "mean": 0.1195621608999943, "std": 0.002621555663247507, "repeat": 10, "number": 1}, {"ci_99": [0.1739545679999992, 0.18863618099999258], "q_25": 0.17637433874995168, "q_75": 0.180038898499987, "min": 0.1739545679999992, "max": 0.18863618099999258, "mean": 0.17877118509998696, "std": 0.004047518695369006, "repeat": 10, "number": 1}], "params": [["False", "True"]]}, "time_setup_models_and_sims.TimeBuildSPMe.time_setup_SPMe": {"result": [0.43049317900002393], "stats": [{"ci_99": [0.42043445199999496, 0.4517808309999509], "q_25": 0.4218730832499631, "q_75": 0.4322976039999986, "min": 0.42043445199999496, "max": 0.4517808309999509, "mean": 0.43000981099999647, "std": 0.009194697174014124, "repeat": 10, "number": 1}]}, "time_setup_models_and_sims.TimeBuildSPMeSimulation.time_setup_SPMe_simulation": {"result": [0.13006261699996458, 0.21410623999997824], "stats": [{"ci_99": [0.12407082300001093, 0.1355005660000188], "q_25": 0.12720675349999055, "q_75": 0.1313471104999877, "min": 0.12407082300001093, "max": 0.1355005660000188, "mean": 0.12964400889999297, "std": 0.0032329186163171735, "repeat": 10, "number": 1}, {"ci_99": [0.20900816599998961, 0.23942325000001574], "q_25": 0.20989042124999457, "q_75": 0.22109530074999384, "min": 0.20900816599998961, "max": 0.23942325000001574, "mean": 0.21733956049998823, "std": 0.009391230677642519, "repeat": 10, "number": 1}], "params": [["False", "True"]]}, "time_solve_models.TimeSolveDFN.time_solve_model": {"result": [0.5720457980000049, 0.729574002999982], "stats": [{"ci_99": [0.5337341309999601, 0.5886263060000374], "q_25": 0.5538740537500075, "q_75": 0.5799574177499949, "min": 0.5337341309999601, "max": 0.5886263060000374, "mean": 0.566854166600001, "std": 0.018188012383795783, "repeat": 10, "number": 1}, {"ci_99": [0.7150230579999857, 0.7522886719999633], "q_25": 0.721946114000005, "q_75": 0.7367855980000115, "min": 0.7150230579999857, "max": 0.7522886719999633, "mean": 0.7300866731999918, "std": 0.01099158291468552, "repeat": 10, "number": 1}], "params": [["True", "False"]]}, "time_solve_models.TimeSolveSPM.time_solve_model": {"result": [0.02220057299999212, 0.04556255099998907], "stats": [{"ci_99": [0.019978325000010955, 0.02432531099998414], "q_25": 0.02084557224998207, "q_75": 0.022731165750002447, "min": 0.019978325000010955, "max": 0.02432531099998414, "mean": 0.021980692599998974, "std": 0.001261876292351017, "repeat": 10, "number": 1}, {"ci_99": [0.043008027999974274, 0.05286082000003489], "q_25": 0.04415582799998674, "q_75": 0.046032668249992525, "min": 0.043008027999974274, "max": 0.05286082000003489, "mean": 0.04605170030000068, "std": 0.0028528806636243667, "repeat": 10, "number": 1}], "params": [["True", "False"]]}, "time_solve_models.TimeSolveSPMe.time_solve_model": {"result": [0.033415696000020034, 0.07590806549998774], "stats": [{"ci_99": [0.03122584499999448, 0.03572775800000727], "q_25": 0.03330530950003663, "q_75": 0.03472179149999022, "min": 0.03122584499999448, "max": 0.03572775800000727, "mean": 0.0336231448000035, "std": 0.0014193676591404394, "repeat": 10, "number": 1}, {"ci_99": [0.07320206800000051, 0.08040172500000153], "q_25": 0.07472733900002027, "q_75": 0.07697461749998524, "min": 0.07320206800000051, "max": 0.08040172500000153, "mean": 0.07621093600000109, "std": 0.0023270550758028915, "repeat": 10, "number": 1}], "params": [["True", "False"]]}}, "params": {"machine": "GitHubRunner", "python": "3.8"}, "requirements": {}, "commit_hash": "a31e2095600bb92e913598ac4d02b2b6b77b31c1", "date": 1619719321000, "env_name": "virtualenv-py3.8", "python": "3.8", "profiles": {}, "started_at": {"time_setup_models_and_sims.TimeBuildDFN.time_setup_DFN": 1620098850869, "time_setup_models_and_sims.TimeBuildDFNSimulation.time_setup_DFN_simulation": 1620098854135, "time_setup_models_and_sims.TimeBuildSPM.time_setup_SPM": 1620098856453, "time_setup_models_and_sims.TimeBuildSPMSimulation.time_setup_SPM_simulation": 1620098858464, "time_setup_models_and_sims.TimeBuildSPMe.time_setup_SPMe": 1620098860479, "time_setup_models_and_sims.TimeBuildSPMeSimulation.time_setup_SPMe_simulation": 1620098863395, "time_solve_models.TimeSolveDFN.time_solve_model": 1620098865663, "time_solve_models.TimeSolveSPM.time_solve_model": 1620098886143, "time_solve_models.TimeSolveSPMe.time_solve_model": 1620098892725}, "ended_at": {"time_setup_models_and_sims.TimeBuildDFN.time_setup_DFN": 1620098854134, "time_setup_models_and_sims.TimeBuildDFNSimulation.time_setup_DFN_simulation": 1620098856451, "time_setup_models_and_sims.TimeBuildSPM.time_setup_SPM": 1620098858464, "time_setup_models_and_sims.TimeBuildSPMSimulation.time_setup_SPM_simulation": 1620098860479, "time_setup_models_and_sims.TimeBuildSPMe.time_setup_SPMe": 1620098863394, "time_setup_models_and_sims.TimeBuildSPMeSimulation.time_setup_SPMe_simulation": 1620098865662, "time_solve_models.TimeSolveDFN.time_solve_model": 1620098886142, "time_solve_models.TimeSolveSPM.time_solve_model": 1620098892724, "time_solve_models.TimeSolveSPMe.time_solve_model": 1620098901619}, "benchmark_version": {"time_setup_models_and_sims.TimeBuildDFN.time_setup_DFN": "5f322e51e6b7e66125ee6949bdf25746005db467e8ffcfdcb3ace170e92bbc3d", "time_setup_models_and_sims.TimeBuildDFNSimulation.time_setup_DFN_simulation": "8de44bc542fa7d4ba28a80f24414a9444b5436673aaebba674918f5f0bfd0ebb", "time_setup_models_and_sims.TimeBuildSPM.time_setup_SPM": "0d0b3f5c67fc2da9a5794c66b70af5a45a09558d1ee95f738745385adb84fbca", "time_setup_models_and_sims.TimeBuildSPMSimulation.time_setup_SPM_simulation": "161220a99418ce4487cc29325cbae897f28d0e44ae07e1dfbfaac2cbc53a4ff9", "time_setup_models_and_sims.TimeBuildSPMe.time_setup_SPMe": "6083f5ff944353395eb4b21c97b02af555fe6528de3cd5283f5e139943945235", "time_setup_models_and_sims.TimeBuildSPMeSimulation.time_setup_SPMe_simulation": "530563cb559427795e3648d9648df9250ae100b7721f69eec356bdda7798c55e", "time_solve_models.TimeSolveDFN.time_solve_model": "914137228e20e5900cec36b0d3865f1faa2f5d479c7d6c2539514791f9ec4430", "time_solve_models.TimeSolveSPM.time_solve_model": "ef1bb5f8d1ddfa59650e20438c4b252d73e5a062714848ce1d6d5269382bc598", "time_solve_models.TimeSolveSPMe.time_solve_model": "20672028872f4620ce85e909bae705d9490de441e926510b2b0e53ff0881d87b"}, "version": 1}