{"results": {"time_setup_models_and_sims.TimeBuildDFN.time_setup_DFN": {"result": [0.6055442680000169], "stats": [{"ci_99": [0.5817578179999146, 0.6304151150000052], "q_25": 0.5941705132500203, "q_75": 0.6074040537500309, "min": 0.5817578179999146, "max": 0.6304151150000052, "mean": 0.6034579210000061, "std": 0.013080127286322013, "repeat": 10, "number": 1}]}, "time_setup_models_and_sims.TimeBuildDFNSimulation.time_setup_DFN_simulation": {"result": [0.14732133350000254, 0.23514702649998753], "stats": [{"ci_99": [0.14075850300002912, 0.15822574399999212], "q_25": 0.14532325674998958, "q_75": 0.15158341500006145, "min": 0.14075850300002912, "max": 0.15822574399999212, "mean": 0.1482655300000033, "std": 0.004856024059048704, "repeat": 10, "number": 1}, {"ci_99": [0.22851700699999355, 0.24595892299998923], "q_25": 0.23220644925004308, "q_75": 0.23907621324997308, "min": 0.22851700699999355, "max": 0.24595892299998923, "mean": 0.23559320769999773, "std": 0.005076821083282529, "repeat": 10, "number": 1}], "params": [["False", "True"]]}, "time_setup_models_and_sims.TimeBuildSPM.time_setup_SPM": {"result": [0.34595046050000633], "stats": [{"ci_99": [0.33707820600000105, 0.3666837969999506], "q_25": 0.34264907449995974, "q_75": 0.34949009950004495, "min": 0.33707820600000105, "max": 0.3666837969999506, "mean": 0.3487313078999989, "std": 0.009617594104429446, "repeat": 10, "number": 1}]}, "time_setup_models_and_sims.TimeBuildSPMSimulation.time_setup_SPM_simulation": {"result": [0.1335515209999869, 0.21160773900001573], "stats": [{"ci_99": [0.13212822000002689, 0.13824343999999655], "q_25": 0.13259139500000572, "q_75": 0.13630470625003, "min": 0.13212822000002689, "max": 0.13824343999999655, "mean": 0.13449612520000756, "std": 0.0023104408761218903, "repeat": 10, "number": 1}, {"ci_99": [0.20362401799997087, 0.21533569700000044], "q_25": 0.20610272900009363, "q_75": 0.21378210749990956, "min": 0.20362401799997087, "max": 0.21533569700000044, "mean": 0.21003485539999928, "std": 0.004342757502711254, "repeat": 10, "number": 1}], "params": [["False", "True"]]}, "time_setup_models_and_sims.TimeBuildSPMe.time_setup_SPMe": {"result": [0.5135059275000344], "stats": [{"ci_99": [0.4994418119999864, 0.5222915180000882], "q_25": 0.5076108432500064, "q_75": 0.5191720307499992, "min": 0.4994418119999864, "max": 0.5222915180000882, "mean": 0.5128678236000155, "std": 0.007356895495714393, "repeat": 10, "number": 1}]}, "time_setup_models_and_sims.TimeBuildSPMeSimulation.time_setup_SPMe_simulation": {"result": [0.15144763050003007, 0.24551027350003096], "stats": [{"ci_99": [0.1449284549999561, 0.16752587900003846], "q_25": 0.14941434325002945, "q_75": 0.15376322549997212, "min": 0.1449284549999561, "max": 0.16752587900003846, "mean": 0.15267498370001248, "std": 0.0059151536456401145, "repeat": 10, "number": 1}, {"ci_99": [0.2362892539999848, 0.26839278699998204], "q_25": 0.24324540349996937, "q_75": 0.250841793250018, "min": 0.2362892539999848, "max": 0.26839278699998204, "mean": 0.24822611330000655, "std": 0.008638204361585904, "repeat": 10, "number": 1}], "params": [["False", "True"]]}, "time_solve_models.TimeSolveDFN.time_solve_model": {"result": [0.6004877989999784, 0.7928773345000195], "stats": [{"ci_99": [0.5845579070000326, 0.6132260640000027], "q_25": 0.590851631750013, "q_75": 0.6088433750000206, "min": 0.5845579070000326, "max": 0.6132260640000027, "mean": 0.5996552504000021, "std": 0.009961606218614336, "repeat": 10, "number": 1}, {"ci_99": [0.7542578540000022, 0.8096174009999686], "q_25": 0.7650405650000778, "q_75": 0.798856360750051, "min": 0.7542578540000022, "max": 0.8096174009999686, "mean": 0.7835549472000196, "std": 0.019646657193466727, "repeat": 10, "number": 1}], "params": [["True", "False"]]}, "time_solve_models.TimeSolveSPM.time_solve_model": {"result": [0.026334719499971015, 0.051438136999991], "stats": [{"ci_99": [0.024716823999938242, 0.02702002499995615], "q_25": 0.025523257000060084, "q_75": 0.026819666750014903, "min": 0.024716823999938242, "max": 0.02702002499995615, "mean": 0.026108168099995055, "std": 0.0007962416564636395, "repeat": 10, "number": 1}, {"ci_99": [0.049149545999966904, 0.06215103099998487], "q_25": 0.050531680749912766, "q_75": 0.05298348274999398, "min": 0.049149545999966904, "max": 0.06215103099998487, "mean": 0.05249577749997343, "std": 0.00346733405178165, "repeat": 10, "number": 1}], "params": [["True", "False"]]}, "time_solve_models.TimeSolveSPMe.time_solve_model": {"result": [0.038061136499948134, 0.08657538649998742], "stats": [{"ci_99": [0.03686293500004467, 0.03980742800001735], "q_25": 0.037736605750012586, "q_75": 0.03910332399999561, "min": 0.03686293500004467, "max": 0.03980742800001735, "mean": 0.0383375638000075, "std": 0.0009419202819473163, "repeat": 10, "number": 1}, {"ci_99": [0.08343015799994191, 0.0898354159999144], "q_25": 0.0858721179999975, "q_75": 0.08865162075002786, "min": 0.08343015799994191, "max": 0.0898354159999144, "mean": 0.08697086199997557, "std": 0.0018594387888924762, "repeat": 10, "number": 1}], "params": [["True", "False"]]}}, "params": {"machine": "GitHubRunner", "python": "3.8"}, "requirements": {}, "commit_hash": "a31e2095600bb92e913598ac4d02b2b6b77b31c1", "date": 1619719321000, "env_name": "virtualenv-py3.8", "python": "3.8", "profiles": {}, "started_at": {"time_setup_models_and_sims.TimeBuildDFN.time_setup_DFN": 1619926319260, "time_setup_models_and_sims.TimeBuildDFNSimulation.time_setup_DFN_simulation": 1619926323174, "time_setup_models_and_sims.TimeBuildSPM.time_setup_SPM": 1619926325738, "time_setup_models_and_sims.TimeBuildSPMSimulation.time_setup_SPM_simulation": 1619926328148, "time_setup_models_and_sims.TimeBuildSPMe.time_setup_SPMe": 1619926330462, "time_setup_models_and_sims.TimeBuildSPMeSimulation.time_setup_SPMe_simulation": 1619926333873, "time_solve_models.TimeSolveDFN.time_solve_model": 1619926336436, "time_solve_models.TimeSolveSPM.time_solve_model": 1619926359209, "time_solve_models.TimeSolveSPMe.time_solve_model": 1619926366436}, "ended_at": {"time_setup_models_and_sims.TimeBuildDFN.time_setup_DFN": 1619926323174, "time_setup_models_and_sims.TimeBuildDFNSimulation.time_setup_DFN_simulation": 1619926325737, "time_setup_models_and_sims.TimeBuildSPM.time_setup_SPM": 1619926328148, "time_setup_models_and_sims.TimeBuildSPMSimulation.time_setup_SPM_simulation": 1619926330461, "time_setup_models_and_sims.TimeBuildSPMe.time_setup_SPMe": 1619926333873, "time_setup_models_and_sims.TimeBuildSPMeSimulation.time_setup_SPMe_simulation": 1619926336436, "time_solve_models.TimeSolveDFN.time_solve_model": 1619926359209, "time_solve_models.TimeSolveSPM.time_solve_model": 1619926366435, "time_solve_models.TimeSolveSPMe.time_solve_model": 1619926376769}, "benchmark_version": {"time_setup_models_and_sims.TimeBuildDFN.time_setup_DFN": "5f322e51e6b7e66125ee6949bdf25746005db467e8ffcfdcb3ace170e92bbc3d", "time_setup_models_and_sims.TimeBuildDFNSimulation.time_setup_DFN_simulation": "8de44bc542fa7d4ba28a80f24414a9444b5436673aaebba674918f5f0bfd0ebb", "time_setup_models_and_sims.TimeBuildSPM.time_setup_SPM": "0d0b3f5c67fc2da9a5794c66b70af5a45a09558d1ee95f738745385adb84fbca", "time_setup_models_and_sims.TimeBuildSPMSimulation.time_setup_SPM_simulation": "161220a99418ce4487cc29325cbae897f28d0e44ae07e1dfbfaac2cbc53a4ff9", "time_setup_models_and_sims.TimeBuildSPMe.time_setup_SPMe": "6083f5ff944353395eb4b21c97b02af555fe6528de3cd5283f5e139943945235", "time_setup_models_and_sims.TimeBuildSPMeSimulation.time_setup_SPMe_simulation": "530563cb559427795e3648d9648df9250ae100b7721f69eec356bdda7798c55e", "time_solve_models.TimeSolveDFN.time_solve_model": "914137228e20e5900cec36b0d3865f1faa2f5d479c7d6c2539514791f9ec4430", "time_solve_models.TimeSolveSPM.time_solve_model": "ef1bb5f8d1ddfa59650e20438c4b252d73e5a062714848ce1d6d5269382bc598", "time_solve_models.TimeSolveSPMe.time_solve_model": "20672028872f4620ce85e909bae705d9490de441e926510b2b0e53ff0881d87b"}, "version": 1}