{"results": {"time_setup_models_and_sims.TimeBuildDFN.time_setup_DFN": {"result": [0.595995479499976], "stats": [{"ci_99": [0.5724379769999928, 0.6115871739999648], "q_25": 0.5925319475000208, "q_75": 0.6052902182499622, "min": 0.5724379769999928, "max": 0.6115871739999648, "mean": 0.5961359898999887, "std": 0.01125149047235755, "repeat": 10, "number": 1}]}, "time_setup_models_and_sims.TimeBuildDFNSimulation.time_setup_DFN_simulation": {"result": [0.14274184399999967, 0.23018224300002998], "stats": [{"ci_99": [0.1338995480000449, 0.14560426100001678], "q_25": 0.14129214649999255, "q_75": 0.14476405649998014, "min": 0.1338995480000449, "max": 0.14560426100001678, "mean": 0.1421533203000024, "std": 0.0034066807387822065, "repeat": 10, "number": 1}, {"ci_99": [0.22022114200001397, 0.2432915450000337], "q_25": 0.22363878100000534, "q_75": 0.24012840975004224, "min": 0.22022114200001397, "max": 0.2432915450000337, "mean": 0.23116553410001756, "std": 0.00863342988222638, "repeat": 10, "number": 1}], "params": [["False", "True"]]}, "time_setup_models_and_sims.TimeBuildSPM.time_setup_SPM": {"result": [0.3452508155000089], "stats": [{"ci_99": [0.33558183900004224, 0.357783894000022], "q_25": 0.3399894427499959, "q_75": 0.35117723374999343, "min": 0.33558183900004224, "max": 0.357783894000022, "mean": 0.3461002666000127, "std": 0.0073060082439901685, "repeat": 10, "number": 1}]}, "time_setup_models_and_sims.TimeBuildSPMSimulation.time_setup_SPM_simulation": {"result": [0.1331716349999965, 0.201357066499952], "stats": [{"ci_99": [0.1263107280000213, 0.14032015899999806], "q_25": 0.13179323724999392, "q_75": 0.1346403487500254, "min": 0.1263107280000213, "max": 0.14032015899999806, "mean": 0.13314956310000525, "std": 0.0036619752572741244, "repeat": 10, "number": 1}, {"ci_99": [0.1935393200000135, 0.2108206139999993], "q_25": 0.19759843149996925, "q_75": 0.20270905600000333, "min": 0.1935393200000135, "max": 0.2108206139999993, "mean": 0.2014399064999907, "std": 0.00518704582698842, "repeat": 10, "number": 1}], "params": [["False", "True"]]}, "time_setup_models_and_sims.TimeBuildSPMe.time_setup_SPMe": {"result": [0.5164280735000091], "stats": [{"ci_99": [0.4921035989999609, 0.5326160050000226], "q_25": 0.504577626750006, "q_75": 0.529187252249983, "min": 0.4921035989999609, "max": 0.5326160050000226, "mean": 0.5159732049999889, "std": 0.013776396412728084, "repeat": 10, "number": 1}]}, "time_setup_models_and_sims.TimeBuildSPMeSimulation.time_setup_SPMe_simulation": {"result": [0.1484398595000016, 0.24381221550001442], "stats": [{"ci_99": [0.13986224199999242, 0.16457558700000163], "q_25": 0.14347157500002083, "q_75": 0.1535851447499823, "min": 0.13986224199999242, "max": 0.16457558700000163, "mean": 0.1498477113999968, "std": 0.007829123712589831, "repeat": 10, "number": 1}, {"ci_99": [0.22803285300000198, 0.2715134079999757], "q_25": 0.2339902264999978, "q_75": 0.2635553479999828, "min": 0.22803285300000198, "max": 0.2715134079999757, "mean": 0.247822241099999, "std": 0.015952156296472394, "repeat": 10, "number": 1}], "params": [["False", "True"]]}, "time_solve_models.TimeSolveDFN.time_solve_model": {"result": [0.5521458165000013, 0.7230811735000202], "stats": [{"ci_99": [0.5271727209999995, 0.5705366299999923], "q_25": 0.542341874750008, "q_75": 0.5624235777499962, "min": 0.5271727209999995, "max": 0.5705366299999923, "mean": 0.5514402799999971, "std": 0.012795957237560445, "repeat": 10, "number": 1}, {"ci_99": [0.7001187080000477, 0.735814720999997], "q_25": 0.7103952544999856, "q_75": 0.7293502010000026, "min": 0.7001187080000477, "max": 0.735814720999997, "mean": 0.7202975788000117, "std": 0.011587311432153644, "repeat": 10, "number": 1}], "params": [["True", "False"]]}, "time_solve_models.TimeSolveSPM.time_solve_model": {"result": [0.02574962900001765, 0.05146985749999544], "stats": [{"ci_99": [0.024791226999980154, 0.02724173100000371], "q_25": 0.025266204000004677, "q_75": 0.02618197900000041, "min": 0.024791226999980154, "max": 0.02724173100000371, "mean": 0.025855898899999376, "std": 0.000803928849090319, "repeat": 10, "number": 1}, {"ci_99": [0.04903775500002894, 0.057203463999996984], "q_25": 0.05013198150000164, "q_75": 0.053182059499988554, "min": 0.04903775500002894, "max": 0.057203463999996984, "mean": 0.052025088300007384, "std": 0.0025144781781467128, "repeat": 10, "number": 1}], "params": [["True", "False"]]}, "time_solve_models.TimeSolveSPMe.time_solve_model": {"result": [0.03992509450000625, 0.08623809100001267], "stats": [{"ci_99": [0.038718343000027744, 0.05326185900003111], "q_25": 0.03927451800002757, "q_75": 0.041283421749994886, "min": 0.038718343000027744, "max": 0.05326185900003111, "mean": 0.04147588610000526, "std": 0.0041173773956214256, "repeat": 10, "number": 1}, {"ci_99": [0.08183879099999558, 0.10348051600004737], "q_25": 0.08415131799999642, "q_75": 0.0871303462500066, "min": 0.08183879099999558, "max": 0.10348051600004737, "mean": 0.08702046560000554, "std": 0.0058336098552519205, "repeat": 10, "number": 1}], "params": [["True", "False"]]}}, "params": {"machine": "GitHubRunner", "python": "3.8"}, "requirements": {}, "commit_hash": "a31e2095600bb92e913598ac4d02b2b6b77b31c1", "date": 1619719321000, "env_name": "virtualenv-py3.8", "python": "3.8", "profiles": {}, "started_at": {"time_setup_models_and_sims.TimeBuildDFN.time_setup_DFN": 1619839746934, "time_setup_models_and_sims.TimeBuildDFNSimulation.time_setup_DFN_simulation": 1619839750797, "time_setup_models_and_sims.TimeBuildSPM.time_setup_SPM": 1619839753260, "time_setup_models_and_sims.TimeBuildSPMSimulation.time_setup_SPM_simulation": 1619839755568, "time_setup_models_and_sims.TimeBuildSPMe.time_setup_SPMe": 1619839757830, "time_setup_models_and_sims.TimeBuildSPMeSimulation.time_setup_SPMe_simulation": 1619839761242, "time_solve_models.TimeSolveDFN.time_solve_model": 1619839763755, "time_solve_models.TimeSolveSPM.time_solve_model": 1619839785264, "time_solve_models.TimeSolveSPMe.time_solve_model": 1619839792287}, "ended_at": {"time_setup_models_and_sims.TimeBuildDFN.time_setup_DFN": 1619839750797, "time_setup_models_and_sims.TimeBuildDFNSimulation.time_setup_DFN_simulation": 1619839753259, "time_setup_models_and_sims.TimeBuildSPM.time_setup_SPM": 1619839755568, "time_setup_models_and_sims.TimeBuildSPMSimulation.time_setup_SPM_simulation": 1619839757830, "time_setup_models_and_sims.TimeBuildSPMe.time_setup_SPMe": 1619839761242, "time_setup_models_and_sims.TimeBuildSPMeSimulation.time_setup_SPMe_simulation": 1619839763754, "time_solve_models.TimeSolveDFN.time_solve_model": 1619839785264, "time_solve_models.TimeSolveSPM.time_solve_model": 1619839792286, "time_solve_models.TimeSolveSPMe.time_solve_model": 1619839802567}, "benchmark_version": {"time_setup_models_and_sims.TimeBuildDFN.time_setup_DFN": "5f322e51e6b7e66125ee6949bdf25746005db467e8ffcfdcb3ace170e92bbc3d", "time_setup_models_and_sims.TimeBuildDFNSimulation.time_setup_DFN_simulation": "8de44bc542fa7d4ba28a80f24414a9444b5436673aaebba674918f5f0bfd0ebb", "time_setup_models_and_sims.TimeBuildSPM.time_setup_SPM": "0d0b3f5c67fc2da9a5794c66b70af5a45a09558d1ee95f738745385adb84fbca", "time_setup_models_and_sims.TimeBuildSPMSimulation.time_setup_SPM_simulation": "161220a99418ce4487cc29325cbae897f28d0e44ae07e1dfbfaac2cbc53a4ff9", "time_setup_models_and_sims.TimeBuildSPMe.time_setup_SPMe": "6083f5ff944353395eb4b21c97b02af555fe6528de3cd5283f5e139943945235", "time_setup_models_and_sims.TimeBuildSPMeSimulation.time_setup_SPMe_simulation": "530563cb559427795e3648d9648df9250ae100b7721f69eec356bdda7798c55e", "time_solve_models.TimeSolveDFN.time_solve_model": "914137228e20e5900cec36b0d3865f1faa2f5d479c7d6c2539514791f9ec4430", "time_solve_models.TimeSolveSPM.time_solve_model": "ef1bb5f8d1ddfa59650e20438c4b252d73e5a062714848ce1d6d5269382bc598", "time_solve_models.TimeSolveSPMe.time_solve_model": "20672028872f4620ce85e909bae705d9490de441e926510b2b0e53ff0881d87b"}, "version": 1}