{"results": {"time_setup_models_and_sims.TimeBuildDFN.time_setup_DFN": {"result": [0.5009925465000151], "stats": [{"ci_99": [0.47197759700000574, 0.5430949649999945], "q_25": 0.4927948119999854, "q_75": 0.5219442444999842, "min": 0.47197759700000574, "max": 0.5430949649999945, "mean": 0.5076862424999973, "std": 0.02173388862384386, "repeat": 10, "number": 1}]}, "time_setup_models_and_sims.TimeBuildDFNSimulation.time_setup_DFN_simulation": {"result": [0.12387170200000241, 0.1924383894999977], "stats": [{"ci_99": [0.11544986699999527, 0.13882578099998], "q_25": 0.12118600575001182, "q_75": 0.13370616499999954, "min": 0.11544986699999527, "max": 0.13882578099998, "mean": 0.1262551127999984, "std": 0.008000371273227886, "repeat": 10, "number": 1}, {"ci_99": [0.18895110300002216, 0.21083090400000515], "q_25": 0.19012637175000435, "q_75": 0.2010897542500132, "min": 0.18895110300002216, "max": 0.21083090400000515, "mean": 0.19642976400000406, "std": 0.007964529317907032, "repeat": 10, "number": 1}], "params": [["False", "True"]]}, "time_setup_models_and_sims.TimeBuildSPM.time_setup_SPM": {"result": [0.2930135804999878], "stats": [{"ci_99": [0.27777569599999197, 0.33685016000001156], "q_25": 0.28677589000000836, "q_75": 0.2992578309999985, "min": 0.27777569599999197, "max": 0.33685016000001156, "mean": 0.29682048690000046, "std": 0.016674546228651298, "repeat": 10, "number": 1}]}, "time_setup_models_and_sims.TimeBuildSPMSimulation.time_setup_SPM_simulation": {"result": [0.12168244399998684, 0.1760515824999942], "stats": [{"ci_99": [0.11591201199999546, 0.1295111009999914], "q_25": 0.11800324550001307, "q_75": 0.1269931560000046, "min": 0.11591201199999546, "max": 0.1295111009999914, "mean": 0.12232072519999804, "std": 0.004835694317607768, "repeat": 10, "number": 1}, {"ci_99": [0.16671012000000474, 0.18400191699998913], "q_25": 0.17433719049999752, "q_75": 0.18189122399999746, "min": 0.16671012000000474, "max": 0.18400191699998913, "mean": 0.1769550235999958, "std": 0.005141683924696743, "repeat": 10, "number": 1}], "params": [["False", "True"]]}, "time_setup_models_and_sims.TimeBuildSPMe.time_setup_SPMe": {"result": [0.4137151359999933], "stats": [{"ci_99": [0.40145094499999345, 0.45712823900001354], "q_25": 0.40993657150000473, "q_75": 0.4203406977499995, "min": 0.40145094499999345, "max": 0.45712823900001354, "mean": 0.41980288459999715, "std": 0.01734997914708276, "repeat": 10, "number": 1}]}, "time_setup_models_and_sims.TimeBuildSPMeSimulation.time_setup_SPMe_simulation": {"result": [0.12469509799998946, 0.20754696300001285], "stats": [{"ci_99": [0.12045513200001778, 0.13132930400001896], "q_25": 0.12167292024997778, "q_75": 0.12773663699999815, "min": 0.12045513200001778, "max": 0.13132930400001896, "mean": 0.12518856739999648, "std": 0.0038106467726243764, "repeat": 10, "number": 1}, {"ci_99": [0.20068714999999315, 0.22076849000001175], "q_25": 0.20496372200001645, "q_75": 0.21577053874998597, "min": 0.20068714999999315, "max": 0.22076849000001175, "mean": 0.20958005380000486, "std": 0.007035209167888067, "repeat": 10, "number": 1}], "params": [["False", "True"]]}, "time_solve_models.TimeSolveDFN.time_solve_model": {"result": [0.545221827000006, 0.7082316274999982], "stats": [{"ci_99": [0.5106269249999968, 0.572653951999996], "q_25": 0.5346821337499961, "q_75": 0.551593538749998, "min": 0.5106269249999968, "max": 0.572653951999996, "mean": 0.5443785576000011, "std": 0.016628264836002132, "repeat": 10, "number": 1}, {"ci_99": [0.6685241330000053, 0.7425938469999949], "q_25": 0.701416046499979, "q_75": 0.7135045932500148, "min": 0.6685241330000053, "max": 0.7425938469999949, "mean": 0.7079738866999975, "std": 0.018085055071806216, "repeat": 10, "number": 1}], "params": [["True", "False"]]}, "time_solve_models.TimeSolveSPM.time_solve_model": {"result": [0.021869749499984437, 0.04350471949999246], "stats": [{"ci_99": [0.019191687999978058, 0.02649353300000712], "q_25": 0.01988393149998302, "q_75": 0.02279068699999698, "min": 0.019191687999978058, "max": 0.02649353300000712, "mean": 0.021746382399990695, "std": 0.0020668626949679465, "repeat": 10, "number": 1}, {"ci_99": [0.04220599600000696, 0.04978774900001781], "q_25": 0.04287434524999867, "q_75": 0.04493225700000636, "min": 0.04220599600000696, "max": 0.04978774900001781, "mean": 0.044605627700002516, "std": 0.002500500878451916, "repeat": 10, "number": 1}], "params": [["True", "False"]]}, "time_solve_models.TimeSolveSPMe.time_solve_model": {"result": [0.033919587499994464, 0.07436974550002162], "stats": [{"ci_99": [0.029582070999992993, 0.0386419280000041], "q_25": 0.03267690424999614, "q_75": 0.03536043574999326, "min": 0.029582070999992993, "max": 0.0386419280000041, "mean": 0.033941712799997956, "std": 0.0023970435430474696, "repeat": 10, "number": 1}, {"ci_99": [0.06937808999998651, 0.08271829799997477], "q_25": 0.07217926099999517, "q_75": 0.07601070675000443, "min": 0.06937808999998651, "max": 0.08271829799997477, "mean": 0.07454245710000577, "std": 0.0035358090372394893, "repeat": 10, "number": 1}], "params": [["True", "False"]]}}, "params": {"machine": "GitHubRunner", "python": "3.8"}, "requirements": {}, "commit_hash": "a31e2095600bb92e913598ac4d02b2b6b77b31c1", "date": 1619719321000, "env_name": "virtualenv-py3.8", "python": "3.8", "profiles": {}, "started_at": {"time_setup_models_and_sims.TimeBuildDFN.time_setup_DFN": 1620012610502, "time_setup_models_and_sims.TimeBuildDFNSimulation.time_setup_DFN_simulation": 1620012613771, "time_setup_models_and_sims.TimeBuildSPM.time_setup_SPM": 1620012615888, "time_setup_models_and_sims.TimeBuildSPMSimulation.time_setup_SPM_simulation": 1620012617898, "time_setup_models_and_sims.TimeBuildSPMe.time_setup_SPMe": 1620012619921, "time_setup_models_and_sims.TimeBuildSPMeSimulation.time_setup_SPMe_simulation": 1620012622785, "time_solve_models.TimeSolveDFN.time_solve_model": 1620012625050, "time_solve_models.TimeSolveSPM.time_solve_model": 1620012645177, "time_solve_models.TimeSolveSPMe.time_solve_model": 1620012651257}, "ended_at": {"time_setup_models_and_sims.TimeBuildDFN.time_setup_DFN": 1620012613770, "time_setup_models_and_sims.TimeBuildDFNSimulation.time_setup_DFN_simulation": 1620012615887, "time_setup_models_and_sims.TimeBuildSPM.time_setup_SPM": 1620012617898, "time_setup_models_and_sims.TimeBuildSPMSimulation.time_setup_SPM_simulation": 1620012619920, "time_setup_models_and_sims.TimeBuildSPMe.time_setup_SPMe": 1620012622784, "time_setup_models_and_sims.TimeBuildSPMeSimulation.time_setup_SPMe_simulation": 1620012625049, "time_solve_models.TimeSolveDFN.time_solve_model": 1620012645176, "time_solve_models.TimeSolveSPM.time_solve_model": 1620012651256, "time_solve_models.TimeSolveSPMe.time_solve_model": 1620012660194}, "benchmark_version": {"time_setup_models_and_sims.TimeBuildDFN.time_setup_DFN": "5f322e51e6b7e66125ee6949bdf25746005db467e8ffcfdcb3ace170e92bbc3d", "time_setup_models_and_sims.TimeBuildDFNSimulation.time_setup_DFN_simulation": "8de44bc542fa7d4ba28a80f24414a9444b5436673aaebba674918f5f0bfd0ebb", "time_setup_models_and_sims.TimeBuildSPM.time_setup_SPM": "0d0b3f5c67fc2da9a5794c66b70af5a45a09558d1ee95f738745385adb84fbca", "time_setup_models_and_sims.TimeBuildSPMSimulation.time_setup_SPM_simulation": "161220a99418ce4487cc29325cbae897f28d0e44ae07e1dfbfaac2cbc53a4ff9", "time_setup_models_and_sims.TimeBuildSPMe.time_setup_SPMe": "6083f5ff944353395eb4b21c97b02af555fe6528de3cd5283f5e139943945235", "time_setup_models_and_sims.TimeBuildSPMeSimulation.time_setup_SPMe_simulation": "530563cb559427795e3648d9648df9250ae100b7721f69eec356bdda7798c55e", "time_solve_models.TimeSolveDFN.time_solve_model": "914137228e20e5900cec36b0d3865f1faa2f5d479c7d6c2539514791f9ec4430", "time_solve_models.TimeSolveSPM.time_solve_model": "ef1bb5f8d1ddfa59650e20438c4b252d73e5a062714848ce1d6d5269382bc598", "time_solve_models.TimeSolveSPMe.time_solve_model": "20672028872f4620ce85e909bae705d9490de441e926510b2b0e53ff0881d87b"}, "version": 1}