{"results": {"time_setup_models_and_sims.TimeBuildDFN.time_setup_DFN": {"result": [1.0577718824997646], "stats": [{"ci_99": [1.005285532999551, 1.1243421390008734], "q_25": 1.0450631077505932, "q_75": 1.08747684150012, "min": 1.005285532999551, "max": 1.1243421390008734, "mean": 1.0657945525001196, "std": 0.03358069997225111, "repeat": 10, "number": 1}]}, "time_setup_models_and_sims.TimeBuildDFNSimulation.time_setup_DFN_simulation": {"result": [0.09331229049985268, 0.19870797149997088], "stats": [{"ci_99": [0.09206217999962973, 0.0952985069998249], "q_25": 0.09270788624871784, "q_75": 0.09377884349987653, "min": 0.09206217999962973, "max": 0.0952985069998249, "mean": 0.09337500119963807, "std": 0.0009245965651036274, "repeat": 10, "number": 1}, {"ci_99": [0.18586437799967825, 0.20897594500092964], "q_25": 0.19212052025113735, "q_75": 0.20085193824934322, "min": 0.18586437799967825, "max": 0.20897594500092964, "mean": 0.1974806221001927, "std": 0.006858281323332194, "repeat": 10, "number": 1}], "params": [["False", "True"]]}, "time_setup_models_and_sims.TimeBuildSPM.time_setup_SPM": {"result": [0.7284746349996567], "stats": [{"ci_99": [0.668966344999717, 0.7569486110005528], "q_25": 0.7039700942500531, "q_75": 0.7410212150007283, "min": 0.668966344999717, "max": 0.7569486110005528, "mean": 0.7221007754998936, "std": 0.028199334909893674, "repeat": 10, "number": 1}]}, "time_setup_models_and_sims.TimeBuildSPMSimulation.time_setup_SPM_simulation": {"result": [0.26141233749967796, 0.4668389050002588], "stats": [{"ci_99": [0.24579911699947843, 0.2675132770000346], "q_25": 0.2541133544996228, "q_75": 0.2629638225002964, "min": 0.24579911699947843, "max": 0.2675132770000346, "mean": 0.25842685279985744, "std": 0.006518322790147654, "repeat": 10, "number": 1}, {"ci_99": [0.4374527330001001, 0.5002059079997707], "q_25": 0.4476297427509053, "q_75": 0.48601704450038596, "min": 0.4374527330001001, "max": 0.5002059079997707, "mean": 0.46747508000044036, "std": 0.022474745339866174, "repeat": 10, "number": 1}], "params": [["False", "True"]]}, "time_setup_models_and_sims.TimeBuildSPMe.time_setup_SPMe": {"result": [0.8825306315002308], "stats": [{"ci_99": [0.8454007470008946, 0.9292009869986941], "q_25": 0.8661766297504983, "q_75": 0.8928301277487662, "min": 0.8454007470008946, "max": 0.9292009869986941, "mean": 0.8833048469998175, "std": 0.02421439232056159, "repeat": 10, "number": 1}]}, "time_setup_models_and_sims.TimeBuildSPMeSimulation.time_setup_SPMe_simulation": {"result": [0.1326278814995021, 0.24049232700053835], "stats": [{"ci_99": [0.12686053999823343, 0.14500937400043767], "q_25": 0.12901075549962115, "q_75": 0.1370128867506537, "min": 0.12686053999823343, "max": 0.14500937400043767, "mean": 0.1333093563998773, "std": 0.005411941373111319, "repeat": 10, "number": 1}, {"ci_99": [0.22966820199872018, 0.26202093699976103], "q_25": 0.23572521799951573, "q_75": 0.2501317019991802, "min": 0.22966820199872018, "max": 0.26202093699976103, "mean": 0.2429242174996034, "std": 0.00983226801858773, "repeat": 10, "number": 1}], "params": [["False", "True"]]}, "time_solve_models.TimeSolveDFN.time_solve_model": {"result": [1.3425503779999417, 1.4994564855005592], "stats": [{"ci_99": [1.2976846361105767, 1.3792830298887748], "q_25": 1.3184015447500315, "q_75": 1.359680267249587, "min": 1.3026130479993299, "max": 1.3674470299993118, "mean": 1.3384838329996758, "std": 0.024243161036429314, "repeat": 6, "number": 1}, {"ci_99": [1.4785442459997284, 1.5474687259993516], "q_25": 1.487971517499318, "q_75": 1.514808665000146, "min": 1.4785442459997284, "max": 1.5474687259993516, "mean": 1.5039952436250132, "std": 0.021383857356110897, "repeat": 8, "number": 1}], "params": [["True", "False"]]}, "time_solve_models.TimeSolveSPM.time_solve_model": {"result": [0.06892570899981365, 0.11344168849973357], "stats": [{"ci_99": [0.06646989000000758, 0.07786127600047621], "q_25": 0.06724247224974533, "q_75": 0.07425254774989298, "min": 0.06646989000000758, "max": 0.07786127600047621, "mean": 0.07087499349981954, "std": 0.004226009679616352, "repeat": 10, "number": 1}, {"ci_99": [0.1092636079993099, 0.12635653500001354], "q_25": 0.11021956349986795, "q_75": 0.12231717699978617, "min": 0.1092636079993099, "max": 0.12635653500001354, "mean": 0.11602718729991465, "std": 0.006241696165303848, "repeat": 10, "number": 1}], "params": [["True", "False"]]}, "time_solve_models.TimeSolveSPMe.time_solve_model": {"result": [0.10946790900015912, 0.18120538800121722], "stats": [{"ci_99": [0.10323526199863409, 0.12763504100075806], "q_25": 0.1072322927498135, "q_75": 0.11785277124909044, "min": 0.10323526199863409, "max": 0.12763504100075806, "mean": 0.11238107019962626, "std": 0.007170647189144356, "repeat": 10, "number": 1}, {"ci_99": [0.17787821199999598, 0.19657514999926207], "q_25": 0.17923970099946018, "q_75": 0.1893028739991678, "min": 0.17787821199999598, "max": 0.19657514999926207, "mean": 0.18441288200010603, "std": 0.006836737974699046, "repeat": 10, "number": 1}], "params": [["True", "False"]]}}, "params": {"machine": "GitHubRunner", "python": "3.8"}, "requirements": {}, "commit_hash": "a45f180b8d55d00882c4f56d64c557cdf97e819e", "date": 1590077139000, "env_name": "virtualenv-py3.8", "python": "3.8", "profiles": {}, "started_at": {"time_setup_models_and_sims.TimeBuildDFN.time_setup_DFN": 1613153849811, "time_setup_models_and_sims.TimeBuildDFNSimulation.time_setup_DFN_simulation": 1613153856435, "time_setup_models_and_sims.TimeBuildSPM.time_setup_SPM": 1613153858499, "time_setup_models_and_sims.TimeBuildSPMSimulation.time_setup_SPM_simulation": 1613153863117, "time_setup_models_and_sims.TimeBuildSPMe.time_setup_SPMe": 1613153867790, "time_setup_models_and_sims.TimeBuildSPMeSimulation.time_setup_SPMe_simulation": 1613153873310, "time_solve_models.TimeSolveDFN.time_solve_model": 1613153875827, "time_solve_models.TimeSolveSPM.time_solve_model": 1613153906275, "time_solve_models.TimeSolveSPMe.time_solve_model": 1613153918872}, "ended_at": {"time_setup_models_and_sims.TimeBuildDFN.time_setup_DFN": 1613153856434, "time_setup_models_and_sims.TimeBuildDFNSimulation.time_setup_DFN_simulation": 1613153858498, "time_setup_models_and_sims.TimeBuildSPM.time_setup_SPM": 1613153863117, "time_setup_models_and_sims.TimeBuildSPMSimulation.time_setup_SPM_simulation": 1613153867789, "time_setup_models_and_sims.TimeBuildSPMe.time_setup_SPMe": 1613153873310, "time_setup_models_and_sims.TimeBuildSPMeSimulation.time_setup_SPMe_simulation": 1613153875826, "time_solve_models.TimeSolveDFN.time_solve_model": 1613153906274, "time_solve_models.TimeSolveSPM.time_solve_model": 1613153918871, "time_solve_models.TimeSolveSPMe.time_solve_model": 1613153934674}, "benchmark_version": {"time_setup_models_and_sims.TimeBuildDFN.time_setup_DFN": "5f322e51e6b7e66125ee6949bdf25746005db467e8ffcfdcb3ace170e92bbc3d", "time_setup_models_and_sims.TimeBuildDFNSimulation.time_setup_DFN_simulation": "8de44bc542fa7d4ba28a80f24414a9444b5436673aaebba674918f5f0bfd0ebb", "time_setup_models_and_sims.TimeBuildSPM.time_setup_SPM": "0d0b3f5c67fc2da9a5794c66b70af5a45a09558d1ee95f738745385adb84fbca", "time_setup_models_and_sims.TimeBuildSPMSimulation.time_setup_SPM_simulation": "161220a99418ce4487cc29325cbae897f28d0e44ae07e1dfbfaac2cbc53a4ff9", "time_setup_models_and_sims.TimeBuildSPMe.time_setup_SPMe": "6083f5ff944353395eb4b21c97b02af555fe6528de3cd5283f5e139943945235", "time_setup_models_and_sims.TimeBuildSPMeSimulation.time_setup_SPMe_simulation": "530563cb559427795e3648d9648df9250ae100b7721f69eec356bdda7798c55e", "time_solve_models.TimeSolveDFN.time_solve_model": "914137228e20e5900cec36b0d3865f1faa2f5d479c7d6c2539514791f9ec4430", "time_solve_models.TimeSolveSPM.time_solve_model": "ef1bb5f8d1ddfa59650e20438c4b252d73e5a062714848ce1d6d5269382bc598", "time_solve_models.TimeSolveSPMe.time_solve_model": "20672028872f4620ce85e909bae705d9490de441e926510b2b0e53ff0881d87b"}, "version": 1}