{"results": {"time_setup_models_and_sims.TimeBuildDFN.time_setup_DFN": {"result": [0.686294767000021], "stats": [{"ci_99": [0.6633459349999953, 0.718162991999975], "q_25": 0.6810202894999975, "q_75": 0.691763458749989, "min": 0.6633459349999953, "max": 0.718162991999975, "mean": 0.6874378725000042, "std": 0.013668114039192806, "repeat": 10, "number": 1}]}, "time_setup_models_and_sims.TimeBuildDFNSimulation.time_setup_DFN_simulation": {"result": [0.16588917499998956, 0.27517955199999733], "stats": [{"ci_99": [0.16371287200001916, 0.1686543859999574], "q_25": 0.16512179149999895, "q_75": 0.16693816525001637, "min": 0.16371287200001916, "max": 0.1686543859999574, "mean": 0.16608871699999667, "std": 0.001437244367686302, "repeat": 10, "number": 1}, {"ci_99": [0.26931979899995895, 0.2974780659999965], "q_25": 0.27138208599997427, "q_75": 0.27777025974997116, "min": 0.26931979899995895, "max": 0.2974780659999965, "mean": 0.2764321489999929, "std": 0.0076864315051452334, "repeat": 10, "number": 1}], "params": [["False", "True"]]}, "time_setup_models_and_sims.TimeBuildSPM.time_setup_SPM": {"result": [0.3991200565000099], "stats": [{"ci_99": [0.38983479899997064, 0.41419751000000815], "q_25": 0.3936442729999925, "q_75": 0.4060358797500214, "min": 0.38983479899997064, "max": 0.41419751000000815, "mean": 0.4002317807000054, "std": 0.007482572438839175, "repeat": 10, "number": 1}]}, "time_setup_models_and_sims.TimeBuildSPMSimulation.time_setup_SPM_simulation": {"result": [0.15763151950000065, 0.24193409150001344], "stats": [{"ci_99": [0.15490465299996004, 0.16488511899996183], "q_25": 0.1558563592500093, "q_75": 0.15979860874999474, "min": 0.15490465299996004, "max": 0.16488511899996183, "mean": 0.15850349609999625, "std": 0.00328212108131352, "repeat": 10, "number": 1}, {"ci_99": [0.2362128030000008, 0.25298455800003694], "q_25": 0.24066346949997808, "q_75": 0.24427002850002566, "min": 0.2362128030000008, "max": 0.25298455800003694, "mean": 0.2428942606000021, "std": 0.004673055560327911, "repeat": 10, "number": 1}], "params": [["False", "True"]]}, "time_setup_models_and_sims.TimeBuildSPMe.time_setup_SPMe": {"result": [0.6044990914999744], "stats": [{"ci_99": [0.5854239440000129, 0.6948429180000062], "q_25": 0.601099464750007, "q_75": 0.6274599025000214, "min": 0.5854239440000129, "max": 0.6948429180000062, "mean": 0.6177794035000034, "std": 0.03124765616113815, "repeat": 10, "number": 1}]}, "time_setup_models_and_sims.TimeBuildSPMeSimulation.time_setup_SPMe_simulation": {"result": [0.17757128200000238, 0.29323450000001117], "stats": [{"ci_99": [0.1720077470000092, 0.19064515799999526], "q_25": 0.17482021799997938, "q_75": 0.18056174625002086, "min": 0.1720077470000092, "max": 0.19064515799999526, "mean": 0.17849665680000157, "std": 0.005036053643213953, "repeat": 10, "number": 1}, {"ci_99": [0.28137944000002335, 0.33411462300000494], "q_25": 0.28566458674997364, "q_75": 0.31340759400004004, "min": 0.28137944000002335, "max": 0.33411462300000494, "mean": 0.30022515950000184, "std": 0.017279055355996723, "repeat": 10, "number": 1}], "params": [["False", "True"]]}, "time_solve_models.TimeSolveDFN.time_solve_model": {"result": [0.6949158414999772, 0.8934589305000031], "stats": [{"ci_99": [0.6478949749999856, 0.724011666000024], "q_25": 0.6816175340000115, "q_75": 0.7076607260000145, "min": 0.6478949749999856, "max": 0.724011666000024, "mean": 0.6930570215000031, "std": 0.02312685760966142, "repeat": 8, "number": 1}, {"ci_99": [0.8634615089999897, 0.9928848330000051], "q_25": 0.882406725249993, "q_75": 0.9716194907500153, "min": 0.8634615089999897, "max": 0.9928848330000051, "mean": 0.9180029056999957, "std": 0.048934021414867836, "repeat": 10, "number": 1}], "params": [["True", "False"]]}, "time_solve_models.TimeSolveSPM.time_solve_model": {"result": [0.029433429500016928, 0.05871815500000821], "stats": [{"ci_99": [0.028848281000023235, 0.04283035500003507], "q_25": 0.029222704250017273, "q_75": 0.030722061999995276, "min": 0.028848281000023235, "max": 0.04283035500003507, "mean": 0.03107201930000656, "std": 0.004004524790526423, "repeat": 10, "number": 1}, {"ci_99": [0.05718604100002267, 0.06216417100000626], "q_25": 0.058004647750024674, "q_75": 0.060422295750001354, "min": 0.05718604100002267, "max": 0.06216417100000626, "mean": 0.05930219870000997, "std": 0.0016016971685575698, "repeat": 10, "number": 1}], "params": [["True", "False"]]}, "time_solve_models.TimeSolveSPMe.time_solve_model": {"result": [0.04569519449998438, 0.10702077100000906], "stats": [{"ci_99": [0.04403274399999191, 0.04992616200001976], "q_25": 0.045197660999960476, "q_75": 0.04659844750003117, "min": 0.04403274399999191, "max": 0.04992616200001976, "mean": 0.04610048540000093, "std": 0.0015096879573108244, "repeat": 10, "number": 1}, {"ci_99": [0.0998172260000274, 0.13953835000000936], "q_25": 0.10064611774998866, "q_75": 0.11730642625003895, "min": 0.0998172260000274, "max": 0.13953835000000936, "mean": 0.1108550401000116, "std": 0.01240547967852582, "repeat": 10, "number": 1}], "params": [["True", "False"]]}}, "params": {"machine": "GitHubRunner", "python": "3.8"}, "requirements": {}, "commit_hash": "a8f7b99ab42c71d7af6a243bf6ad060f43465424", "date": 1620947520000, "env_name": "virtualenv-py3.8", "python": "3.8", "profiles": {}, "started_at": {"time_setup_models_and_sims.TimeBuildDFN.time_setup_DFN": 1621741607443, "time_setup_models_and_sims.TimeBuildDFNSimulation.time_setup_DFN_simulation": 1621741612012, "time_setup_models_and_sims.TimeBuildSPM.time_setup_SPM": 1621741614981, "time_setup_models_and_sims.TimeBuildSPMSimulation.time_setup_SPM_simulation": 1621741617693, "time_setup_models_and_sims.TimeBuildSPMe.time_setup_SPMe": 1621741620359, "time_setup_models_and_sims.TimeBuildSPMeSimulation.time_setup_SPMe_simulation": 1621741624627, "time_solve_models.TimeSolveDFN.time_solve_model": 1621741627847, "time_solve_models.TimeSolveSPM.time_solve_model": 1621741652432, "time_solve_models.TimeSolveSPMe.time_solve_model": 1621741660817}, "ended_at": {"time_setup_models_and_sims.TimeBuildDFN.time_setup_DFN": 1621741612011, "time_setup_models_and_sims.TimeBuildDFNSimulation.time_setup_DFN_simulation": 1621741614980, "time_setup_models_and_sims.TimeBuildSPM.time_setup_SPM": 1621741617692, "time_setup_models_and_sims.TimeBuildSPMSimulation.time_setup_SPM_simulation": 1621741620358, "time_setup_models_and_sims.TimeBuildSPMe.time_setup_SPMe": 1621741624626, "time_setup_models_and_sims.TimeBuildSPMeSimulation.time_setup_SPMe_simulation": 1621741627846, "time_solve_models.TimeSolveDFN.time_solve_model": 1621741652431, "time_solve_models.TimeSolveSPM.time_solve_model": 1621741660817, "time_solve_models.TimeSolveSPMe.time_solve_model": 1621741673666}, "benchmark_version": {"time_setup_models_and_sims.TimeBuildDFN.time_setup_DFN": "5f322e51e6b7e66125ee6949bdf25746005db467e8ffcfdcb3ace170e92bbc3d", "time_setup_models_and_sims.TimeBuildDFNSimulation.time_setup_DFN_simulation": "8de44bc542fa7d4ba28a80f24414a9444b5436673aaebba674918f5f0bfd0ebb", "time_setup_models_and_sims.TimeBuildSPM.time_setup_SPM": "0d0b3f5c67fc2da9a5794c66b70af5a45a09558d1ee95f738745385adb84fbca", "time_setup_models_and_sims.TimeBuildSPMSimulation.time_setup_SPM_simulation": "161220a99418ce4487cc29325cbae897f28d0e44ae07e1dfbfaac2cbc53a4ff9", "time_setup_models_and_sims.TimeBuildSPMe.time_setup_SPMe": "6083f5ff944353395eb4b21c97b02af555fe6528de3cd5283f5e139943945235", "time_setup_models_and_sims.TimeBuildSPMeSimulation.time_setup_SPMe_simulation": "530563cb559427795e3648d9648df9250ae100b7721f69eec356bdda7798c55e", "time_solve_models.TimeSolveDFN.time_solve_model": "914137228e20e5900cec36b0d3865f1faa2f5d479c7d6c2539514791f9ec4430", "time_solve_models.TimeSolveSPM.time_solve_model": "ef1bb5f8d1ddfa59650e20438c4b252d73e5a062714848ce1d6d5269382bc598", "time_solve_models.TimeSolveSPMe.time_solve_model": "20672028872f4620ce85e909bae705d9490de441e926510b2b0e53ff0881d87b"}, "version": 1}