{"results": {"time_setup_models_and_sims.TimeBuildDFN.time_setup_DFN": {"result": [0.7131159125000011], "stats": [{"ci_99": [0.658792998000024, 0.7899300400000016], "q_25": 0.7017559517500302, "q_75": 0.7335349092499825, "min": 0.658792998000024, "max": 0.7899300400000016, "mean": 0.7159872095000083, "std": 0.03578667394770681, "repeat": 10, "number": 1}]}, "time_setup_models_and_sims.TimeBuildDFNSimulation.time_setup_DFN_simulation": {"result": [0.1644019630000173, 0.27171484349997854], "stats": [{"ci_99": [0.15774104199999783, 0.1803535249999868], "q_25": 0.16233931774999633, "q_75": 0.16856655199997306, "min": 0.15774104199999783, "max": 0.1803535249999868, "mean": 0.16599264999998695, "std": 0.005885382223290847, "repeat": 10, "number": 1}, {"ci_99": [0.2575782789999721, 0.2849891039999761], "q_25": 0.26634454350001135, "q_75": 0.27835693424998453, "min": 0.2575782789999721, "max": 0.2849891039999761, "mean": 0.2714201090999893, "std": 0.008702984672684929, "repeat": 10, "number": 1}], "params": [["False", "True"]]}, "time_setup_models_and_sims.TimeBuildSPM.time_setup_SPM": {"result": [0.40525860550002335], "stats": [{"ci_99": [0.391288540000005, 0.4155652009999926], "q_25": 0.4000284437500028, "q_75": 0.4129808394999941, "min": 0.391288540000005, "max": 0.4155652009999926, "mean": 0.4054313105000119, "std": 0.007641344655635202, "repeat": 10, "number": 1}]}, "time_setup_models_and_sims.TimeBuildSPMSimulation.time_setup_SPM_simulation": {"result": [0.15447526649998622, 0.22828792350000526], "stats": [{"ci_99": [0.14755857500000502, 0.16505205499998965], "q_25": 0.15126681175001977, "q_75": 0.15811615275002566, "min": 0.14755857500000502, "max": 0.16505205499998965, "mean": 0.15531462040000293, "std": 0.0055926340830690525, "repeat": 10, "number": 1}, {"ci_99": [0.2243674260000148, 0.24377454199998283], "q_25": 0.22572958725004355, "q_75": 0.23851901825000255, "min": 0.2243674260000148, "max": 0.24377454199998283, "mean": 0.23192751340000656, "std": 0.007309854156079185, "repeat": 10, "number": 1}], "params": [["False", "True"]]}, "time_setup_models_and_sims.TimeBuildSPMe.time_setup_SPMe": {"result": [0.6041645359999848], "stats": [{"ci_99": [0.5904339659999778, 0.6399192979999953], "q_25": 0.5958620005000057, "q_75": 0.6103111957500147, "min": 0.5904339659999778, "max": 0.6399192979999953, "mean": 0.6061197951999986, "std": 0.014109748856047034, "repeat": 10, "number": 1}]}, "time_setup_models_and_sims.TimeBuildSPMeSimulation.time_setup_SPMe_simulation": {"result": [0.17420501600003035, 0.28859075500002973], "stats": [{"ci_99": [0.16449987099997543, 0.18609347599999637], "q_25": 0.1708216530000044, "q_75": 0.18244615574995748, "min": 0.16449987099997543, "max": 0.18609347599999637, "mean": 0.17569461479999973, "std": 0.0069979206731560365, "repeat": 10, "number": 1}, {"ci_99": [0.26751075299995364, 0.3017492129999937], "q_25": 0.2856583195000013, "q_75": 0.2937717315000299, "min": 0.26751075299995364, "max": 0.3017492129999937, "mean": 0.28862080500000503, "std": 0.00943261583487696, "repeat": 10, "number": 1}], "params": [["False", "True"]]}, "time_solve_models.TimeSolveDFN.time_solve_model": {"result": [0.696493729000025, 0.9040639074999888], "stats": [{"ci_99": [0.6798528209999972, 0.727790825999989], "q_25": 0.6876098842500227, "q_75": 0.7086818979999947, "min": 0.6798528209999972, "max": 0.727790825999989, "mean": 0.699600996000008, "std": 0.014894962556346012, "repeat": 8, "number": 1}, {"ci_99": [0.8854659700000411, 0.9373154990000216], "q_25": 0.8956405057500092, "q_75": 0.9234983479999528, "min": 0.8854659700000411, "max": 0.9373154990000216, "mean": 0.9088785638999923, "std": 0.017375837227562804, "repeat": 10, "number": 1}], "params": [["True", "False"]]}, "time_solve_models.TimeSolveSPM.time_solve_model": {"result": [0.02803073150002433, 0.060293374500020036], "stats": [{"ci_99": [0.026313023000000157, 0.030765544000018963], "q_25": 0.027180027750006275, "q_75": 0.02863978400002054, "min": 0.026313023000000157, "max": 0.030765544000018963, "mean": 0.028107061600013594, "std": 0.0012899710471206086, "repeat": 10, "number": 1}, {"ci_99": [0.055125844000031066, 0.0756159549999893], "q_25": 0.05735389375000466, "q_75": 0.06546718174998034, "min": 0.055125844000031066, "max": 0.0756159549999893, "mean": 0.061915407300000426, "std": 0.005888566297056508, "repeat": 10, "number": 1}], "params": [["True", "False"]]}, "time_solve_models.TimeSolveSPMe.time_solve_model": {"result": [0.044075706999990416, 0.10361284399996862], "stats": [{"ci_99": [0.042103096999994705, 0.052552731999981006], "q_25": 0.04252096624999524, "q_75": 0.04723010925000892, "min": 0.042103096999994705, "max": 0.052552731999981006, "mean": 0.04529597629999103, "std": 0.0032947122893892495, "repeat": 10, "number": 1}, {"ci_99": [0.10004587700001366, 0.10974591600000849], "q_25": 0.10147765700001798, "q_75": 0.10751663024997526, "min": 0.10004587700001366, "max": 0.10974591600000849, "mean": 0.10448312459998874, "std": 0.003588871792720373, "repeat": 10, "number": 1}], "params": [["True", "False"]]}}, "params": {"machine": "GitHubRunner", "python": "3.8"}, "requirements": {}, "commit_hash": "a8f7b99ab42c71d7af6a243bf6ad060f43465424", "date": 1620947520000, "env_name": "virtualenv-py3.8", "python": "3.8", "profiles": {}, "started_at": {"time_setup_models_and_sims.TimeBuildDFN.time_setup_DFN": 1621654568089, "time_setup_models_and_sims.TimeBuildDFNSimulation.time_setup_DFN_simulation": 1621654572658, "time_setup_models_and_sims.TimeBuildSPM.time_setup_SPM": 1621654575523, "time_setup_models_and_sims.TimeBuildSPMSimulation.time_setup_SPM_simulation": 1621654578233, "time_setup_models_and_sims.TimeBuildSPMe.time_setup_SPMe": 1621654580797, "time_setup_models_and_sims.TimeBuildSPMeSimulation.time_setup_SPMe_simulation": 1621654584810, "time_solve_models.TimeSolveDFN.time_solve_model": 1621654587874, "time_solve_models.TimeSolveSPM.time_solve_model": 1621654612135, "time_solve_models.TimeSolveSPMe.time_solve_model": 1621654620364}, "ended_at": {"time_setup_models_and_sims.TimeBuildDFN.time_setup_DFN": 1621654572658, "time_setup_models_and_sims.TimeBuildDFNSimulation.time_setup_DFN_simulation": 1621654575522, "time_setup_models_and_sims.TimeBuildSPM.time_setup_SPM": 1621654578232, "time_setup_models_and_sims.TimeBuildSPMSimulation.time_setup_SPM_simulation": 1621654580796, "time_setup_models_and_sims.TimeBuildSPMe.time_setup_SPMe": 1621654584809, "time_setup_models_and_sims.TimeBuildSPMeSimulation.time_setup_SPMe_simulation": 1621654587873, "time_solve_models.TimeSolveDFN.time_solve_model": 1621654612135, "time_solve_models.TimeSolveSPM.time_solve_model": 1621654620363, "time_solve_models.TimeSolveSPMe.time_solve_model": 1621654632654}, "benchmark_version": {"time_setup_models_and_sims.TimeBuildDFN.time_setup_DFN": "5f322e51e6b7e66125ee6949bdf25746005db467e8ffcfdcb3ace170e92bbc3d", "time_setup_models_and_sims.TimeBuildDFNSimulation.time_setup_DFN_simulation": "8de44bc542fa7d4ba28a80f24414a9444b5436673aaebba674918f5f0bfd0ebb", "time_setup_models_and_sims.TimeBuildSPM.time_setup_SPM": "0d0b3f5c67fc2da9a5794c66b70af5a45a09558d1ee95f738745385adb84fbca", "time_setup_models_and_sims.TimeBuildSPMSimulation.time_setup_SPM_simulation": "161220a99418ce4487cc29325cbae897f28d0e44ae07e1dfbfaac2cbc53a4ff9", "time_setup_models_and_sims.TimeBuildSPMe.time_setup_SPMe": "6083f5ff944353395eb4b21c97b02af555fe6528de3cd5283f5e139943945235", "time_setup_models_and_sims.TimeBuildSPMeSimulation.time_setup_SPMe_simulation": "530563cb559427795e3648d9648df9250ae100b7721f69eec356bdda7798c55e", "time_solve_models.TimeSolveDFN.time_solve_model": "914137228e20e5900cec36b0d3865f1faa2f5d479c7d6c2539514791f9ec4430", "time_solve_models.TimeSolveSPM.time_solve_model": "ef1bb5f8d1ddfa59650e20438c4b252d73e5a062714848ce1d6d5269382bc598", "time_solve_models.TimeSolveSPMe.time_solve_model": "20672028872f4620ce85e909bae705d9490de441e926510b2b0e53ff0881d87b"}, "version": 1}