{"results": {"time_setup_models_and_sims.TimeBuildDFN.time_setup_DFN": {"result": [0.7398655960000156], "stats": [{"ci_99": [0.7269867940000267, 0.7579936939999925], "q_25": 0.7371775752500156, "q_75": 0.747045688500009, "min": 0.7269867940000267, "max": 0.7579936939999925, "mean": 0.7411559626000098, "std": 0.00918640753692315, "repeat": 10, "number": 1}]}, "time_setup_models_and_sims.TimeBuildDFNSimulation.time_setup_DFN_simulation": {"result": [0.17712929949999534, 0.287778564000007], "stats": [{"ci_99": [0.1680938460000334, 0.18950148499999386], "q_25": 0.17425545600001158, "q_75": 0.1812449024999978, "min": 0.1680938460000334, "max": 0.18950148499999386, "mean": 0.1779701163000027, "std": 0.005952528848069586, "repeat": 10, "number": 1}, {"ci_99": [0.2801002769999741, 0.29092497200002754], "q_25": 0.28589993774998845, "q_75": 0.29016257850001637, "min": 0.2801002769999741, "max": 0.29092497200002754, "mean": 0.2872730568999998, "std": 0.0033771963014788816, "repeat": 10, "number": 1}], "params": [["False", "True"]]}, "time_setup_models_and_sims.TimeBuildSPM.time_setup_SPM": {"result": [0.4305861370000059], "stats": [{"ci_99": [0.4230900109999993, 0.461668340000017], "q_25": 0.42528587500001436, "q_75": 0.4390675337500056, "min": 0.4230900109999993, "max": 0.461668340000017, "mean": 0.43403996530000766, "std": 0.0110845192087604, "repeat": 10, "number": 1}]}, "time_setup_models_and_sims.TimeBuildSPMSimulation.time_setup_SPM_simulation": {"result": [0.16674380550000478, 0.25328227150001226], "stats": [{"ci_99": [0.16299080800001775, 0.17939276499998869], "q_25": 0.16543856775000165, "q_75": 0.1694329000000323, "min": 0.16299080800001775, "max": 0.17939276499998869, "mean": 0.16824814560001186, "std": 0.004477222923422866, "repeat": 10, "number": 1}, {"ci_99": [0.24312040699999216, 0.26432506899999453], "q_25": 0.24785582550001095, "q_75": 0.25895631200002356, "min": 0.24312040699999216, "max": 0.26432506899999453, "mean": 0.25389656320001, "std": 0.007005948816350209, "repeat": 10, "number": 1}], "params": [["False", "True"]]}, "time_setup_models_and_sims.TimeBuildSPMe.time_setup_SPMe": {"result": [0.6308610270000372], "stats": [{"ci_99": [0.6107092240000043, 0.6582714570000121], "q_25": 0.6255974847499886, "q_75": 0.6364484505000263, "min": 0.6107092240000043, "max": 0.6582714570000121, "mean": 0.6319942687000151, "std": 0.011779647110803333, "repeat": 10, "number": 1}]}, "time_setup_models_and_sims.TimeBuildSPMeSimulation.time_setup_SPMe_simulation": {"result": [0.1821078319999856, 0.3105010419999985], "stats": [{"ci_99": [0.17583088200001384, 0.18932945699998527], "q_25": 0.17969507899998405, "q_75": 0.1855806415000245, "min": 0.17583088200001384, "max": 0.18932945699998527, "mean": 0.1824911258000043, "std": 0.004137297885702928, "repeat": 10, "number": 1}, {"ci_99": [0.2949089279999839, 0.3264122230000339], "q_25": 0.30387460950001355, "q_75": 0.3175385257500096, "min": 0.2949089279999839, "max": 0.3264122230000339, "mean": 0.31028322570000455, "std": 0.009946561813805972, "repeat": 10, "number": 1}], "params": [["False", "True"]]}, "time_solve_models.TimeSolveDFN.time_solve_model": {"result": [0.7187357994999957, 0.9413800655000273], "stats": [{"ci_99": [0.7043168700000138, 0.7726720539999974], "q_25": 0.7113889007500092, "q_75": 0.7266248765000114, "min": 0.7043168700000138, "max": 0.7726720539999974, "mean": 0.7243735997500025, "std": 0.0210758593384611, "repeat": 8, "number": 1}, {"ci_99": [0.9207269529999849, 0.9588678940000364], "q_25": 0.9333423329999988, "q_75": 0.9492224215000249, "min": 0.9207269529999849, "max": 0.9588678940000364, "mean": 0.941164545100014, "std": 0.010949536831803653, "repeat": 10, "number": 1}], "params": [["True", "False"]]}, "time_solve_models.TimeSolveSPM.time_solve_model": {"result": [0.030446762499991564, 0.06170967700001029], "stats": [{"ci_99": [0.028960761999996976, 0.03199656300000697], "q_25": 0.030168993000017963, "q_75": 0.03101798299998393, "min": 0.028960761999996976, "max": 0.03199656300000697, "mean": 0.030499472500002865, "std": 0.0009023662498470278, "repeat": 10, "number": 1}, {"ci_99": [0.059424903000035556, 0.07037578900002472], "q_25": 0.05982113549998758, "q_75": 0.06367409000000634, "min": 0.059424903000035556, "max": 0.07037578900002472, "mean": 0.06253795400001536, "std": 0.0033663213714926975, "repeat": 10, "number": 1}], "params": [["True", "False"]]}, "time_solve_models.TimeSolveSPMe.time_solve_model": {"result": [0.047890804499985506, 0.1091130494999959], "stats": [{"ci_99": [0.04708835999997518, 0.05058011600004875], "q_25": 0.04766707325001107, "q_75": 0.04889535199998818, "min": 0.04708835999997518, "max": 0.05058011600004875, "mean": 0.04834414169999377, "std": 0.001082602293842495, "repeat": 10, "number": 1}, {"ci_99": [0.10731864600001018, 0.11862088599997378], "q_25": 0.10866695750000588, "q_75": 0.11101049124999918, "min": 0.10731864600001018, "max": 0.11862088599997378, "mean": 0.11048360919999708, "std": 0.003300057734228831, "repeat": 10, "number": 1}], "params": [["True", "False"]]}}, "params": {"machine": "GitHubRunner", "python": "3.8"}, "requirements": {}, "commit_hash": "a8f7b99ab42c71d7af6a243bf6ad060f43465424", "date": 1620947520000, "env_name": "virtualenv-py3.8", "python": "3.8", "profiles": {}, "started_at": {"time_setup_models_and_sims.TimeBuildDFN.time_setup_DFN": 1621136455257, "time_setup_models_and_sims.TimeBuildDFNSimulation.time_setup_DFN_simulation": 1621136460178, "time_setup_models_and_sims.TimeBuildSPM.time_setup_SPM": 1621136463297, "time_setup_models_and_sims.TimeBuildSPMSimulation.time_setup_SPM_simulation": 1621136466212, "time_setup_models_and_sims.TimeBuildSPMe.time_setup_SPMe": 1621136468929, "time_setup_models_and_sims.TimeBuildSPMeSimulation.time_setup_SPMe_simulation": 1621136473196, "time_solve_models.TimeSolveDFN.time_solve_model": 1621136476415, "time_solve_models.TimeSolveSPM.time_solve_model": 1621136501607, "time_solve_models.TimeSolveSPMe.time_solve_model": 1621136510243}, "ended_at": {"time_setup_models_and_sims.TimeBuildDFN.time_setup_DFN": 1621136460178, "time_setup_models_and_sims.TimeBuildDFNSimulation.time_setup_DFN_simulation": 1621136463296, "time_setup_models_and_sims.TimeBuildSPM.time_setup_SPM": 1621136466212, "time_setup_models_and_sims.TimeBuildSPMSimulation.time_setup_SPM_simulation": 1621136468928, "time_setup_models_and_sims.TimeBuildSPMe.time_setup_SPMe": 1621136473196, "time_setup_models_and_sims.TimeBuildSPMeSimulation.time_setup_SPMe_simulation": 1621136476414, "time_solve_models.TimeSolveDFN.time_solve_model": 1621136501607, "time_solve_models.TimeSolveSPM.time_solve_model": 1621136510242, "time_solve_models.TimeSolveSPMe.time_solve_model": 1621136523191}, "benchmark_version": {"time_setup_models_and_sims.TimeBuildDFN.time_setup_DFN": "5f322e51e6b7e66125ee6949bdf25746005db467e8ffcfdcb3ace170e92bbc3d", "time_setup_models_and_sims.TimeBuildDFNSimulation.time_setup_DFN_simulation": "8de44bc542fa7d4ba28a80f24414a9444b5436673aaebba674918f5f0bfd0ebb", "time_setup_models_and_sims.TimeBuildSPM.time_setup_SPM": "0d0b3f5c67fc2da9a5794c66b70af5a45a09558d1ee95f738745385adb84fbca", "time_setup_models_and_sims.TimeBuildSPMSimulation.time_setup_SPM_simulation": "161220a99418ce4487cc29325cbae897f28d0e44ae07e1dfbfaac2cbc53a4ff9", "time_setup_models_and_sims.TimeBuildSPMe.time_setup_SPMe": "6083f5ff944353395eb4b21c97b02af555fe6528de3cd5283f5e139943945235", "time_setup_models_and_sims.TimeBuildSPMeSimulation.time_setup_SPMe_simulation": "530563cb559427795e3648d9648df9250ae100b7721f69eec356bdda7798c55e", "time_solve_models.TimeSolveDFN.time_solve_model": "914137228e20e5900cec36b0d3865f1faa2f5d479c7d6c2539514791f9ec4430", "time_solve_models.TimeSolveSPM.time_solve_model": "ef1bb5f8d1ddfa59650e20438c4b252d73e5a062714848ce1d6d5269382bc598", "time_solve_models.TimeSolveSPMe.time_solve_model": "20672028872f4620ce85e909bae705d9490de441e926510b2b0e53ff0881d87b"}, "version": 1}