{"results": {"time_setup_models_and_sims.TimeBuildDFN.time_setup_DFN": {"result": [0.6472419050000013], "stats": [{"ci_99": [0.5907662120000055, 0.668962295], "q_25": 0.6358601367500043, "q_75": 0.6608970547500164, "min": 0.5907662120000055, "max": 0.668962295, "mean": 0.6420559334000018, "std": 0.02423764136096851, "repeat": 10, "number": 1}]}, "time_setup_models_and_sims.TimeBuildDFNSimulation.time_setup_DFN_simulation": {"result": [0.14653675150000822, 0.23711116000001198], "stats": [{"ci_99": [0.13901893899998186, 0.15128228800000443], "q_25": 0.13984536975000594, "q_75": 0.15081127450000054, "min": 0.13901893899998186, "max": 0.15128228800000443, "mean": 0.1454498385000022, "std": 0.005295548113244833, "repeat": 10, "number": 1}, {"ci_99": [0.2253598929999896, 0.24667226500000083], "q_25": 0.22749267649999894, "q_75": 0.24370373549999869, "min": 0.2253598929999896, "max": 0.24667226500000083, "mean": 0.23602057969999918, "std": 0.008608044187125831, "repeat": 10, "number": 1}], "params": [["False", "True"]]}, "time_setup_models_and_sims.TimeBuildSPM.time_setup_SPM": {"result": [0.3475618914999927], "stats": [{"ci_99": [0.3360706349999987, 0.36471155500001373], "q_25": 0.3432960410000021, "q_75": 0.35118992999999676, "min": 0.3360706349999987, "max": 0.36471155500001373, "mean": 0.34824205910000217, "std": 0.007754865363409362, "repeat": 10, "number": 1}]}, "time_setup_models_and_sims.TimeBuildSPMSimulation.time_setup_SPM_simulation": {"result": [0.13545454100000143, 0.2008147755000067], "stats": [{"ci_99": [0.1320351280000125, 0.13762518200002205], "q_25": 0.13412767425000283, "q_75": 0.13632685900000752, "min": 0.1320351280000125, "max": 0.13762518200002205, "mean": 0.13506893050000315, "std": 0.0017595016517403365, "repeat": 10, "number": 1}, {"ci_99": [0.19535626800001182, 0.2097831680000013], "q_25": 0.19813156949999922, "q_75": 0.20390968024999978, "min": 0.19535626800001182, "max": 0.2097831680000013, "mean": 0.20119902220000085, "std": 0.004122754197236947, "repeat": 10, "number": 1}], "params": [["False", "True"]]}, "time_setup_models_and_sims.TimeBuildSPMe.time_setup_SPMe": {"result": [0.5226636915], "stats": [{"ci_99": [0.5071073009999907, 0.542508956000006], "q_25": 0.511922803499985, "q_75": 0.530652719250007, "min": 0.5071073009999907, "max": 0.542508956000006, "mean": 0.5226279257000016, "std": 0.011989595538889355, "repeat": 10, "number": 1}]}, "time_setup_models_and_sims.TimeBuildSPMeSimulation.time_setup_SPMe_simulation": {"result": [0.14803975399999558, 0.25179900349999684], "stats": [{"ci_99": [0.14559973400000104, 0.1615337650000015], "q_25": 0.14704468800000825, "q_75": 0.14823423400000024, "min": 0.14559973400000104, "max": 0.1615337650000015, "mean": 0.14892526079999868, "std": 0.0043124575018230575, "repeat": 10, "number": 1}, {"ci_99": [0.24040668399999277, 0.2566547340000227], "q_25": 0.24511221224999957, "q_75": 0.25430524125001597, "min": 0.24040668399999277, "max": 0.2566547340000227, "mean": 0.25001367020000204, "std": 0.005342353104511761, "repeat": 10, "number": 1}], "params": [["False", "True"]]}, "time_solve_models.TimeSolveDFN.time_solve_model": {"result": [0.5858692674999872, 0.7734667594999962], "stats": [{"ci_99": [0.5724396429999956, 0.6009716370000149], "q_25": 0.583357930499993, "q_75": 0.5889766249999937, "min": 0.5724396429999956, "max": 0.6009716370000149, "mean": 0.5867193030999971, "std": 0.007796200624893202, "repeat": 10, "number": 1}, {"ci_99": [0.7551071119999904, 0.7999434629999769], "q_25": 0.7684372292500043, "q_75": 0.7780720272500119, "min": 0.7551071119999904, "max": 0.7999434629999769, "mean": 0.7758426068999995, "std": 0.012658719975244506, "repeat": 10, "number": 1}], "params": [["True", "False"]]}, "time_solve_models.TimeSolveSPM.time_solve_model": {"result": [0.025056771999999228, 0.050040105500002596], "stats": [{"ci_99": [0.023900941000022158, 0.027852153999987195], "q_25": 0.02427637750000855, "q_75": 0.02595877850001216, "min": 0.023900941000022158, "max": 0.027852153999987195, "mean": 0.025266731100006722, "std": 0.00117389698834102, "repeat": 10, "number": 1}, {"ci_99": [0.04883892299997683, 0.05640331399999354], "q_25": 0.049786090249988035, "q_75": 0.05343294450001679, "min": 0.04883892299997683, "max": 0.05640331399999354, "mean": 0.05148433849999776, "std": 0.0024056739128242867, "repeat": 10, "number": 1}], "params": [["True", "False"]]}, "time_solve_models.TimeSolveSPMe.time_solve_model": {"result": [0.03856188550001605, 0.09490313799999228], "stats": [{"ci_99": [0.03764057999998727, 0.04383417700000791], "q_25": 0.03826112725000286, "q_75": 0.039183803000021555, "min": 0.03764057999998727, "max": 0.04383417700000791, "mean": 0.039148648500008675, "std": 0.001676140182392329, "repeat": 10, "number": 1}, {"ci_99": [0.08622174999999288, 0.09956059500001402], "q_25": 0.09030988624999026, "q_75": 0.09758387725000262, "min": 0.08622174999999288, "max": 0.09956059500001402, "mean": 0.09405778539999972, "std": 0.004300837131514977, "repeat": 10, "number": 1}], "params": [["True", "False"]]}}, "params": {"machine": "GitHubRunner", "python": "3.8"}, "requirements": {}, "commit_hash": "a8f7b99ab42c71d7af6a243bf6ad060f43465424", "date": 1620947520000, "env_name": "virtualenv-py3.8", "python": "3.8", "profiles": {}, "started_at": {"time_setup_models_and_sims.TimeBuildDFN.time_setup_DFN": 1621827821557, "time_setup_models_and_sims.TimeBuildDFNSimulation.time_setup_DFN_simulation": 1621827825872, "time_setup_models_and_sims.TimeBuildSPM.time_setup_SPM": 1621827828486, "time_setup_models_and_sims.TimeBuildSPMSimulation.time_setup_SPM_simulation": 1621827830895, "time_setup_models_and_sims.TimeBuildSPMe.time_setup_SPMe": 1621827833157, "time_setup_models_and_sims.TimeBuildSPMeSimulation.time_setup_SPMe_simulation": 1621827836618, "time_solve_models.TimeSolveDFN.time_solve_model": 1621827839285, "time_solve_models.TimeSolveSPM.time_solve_model": 1621827862352, "time_solve_models.TimeSolveSPMe.time_solve_model": 1621827869582}, "ended_at": {"time_setup_models_and_sims.TimeBuildDFN.time_setup_DFN": 1621827825872, "time_setup_models_and_sims.TimeBuildDFNSimulation.time_setup_DFN_simulation": 1621827828484, "time_setup_models_and_sims.TimeBuildSPM.time_setup_SPM": 1621827830894, "time_setup_models_and_sims.TimeBuildSPMSimulation.time_setup_SPM_simulation": 1621827833156, "time_setup_models_and_sims.TimeBuildSPMe.time_setup_SPMe": 1621827836618, "time_setup_models_and_sims.TimeBuildSPMeSimulation.time_setup_SPMe_simulation": 1621827839284, "time_solve_models.TimeSolveDFN.time_solve_model": 1621827862351, "time_solve_models.TimeSolveSPM.time_solve_model": 1621827869582, "time_solve_models.TimeSolveSPMe.time_solve_model": 1621827880212}, "benchmark_version": {"time_setup_models_and_sims.TimeBuildDFN.time_setup_DFN": "5f322e51e6b7e66125ee6949bdf25746005db467e8ffcfdcb3ace170e92bbc3d", "time_setup_models_and_sims.TimeBuildDFNSimulation.time_setup_DFN_simulation": "8de44bc542fa7d4ba28a80f24414a9444b5436673aaebba674918f5f0bfd0ebb", "time_setup_models_and_sims.TimeBuildSPM.time_setup_SPM": "0d0b3f5c67fc2da9a5794c66b70af5a45a09558d1ee95f738745385adb84fbca", "time_setup_models_and_sims.TimeBuildSPMSimulation.time_setup_SPM_simulation": "161220a99418ce4487cc29325cbae897f28d0e44ae07e1dfbfaac2cbc53a4ff9", "time_setup_models_and_sims.TimeBuildSPMe.time_setup_SPMe": "6083f5ff944353395eb4b21c97b02af555fe6528de3cd5283f5e139943945235", "time_setup_models_and_sims.TimeBuildSPMeSimulation.time_setup_SPMe_simulation": "530563cb559427795e3648d9648df9250ae100b7721f69eec356bdda7798c55e", "time_solve_models.TimeSolveDFN.time_solve_model": "914137228e20e5900cec36b0d3865f1faa2f5d479c7d6c2539514791f9ec4430", "time_solve_models.TimeSolveSPM.time_solve_model": "ef1bb5f8d1ddfa59650e20438c4b252d73e5a062714848ce1d6d5269382bc598", "time_solve_models.TimeSolveSPMe.time_solve_model": "20672028872f4620ce85e909bae705d9490de441e926510b2b0e53ff0881d87b"}, "version": 1}