{"results": {"time_setup_models_and_sims.TimeBuildDFN.time_setup_DFN": {"result": [0.6830797319999959], "stats": [{"ci_99": [0.6699725179999945, 0.715012119999983], "q_25": 0.6770619892500029, "q_75": 0.6967828340000004, "min": 0.6699725179999945, "max": 0.715012119999983, "mean": 0.6879083297999941, "std": 0.014049725806011722, "repeat": 10, "number": 1}]}, "time_setup_models_and_sims.TimeBuildDFNSimulation.time_setup_DFN_simulation": {"result": [0.1645540754999999, 0.26995372650000604], "stats": [{"ci_99": [0.1598624089999987, 0.18297922799999355], "q_25": 0.16200268299999365, "q_75": 0.1699392832500095, "min": 0.1598624089999987, "max": 0.18297922799999355, "mean": 0.1667042720000012, "std": 0.006578270323767627, "repeat": 10, "number": 1}, {"ci_99": [0.25957126500000527, 0.2832992900000022], "q_25": 0.26585932000000767, "q_75": 0.27649599149999915, "min": 0.25957126500000527, "max": 0.2832992900000022, "mean": 0.27075503670000245, "std": 0.0070863360090343075, "repeat": 10, "number": 1}], "params": [["False", "True"]]}, "time_setup_models_and_sims.TimeBuildSPM.time_setup_SPM": {"result": [0.40240861649999715], "stats": [{"ci_99": [0.39490359399999875, 0.4199365359999945], "q_25": 0.4007843047500046, "q_75": 0.40635790149999806, "min": 0.39490359399999875, "max": 0.4199365359999945, "mean": 0.4041514159000016, "std": 0.006469767089159839, "repeat": 10, "number": 1}]}, "time_setup_models_and_sims.TimeBuildSPMSimulation.time_setup_SPM_simulation": {"result": [0.15431452899999698, 0.23006969500000451], "stats": [{"ci_99": [0.15106402100001048, 0.15967163799999184], "q_25": 0.1533017747500054, "q_75": 0.15535820899999564, "min": 0.15106402100001048, "max": 0.15967163799999184, "mean": 0.15455404930000044, "std": 0.0024526167057707473, "repeat": 10, "number": 1}, {"ci_99": [0.22584928200001286, 0.23897010600001067], "q_25": 0.22966137825000743, "q_75": 0.23403682575000673, "min": 0.22584928200001286, "max": 0.23897010600001067, "mean": 0.23162086450000743, "std": 0.003918646475851229, "repeat": 10, "number": 1}], "params": [["False", "True"]]}, "time_setup_models_and_sims.TimeBuildSPMe.time_setup_SPMe": {"result": [0.5956899415000123], "stats": [{"ci_99": [0.5851837049999915, 0.6198346539999875], "q_25": 0.591105047500001, "q_75": 0.5978362332499785, "min": 0.5851837049999915, "max": 0.6198346539999875, "mean": 0.5964296193999971, "std": 0.008830580174388678, "repeat": 10, "number": 1}]}, "time_setup_models_and_sims.TimeBuildSPMeSimulation.time_setup_SPMe_simulation": {"result": [0.17061162650000483, 0.2859348584999992], "stats": [{"ci_99": [0.16879446900000517, 0.18050047799999902], "q_25": 0.1692309817499904, "q_75": 0.1725544579999969, "min": 0.16879446900000517, "max": 0.18050047799999902, "mean": 0.17214553469999744, "std": 0.003898164886941306, "repeat": 10, "number": 1}, {"ci_99": [0.27782142099999874, 0.2939417990000095], "q_25": 0.28405138299999066, "q_75": 0.28932277924999994, "min": 0.27782142099999874, "max": 0.2939417990000095, "mean": 0.2859504186000009, "std": 0.004832958392332555, "repeat": 10, "number": 1}], "params": [["False", "True"]]}, "time_solve_models.TimeSolveDFN.time_solve_model": {"result": [0.6627764920000061, 0.8782617614999992], "stats": [{"ci_99": [0.6313549390000048, 0.6863180290000059], "q_25": 0.6538722775000139, "q_75": 0.6684438282499912, "min": 0.6313549390000048, "max": 0.6863180290000059, "mean": 0.6594614201250053, "std": 0.017863330953631063, "repeat": 8, "number": 1}, {"ci_99": [0.8491952179999771, 0.8911356319999868], "q_25": 0.8696063195000008, "q_75": 0.8839391799999916, "min": 0.8491952179999771, "max": 0.8911356319999868, "mean": 0.8748796683999955, "std": 0.012147769330070788, "repeat": 10, "number": 1}], "params": [["True", "False"]]}, "time_solve_models.TimeSolveSPM.time_solve_model": {"result": [0.028529835499995215, 0.05809037800000283], "stats": [{"ci_99": [0.028106481999998323, 0.030187879999999723], "q_25": 0.02843258600000098, "q_75": 0.028824916749982776, "min": 0.028106481999998323, "max": 0.030187879999999723, "mean": 0.028701706399996852, "std": 0.0005544016551005004, "repeat": 10, "number": 1}, {"ci_99": [0.05643826400000762, 0.06070526199999904], "q_25": 0.057287591749975775, "q_75": 0.059827948249981944, "min": 0.05643826400000762, "max": 0.06070526199999904, "mean": 0.05846418019999078, "std": 0.0014474759477458884, "repeat": 10, "number": 1}], "params": [["True", "False"]]}, "time_solve_models.TimeSolveSPMe.time_solve_model": {"result": [0.045437762499986434, 0.10446001450002029], "stats": [{"ci_99": [0.04375588299998867, 0.05092378000000508], "q_25": 0.04442702749998517, "q_75": 0.0466453655000052, "min": 0.04375588299998867, "max": 0.05092378000000508, "mean": 0.04587974159999817, "std": 0.0019692859628220546, "repeat": 10, "number": 1}, {"ci_99": [0.10104376000001025, 0.10886335800000779], "q_25": 0.10211328249999951, "q_75": 0.10633529575000722, "min": 0.10104376000001025, "max": 0.10886335800000779, "mean": 0.10444233960000418, "std": 0.002453957334124942, "repeat": 10, "number": 1}], "params": [["True", "False"]]}}, "params": {"machine": "GitHubRunner", "python": "3.8"}, "requirements": {}, "commit_hash": "a8f7b99ab42c71d7af6a243bf6ad060f43465424", "date": 1620947520000, "env_name": "virtualenv-py3.8", "python": "3.8", "profiles": {}, "started_at": {"time_setup_models_and_sims.TimeBuildDFN.time_setup_DFN": 1620963471345, "time_setup_models_and_sims.TimeBuildDFNSimulation.time_setup_DFN_simulation": 1620963475911, "time_setup_models_and_sims.TimeBuildSPM.time_setup_SPM": 1620963478879, "time_setup_models_and_sims.TimeBuildSPMSimulation.time_setup_SPM_simulation": 1620963481647, "time_setup_models_and_sims.TimeBuildSPMe.time_setup_SPMe": 1620963484261, "time_setup_models_and_sims.TimeBuildSPMeSimulation.time_setup_SPMe_simulation": 1620963488274, "time_solve_models.TimeSolveDFN.time_solve_model": 1620963491289, "time_solve_models.TimeSolveSPM.time_solve_model": 1620963515013, "time_solve_models.TimeSolveSPMe.time_solve_model": 1620963523241}, "ended_at": {"time_setup_models_and_sims.TimeBuildDFN.time_setup_DFN": 1620963475911, "time_setup_models_and_sims.TimeBuildDFNSimulation.time_setup_DFN_simulation": 1620963478878, "time_setup_models_and_sims.TimeBuildSPM.time_setup_SPM": 1620963481647, "time_setup_models_and_sims.TimeBuildSPMSimulation.time_setup_SPM_simulation": 1620963484260, "time_setup_models_and_sims.TimeBuildSPMe.time_setup_SPMe": 1620963488274, "time_setup_models_and_sims.TimeBuildSPMeSimulation.time_setup_SPMe_simulation": 1620963491288, "time_solve_models.TimeSolveDFN.time_solve_model": 1620963515012, "time_solve_models.TimeSolveSPM.time_solve_model": 1620963523240, "time_solve_models.TimeSolveSPMe.time_solve_model": 1620963535379}, "benchmark_version": {"time_setup_models_and_sims.TimeBuildDFN.time_setup_DFN": "5f322e51e6b7e66125ee6949bdf25746005db467e8ffcfdcb3ace170e92bbc3d", "time_setup_models_and_sims.TimeBuildDFNSimulation.time_setup_DFN_simulation": "8de44bc542fa7d4ba28a80f24414a9444b5436673aaebba674918f5f0bfd0ebb", "time_setup_models_and_sims.TimeBuildSPM.time_setup_SPM": "0d0b3f5c67fc2da9a5794c66b70af5a45a09558d1ee95f738745385adb84fbca", "time_setup_models_and_sims.TimeBuildSPMSimulation.time_setup_SPM_simulation": "161220a99418ce4487cc29325cbae897f28d0e44ae07e1dfbfaac2cbc53a4ff9", "time_setup_models_and_sims.TimeBuildSPMe.time_setup_SPMe": "6083f5ff944353395eb4b21c97b02af555fe6528de3cd5283f5e139943945235", "time_setup_models_and_sims.TimeBuildSPMeSimulation.time_setup_SPMe_simulation": "530563cb559427795e3648d9648df9250ae100b7721f69eec356bdda7798c55e", "time_solve_models.TimeSolveDFN.time_solve_model": "914137228e20e5900cec36b0d3865f1faa2f5d479c7d6c2539514791f9ec4430", "time_solve_models.TimeSolveSPM.time_solve_model": "ef1bb5f8d1ddfa59650e20438c4b252d73e5a062714848ce1d6d5269382bc598", "time_solve_models.TimeSolveSPMe.time_solve_model": "20672028872f4620ce85e909bae705d9490de441e926510b2b0e53ff0881d87b"}, "version": 1}