{"results": {"time_setup_models_and_sims.TimeBuildDFN.time_setup_DFN": {"result": [1.1844090704998962], "stats": [{"ci_99": [1.1516347270007827, 1.2523577890005981], "q_25": 1.1696028660001048, "q_75": 1.1940837132499382, "min": 1.1516347270007827, "max": 1.2523577890005981, "mean": 1.189766025300105, "std": 0.029297324539288867, "repeat": 10, "number": 1}]}, "time_setup_models_and_sims.TimeBuildDFNSimulation.time_setup_DFN_simulation": {"result": [0.2963755329997184, 0.6188550960005159], "stats": [{"ci_99": [0.28518730599989794, 0.32650705500054755], "q_25": 0.2898491712503528, "q_75": 0.30278073799991034, "min": 0.28518730599989794, "max": 0.32650705500054755, "mean": 0.29829884350001523, "std": 0.011272746518410492, "repeat": 10, "number": 1}, {"ci_99": [0.5743900420002319, 0.6246779660004904], "q_25": 0.6058967699996174, "q_75": 0.6212046202497277, "min": 0.5743900420002319, "max": 0.6246779660004904, "mean": 0.6098483409001346, "std": 0.017847039280599268, "repeat": 10, "number": 1}], "params": [["False", "True"]]}, "time_setup_models_and_sims.TimeBuildSPM.time_setup_SPM": {"result": [0.8288582350000979], "stats": [{"ci_99": [0.777945673999966, 0.8862912589993357], "q_25": 0.7972802632502862, "q_75": 0.8651195847501185, "min": 0.777945673999966, "max": 0.8862912589993357, "mean": 0.8315887280000425, "std": 0.03838555430058345, "repeat": 10, "number": 1}]}, "time_setup_models_and_sims.TimeBuildSPMSimulation.time_setup_SPM_simulation": {"result": [0.40410625299955427, 0.7525162035003632], "stats": [{"ci_99": [0.3651475880005819, 0.4341644500000257], "q_25": 0.3709399054998812, "q_75": 0.4108007057498071, "min": 0.3651475880005819, "max": 0.4341644500000257, "mean": 0.3950708486999247, "std": 0.023357741518876995, "repeat": 10, "number": 1}, {"ci_99": [0.7148901450000267, 0.7941163689993118], "q_25": 0.7261948567506806, "q_75": 0.7782130612495166, "min": 0.7148901450000267, "max": 0.7941163689993118, "mean": 0.7521972760000608, "std": 0.028234969761070226, "repeat": 10, "number": 1}], "params": [["False", "True"]]}, "time_setup_models_and_sims.TimeBuildSPMe.time_setup_SPMe": {"result": [1.040264125000249], "stats": [{"ci_99": [0.971017328999551, 1.0890165270002399], "q_25": 1.0015928545005863, "q_75": 1.0751777340003628, "min": 0.971017328999551, "max": 1.0890165270002399, "mean": 1.0375172974000635, "std": 0.039158978373050456, "repeat": 10, "number": 1}]}, "time_setup_models_and_sims.TimeBuildSPMeSimulation.time_setup_SPMe_simulation": {"result": [0.3031884059996628, 0.6433780114998626], "stats": [{"ci_99": [0.2941420619999917, 0.3519534710003427], "q_25": 0.30083476899972084, "q_75": 0.3288880570000856, "min": 0.2941420619999917, "max": 0.3519534710003427, "mean": 0.3145763282998814, "std": 0.01958274102219998, "repeat": 10, "number": 1}, {"ci_99": [0.603614652000033, 0.6925535439995656], "q_25": 0.6148799214993232, "q_75": 0.6552717219999522, "min": 0.603614652000033, "max": 0.6925535439995656, "mean": 0.642047480799738, "std": 0.029495337058708593, "repeat": 10, "number": 1}], "params": [["False", "True"]]}, "time_solve_models.TimeSolveDFN.time_solve_model": {"result": [1.4134124309998697, 1.5658598939999138], "stats": [{"ci_99": [1.2575140579553876, 1.5558261595449667], "q_25": 1.3666156525000588, "q_75": 1.4534668872499878, "min": 1.337709676000486, "max": 1.4621458970004824, "mean": 1.406670108750177, "std": 0.05168648122040773, "repeat": 4, "number": 1}, {"ci_99": [1.5162774546139113, 1.6348644850004348], "q_25": 1.546532379750488, "q_75": 1.5819172402498225, "min": 1.528831593999712, "max": 1.6348644850004348, "mean": 1.5704625718334075, "std": 0.0345558842084713, "repeat": 6, "number": 1}], "params": [["True", "False"]]}, "time_solve_models.TimeSolveSPM.time_solve_model": {"result": [0.06869361200006097, 0.11165777299993351], "stats": [{"ci_99": [0.059950697000203945, 0.07260030100042059], "q_25": 0.06505743599973357, "q_75": 0.06999741975005236, "min": 0.059950697000203945, "max": 0.07260030100042059, "mean": 0.06731664100007037, "std": 0.003775081504283424, "repeat": 10, "number": 1}, {"ci_99": [0.10563497400016786, 0.11891616000048089], "q_25": 0.10736592249986643, "q_75": 0.11463852550014053, "min": 0.10563497400016786, "max": 0.11891616000048089, "mean": 0.11138263020011437, "std": 0.004206915113301309, "repeat": 10, "number": 1}], "params": [["True", "False"]]}, "time_solve_models.TimeSolveSPMe.time_solve_model": {"result": [0.11232096549974813, 0.17818723350001164], "stats": [{"ci_99": [0.10343925399956788, 0.11843305500042334], "q_25": 0.10606462624969026, "q_75": 0.11495409325038963, "min": 0.10343925399956788, "max": 0.11843305500042334, "mean": 0.11092768459993749, "std": 0.005167711020214117, "repeat": 10, "number": 1}, {"ci_99": [0.17117291100021248, 0.197046021999995], "q_25": 0.17602859925000303, "q_75": 0.18895472124950174, "min": 0.17117291100021248, "max": 0.197046021999995, "mean": 0.18237102399989452, "std": 0.00884071635767089, "repeat": 10, "number": 1}], "params": [["True", "False"]]}}, "params": {"machine": "GitHubRunner", "python": "3.8"}, "requirements": {}, "commit_hash": "a975b9f3e8932956ea81f4422ed375a3c616571c", "date": 1603638305000, "env_name": "virtualenv-py3.8", "python": "3.8", "profiles": {}, "started_at": {"time_setup_models_and_sims.TimeBuildDFN.time_setup_DFN": 1613147434305, "time_setup_models_and_sims.TimeBuildDFNSimulation.time_setup_DFN_simulation": 1613147441782, "time_setup_models_and_sims.TimeBuildSPM.time_setup_SPM": 1613147447558, "time_setup_models_and_sims.TimeBuildSPMSimulation.time_setup_SPM_simulation": 1613147452827, "time_setup_models_and_sims.TimeBuildSPMe.time_setup_SPMe": 1613147459908, "time_setup_models_and_sims.TimeBuildSPMeSimulation.time_setup_SPMe_simulation": 1613147466281, "time_solve_models.TimeSolveDFN.time_solve_model": 1613147472457, "time_solve_models.TimeSolveSPM.time_solve_model": 1613147497841, "time_solve_models.TimeSolveSPMe.time_solve_model": 1613147512291}, "ended_at": {"time_setup_models_and_sims.TimeBuildDFN.time_setup_DFN": 1613147441782, "time_setup_models_and_sims.TimeBuildDFNSimulation.time_setup_DFN_simulation": 1613147447557, "time_setup_models_and_sims.TimeBuildSPM.time_setup_SPM": 1613147452826, "time_setup_models_and_sims.TimeBuildSPMSimulation.time_setup_SPM_simulation": 1613147459907, "time_setup_models_and_sims.TimeBuildSPMe.time_setup_SPMe": 1613147466280, "time_setup_models_and_sims.TimeBuildSPMeSimulation.time_setup_SPMe_simulation": 1613147472457, "time_solve_models.TimeSolveDFN.time_solve_model": 1613147497840, "time_solve_models.TimeSolveSPM.time_solve_model": 1613147512290, "time_solve_models.TimeSolveSPMe.time_solve_model": 1613147530306}, "benchmark_version": {"time_setup_models_and_sims.TimeBuildDFN.time_setup_DFN": "5f322e51e6b7e66125ee6949bdf25746005db467e8ffcfdcb3ace170e92bbc3d", "time_setup_models_and_sims.TimeBuildDFNSimulation.time_setup_DFN_simulation": "8de44bc542fa7d4ba28a80f24414a9444b5436673aaebba674918f5f0bfd0ebb", "time_setup_models_and_sims.TimeBuildSPM.time_setup_SPM": "0d0b3f5c67fc2da9a5794c66b70af5a45a09558d1ee95f738745385adb84fbca", "time_setup_models_and_sims.TimeBuildSPMSimulation.time_setup_SPM_simulation": "161220a99418ce4487cc29325cbae897f28d0e44ae07e1dfbfaac2cbc53a4ff9", "time_setup_models_and_sims.TimeBuildSPMe.time_setup_SPMe": "6083f5ff944353395eb4b21c97b02af555fe6528de3cd5283f5e139943945235", "time_setup_models_and_sims.TimeBuildSPMeSimulation.time_setup_SPMe_simulation": "530563cb559427795e3648d9648df9250ae100b7721f69eec356bdda7798c55e", "time_solve_models.TimeSolveDFN.time_solve_model": "914137228e20e5900cec36b0d3865f1faa2f5d479c7d6c2539514791f9ec4430", "time_solve_models.TimeSolveSPM.time_solve_model": "ef1bb5f8d1ddfa59650e20438c4b252d73e5a062714848ce1d6d5269382bc598", "time_solve_models.TimeSolveSPMe.time_solve_model": "20672028872f4620ce85e909bae705d9490de441e926510b2b0e53ff0881d87b"}, "version": 1}