{"results": {"time_setup_models_and_sims.TimeBuildDFN.time_setup_DFN": {"result": [1.2153685289999885], "stats": [{"ci_99": [1.1603684739999949, 1.2588411680000036], "q_25": 1.199851666750007, "q_75": 1.239569560000021, "min": 1.1603684739999949, "max": 1.2588411680000036, "mean": 1.2164466482000023, "std": 0.030046111553140888, "repeat": 10, "number": 1}]}, "time_setup_models_and_sims.TimeBuildDFNSimulation.time_setup_DFN_simulation": {"result": [0.1599411395000061, 0.26918625550001707], "stats": [{"ci_99": [0.14693091100002675, 0.16909108999993805], "q_25": 0.15658445650007025, "q_75": 0.16430355225000426, "min": 0.14693091100002675, "max": 0.16909108999993805, "mean": 0.15972202030001198, "std": 0.006284970534568922, "repeat": 10, "number": 1}, {"ci_99": [0.2477633370000376, 0.296261727000001], "q_25": 0.2649027077499966, "q_75": 0.2708886054999624, "min": 0.2477633370000376, "max": 0.296261727000001, "mean": 0.2683675922999953, "std": 0.012516235749323888, "repeat": 10, "number": 1}], "params": [["False", "True"]]}, "time_setup_models_and_sims.TimeBuildSPM.time_setup_SPM": {"result": [0.6732019254999955], "stats": [{"ci_99": [0.6551595820000102, 0.7071907380000084], "q_25": 0.6661389489999436, "q_75": 0.6905188444999624, "min": 0.6551595820000102, "max": 0.7071907380000084, "mean": 0.6789484400999811, "std": 0.016400592768920818, "repeat": 10, "number": 1}]}, "time_setup_models_and_sims.TimeBuildSPMSimulation.time_setup_SPM_simulation": {"result": [0.14593876850000242, 0.23014847400006033], "stats": [{"ci_99": [0.1366043579999996, 0.1578083690000085], "q_25": 0.1404426267500014, "q_75": 0.14861284374998718, "min": 0.1366043579999996, "max": 0.1578083690000085, "mean": 0.14512051169999154, "std": 0.006160674162339434, "repeat": 10, "number": 1}, {"ci_99": [0.21354672300003585, 0.24337804300000698], "q_25": 0.22746873174997972, "q_75": 0.23629505075000168, "min": 0.21354672300003585, "max": 0.24337804300000698, "mean": 0.23016718090001403, "std": 0.009133612353127415, "repeat": 10, "number": 1}], "params": [["False", "True"]]}, "time_setup_models_and_sims.TimeBuildSPMe.time_setup_SPMe": {"result": [1.0346552744999826], "stats": [{"ci_99": [0.9703492579999988, 1.060255718999997], "q_25": 0.981671280499981, "q_75": 1.0462658712500001, "min": 0.9703492579999988, "max": 1.060255718999997, "mean": 1.018163511199998, "std": 0.0344475456529674, "repeat": 10, "number": 1}]}, "time_setup_models_and_sims.TimeBuildSPMeSimulation.time_setup_SPMe_simulation": {"result": [0.163287174499942, 0.26801430599999776], "stats": [{"ci_99": [0.15389209399995707, 0.1728293870000357], "q_25": 0.15671774099995162, "q_75": 0.16883611600002268, "min": 0.15389209399995707, "max": 0.1728293870000357, "mean": 0.16286286649998943, "std": 0.0065249441903521025, "repeat": 10, "number": 1}, {"ci_99": [0.2595157199999676, 0.29701759600004607], "q_25": 0.26240288399998235, "q_75": 0.28074039500000936, "min": 0.2595157199999676, "max": 0.29701759600004607, "mean": 0.2728533291000076, "std": 0.012758512524839111, "repeat": 10, "number": 1}], "params": [["False", "True"]]}, "time_solve_models.TimeSolveDFN.time_solve_model": {"result": [0.8549271214999976, 1.0201937769999745], "stats": [{"ci_99": [0.8251495633446058, 0.9018194189999349], "q_25": 0.841616211249999, "q_75": 0.8710550977500304, "min": 0.8376651220000895, "max": 0.9018194189999349, "mean": 0.8604915191666768, "std": 0.02248440725630623, "repeat": 6, "number": 1}, {"ci_99": [0.9825672700000041, 1.0798345059999974], "q_25": 1.0064897549999898, "q_75": 1.0337287670000137, "min": 0.9825672700000041, "max": 1.0798345059999974, "mean": 1.0215224572499864, "std": 0.028458293159324223, "repeat": 8, "number": 1}], "params": [["True", "False"]]}, "time_solve_models.TimeSolveSPM.time_solve_model": {"result": [0.04662944099993638, 0.07728972999996131], "stats": [{"ci_99": [0.04381990800004587, 0.054771280000068145], "q_25": 0.044426636500048744, "q_75": 0.049643089500051474, "min": 0.04381990800004587, "max": 0.054771280000068145, "mean": 0.04751276920001146, "std": 0.003397202693233491, "repeat": 10, "number": 1}, {"ci_99": [0.07314607399996476, 0.08980991600003563], "q_25": 0.07412205999997923, "q_75": 0.0842033200000003, "min": 0.07314607399996476, "max": 0.08980991600003563, "mean": 0.0792435765999926, "std": 0.006191354916557415, "repeat": 10, "number": 1}], "params": [["True", "False"]]}, "time_solve_models.TimeSolveSPMe.time_solve_model": {"result": [0.06220563400000856, 0.12933061499995802], "stats": [{"ci_99": [0.060348234000002776, 0.07006357199998092], "q_25": 0.062050599250028426, "q_75": 0.06682029625002883, "min": 0.060348234000002776, "max": 0.07006357199998092, "mean": 0.06409942730001603, "std": 0.00304562676911803, "repeat": 10, "number": 1}, {"ci_99": [0.11928131500008021, 0.1362626979999959], "q_25": 0.12243852450001214, "q_75": 0.13445950249996486, "min": 0.11928131500008021, "max": 0.1362626979999959, "mean": 0.1283428097999945, "std": 0.006263712068222024, "repeat": 10, "number": 1}], "params": [["True", "False"]]}}, "params": {"machine": "GitHubRunner", "python": "3.8"}, "requirements": {}, "commit_hash": "aa3747ee879327ae22f8484909022654422f8772", "date": 1612976236000, "env_name": "virtualenv-py3.8", "python": "3.8", "profiles": {}, "started_at": {"time_setup_models_and_sims.TimeBuildDFN.time_setup_DFN": 1613141635571, "time_setup_models_and_sims.TimeBuildDFNSimulation.time_setup_DFN_simulation": 1613141643347, "time_setup_models_and_sims.TimeBuildSPM.time_setup_SPM": 1613141646113, "time_setup_models_and_sims.TimeBuildSPMSimulation.time_setup_SPM_simulation": 1613141650478, "time_setup_models_and_sims.TimeBuildSPMe.time_setup_SPMe": 1613141652995, "time_setup_models_and_sims.TimeBuildSPMeSimulation.time_setup_SPMe_simulation": 1613141659618, "time_solve_models.TimeSolveDFN.time_solve_model": 1613141662483, "time_solve_models.TimeSolveSPM.time_solve_model": 1613141688923, "time_solve_models.TimeSolveSPMe.time_solve_model": 1613141700969}, "ended_at": {"time_setup_models_and_sims.TimeBuildDFN.time_setup_DFN": 1613141643346, "time_setup_models_and_sims.TimeBuildDFNSimulation.time_setup_DFN_simulation": 1613141646112, "time_setup_models_and_sims.TimeBuildSPM.time_setup_SPM": 1613141650478, "time_setup_models_and_sims.TimeBuildSPMSimulation.time_setup_SPM_simulation": 1613141652995, "time_setup_models_and_sims.TimeBuildSPMe.time_setup_SPMe": 1613141659618, "time_setup_models_and_sims.TimeBuildSPMeSimulation.time_setup_SPMe_simulation": 1613141662483, "time_solve_models.TimeSolveDFN.time_solve_model": 1613141688922, "time_solve_models.TimeSolveSPM.time_solve_model": 1613141700968, "time_solve_models.TimeSolveSPMe.time_solve_model": 1613141719083}, "benchmark_version": {"time_setup_models_and_sims.TimeBuildDFN.time_setup_DFN": "5f322e51e6b7e66125ee6949bdf25746005db467e8ffcfdcb3ace170e92bbc3d", "time_setup_models_and_sims.TimeBuildDFNSimulation.time_setup_DFN_simulation": "8de44bc542fa7d4ba28a80f24414a9444b5436673aaebba674918f5f0bfd0ebb", "time_setup_models_and_sims.TimeBuildSPM.time_setup_SPM": "0d0b3f5c67fc2da9a5794c66b70af5a45a09558d1ee95f738745385adb84fbca", "time_setup_models_and_sims.TimeBuildSPMSimulation.time_setup_SPM_simulation": "161220a99418ce4487cc29325cbae897f28d0e44ae07e1dfbfaac2cbc53a4ff9", "time_setup_models_and_sims.TimeBuildSPMe.time_setup_SPMe": "6083f5ff944353395eb4b21c97b02af555fe6528de3cd5283f5e139943945235", "time_setup_models_and_sims.TimeBuildSPMeSimulation.time_setup_SPMe_simulation": "530563cb559427795e3648d9648df9250ae100b7721f69eec356bdda7798c55e", "time_solve_models.TimeSolveDFN.time_solve_model": "914137228e20e5900cec36b0d3865f1faa2f5d479c7d6c2539514791f9ec4430", "time_solve_models.TimeSolveSPM.time_solve_model": "ef1bb5f8d1ddfa59650e20438c4b252d73e5a062714848ce1d6d5269382bc598", "time_solve_models.TimeSolveSPMe.time_solve_model": "20672028872f4620ce85e909bae705d9490de441e926510b2b0e53ff0881d87b"}, "version": 1}