{"results": {"time_setup_models_and_sims.TimeBuildDFN.time_setup_DFN": {"result": [0.7322905999999989], "stats": [{"ci_99": [0.7223587549999877, 0.7578600289999997], "q_25": 0.7274961752500104, "q_75": 0.7528587854999884, "min": 0.7223587549999877, "max": 0.7578600289999997, "mean": 0.7384763665999969, "std": 0.013654124156768184, "repeat": 10, "number": 1}]}, "time_setup_models_and_sims.TimeBuildDFNSimulation.time_setup_DFN_simulation": {"result": [0.21802080450001426, 0.5125838305000059], "stats": [{"ci_99": [0.21006892899998775, 0.22518994600000042], "q_25": 0.2163854250000128, "q_75": 0.22042403849999914, "min": 0.21006892899998775, "max": 0.22518994600000042, "mean": 0.21792643030000533, "std": 0.004112891544465375, "repeat": 10, "number": 1}, {"ci_99": [0.5001247029999831, 0.5349424770000155], "q_25": 0.5072480842500013, "q_75": 0.5150264250000163, "min": 0.5001247029999831, "max": 0.5349424770000155, "mean": 0.5135910701000028, "std": 0.010124356943786569, "repeat": 10, "number": 1}], "params": [["False", "True"]]}, "time_setup_models_and_sims.TimeBuildSPM.time_setup_SPM": {"result": [0.5389178300000026], "stats": [{"ci_99": [0.5258244899999909, 0.5610766869999964], "q_25": 0.5358654472499893, "q_75": 0.5483164634999937, "min": 0.5258244899999909, "max": 0.5610766869999964, "mean": 0.5414258207999921, "std": 0.009753748878330668, "repeat": 10, "number": 1}]}, "time_setup_models_and_sims.TimeBuildSPMSimulation.time_setup_SPM_simulation": {"result": [0.271071177500005, 0.6001511415000067], "stats": [{"ci_99": [0.263213952000001, 0.2827789990000156], "q_25": 0.26947535950000656, "q_75": 0.27435575450000727, "min": 0.263213952000001, "max": 0.2827789990000156, "mean": 0.27192464740000444, "std": 0.005470707365638723, "repeat": 10, "number": 1}, {"ci_99": [0.5955501430000254, 0.611317745000008], "q_25": 0.5966981617499911, "q_75": 0.6021626439999821, "min": 0.5955501430000254, "max": 0.611317745000008, "mean": 0.600936025499999, "std": 0.005122578511323978, "repeat": 10, "number": 1}], "params": [["False", "True"]]}, "time_setup_models_and_sims.TimeBuildSPMe.time_setup_SPMe": {"result": [0.695132576000006], "stats": [{"ci_99": [0.6764753770000027, 0.7245289780000235], "q_25": 0.6800870655000111, "q_75": 0.7067579937499957, "min": 0.6764753770000027, "max": 0.7245289780000235, "mean": 0.6961126093000075, "std": 0.017175163480706655, "repeat": 10, "number": 1}]}, "time_setup_models_and_sims.TimeBuildSPMeSimulation.time_setup_SPMe_simulation": {"result": [0.2495206530000047, 0.5874133324999917], "stats": [{"ci_99": [0.2391171820000011, 0.26498009900001307], "q_25": 0.24579713850000218, "q_75": 0.2560200117500173, "min": 0.2391171820000011, "max": 0.26498009900001307, "mean": 0.2509692483000066, "std": 0.00798269949373408, "repeat": 10, "number": 1}, {"ci_99": [0.5750016300000027, 0.6371285660000012], "q_25": 0.5790017842500106, "q_75": 0.5982697012499969, "min": 0.5750016300000027, "max": 0.6371285660000012, "mean": 0.5923553528999974, "std": 0.017883140259731884, "repeat": 10, "number": 1}], "params": [["False", "True"]]}, "time_solve_models.TimeSolveDFN.time_solve_model": {"result": [0.6568047769999907, 0.8427829664999962], "stats": [{"ci_99": [0.6242190019999896, 0.6885123929999963], "q_25": 0.6484656835000067, "q_75": 0.6727576455000133, "min": 0.6242190019999896, "max": 0.6885123929999963, "mean": 0.6580659531249999, "std": 0.018878673725710515, "repeat": 8, "number": 1}, {"ci_99": [0.813105218000004, 0.8731916330000047], "q_25": 0.8254444212499905, "q_75": 0.8660402904999955, "min": 0.813105218000004, "max": 0.8731916330000047, "mean": 0.8438504618999986, "std": 0.021852527736588714, "repeat": 10, "number": 1}], "params": [["True", "False"]]}, "time_solve_models.TimeSolveSPM.time_solve_model": {"result": [0.026634674000007408, 0.055682892999982414], "stats": [{"ci_99": [0.02566288700000996, 0.02722504699994488], "q_25": 0.026219984000036334, "q_75": 0.026906134999983067, "min": 0.02566288700000996, "max": 0.02722504699994488, "mean": 0.0265685819999959, "std": 0.0004708966536034, "repeat": 10, "number": 1}, {"ci_99": [0.05225071199998865, 0.06245990399997936], "q_25": 0.05429683949999742, "q_75": 0.056307767250004304, "min": 0.05225071199998865, "max": 0.06245990399997936, "mean": 0.05580523769999388, "std": 0.002580468044424816, "repeat": 10, "number": 1}], "params": [["True", "False"]]}, "time_solve_models.TimeSolveSPMe.time_solve_model": {"result": [0.03711507850002249, 0.09329844849999347], "stats": [{"ci_99": [0.035500364999961675, 0.038850996000007854], "q_25": 0.036119865000017626, "q_75": 0.03814511750001515, "min": 0.035500364999961675, "max": 0.038850996000007854, "mean": 0.03716461010000956, "std": 0.0011205069947513812, "repeat": 10, "number": 1}, {"ci_99": [0.08722975899999597, 0.10025605999999243], "q_25": 0.08915560399999833, "q_75": 0.09618415149999748, "min": 0.08722975899999597, "max": 0.10025605999999243, "mean": 0.09316662609999753, "std": 0.004211192390945958, "repeat": 10, "number": 1}], "params": [["True", "False"]]}}, "params": {"machine": "GitHubRunner", "python": "3.8"}, "requirements": {}, "commit_hash": "aa8be739b0219304dd2e933c02c82651831cfa9b", "date": 1635717739000, "env_name": "virtualenv-py3.8", "python": "3.8", "profiles": {}, "started_at": {"time_setup_models_and_sims.TimeBuildDFN.time_setup_DFN": 1635823351294, "time_setup_models_and_sims.TimeBuildDFNSimulation.time_setup_DFN_simulation": 1635823356213, "time_setup_models_and_sims.TimeBuildSPM.time_setup_SPM": 1635823360983, "time_setup_models_and_sims.TimeBuildSPMSimulation.time_setup_SPM_simulation": 1635823364648, "time_setup_models_and_sims.TimeBuildSPMe.time_setup_SPMe": 1635823370273, "time_setup_models_and_sims.TimeBuildSPMeSimulation.time_setup_SPMe_simulation": 1635823374989, "time_solve_models.TimeSolveDFN.time_solve_model": 1635823380415, "time_solve_models.TimeSolveSPM.time_solve_model": 1635823404689, "time_solve_models.TimeSolveSPMe.time_solve_model": 1635823414977}, "ended_at": {"time_setup_models_and_sims.TimeBuildDFN.time_setup_DFN": 1635823356212, "time_setup_models_and_sims.TimeBuildDFNSimulation.time_setup_DFN_simulation": 1635823360982, "time_setup_models_and_sims.TimeBuildSPM.time_setup_SPM": 1635823364648, "time_setup_models_and_sims.TimeBuildSPMSimulation.time_setup_SPM_simulation": 1635823370273, "time_setup_models_and_sims.TimeBuildSPMe.time_setup_SPMe": 1635823374989, "time_setup_models_and_sims.TimeBuildSPMeSimulation.time_setup_SPMe_simulation": 1635823380414, "time_solve_models.TimeSolveDFN.time_solve_model": 1635823404689, "time_solve_models.TimeSolveSPM.time_solve_model": 1635823414977, "time_solve_models.TimeSolveSPMe.time_solve_model": 1635823428473}, "benchmark_version": {"time_setup_models_and_sims.TimeBuildDFN.time_setup_DFN": "5f322e51e6b7e66125ee6949bdf25746005db467e8ffcfdcb3ace170e92bbc3d", "time_setup_models_and_sims.TimeBuildDFNSimulation.time_setup_DFN_simulation": "8de44bc542fa7d4ba28a80f24414a9444b5436673aaebba674918f5f0bfd0ebb", "time_setup_models_and_sims.TimeBuildSPM.time_setup_SPM": "0d0b3f5c67fc2da9a5794c66b70af5a45a09558d1ee95f738745385adb84fbca", "time_setup_models_and_sims.TimeBuildSPMSimulation.time_setup_SPM_simulation": "161220a99418ce4487cc29325cbae897f28d0e44ae07e1dfbfaac2cbc53a4ff9", "time_setup_models_and_sims.TimeBuildSPMe.time_setup_SPMe": "6083f5ff944353395eb4b21c97b02af555fe6528de3cd5283f5e139943945235", "time_setup_models_and_sims.TimeBuildSPMeSimulation.time_setup_SPMe_simulation": "530563cb559427795e3648d9648df9250ae100b7721f69eec356bdda7798c55e", "time_solve_models.TimeSolveDFN.time_solve_model": "914137228e20e5900cec36b0d3865f1faa2f5d479c7d6c2539514791f9ec4430", "time_solve_models.TimeSolveSPM.time_solve_model": "ef1bb5f8d1ddfa59650e20438c4b252d73e5a062714848ce1d6d5269382bc598", "time_solve_models.TimeSolveSPMe.time_solve_model": "20672028872f4620ce85e909bae705d9490de441e926510b2b0e53ff0881d87b"}, "version": 1}