{"results": {"time_setup_models_and_sims.TimeBuildDFN.time_setup_DFN": {"result": [1.2299236654999959], "stats": [{"ci_99": [1.2036469829999987, 1.2940936250001869], "q_25": 1.2137516847500365, "q_75": 1.2564916552501018, "min": 1.2036469829999987, "max": 1.2940936250001869, "mean": 1.237962296200044, "std": 0.0277767136331894, "repeat": 10, "number": 1}]}, "time_setup_models_and_sims.TimeBuildDFNSimulation.time_setup_DFN_simulation": {"result": [0.15236195549994136, 0.2530090499998323], "stats": [{"ci_99": [0.14292669000019487, 0.16303984799992577], "q_25": 0.15027706824986353, "q_75": 0.15839538324996738, "min": 0.14292669000019487, "max": 0.16303984799992577, "mean": 0.15313045729997157, "std": 0.006595150787434103, "repeat": 10, "number": 1}, {"ci_99": [0.2397490299999845, 0.25789236900004653], "q_25": 0.2466784527500181, "q_75": 0.2571828189999792, "min": 0.2397490299999845, "max": 0.25789236900004653, "mean": 0.25113363809998646, "std": 0.006587850395414056, "repeat": 10, "number": 1}], "params": [["False", "True"]]}, "time_setup_models_and_sims.TimeBuildSPM.time_setup_SPM": {"result": [0.6790645795000501], "stats": [{"ci_99": [0.6417785900000581, 0.7025094430000536], "q_25": 0.6671011084999918, "q_75": 0.6957233464999604, "min": 0.6417785900000581, "max": 0.7025094430000536, "mean": 0.6786287601999902, "std": 0.018502688983803587, "repeat": 10, "number": 1}]}, "time_setup_models_and_sims.TimeBuildSPMSimulation.time_setup_SPM_simulation": {"result": [0.1502245369999855, 0.22483577349987627], "stats": [{"ci_99": [0.1393663579999611, 0.16485325100006776], "q_25": 0.1466064329999881, "q_75": 0.15578382949985325, "min": 0.1393663579999611, "max": 0.16485325100006776, "mean": 0.15116362429996572, "std": 0.007313055389321784, "repeat": 10, "number": 1}, {"ci_99": [0.2123877579999771, 0.25301031399999374], "q_25": 0.2211836700000731, "q_75": 0.23167890474996966, "min": 0.2123877579999771, "max": 0.25301031399999374, "mean": 0.2273883438999519, "std": 0.010359074392625631, "repeat": 10, "number": 1}], "params": [["False", "True"]]}, "time_setup_models_and_sims.TimeBuildSPMe.time_setup_SPMe": {"result": [1.010168156000077], "stats": [{"ci_99": [0.9700201170001037, 1.075867745999858], "q_25": 1.0002045209998869, "q_75": 1.0454929514999094, "min": 0.9700201170001037, "max": 1.075867745999858, "mean": 1.0209442764999495, "std": 0.03403295716028781, "repeat": 10, "number": 1}]}, "time_setup_models_and_sims.TimeBuildSPMeSimulation.time_setup_SPMe_simulation": {"result": [0.16269786899999872, 0.26562068600003386], "stats": [{"ci_99": [0.15566906100002598, 0.17114466499992886], "q_25": 0.16038112525001225, "q_75": 0.16847470950006027, "min": 0.15566906100002598, "max": 0.17114466499992886, "mean": 0.16387825189999602, "std": 0.004815042531988424, "repeat": 10, "number": 1}, {"ci_99": [0.26166435599998294, 0.2909983800000191], "q_25": 0.2635459715000934, "q_75": 0.27753391299995656, "min": 0.26166435599998294, "max": 0.2909983800000191, "mean": 0.2713957155000116, "std": 0.010193839518078004, "repeat": 10, "number": 1}], "params": [["False", "True"]]}, "time_solve_models.TimeSolveDFN.time_solve_model": {"result": [0.8710506359999499, 1.0114417940000067], "stats": [{"ci_99": [0.8280469379999431, 0.8903670130499465], "q_25": 0.8480588497501458, "q_75": 0.8746174972499148, "min": 0.8280469379999431, "max": 0.8775892510000176, "mean": 0.8606564721666624, "std": 0.01893158002223665, "repeat": 6, "number": 1}, {"ci_99": [0.974113516999978, 1.0504786509998212], "q_25": 1.0048277715000609, "q_75": 1.03591878550003, "min": 0.974113516999978, "max": 1.0504786509998212, "mean": 1.0165626772500218, "std": 0.02417823082571422, "repeat": 8, "number": 1}], "params": [["True", "False"]]}, "time_solve_models.TimeSolveSPM.time_solve_model": {"result": [0.04747974200006411, 0.07854351100013446], "stats": [{"ci_99": [0.04431621800017638, 0.052655146000006425], "q_25": 0.04605699925002682, "q_75": 0.050133431000062956, "min": 0.04431621800017638, "max": 0.052655146000006425, "mean": 0.04806370120004431, "std": 0.002860144362478296, "repeat": 10, "number": 1}, {"ci_99": [0.07400558600011209, 0.08607521600015389], "q_25": 0.07539754449999236, "q_75": 0.0821356765001724, "min": 0.07400558600011209, "max": 0.08607521600015389, "mean": 0.07917016320009225, "std": 0.004184911996537089, "repeat": 10, "number": 1}], "params": [["True", "False"]]}, "time_solve_models.TimeSolveSPMe.time_solve_model": {"result": [0.06303067750002356, 0.12822062950010604], "stats": [{"ci_99": [0.05941858799997135, 0.07483788700005789], "q_25": 0.06122529975010593, "q_75": 0.06710572674995774, "min": 0.05941858799997135, "max": 0.07483788700005789, "mean": 0.06442478820001725, "std": 0.004493502638742889, "repeat": 10, "number": 1}, {"ci_99": [0.1169084540001677, 0.13164095299998735], "q_25": 0.12616443450002635, "q_75": 0.12869385925006327, "min": 0.1169084540001677, "max": 0.13164095299998735, "mean": 0.12665477360005753, "std": 0.0041870787982242605, "repeat": 10, "number": 1}], "params": [["True", "False"]]}}, "params": {"machine": "GitHubRunner", "python": "3.8"}, "requirements": {}, "commit_hash": "afb920a5957a904ba833c8483385c31de42bb4d9", "date": 1612465198000, "env_name": "virtualenv-py3.8", "python": "3.8", "profiles": {}, "started_at": {"time_setup_models_and_sims.TimeBuildDFN.time_setup_DFN": 1613142333535, "time_setup_models_and_sims.TimeBuildDFNSimulation.time_setup_DFN_simulation": 1613142341363, "time_setup_models_and_sims.TimeBuildSPM.time_setup_SPM": 1613142344029, "time_setup_models_and_sims.TimeBuildSPMSimulation.time_setup_SPM_simulation": 1613142348396, "time_setup_models_and_sims.TimeBuildSPMe.time_setup_SPMe": 1613142350863, "time_setup_models_and_sims.TimeBuildSPMeSimulation.time_setup_SPMe_simulation": 1613142357436, "time_solve_models.TimeSolveDFN.time_solve_model": 1613142360353, "time_solve_models.TimeSolveSPM.time_solve_model": 1613142386737, "time_solve_models.TimeSolveSPMe.time_solve_model": 1613142399081}, "ended_at": {"time_setup_models_and_sims.TimeBuildDFN.time_setup_DFN": 1613142341363, "time_setup_models_and_sims.TimeBuildDFNSimulation.time_setup_DFN_simulation": 1613142344029, "time_setup_models_and_sims.TimeBuildSPM.time_setup_SPM": 1613142348396, "time_setup_models_and_sims.TimeBuildSPMSimulation.time_setup_SPM_simulation": 1613142350862, "time_setup_models_and_sims.TimeBuildSPMe.time_setup_SPMe": 1613142357436, "time_setup_models_and_sims.TimeBuildSPMeSimulation.time_setup_SPMe_simulation": 1613142360353, "time_solve_models.TimeSolveDFN.time_solve_model": 1613142386736, "time_solve_models.TimeSolveSPM.time_solve_model": 1613142399080, "time_solve_models.TimeSolveSPMe.time_solve_model": 1613142416890}, "benchmark_version": {"time_setup_models_and_sims.TimeBuildDFN.time_setup_DFN": "5f322e51e6b7e66125ee6949bdf25746005db467e8ffcfdcb3ace170e92bbc3d", "time_setup_models_and_sims.TimeBuildDFNSimulation.time_setup_DFN_simulation": "8de44bc542fa7d4ba28a80f24414a9444b5436673aaebba674918f5f0bfd0ebb", "time_setup_models_and_sims.TimeBuildSPM.time_setup_SPM": "0d0b3f5c67fc2da9a5794c66b70af5a45a09558d1ee95f738745385adb84fbca", "time_setup_models_and_sims.TimeBuildSPMSimulation.time_setup_SPM_simulation": "161220a99418ce4487cc29325cbae897f28d0e44ae07e1dfbfaac2cbc53a4ff9", "time_setup_models_and_sims.TimeBuildSPMe.time_setup_SPMe": "6083f5ff944353395eb4b21c97b02af555fe6528de3cd5283f5e139943945235", "time_setup_models_and_sims.TimeBuildSPMeSimulation.time_setup_SPMe_simulation": "530563cb559427795e3648d9648df9250ae100b7721f69eec356bdda7798c55e", "time_solve_models.TimeSolveDFN.time_solve_model": "914137228e20e5900cec36b0d3865f1faa2f5d479c7d6c2539514791f9ec4430", "time_solve_models.TimeSolveSPM.time_solve_model": "ef1bb5f8d1ddfa59650e20438c4b252d73e5a062714848ce1d6d5269382bc598", "time_solve_models.TimeSolveSPMe.time_solve_model": "20672028872f4620ce85e909bae705d9490de441e926510b2b0e53ff0881d87b"}, "version": 1}