{"results": {"time_setup_models_and_sims.TimeBuildDFN.time_setup_DFN": {"result": [0.9064104149999821], "stats": [{"ci_99": [0.45924198099999103, 1.3517746210000041], "q_25": 0.46846985624998183, "q_75": 1.3485911387499243, "min": 0.45924198099999103, "max": 1.3517746210000041, "mean": 0.907656751699983, "std": 0.44089132535760456, "repeat": 10, "number": 1}]}, "time_setup_models_and_sims.TimeBuildDFNSimulation.time_setup_DFN_simulation": {"result": [0.23049463099999912, 0.37217414450003616], "stats": [{"ci_99": [0.11659476899990295, 0.34733703000006244], "q_25": 0.1174156805000166, "q_75": 0.3446890215000451, "min": 0.11659476899990295, "max": 0.34733703000006244, "mean": 0.23127491110000165, "std": 0.1139673333818366, "repeat": 10, "number": 1}, {"ci_99": [0.18799782999997205, 0.558576185999982], "q_25": 0.18870004025001208, "q_75": 0.5554853460000402, "min": 0.18799782999997205, "max": 0.558576185999982, "mean": 0.3724386076000087, "std": 0.18373883682153788, "repeat": 10, "number": 1}], "params": [["False", "True"]]}, "time_setup_models_and_sims.TimeBuildSPM.time_setup_SPM": {"result": [0.2729989305000231], "stats": [{"ci_99": [0.27049540399991656, 0.2758347239999921], "q_25": 0.27181123624998804, "q_75": 0.2743772187500326, "min": 0.27049540399991656, "max": 0.2758347239999921, "mean": 0.2731475086000046, "std": 0.001681075447082087, "repeat": 10, "number": 1}]}, "time_setup_models_and_sims.TimeBuildSPMSimulation.time_setup_SPM_simulation": {"result": [0.11123963849996699, 0.16514965100003565], "stats": [{"ci_99": [0.1100218459999951, 0.11307803800002603], "q_25": 0.1107651337500215, "q_75": 0.11189825900001438, "min": 0.1100218459999951, "max": 0.11307803800002603, "mean": 0.11133634960000335, "std": 0.0008766215545410385, "repeat": 10, "number": 1}, {"ci_99": [0.1640628549999974, 0.16741840000008779], "q_25": 0.16487654674997998, "q_75": 0.16571825275002539, "min": 0.1640628549999974, "max": 0.16741840000008779, "mean": 0.16539008850002118, "std": 0.0009231159489038952, "repeat": 10, "number": 1}], "params": [["False", "True"]]}, "time_setup_models_and_sims.TimeBuildSPMe.time_setup_SPMe": {"result": [0.39665322849998574], "stats": [{"ci_99": [0.3936908730000823, 0.3990619769999739], "q_25": 0.39581955974998095, "q_75": 0.3975204735000091, "min": 0.3936908730000823, "max": 0.3990619769999739, "mean": 0.3965655075999962, "std": 0.0014426990435507173, "repeat": 10, "number": 1}]}, "time_setup_models_and_sims.TimeBuildSPMeSimulation.time_setup_SPMe_simulation": {"result": [0.12004820199996402, 0.19909852450001608], "stats": [{"ci_99": [0.11902106399998047, 0.1276626239999814], "q_25": 0.11945580700000846, "q_75": 0.12064727250000828, "min": 0.11902106399998047, "max": 0.1276626239999814, "mean": 0.1207344808999892, "std": 0.00240170519134236, "repeat": 10, "number": 1}, {"ci_99": [0.19846192500006055, 0.20156466399998862], "q_25": 0.19885750749989484, "q_75": 0.19977087499998447, "min": 0.19846192500006055, "max": 0.20156466399998862, "mean": 0.19940195769999036, "std": 0.0008574504375329202, "repeat": 10, "number": 1}], "params": [["False", "True"]]}, "time_solve_models.TimeSolveDFN.time_solve_model": {"result": [0.5049953505000531, 0.6619911490000163], "stats": [{"ci_99": [0.5022439819999818, 0.5092473959999779], "q_25": 0.5039846712499525, "q_75": 0.5066278360000069, "min": 0.5022439819999818, "max": 0.5092473959999779, "mean": 0.5053523702999996, "std": 0.002301883956218195, "repeat": 10, "number": 1}, {"ci_99": [0.6593851899999663, 0.6670320599999968], "q_25": 0.6609197919999588, "q_75": 0.6639054100000692, "min": 0.6593851899999663, "max": 0.6670320599999968, "mean": 0.6627108219999969, "std": 0.0023797382292307084, "repeat": 10, "number": 1}], "params": [["True", "False"]]}, "time_solve_models.TimeSolveSPM.time_solve_model": {"result": [0.020002911500000664, 0.04170254350003688], "stats": [{"ci_99": [0.019829858999969474, 0.020181365000098594], "q_25": 0.019963759999939157, "q_75": 0.020155214250024756, "min": 0.019829858999969474, "max": 0.020181365000098594, "mean": 0.020030892100010078, "std": 0.00011605331570295601, "repeat": 10, "number": 1}, {"ci_99": [0.04134004200000163, 0.04483698599995023], "q_25": 0.04153879425001605, "q_75": 0.0419036002500377, "min": 0.04134004200000163, "max": 0.04483698599995023, "mean": 0.04197340910001231, "std": 0.0009755977906762302, "repeat": 10, "number": 1}], "params": [["True", "False"]]}, "time_solve_models.TimeSolveSPMe.time_solve_model": {"result": [0.03047999850002725, 0.07182103750000124], "stats": [{"ci_99": [0.03014479500006928, 0.03125080799998159], "q_25": 0.03027859675006539, "q_75": 0.030714802750026138, "min": 0.03014479500006928, "max": 0.03125080799998159, "mean": 0.030532179300030292, "std": 0.00032359809077117175, "repeat": 10, "number": 1}, {"ci_99": [0.0708036279999078, 0.08270277999997688], "q_25": 0.07093245524998792, "q_75": 0.07212209199997233, "min": 0.0708036279999078, "max": 0.08270277999997688, "mean": 0.07262702009999203, "std": 0.0034011133277600867, "repeat": 10, "number": 1}], "params": [["True", "False"]]}}, "params": {"machine": "GitHubRunner", "python": "3.8"}, "requirements": {}, "commit_hash": "b4735e19e4570dccc66aae90213e982547f4b532", "date": 1619641874000, "env_name": "virtualenv-py3.8", "python": "3.8", "profiles": {}, "started_at": {"time_setup_models_and_sims.TimeBuildDFN.time_setup_DFN": 1619665688070, "time_setup_models_and_sims.TimeBuildDFNSimulation.time_setup_DFN_simulation": 1619665696408, "time_setup_models_and_sims.TimeBuildSPM.time_setup_SPM": 1619665702289, "time_setup_models_and_sims.TimeBuildSPMSimulation.time_setup_SPM_simulation": 1619665704201, "time_setup_models_and_sims.TimeBuildSPMe.time_setup_SPMe": 1619665706064, "time_setup_models_and_sims.TimeBuildSPMeSimulation.time_setup_SPMe_simulation": 1619665708776, "time_solve_models.TimeSolveDFN.time_solve_model": 1619665710940, "time_solve_models.TimeSolveSPM.time_solve_model": 1619665729703, "time_solve_models.TimeSolveSPMe.time_solve_model": 1619665735578}, "ended_at": {"time_setup_models_and_sims.TimeBuildDFN.time_setup_DFN": 1619665696408, "time_setup_models_and_sims.TimeBuildDFNSimulation.time_setup_DFN_simulation": 1619665702286, "time_setup_models_and_sims.TimeBuildSPM.time_setup_SPM": 1619665704200, "time_setup_models_and_sims.TimeBuildSPMSimulation.time_setup_SPM_simulation": 1619665706063, "time_setup_models_and_sims.TimeBuildSPMe.time_setup_SPMe": 1619665708775, "time_setup_models_and_sims.TimeBuildSPMeSimulation.time_setup_SPMe_simulation": 1619665710939, "time_solve_models.TimeSolveDFN.time_solve_model": 1619665729702, "time_solve_models.TimeSolveSPM.time_solve_model": 1619665735577, "time_solve_models.TimeSolveSPMe.time_solve_model": 1619665743964}, "benchmark_version": {"time_setup_models_and_sims.TimeBuildDFN.time_setup_DFN": "5f322e51e6b7e66125ee6949bdf25746005db467e8ffcfdcb3ace170e92bbc3d", "time_setup_models_and_sims.TimeBuildDFNSimulation.time_setup_DFN_simulation": "8de44bc542fa7d4ba28a80f24414a9444b5436673aaebba674918f5f0bfd0ebb", "time_setup_models_and_sims.TimeBuildSPM.time_setup_SPM": "0d0b3f5c67fc2da9a5794c66b70af5a45a09558d1ee95f738745385adb84fbca", "time_setup_models_and_sims.TimeBuildSPMSimulation.time_setup_SPM_simulation": "161220a99418ce4487cc29325cbae897f28d0e44ae07e1dfbfaac2cbc53a4ff9", "time_setup_models_and_sims.TimeBuildSPMe.time_setup_SPMe": "6083f5ff944353395eb4b21c97b02af555fe6528de3cd5283f5e139943945235", "time_setup_models_and_sims.TimeBuildSPMeSimulation.time_setup_SPMe_simulation": "530563cb559427795e3648d9648df9250ae100b7721f69eec356bdda7798c55e", "time_solve_models.TimeSolveDFN.time_solve_model": "914137228e20e5900cec36b0d3865f1faa2f5d479c7d6c2539514791f9ec4430", "time_solve_models.TimeSolveSPM.time_solve_model": "ef1bb5f8d1ddfa59650e20438c4b252d73e5a062714848ce1d6d5269382bc598", "time_solve_models.TimeSolveSPMe.time_solve_model": "20672028872f4620ce85e909bae705d9490de441e926510b2b0e53ff0881d87b"}, "version": 1}