{"results": {"time_setup_models_and_sims.TimeBuildDFN.time_setup_DFN": {"result": [0.5027111310000052], "stats": [{"ci_99": [0.4988682280000063, 0.5083632069999879], "q_25": 0.4993324244999826, "q_75": 0.5074215277500187, "min": 0.4988682280000063, "max": 0.5083632069999879, "mean": 0.5033121100000002, "std": 0.0038236458589896503, "repeat": 10, "number": 1}]}, "time_setup_models_and_sims.TimeBuildDFNSimulation.time_setup_DFN_simulation": {"result": [0.11533077049998752, 0.28227144799999593], "stats": [{"ci_99": [0.11172166000000061, 0.11930599800001573], "q_25": 0.11322290800000445, "q_75": 0.11754285849999846, "min": 0.11172166000000061, "max": 0.11930599800001573, "mean": 0.11535487169999925, "std": 0.002497878767690194, "repeat": 10, "number": 1}, {"ci_99": [0.2778110950000041, 0.28401539000000753], "q_25": 0.279323423999994, "q_75": 0.2835411840000077, "min": 0.2778110950000041, "max": 0.28401539000000753, "mean": 0.28140465120000047, "std": 0.0023153119345256145, "repeat": 10, "number": 1}], "params": [["False", "True"]]}, "time_setup_models_and_sims.TimeBuildSPM.time_setup_SPM": {"result": [0.3089914379999925], "stats": [{"ci_99": [0.3058241319999979, 0.310759977999993], "q_25": 0.3064298074999918, "q_75": 0.3098653072500035, "min": 0.3058241319999979, "max": 0.310759977999993, "mean": 0.3083121688999995, "std": 0.0018217408921877662, "repeat": 10, "number": 1}]}, "time_setup_models_and_sims.TimeBuildSPMSimulation.time_setup_SPM_simulation": {"result": [0.14125418400000456, 0.3141762830000019], "stats": [{"ci_99": [0.1358155140000008, 0.14533806299999696], "q_25": 0.13609932900001454, "q_75": 0.1424589714999911, "min": 0.1358155140000008, "max": 0.14533806299999696, "mean": 0.13990931540000417, "std": 0.003393422448665336, "repeat": 10, "number": 1}, {"ci_99": [0.30949433199999987, 0.315199548999999], "q_25": 0.3102221632499891, "q_75": 0.3144950939999873, "min": 0.30949433199999987, "max": 0.315199548999999, "mean": 0.31275288299999604, "std": 0.002322712667544485, "repeat": 10, "number": 1}], "params": [["False", "True"]]}, "time_setup_models_and_sims.TimeBuildSPMe.time_setup_SPMe": {"result": [0.44154634899999934], "stats": [{"ci_99": [0.4361138120000021, 0.44518187599999237], "q_25": 0.4381625060000047, "q_75": 0.44452021575000344, "min": 0.4361138120000021, "max": 0.44518187599999237, "mean": 0.44114967700000135, "std": 0.0034431093695821585, "repeat": 10, "number": 1}]}, "time_setup_models_and_sims.TimeBuildSPMeSimulation.time_setup_SPMe_simulation": {"result": [0.13134215700000595, 0.32042036249999484], "stats": [{"ci_99": [0.12687450300001046, 0.13384515500001726], "q_25": 0.12876074424998052, "q_75": 0.13166516499998693, "min": 0.12687450300001046, "max": 0.13384515500001726, "mean": 0.13055620549999958, "std": 0.0023225128558281368, "repeat": 10, "number": 1}, {"ci_99": [0.3157171789999893, 0.3223451610000012], "q_25": 0.31611103350000036, "q_75": 0.32168839549999007, "min": 0.3157171789999893, "max": 0.3223451610000012, "mean": 0.3192499525999978, "std": 0.002729299445057181, "repeat": 10, "number": 1}], "params": [["False", "True"]]}, "time_solve_models.TimeSolveDFN.time_solve_model": {"result": [0.5078606654999902, 0.6680645284999969], "stats": [{"ci_99": [0.5060497099999992, 0.5113476479999974], "q_25": 0.5067018852499992, "q_75": 0.5100948755000054, "min": 0.5060497099999992, "max": 0.5113476479999974, "mean": 0.5082649918999976, "std": 0.0019078639418333696, "repeat": 10, "number": 1}, {"ci_99": [0.6650221289999934, 0.6723693319999882], "q_25": 0.6666218102499997, "q_75": 0.6704100232500068, "min": 0.6650221289999934, "max": 0.6723693319999882, "mean": 0.6684378201000015, "std": 0.002473887182291797, "repeat": 10, "number": 1}], "params": [["True", "False"]]}, "time_solve_models.TimeSolveSPM.time_solve_model": {"result": [0.01934886050000273, 0.04092817400000115], "stats": [{"ci_99": [0.01927184600000942, 0.01943597399997543], "q_25": 0.019307117250008332, "q_75": 0.01939892375001051, "min": 0.01927184600000942, "max": 0.01943597399997543, "mean": 0.019352606400002515, "std": 5.288447489762943e-05, "repeat": 10, "number": 1}, {"ci_99": [0.04073019100002284, 0.04139299299998811], "q_25": 0.04091548000000245, "q_75": 0.040995757999994, "min": 0.04073019100002284, "max": 0.04139299299998811, "mean": 0.040954333600001294, "std": 0.0001738724156508983, "repeat": 10, "number": 1}], "params": [["True", "False"]]}, "time_solve_models.TimeSolveSPMe.time_solve_model": {"result": [0.028496344500013038, 0.0712150724999816], "stats": [{"ci_99": [0.028232506999984253, 0.028933464999994385], "q_25": 0.02838707749999969, "q_75": 0.028563888500002577, "min": 0.028232506999984253, "max": 0.028933464999994385, "mean": 0.028515501299997935, "std": 0.0001911357537001515, "repeat": 10, "number": 1}, {"ci_99": [0.07085657099997889, 0.07169770600000902], "q_25": 0.07108455325001017, "q_75": 0.0713994557500115, "min": 0.07085657099997889, "max": 0.07169770600000902, "mean": 0.07124208819999751, "std": 0.000238441313313636, "repeat": 10, "number": 1}], "params": [["True", "False"]]}}, "params": {"machine": "GitHubRunner", "python": "3.8"}, "requirements": {}, "commit_hash": "b86b0c7f6172785b687de2ffcadd8931e723db5b", "date": 1642790235000, "env_name": "virtualenv-py3.8", "python": "3.8", "profiles": {}, "started_at": {"time_setup_models_and_sims.TimeBuildDFN.time_setup_DFN": 1642821613928, "time_setup_models_and_sims.TimeBuildDFNSimulation.time_setup_DFN_simulation": 1642821617445, "time_setup_models_and_sims.TimeBuildSPM.time_setup_SPM": 1642821620363, "time_setup_models_and_sims.TimeBuildSPMSimulation.time_setup_SPM_simulation": 1642821622624, "time_setup_models_and_sims.TimeBuildSPMe.time_setup_SPMe": 1642821625943, "time_setup_models_and_sims.TimeBuildSPMeSimulation.time_setup_SPMe_simulation": 1642821629057, "time_solve_models.TimeSolveDFN.time_solve_model": 1642821632275, "time_solve_models.TimeSolveSPM.time_solve_model": 1642821652094, "time_solve_models.TimeSolveSPMe.time_solve_model": 1642821658673}, "ended_at": {"time_setup_models_and_sims.TimeBuildDFN.time_setup_DFN": 1642821617444, "time_setup_models_and_sims.TimeBuildDFNSimulation.time_setup_DFN_simulation": 1642821620361, "time_setup_models_and_sims.TimeBuildSPM.time_setup_SPM": 1642821622624, "time_setup_models_and_sims.TimeBuildSPMSimulation.time_setup_SPM_simulation": 1642821625942, "time_setup_models_and_sims.TimeBuildSPMe.time_setup_SPMe": 1642821629056, "time_setup_models_and_sims.TimeBuildSPMeSimulation.time_setup_SPMe_simulation": 1642821632274, "time_solve_models.TimeSolveDFN.time_solve_model": 1642821652093, "time_solve_models.TimeSolveSPM.time_solve_model": 1642821658672, "time_solve_models.TimeSolveSPMe.time_solve_model": 1642821667759}, "benchmark_version": {"time_setup_models_and_sims.TimeBuildDFN.time_setup_DFN": "5f322e51e6b7e66125ee6949bdf25746005db467e8ffcfdcb3ace170e92bbc3d", "time_setup_models_and_sims.TimeBuildDFNSimulation.time_setup_DFN_simulation": "8de44bc542fa7d4ba28a80f24414a9444b5436673aaebba674918f5f0bfd0ebb", "time_setup_models_and_sims.TimeBuildSPM.time_setup_SPM": "0d0b3f5c67fc2da9a5794c66b70af5a45a09558d1ee95f738745385adb84fbca", "time_setup_models_and_sims.TimeBuildSPMSimulation.time_setup_SPM_simulation": "161220a99418ce4487cc29325cbae897f28d0e44ae07e1dfbfaac2cbc53a4ff9", "time_setup_models_and_sims.TimeBuildSPMe.time_setup_SPMe": "6083f5ff944353395eb4b21c97b02af555fe6528de3cd5283f5e139943945235", "time_setup_models_and_sims.TimeBuildSPMeSimulation.time_setup_SPMe_simulation": "530563cb559427795e3648d9648df9250ae100b7721f69eec356bdda7798c55e", "time_solve_models.TimeSolveDFN.time_solve_model": "914137228e20e5900cec36b0d3865f1faa2f5d479c7d6c2539514791f9ec4430", "time_solve_models.TimeSolveSPM.time_solve_model": "ef1bb5f8d1ddfa59650e20438c4b252d73e5a062714848ce1d6d5269382bc598", "time_solve_models.TimeSolveSPMe.time_solve_model": "20672028872f4620ce85e909bae705d9490de441e926510b2b0e53ff0881d87b"}, "version": 1}