{"results": {"time_setup_models_and_sims.TimeBuildDFN.time_setup_DFN": {"result": [0.42216998399999994], "stats": [{"ci_99": [0.41969448500000794, 0.4278634340000025], "q_25": 0.4210564327500066, "q_75": 0.4231736305000027, "min": 0.41969448500000794, "max": 0.4278634340000025, "mean": 0.42262033510000097, "std": 0.0022484510382788517, "repeat": 10, "number": 1}]}, "time_setup_models_and_sims.TimeBuildDFNSimulation.time_setup_DFN_simulation": {"result": [0.07886785449999678, 0.19166692199999602], "stats": [{"ci_99": [0.07865862199997764, 0.08022733199999266], "q_25": 0.07881461950000457, "q_75": 0.0794626492500008, "min": 0.07865862199997764, "max": 0.08022733199999266, "mean": 0.07919286659999898, "std": 0.0005369394117046483, "repeat": 10, "number": 1}, {"ci_99": [0.19091189799999597, 0.19309467400000813], "q_25": 0.19147126425000138, "q_75": 0.1922691780000001, "min": 0.19091189799999597, "max": 0.19309467400000813, "mean": 0.19180224420000086, "std": 0.0006471303840029304, "repeat": 10, "number": 1}], "params": [["False", "True"]]}, "time_setup_models_and_sims.TimeBuildSPM.time_setup_SPM": {"result": [0.2183118989999997], "stats": [{"ci_99": [0.2175554440000269, 0.22096858700000155], "q_25": 0.2178772377499989, "q_75": 0.21860455524999622, "min": 0.2175554440000269, "max": 0.22096858700000155, "mean": 0.21867423020000132, "std": 0.0011367276188044778, "repeat": 10, "number": 1}]}, "time_setup_models_and_sims.TimeBuildSPMSimulation.time_setup_SPM_simulation": {"result": [0.06851048849999586, 0.16067126549999955], "stats": [{"ci_99": [0.06812395200000765, 0.06953243099999895], "q_25": 0.06833182175000019, "q_75": 0.0688485084999968, "min": 0.06812395200000765, "max": 0.06953243099999895, "mean": 0.0686424297000002, "std": 0.0004524891084625046, "repeat": 10, "number": 1}, {"ci_99": [0.15989982100001043, 0.16158473299999798], "q_25": 0.1603333587499911, "q_75": 0.1610932050000038, "min": 0.15989982100001043, "max": 0.16158473299999798, "mean": 0.16069949659999877, "std": 0.0005192847101394456, "repeat": 10, "number": 1}], "params": [["False", "True"]]}, "time_setup_models_and_sims.TimeBuildSPMe.time_setup_SPMe": {"result": [0.3596111649999969], "stats": [{"ci_99": [0.3573603279999986, 0.3622025619999931], "q_25": 0.3592334769999965, "q_75": 0.3600471477499916, "min": 0.3573603279999986, "max": 0.3622025619999931, "mean": 0.3596405229999974, "std": 0.0012158083408537034, "repeat": 10, "number": 1}]}, "time_setup_models_and_sims.TimeBuildSPMeSimulation.time_setup_SPMe_simulation": {"result": [0.08678706400000635, 0.21336015949999876], "stats": [{"ci_99": [0.08594486000001211, 0.09111209600000336], "q_25": 0.08606240799999654, "q_75": 0.08704413950000145, "min": 0.08594486000001211, "max": 0.09111209600000336, "mean": 0.08734266820000158, "std": 0.0018279966138715872, "repeat": 10, "number": 1}, {"ci_99": [0.21089027499999702, 0.21611512500000174], "q_25": 0.21315432425000225, "q_75": 0.21412889974999416, "min": 0.21089027499999702, "max": 0.21611512500000174, "mean": 0.21347568350000046, "std": 0.0013315487255934108, "repeat": 10, "number": 1}], "params": [["False", "True"]]}, "time_solve_models.TimeSolveDFN.time_solve_model": {"result": [0.5096156735000079, 0.6673651605000117], "stats": [{"ci_99": [0.5083654159999753, 0.5116016359999946], "q_25": 0.5086203689999991, "q_75": 0.5100459349999937, "min": 0.5083654159999753, "max": 0.5116016359999946, "mean": 0.5096092222999957, "std": 0.0010653611584115388, "repeat": 10, "number": 1}, {"ci_99": [0.6618082979999826, 0.6689546529999859], "q_25": 0.6659355619999943, "q_75": 0.6684905132500027, "min": 0.6618082979999826, "max": 0.6689546529999859, "mean": 0.6665211343999985, "std": 0.002426515271472223, "repeat": 10, "number": 1}], "params": [["True", "False"]]}, "time_solve_models.TimeSolveSPM.time_solve_model": {"result": [0.0195015289999958, 0.04019572050000875], "stats": [{"ci_99": [0.019366025000010723, 0.019594627000003584], "q_25": 0.01946555500001068, "q_75": 0.019534005999993553, "min": 0.019366025000010723, "max": 0.019594627000003584, "mean": 0.019492198700001497, "std": 6.579061883836161e-05, "repeat": 10, "number": 1}, {"ci_99": [0.039920657999999776, 0.04378419400001121], "q_25": 0.04001856074999921, "q_75": 0.040276518249989124, "min": 0.039920657999999776, "max": 0.04378419400001121, "mean": 0.040507217000003946, "std": 0.001102301813132965, "repeat": 10, "number": 1}], "params": [["True", "False"]]}, "time_solve_models.TimeSolveSPMe.time_solve_model": {"result": [0.028918145999995204, 0.07025606549998997], "stats": [{"ci_99": [0.028807596000007152, 0.029079887999984066], "q_25": 0.02883161799999101, "q_75": 0.028994236999999146, "min": 0.028807596000007152, "max": 0.029079887999984066, "mean": 0.02892183159999604, "std": 9.157016932496726e-05, "repeat": 10, "number": 1}, {"ci_99": [0.06994967599999313, 0.07036915599999816], "q_25": 0.07012687650001226, "q_75": 0.07028967950000009, "min": 0.06994967599999313, "max": 0.07036915599999816, "mean": 0.07020127579999666, "std": 0.0001438256983227098, "repeat": 10, "number": 1}], "params": [["True", "False"]]}}, "params": {"machine": "GitHubRunner", "python": "3.8"}, "requirements": {}, "commit_hash": "bac27fd1f619124ff88736b372dc65721d8c68f4", "date": 1643648900000, "env_name": "virtualenv-py3.8", "python": "3.8", "profiles": {}, "started_at": {"time_setup_models_and_sims.TimeBuildDFN.time_setup_DFN": 1643685601538, "time_setup_models_and_sims.TimeBuildDFNSimulation.time_setup_DFN_simulation": 1643685604351, "time_setup_models_and_sims.TimeBuildSPM.time_setup_SPM": 1643685606366, "time_setup_models_and_sims.TimeBuildSPMSimulation.time_setup_SPM_simulation": 1643685607923, "time_setup_models_and_sims.TimeBuildSPMe.time_setup_SPMe": 1643685609686, "time_setup_models_and_sims.TimeBuildSPMeSimulation.time_setup_SPMe_simulation": 1643685612147, "time_solve_models.TimeSolveDFN.time_solve_model": 1643685614261, "time_solve_models.TimeSolveSPM.time_solve_model": 1643685632169, "time_solve_models.TimeSolveSPMe.time_solve_model": 1643685636941}, "ended_at": {"time_setup_models_and_sims.TimeBuildDFN.time_setup_DFN": 1643685604351, "time_setup_models_and_sims.TimeBuildDFNSimulation.time_setup_DFN_simulation": 1643685606365, "time_setup_models_and_sims.TimeBuildSPM.time_setup_SPM": 1643685607922, "time_setup_models_and_sims.TimeBuildSPMSimulation.time_setup_SPM_simulation": 1643685609685, "time_setup_models_and_sims.TimeBuildSPMe.time_setup_SPMe": 1643685612146, "time_setup_models_and_sims.TimeBuildSPMeSimulation.time_setup_SPMe_simulation": 1643685614260, "time_solve_models.TimeSolveDFN.time_solve_model": 1643685632168, "time_solve_models.TimeSolveSPM.time_solve_model": 1643685636941, "time_solve_models.TimeSolveSPMe.time_solve_model": 1643685644219}, "benchmark_version": {"time_setup_models_and_sims.TimeBuildDFN.time_setup_DFN": "5f322e51e6b7e66125ee6949bdf25746005db467e8ffcfdcb3ace170e92bbc3d", "time_setup_models_and_sims.TimeBuildDFNSimulation.time_setup_DFN_simulation": "8de44bc542fa7d4ba28a80f24414a9444b5436673aaebba674918f5f0bfd0ebb", "time_setup_models_and_sims.TimeBuildSPM.time_setup_SPM": "0d0b3f5c67fc2da9a5794c66b70af5a45a09558d1ee95f738745385adb84fbca", "time_setup_models_and_sims.TimeBuildSPMSimulation.time_setup_SPM_simulation": "161220a99418ce4487cc29325cbae897f28d0e44ae07e1dfbfaac2cbc53a4ff9", "time_setup_models_and_sims.TimeBuildSPMe.time_setup_SPMe": "6083f5ff944353395eb4b21c97b02af555fe6528de3cd5283f5e139943945235", "time_setup_models_and_sims.TimeBuildSPMeSimulation.time_setup_SPMe_simulation": "530563cb559427795e3648d9648df9250ae100b7721f69eec356bdda7798c55e", "time_solve_models.TimeSolveDFN.time_solve_model": "914137228e20e5900cec36b0d3865f1faa2f5d479c7d6c2539514791f9ec4430", "time_solve_models.TimeSolveSPM.time_solve_model": "ef1bb5f8d1ddfa59650e20438c4b252d73e5a062714848ce1d6d5269382bc598", "time_solve_models.TimeSolveSPMe.time_solve_model": "20672028872f4620ce85e909bae705d9490de441e926510b2b0e53ff0881d87b"}, "version": 1}