{"results": {"time_setup_models_and_sims.TimeBuildDFN.time_setup_DFN": {"result": [0.4055303565000017], "stats": [{"ci_99": [0.39887127500000474, 0.4138907599999868], "q_25": 0.40057149475000386, "q_75": 0.41305094975000856, "min": 0.39887127500000474, "max": 0.4138907599999868, "mean": 0.40635959700000085, "std": 0.006107697795499988, "repeat": 10, "number": 1}]}, "time_setup_models_and_sims.TimeBuildDFNSimulation.time_setup_DFN_simulation": {"result": [0.07509355850000787, 0.18688401249999487], "stats": [{"ci_99": [0.07361528099998793, 0.07612763100001985], "q_25": 0.07465656875000093, "q_75": 0.07568790050000729, "min": 0.07361528099998793, "max": 0.07612763100001985, "mean": 0.07509065860000419, "std": 0.0007246927864661918, "repeat": 10, "number": 1}, {"ci_99": [0.17806283199999484, 0.21276430099999288], "q_25": 0.179075468500006, "q_75": 0.20797279250001566, "min": 0.17806283199999484, "max": 0.21276430099999288, "mean": 0.19291072580000304, "std": 0.014765454780367306, "repeat": 10, "number": 1}], "params": [["False", "True"]]}, "time_setup_models_and_sims.TimeBuildSPM.time_setup_SPM": {"result": [0.2074416035000013], "stats": [{"ci_99": [0.20349133599999902, 0.21212899299999322], "q_25": 0.20559448625000343, "q_75": 0.20982626524999404, "min": 0.20349133599999902, "max": 0.21212899299999322, "mean": 0.2075463393999996, "std": 0.002738534742925728, "repeat": 10, "number": 1}]}, "time_setup_models_and_sims.TimeBuildSPMSimulation.time_setup_SPM_simulation": {"result": [0.06482368250000548, 0.1497796084999905], "stats": [{"ci_99": [0.06278285200001221, 0.07709423699998297], "q_25": 0.06415659349999814, "q_75": 0.06557839750000483, "min": 0.06278285200001221, "max": 0.07709423699998297, "mean": 0.06586298490000217, "std": 0.003843080863187447, "repeat": 10, "number": 1}, {"ci_99": [0.1480103730000053, 0.15130344000002083], "q_25": 0.14929224599999458, "q_75": 0.15029243324999797, "min": 0.1480103730000053, "max": 0.15130344000002083, "mean": 0.14972376759999834, "std": 0.001054687823546988, "repeat": 10, "number": 1}], "params": [["False", "True"]]}, "time_setup_models_and_sims.TimeBuildSPMe.time_setup_SPMe": {"result": [0.33964436449999624], "stats": [{"ci_99": [0.3363072899999793, 0.3478315010000017], "q_25": 0.33739867875000584, "q_75": 0.3406362105000085, "min": 0.3363072899999793, "max": 0.3478315010000017, "mean": 0.339792236599996, "std": 0.0031552429486804, "repeat": 10, "number": 1}]}, "time_setup_models_and_sims.TimeBuildSPMeSimulation.time_setup_SPMe_simulation": {"result": [0.08088962400000099, 0.1994863249999952], "stats": [{"ci_99": [0.07975856999999564, 0.08158163299999899], "q_25": 0.08035187700001245, "q_75": 0.08115437699999717, "min": 0.07975856999999564, "max": 0.08158163299999899, "mean": 0.08073324199999946, "std": 0.0006160479238965358, "repeat": 10, "number": 1}, {"ci_99": [0.1981141070000092, 0.20242236100000355], "q_25": 0.19892791900000617, "q_75": 0.20116957099999766, "min": 0.1981141070000092, "max": 0.20242236100000355, "mean": 0.19995395100000052, "std": 0.001366797811519929, "repeat": 10, "number": 1}], "params": [["False", "True"]]}, "time_solve_models.TimeSolveDFN.time_solve_model": {"result": [0.4730975524999934, 0.6119899149999952], "stats": [{"ci_99": [0.4657174999999967, 0.5028282339999919], "q_25": 0.47158685400000167, "q_75": 0.47561093699998125, "min": 0.4657174999999967, "max": 0.5028282339999919, "mean": 0.47521233459999196, "std": 0.00982147487835288, "repeat": 10, "number": 1}, {"ci_99": [0.6087520249999727, 0.6204417859999865], "q_25": 0.6106531787499989, "q_75": 0.6195580017499935, "min": 0.6087520249999727, "max": 0.6204417859999865, "mean": 0.614388073999993, "std": 0.004502139519312273, "repeat": 10, "number": 1}], "params": [["True", "False"]]}, "time_solve_models.TimeSolveSPM.time_solve_model": {"result": [0.018252166499991063, 0.03755708349999054], "stats": [{"ci_99": [0.017896312000004855, 0.018538758000005373], "q_25": 0.017955747250013587, "q_75": 0.01838412074999951, "min": 0.017896312000004855, "max": 0.018538758000005373, "mean": 0.018199836100004065, "std": 0.00023051732329055087, "repeat": 10, "number": 1}, {"ci_99": [0.03716794100000698, 0.03792592600001399], "q_25": 0.0373873747500042, "q_75": 0.03772319149999248, "min": 0.03716794100000698, "max": 0.03792592600001399, "mean": 0.03754868329999965, "std": 0.00023156800504323601, "repeat": 10, "number": 1}], "params": [["True", "False"]]}, "time_solve_models.TimeSolveSPMe.time_solve_model": {"result": [0.0266280424999934, 0.06510024550000537], "stats": [{"ci_99": [0.026428567000010617, 0.027215922999999975], "q_25": 0.02650875474999026, "q_75": 0.02673205524999389, "min": 0.026428567000010617, "max": 0.027215922999999975, "mean": 0.026665992999997456, "std": 0.00021279882974732642, "repeat": 10, "number": 1}, {"ci_99": [0.06433388300001752, 0.06729791799997997], "q_25": 0.06483323974999422, "q_75": 0.06553905024999551, "min": 0.06433388300001752, "max": 0.06729791799997997, "mean": 0.0653141962999996, "std": 0.0007924002401885806, "repeat": 10, "number": 1}], "params": [["True", "False"]]}}, "params": {"machine": "GitHubRunner", "python": "3.8"}, "requirements": {}, "commit_hash": "bac27fd1f619124ff88736b372dc65721d8c68f4", "date": 1643648900000, "env_name": "virtualenv-py3.8", "python": "3.8", "profiles": {}, "started_at": {"time_setup_models_and_sims.TimeBuildDFN.time_setup_DFN": 1643771987525, "time_setup_models_and_sims.TimeBuildDFNSimulation.time_setup_DFN_simulation": 1643771990290, "time_setup_models_and_sims.TimeBuildSPM.time_setup_SPM": 1643771992456, "time_setup_models_and_sims.TimeBuildSPMSimulation.time_setup_SPM_simulation": 1643771993966, "time_setup_models_and_sims.TimeBuildSPMe.time_setup_SPMe": 1643771995679, "time_setup_models_and_sims.TimeBuildSPMeSimulation.time_setup_SPMe_simulation": 1643771997991, "time_solve_models.TimeSolveDFN.time_solve_model": 1643772000107, "time_solve_models.TimeSolveSPM.time_solve_model": 1643772016969, "time_solve_models.TimeSolveSPMe.time_solve_model": 1643772021543}, "ended_at": {"time_setup_models_and_sims.TimeBuildDFN.time_setup_DFN": 1643771990290, "time_setup_models_and_sims.TimeBuildDFNSimulation.time_setup_DFN_simulation": 1643771992455, "time_setup_models_and_sims.TimeBuildSPM.time_setup_SPM": 1643771993966, "time_setup_models_and_sims.TimeBuildSPMSimulation.time_setup_SPM_simulation": 1643771995679, "time_setup_models_and_sims.TimeBuildSPMe.time_setup_SPMe": 1643771997991, "time_setup_models_and_sims.TimeBuildSPMeSimulation.time_setup_SPMe_simulation": 1643772000106, "time_solve_models.TimeSolveDFN.time_solve_model": 1643772016968, "time_solve_models.TimeSolveSPM.time_solve_model": 1643772021543, "time_solve_models.TimeSolveSPMe.time_solve_model": 1643772028473}, "benchmark_version": {"time_setup_models_and_sims.TimeBuildDFN.time_setup_DFN": "5f322e51e6b7e66125ee6949bdf25746005db467e8ffcfdcb3ace170e92bbc3d", "time_setup_models_and_sims.TimeBuildDFNSimulation.time_setup_DFN_simulation": "8de44bc542fa7d4ba28a80f24414a9444b5436673aaebba674918f5f0bfd0ebb", "time_setup_models_and_sims.TimeBuildSPM.time_setup_SPM": "0d0b3f5c67fc2da9a5794c66b70af5a45a09558d1ee95f738745385adb84fbca", "time_setup_models_and_sims.TimeBuildSPMSimulation.time_setup_SPM_simulation": "161220a99418ce4487cc29325cbae897f28d0e44ae07e1dfbfaac2cbc53a4ff9", "time_setup_models_and_sims.TimeBuildSPMe.time_setup_SPMe": "6083f5ff944353395eb4b21c97b02af555fe6528de3cd5283f5e139943945235", "time_setup_models_and_sims.TimeBuildSPMeSimulation.time_setup_SPMe_simulation": "530563cb559427795e3648d9648df9250ae100b7721f69eec356bdda7798c55e", "time_solve_models.TimeSolveDFN.time_solve_model": "914137228e20e5900cec36b0d3865f1faa2f5d479c7d6c2539514791f9ec4430", "time_solve_models.TimeSolveSPM.time_solve_model": "ef1bb5f8d1ddfa59650e20438c4b252d73e5a062714848ce1d6d5269382bc598", "time_solve_models.TimeSolveSPMe.time_solve_model": "20672028872f4620ce85e909bae705d9490de441e926510b2b0e53ff0881d87b"}, "version": 1}