{"results": {"time_setup_models_and_sims.TimeBuildDFN.time_setup_DFN": {"result": [0.525669138000012], "stats": [{"ci_99": [0.512246097000002, 0.5441753630000221], "q_25": 0.5173065892500119, "q_75": 0.5328018887500008, "min": 0.512246097000002, "max": 0.5441753630000221, "mean": 0.526385749900004, "std": 0.010468257604000285, "repeat": 10, "number": 1}]}, "time_setup_models_and_sims.TimeBuildDFNSimulation.time_setup_DFN_simulation": {"result": [0.15510801499999616, 0.36299406349999686], "stats": [{"ci_99": [0.15142003299996531, 0.1719508290000249], "q_25": 0.15314709750001043, "q_75": 0.15775343175003798, "min": 0.15142003299996531, "max": 0.1719508290000249, "mean": 0.1566131728000073, "std": 0.005660825013800971, "repeat": 10, "number": 1}, {"ci_99": [0.3587827210000114, 0.3682392229999891], "q_25": 0.36030699700002344, "q_75": 0.3669723762499757, "min": 0.3587827210000114, "max": 0.3682392229999891, "mean": 0.36342432870000607, "std": 0.0033978316920719957, "repeat": 10, "number": 1}], "params": [["False", "True"]]}, "time_setup_models_and_sims.TimeBuildSPM.time_setup_SPM": {"result": [0.3232862670000145], "stats": [{"ci_99": [0.3153227010000137, 0.33278326300001027], "q_25": 0.32096401549996756, "q_75": 0.32588079849999474, "min": 0.3153227010000137, "max": 0.33278326300001027, "mean": 0.3233742589999963, "std": 0.004842727190660345, "repeat": 10, "number": 1}]}, "time_setup_models_and_sims.TimeBuildSPMSimulation.time_setup_SPM_simulation": {"result": [0.14185249849998627, 0.34050661499998114], "stats": [{"ci_99": [0.13767080199994552, 0.15799878299998227], "q_25": 0.14047277574998418, "q_75": 0.14509206150002285, "min": 0.13767080199994552, "max": 0.15799878299998227, "mean": 0.14369411899999135, "std": 0.005492028449519667, "repeat": 10, "number": 1}, {"ci_99": [0.3328544059999672, 0.35123958799999855], "q_25": 0.3389705319999763, "q_75": 0.34287855550000756, "min": 0.3328544059999672, "max": 0.35123958799999855, "mean": 0.34179239509999204, "std": 0.005229010223838017, "repeat": 10, "number": 1}], "params": [["False", "True"]]}, "time_setup_models_and_sims.TimeBuildSPMe.time_setup_SPMe": {"result": [0.46438941800002453], "stats": [{"ci_99": [0.45181200299998636, 0.4707783360000235], "q_25": 0.4594306934999821, "q_75": 0.4685005302500116, "min": 0.45181200299998636, "max": 0.4707783360000235, "mean": 0.4634965593000004, "std": 0.005858059064380278, "repeat": 10, "number": 1}]}, "time_setup_models_and_sims.TimeBuildSPMeSimulation.time_setup_SPMe_simulation": {"result": [0.15300962399999207, 0.38466738799996847], "stats": [{"ci_99": [0.15147209600002043, 0.15887197899996863], "q_25": 0.15237354074999132, "q_75": 0.15454126424997128, "min": 0.15147209600002043, "max": 0.15887197899996863, "mean": 0.15403666819999556, "std": 0.0025129652724783006, "repeat": 10, "number": 1}, {"ci_99": [0.3716584169999919, 0.39500250999998343], "q_25": 0.37892410750001204, "q_75": 0.39006815400000505, "min": 0.3716584169999919, "max": 0.39500250999998343, "mean": 0.3845313553999915, "std": 0.007741672733865653, "repeat": 10, "number": 1}], "params": [["False", "True"]]}, "time_solve_models.TimeSolveDFN.time_solve_model": {"result": [0.5836107595000328, 0.7667185800000311], "stats": [{"ci_99": [0.5659488080000301, 0.5957775129999732], "q_25": 0.5822090427500086, "q_75": 0.587930529750011, "min": 0.5659488080000301, "max": 0.5957775129999732, "mean": 0.5826739438000118, "std": 0.008893633782567918, "repeat": 10, "number": 1}, {"ci_99": [0.751442026999996, 0.7905976409999766], "q_25": 0.7579038217500056, "q_75": 0.7769036205000077, "min": 0.751442026999996, "max": 0.7905976409999766, "mean": 0.7686021215000096, "std": 0.013516468429502783, "repeat": 10, "number": 1}], "params": [["True", "False"]]}, "time_solve_models.TimeSolveSPM.time_solve_model": {"result": [0.022779298500012146, 0.04596865300001696], "stats": [{"ci_99": [0.021314473000018097, 0.023515911999993477], "q_25": 0.02220121300003086, "q_75": 0.022879898499994056, "min": 0.021314473000018097, "max": 0.023515911999993477, "mean": 0.02257737400000224, "std": 0.0006072472799156612, "repeat": 10, "number": 1}, {"ci_99": [0.0440160719999767, 0.04758113399998365], "q_25": 0.04509981099997162, "q_75": 0.047141497250009934, "min": 0.0440160719999767, "max": 0.04758113399998365, "mean": 0.04598997329999861, "std": 0.00117761067534542, "repeat": 10, "number": 1}], "params": [["True", "False"]]}, "time_solve_models.TimeSolveSPMe.time_solve_model": {"result": [0.03530626750000465, 0.07975025299998606], "stats": [{"ci_99": [0.033489188000032755, 0.03669884400000001], "q_25": 0.035064061499966215, "q_75": 0.0358137497500195, "min": 0.033489188000032755, "max": 0.03669884400000001, "mean": 0.03527886680000734, "std": 0.000881995004766556, "repeat": 10, "number": 1}, {"ci_99": [0.07775805400001445, 0.08340738099997225], "q_25": 0.07879897225001287, "q_75": 0.08095651674997839, "min": 0.07775805400001445, "max": 0.08340738099997225, "mean": 0.08007644849999451, "std": 0.0015988063768164963, "repeat": 10, "number": 1}], "params": [["True", "False"]]}}, "params": {"machine": "GitHubRunner", "python": "3.8"}, "requirements": {}, "commit_hash": "bae3720c40c322fb30831f06475668794367c929", "date": 1626279556000, "env_name": "virtualenv-py3.8", "python": "3.8", "profiles": {}, "started_at": {"time_setup_models_and_sims.TimeBuildDFN.time_setup_DFN": 1626319380042, "time_setup_models_and_sims.TimeBuildDFNSimulation.time_setup_DFN_simulation": 1626319383511, "time_setup_models_and_sims.TimeBuildSPM.time_setup_SPM": 1626319386931, "time_setup_models_and_sims.TimeBuildSPMSimulation.time_setup_SPM_simulation": 1626319389194, "time_setup_models_and_sims.TimeBuildSPMe.time_setup_SPMe": 1626319392464, "time_setup_models_and_sims.TimeBuildSPMeSimulation.time_setup_SPMe_simulation": 1626319395629, "time_solve_models.TimeSolveDFN.time_solve_model": 1626319399199, "time_solve_models.TimeSolveSPM.time_solve_model": 1626319421180, "time_solve_models.TimeSolveSPMe.time_solve_model": 1626319428012}, "ended_at": {"time_setup_models_and_sims.TimeBuildDFN.time_setup_DFN": 1626319383510, "time_setup_models_and_sims.TimeBuildDFNSimulation.time_setup_DFN_simulation": 1626319386929, "time_setup_models_and_sims.TimeBuildSPM.time_setup_SPM": 1626319389193, "time_setup_models_and_sims.TimeBuildSPMSimulation.time_setup_SPM_simulation": 1626319392464, "time_setup_models_and_sims.TimeBuildSPMe.time_setup_SPMe": 1626319395629, "time_setup_models_and_sims.TimeBuildSPMeSimulation.time_setup_SPMe_simulation": 1626319399199, "time_solve_models.TimeSolveDFN.time_solve_model": 1626319421179, "time_solve_models.TimeSolveSPM.time_solve_model": 1626319428012, "time_solve_models.TimeSolveSPMe.time_solve_model": 1626319437506}, "benchmark_version": {"time_setup_models_and_sims.TimeBuildDFN.time_setup_DFN": "5f322e51e6b7e66125ee6949bdf25746005db467e8ffcfdcb3ace170e92bbc3d", "time_setup_models_and_sims.TimeBuildDFNSimulation.time_setup_DFN_simulation": "8de44bc542fa7d4ba28a80f24414a9444b5436673aaebba674918f5f0bfd0ebb", "time_setup_models_and_sims.TimeBuildSPM.time_setup_SPM": "0d0b3f5c67fc2da9a5794c66b70af5a45a09558d1ee95f738745385adb84fbca", "time_setup_models_and_sims.TimeBuildSPMSimulation.time_setup_SPM_simulation": "161220a99418ce4487cc29325cbae897f28d0e44ae07e1dfbfaac2cbc53a4ff9", "time_setup_models_and_sims.TimeBuildSPMe.time_setup_SPMe": "6083f5ff944353395eb4b21c97b02af555fe6528de3cd5283f5e139943945235", "time_setup_models_and_sims.TimeBuildSPMeSimulation.time_setup_SPMe_simulation": "530563cb559427795e3648d9648df9250ae100b7721f69eec356bdda7798c55e", "time_solve_models.TimeSolveDFN.time_solve_model": "914137228e20e5900cec36b0d3865f1faa2f5d479c7d6c2539514791f9ec4430", "time_solve_models.TimeSolveSPM.time_solve_model": "ef1bb5f8d1ddfa59650e20438c4b252d73e5a062714848ce1d6d5269382bc598", "time_solve_models.TimeSolveSPMe.time_solve_model": "20672028872f4620ce85e909bae705d9490de441e926510b2b0e53ff0881d87b"}, "version": 1}