{"results": {"time_setup_models_and_sims.TimeBuildDFN.time_setup_DFN": {"result": [1.004998907999834], "stats": [{"ci_99": [0.9468803260006098, 1.0531364109992865], "q_25": 0.9839710280002691, "q_75": 1.0343155962509627, "min": 0.9468803260006098, "max": 1.0531364109992865, "mean": 1.0071672606001811, "std": 0.03375933603064517, "repeat": 10, "number": 1}]}, "time_setup_models_and_sims.TimeBuildDFNSimulation.time_setup_DFN_simulation": {"result": [0.08758354049950867, 0.18930903599994053], "stats": [{"ci_99": [0.08595382899875403, 0.10806679100096517], "q_25": 0.08679143500057762, "q_75": 0.08850407274985628, "min": 0.08595382899875403, "max": 0.10806679100096517, "mean": 0.08983088730001328, "std": 0.0062922018423987305, "repeat": 10, "number": 1}, {"ci_99": [0.18049262000022281, 0.2011413709988119], "q_25": 0.1830875407495114, "q_75": 0.19840407650053749, "min": 0.18049262000022281, "max": 0.2011413709988119, "mean": 0.19052475429998594, "std": 0.008210069831604293, "repeat": 10, "number": 1}], "params": [["False", "True"]]}, "time_setup_models_and_sims.TimeBuildSPM.time_setup_SPM": {"result": [0.6742189340002369], "stats": [{"ci_99": [0.628213293999579, 0.7144681310001033], "q_25": 0.6311261197502063, "q_75": 0.7011564777499188, "min": 0.628213293999579, "max": 0.7144681310001033, "mean": 0.6692458372001056, "std": 0.03473633875392593, "repeat": 10, "number": 1}]}, "time_setup_models_and_sims.TimeBuildSPMSimulation.time_setup_SPM_simulation": {"result": [0.24209467150012642, 0.444175699999505], "stats": [{"ci_99": [0.2220992259990453, 0.2723299940007564], "q_25": 0.2248166447498079, "q_75": 0.2579784872500568, "min": 0.2220992259990453, "max": 0.2723299940007564, "mean": 0.2430727785998897, "std": 0.017685173581067207, "repeat": 10, "number": 1}, {"ci_99": [0.4121594139996887, 0.48814207400027954], "q_25": 0.4180146322496512, "q_75": 0.46926508575006665, "min": 0.4121594139996887, "max": 0.48814207400027954, "mean": 0.44634174599977994, "std": 0.028937041837956194, "repeat": 10, "number": 1}], "params": [["False", "True"]]}, "time_setup_models_and_sims.TimeBuildSPMe.time_setup_SPMe": {"result": [0.8048313885001335], "stats": [{"ci_99": [0.7763621770009195, 0.8702756639995641], "q_25": 0.7882214699998258, "q_75": 0.8365024469990203, "min": 0.7763621770009195, "max": 0.8702756639995641, "mean": 0.8142760576998626, "std": 0.031238969064149278, "repeat": 10, "number": 1}]}, "time_setup_models_and_sims.TimeBuildSPMeSimulation.time_setup_SPMe_simulation": {"result": [0.12412120850058272, 0.22127256850035337], "stats": [{"ci_99": [0.11892946999978449, 0.13037755299956189], "q_25": 0.12154088899978888, "q_75": 0.1288932187494538, "min": 0.11892946999978449, "max": 0.13037755299956189, "mean": 0.12478375309983676, "std": 0.004026590999510657, "repeat": 10, "number": 1}, {"ci_99": [0.21026603900099872, 0.23461371600023995], "q_25": 0.2173486402502931, "q_75": 0.22370903724959135, "min": 0.21026603900099872, "max": 0.23461371600023995, "mean": 0.2214535701001296, "std": 0.007400530072560607, "repeat": 10, "number": 1}], "params": [["False", "True"]]}, "time_solve_models.TimeSolveDFN.time_solve_model": {"result": [1.320816411499436, 1.5006347755006573], "stats": [{"ci_99": [1.2761665306581862, 1.3673767736746418], "q_25": 1.2958992247499737, "q_75": 1.343784552249872, "min": 1.294135271000414, "max": 1.3558277239990275, "mean": 1.321771652166414, "std": 0.026128081570314193, "repeat": 6, "number": 1}, {"ci_99": [1.4641687129987986, 1.5757756200000586], "q_25": 1.4727328417493482, "q_75": 1.5414585047492437, "min": 1.4641687129987986, "max": 1.5757756200000586, "mean": 1.5092777762497462, "std": 0.04046680111011827, "repeat": 8, "number": 1}], "params": [["True", "False"]]}, "time_solve_models.TimeSolveSPM.time_solve_model": {"result": [0.06945530800021515, 0.10970635200010292], "stats": [{"ci_99": [0.06335896299970045, 0.07965438199971686], "q_25": 0.06586933150038021, "q_75": 0.07337358749919076, "min": 0.06335896299970045, "max": 0.07965438199971686, "mean": 0.06990787129961973, "std": 0.004928711309356124, "repeat": 10, "number": 1}, {"ci_99": [0.10650977899967984, 0.12797083599980397], "q_25": 0.10726540924997607, "q_75": 0.11965525000005073, "min": 0.10650977899967984, "max": 0.12797083599980397, "mean": 0.11350196000003052, "std": 0.007901327804656287, "repeat": 10, "number": 1}], "params": [["True", "False"]]}, "time_solve_models.TimeSolveSPMe.time_solve_model": {"result": [0.11064255849942128, 0.18493910300003336], "stats": [{"ci_99": [0.10426006200032134, 0.11992357799863385], "q_25": 0.1064843782492062, "q_75": 0.11405775874982282, "min": 0.10426006200032134, "max": 0.11992357799863385, "mean": 0.11080470009965211, "std": 0.004901991906349758, "repeat": 10, "number": 1}, {"ci_99": [0.1720838580004056, 0.19778384700111928], "q_25": 0.17680154249956104, "q_75": 0.19402311725025356, "min": 0.1720838580004056, "max": 0.19778384700111928, "mean": 0.1851273336000304, "std": 0.00983214729008861, "repeat": 10, "number": 1}], "params": [["True", "False"]]}}, "params": {"machine": "GitHubRunner", "python": "3.8"}, "requirements": {}, "commit_hash": "bba27b96305258770a331550b882ec06f84a35a8", "date": 1589818199000, "env_name": "virtualenv-py3.8", "python": "3.8", "profiles": {}, "started_at": {"time_setup_models_and_sims.TimeBuildDFN.time_setup_DFN": 1613154366157, "time_setup_models_and_sims.TimeBuildDFNSimulation.time_setup_DFN_simulation": 1613154372480, "time_setup_models_and_sims.TimeBuildSPM.time_setup_SPM": 1613154374493, "time_setup_models_and_sims.TimeBuildSPMSimulation.time_setup_SPM_simulation": 1613154378859, "time_setup_models_and_sims.TimeBuildSPMe.time_setup_SPMe": 1613154383229, "time_setup_models_and_sims.TimeBuildSPMeSimulation.time_setup_SPMe_simulation": 1613154388448, "time_solve_models.TimeSolveDFN.time_solve_model": 1613154390813, "time_solve_models.TimeSolveSPM.time_solve_model": 1613154420810, "time_solve_models.TimeSolveSPMe.time_solve_model": 1613154432803}, "ended_at": {"time_setup_models_and_sims.TimeBuildDFN.time_setup_DFN": 1613154372479, "time_setup_models_and_sims.TimeBuildDFNSimulation.time_setup_DFN_simulation": 1613154374492, "time_setup_models_and_sims.TimeBuildSPM.time_setup_SPM": 1613154378859, "time_setup_models_and_sims.TimeBuildSPMSimulation.time_setup_SPM_simulation": 1613154383228, "time_setup_models_and_sims.TimeBuildSPMe.time_setup_SPMe": 1613154388448, "time_setup_models_and_sims.TimeBuildSPMeSimulation.time_setup_SPMe_simulation": 1613154390812, "time_solve_models.TimeSolveDFN.time_solve_model": 1613154420809, "time_solve_models.TimeSolveSPM.time_solve_model": 1613154432803, "time_solve_models.TimeSolveSPMe.time_solve_model": 1613154448005}, "benchmark_version": {"time_setup_models_and_sims.TimeBuildDFN.time_setup_DFN": "5f322e51e6b7e66125ee6949bdf25746005db467e8ffcfdcb3ace170e92bbc3d", "time_setup_models_and_sims.TimeBuildDFNSimulation.time_setup_DFN_simulation": "8de44bc542fa7d4ba28a80f24414a9444b5436673aaebba674918f5f0bfd0ebb", "time_setup_models_and_sims.TimeBuildSPM.time_setup_SPM": "0d0b3f5c67fc2da9a5794c66b70af5a45a09558d1ee95f738745385adb84fbca", "time_setup_models_and_sims.TimeBuildSPMSimulation.time_setup_SPM_simulation": "161220a99418ce4487cc29325cbae897f28d0e44ae07e1dfbfaac2cbc53a4ff9", "time_setup_models_and_sims.TimeBuildSPMe.time_setup_SPMe": "6083f5ff944353395eb4b21c97b02af555fe6528de3cd5283f5e139943945235", "time_setup_models_and_sims.TimeBuildSPMeSimulation.time_setup_SPMe_simulation": "530563cb559427795e3648d9648df9250ae100b7721f69eec356bdda7798c55e", "time_solve_models.TimeSolveDFN.time_solve_model": "914137228e20e5900cec36b0d3865f1faa2f5d479c7d6c2539514791f9ec4430", "time_solve_models.TimeSolveSPM.time_solve_model": "ef1bb5f8d1ddfa59650e20438c4b252d73e5a062714848ce1d6d5269382bc598", "time_solve_models.TimeSolveSPMe.time_solve_model": "20672028872f4620ce85e909bae705d9490de441e926510b2b0e53ff0881d87b"}, "version": 1}