{"results": {"time_setup_models_and_sims.TimeBuildDFN.time_setup_DFN": {"result": [0.5213191885000015], "stats": [{"ci_99": [0.5074276469999859, 0.5636685359999944], "q_25": 0.5141629970000139, "q_75": 0.5248904852499692, "min": 0.5074276469999859, "max": 0.5636685359999944, "mean": 0.5247825315999932, "std": 0.01642660222689213, "repeat": 10, "number": 1}]}, "time_setup_models_and_sims.TimeBuildDFNSimulation.time_setup_DFN_simulation": {"result": [0.13715857600001868, 0.22023731199999474], "stats": [{"ci_99": [0.12599655599998982, 0.1447429720000173], "q_25": 0.1318213627500029, "q_75": 0.14255283199998559, "min": 0.12599655599998982, "max": 0.1447429720000173, "mean": 0.13681282869999906, "std": 0.006125524424006426, "repeat": 10, "number": 1}, {"ci_99": [0.21403210699998, 0.23038259599999833], "q_25": 0.21785044925000108, "q_75": 0.22334050375000913, "min": 0.21403210699998, "max": 0.23038259599999833, "mean": 0.2209340271999963, "std": 0.004532217780247079, "repeat": 10, "number": 1}], "params": [["False", "True"]]}, "time_setup_models_and_sims.TimeBuildSPM.time_setup_SPM": {"result": [0.3066635730000087], "stats": [{"ci_99": [0.2962299099999939, 0.31973922700001367], "q_25": 0.3031848837500135, "q_75": 0.31197756725001113, "min": 0.2962299099999939, "max": 0.31973922700001367, "mean": 0.30730127350000486, "std": 0.006651413331724987, "repeat": 10, "number": 1}]}, "time_setup_models_and_sims.TimeBuildSPMSimulation.time_setup_SPM_simulation": {"result": [0.13062302450002505, 0.20121805850000385], "stats": [{"ci_99": [0.11938702200001217, 0.13612115199998698], "q_25": 0.1250213419999966, "q_75": 0.13246956124997666, "min": 0.11938702200001217, "max": 0.13612115199998698, "mean": 0.12882033670000226, "std": 0.0054382445586314025, "repeat": 10, "number": 1}, {"ci_99": [0.18073414199997728, 0.20798427799996944], "q_25": 0.19169994824999748, "q_75": 0.2037834762500097, "min": 0.18073414199997728, "max": 0.20798427799996944, "mean": 0.19789631109999278, "std": 0.00894974285499005, "repeat": 10, "number": 1}], "params": [["False", "True"]]}, "time_setup_models_and_sims.TimeBuildSPMe.time_setup_SPMe": {"result": [0.4500191945000154], "stats": [{"ci_99": [0.437283218999994, 0.47126955900000667], "q_25": 0.4448213075000069, "q_75": 0.4540020559999647, "min": 0.437283218999994, "max": 0.47126955900000667, "mean": 0.4513142877999968, "std": 0.009812638419227656, "repeat": 10, "number": 1}]}, "time_setup_models_and_sims.TimeBuildSPMeSimulation.time_setup_SPMe_simulation": {"result": [0.13569258999997658, 0.24163606150001726], "stats": [{"ci_99": [0.1334772120000025, 0.1631738309999946], "q_25": 0.1347501447500079, "q_75": 0.14807499499998755, "min": 0.1334772120000025, "max": 0.1631738309999946, "mean": 0.14227618259999986, "std": 0.010462416397687902, "repeat": 10, "number": 1}, {"ci_99": [0.23155759200000148, 0.2503133230000003], "q_25": 0.23438992299999484, "q_75": 0.24569268199999783, "min": 0.23155759200000148, "max": 0.2503133230000003, "mean": 0.240821689400002, "std": 0.006748328363075939, "repeat": 10, "number": 1}], "params": [["False", "True"]]}, "time_solve_models.TimeSolveDFN.time_solve_model": {"result": [0.5527697699999976, 0.7394212670000115], "stats": [{"ci_99": [0.532988869999997, 0.5848551660000112], "q_25": 0.5454842420000006, "q_75": 0.5573364625000252, "min": 0.532988869999997, "max": 0.5848551660000112, "mean": 0.5544749187000064, "std": 0.01366246304272608, "repeat": 10, "number": 1}, {"ci_99": [0.7050766909999879, 0.7605742349999787], "q_25": 0.7335763804999971, "q_75": 0.7511558845000152, "min": 0.7050766909999879, "max": 0.7605742349999787, "mean": 0.7387585890999958, "std": 0.016056458247361186, "repeat": 10, "number": 1}], "params": [["True", "False"]]}, "time_solve_models.TimeSolveSPM.time_solve_model": {"result": [0.021241694999986294, 0.04527266200000213], "stats": [{"ci_99": [0.02055554700001494, 0.02187253100001385], "q_25": 0.02094862174997303, "q_75": 0.021493731000013838, "min": 0.02055554700001494, "max": 0.02187253100001385, "mean": 0.021212709400001018, "std": 0.0003967260875599352, "repeat": 10, "number": 1}, {"ci_99": [0.04144511499998771, 0.047555610999978626], "q_25": 0.04455129200002972, "q_75": 0.045822375250018865, "min": 0.04144511499998771, "max": 0.047555610999978626, "mean": 0.04498319450000565, "std": 0.0016456324015283745, "repeat": 10, "number": 1}], "params": [["True", "False"]]}, "time_solve_models.TimeSolveSPMe.time_solve_model": {"result": [0.034284395000000245, 0.08085794950000036], "stats": [{"ci_99": [0.030939124000013862, 0.0360169600000404], "q_25": 0.032570981999988646, "q_75": 0.03510602424999831, "min": 0.030939124000013862, "max": 0.0360169600000404, "mean": 0.033894079300000615, "std": 0.0016519572463849965, "repeat": 10, "number": 1}, {"ci_99": [0.07534383799998068, 0.08478805700002567], "q_25": 0.07913125374996355, "q_75": 0.08182443124998429, "min": 0.07534383799998068, "max": 0.08478805700002567, "mean": 0.08039164489998711, "std": 0.0026979272857340472, "repeat": 10, "number": 1}], "params": [["True", "False"]]}}, "params": {"machine": "GitHubRunner", "python": "3.8"}, "requirements": {}, "commit_hash": "bc6bf363a95ddb71309a72b8278de200418385fd", "date": 1622116746000, "env_name": "virtualenv-py3.8", "python": "3.8", "profiles": {}, "started_at": {"time_setup_models_and_sims.TimeBuildDFN.time_setup_DFN": 1622265105637, "time_setup_models_and_sims.TimeBuildDFNSimulation.time_setup_DFN_simulation": 1622265109103, "time_setup_models_and_sims.TimeBuildSPM.time_setup_SPM": 1622265111522, "time_setup_models_and_sims.TimeBuildSPMSimulation.time_setup_SPM_simulation": 1622265113631, "time_setup_models_and_sims.TimeBuildSPMe.time_setup_SPMe": 1622265115896, "time_setup_models_and_sims.TimeBuildSPMeSimulation.time_setup_SPMe_simulation": 1622265119010, "time_solve_models.TimeSolveDFN.time_solve_model": 1622265121629, "time_solve_models.TimeSolveSPM.time_solve_model": 1622265142564, "time_solve_models.TimeSolveSPMe.time_solve_model": 1622265149043}, "ended_at": {"time_setup_models_and_sims.TimeBuildDFN.time_setup_DFN": 1622265109103, "time_setup_models_and_sims.TimeBuildDFNSimulation.time_setup_DFN_simulation": 1622265111521, "time_setup_models_and_sims.TimeBuildSPM.time_setup_SPM": 1622265113631, "time_setup_models_and_sims.TimeBuildSPMSimulation.time_setup_SPM_simulation": 1622265115896, "time_setup_models_and_sims.TimeBuildSPMe.time_setup_SPMe": 1622265119010, "time_setup_models_and_sims.TimeBuildSPMeSimulation.time_setup_SPMe_simulation": 1622265121629, "time_solve_models.TimeSolveDFN.time_solve_model": 1622265142564, "time_solve_models.TimeSolveSPM.time_solve_model": 1622265149043, "time_solve_models.TimeSolveSPMe.time_solve_model": 1622265158380}, "benchmark_version": {"time_setup_models_and_sims.TimeBuildDFN.time_setup_DFN": "5f322e51e6b7e66125ee6949bdf25746005db467e8ffcfdcb3ace170e92bbc3d", "time_setup_models_and_sims.TimeBuildDFNSimulation.time_setup_DFN_simulation": "8de44bc542fa7d4ba28a80f24414a9444b5436673aaebba674918f5f0bfd0ebb", "time_setup_models_and_sims.TimeBuildSPM.time_setup_SPM": "0d0b3f5c67fc2da9a5794c66b70af5a45a09558d1ee95f738745385adb84fbca", "time_setup_models_and_sims.TimeBuildSPMSimulation.time_setup_SPM_simulation": "161220a99418ce4487cc29325cbae897f28d0e44ae07e1dfbfaac2cbc53a4ff9", "time_setup_models_and_sims.TimeBuildSPMe.time_setup_SPMe": "6083f5ff944353395eb4b21c97b02af555fe6528de3cd5283f5e139943945235", "time_setup_models_and_sims.TimeBuildSPMeSimulation.time_setup_SPMe_simulation": "530563cb559427795e3648d9648df9250ae100b7721f69eec356bdda7798c55e", "time_solve_models.TimeSolveDFN.time_solve_model": "914137228e20e5900cec36b0d3865f1faa2f5d479c7d6c2539514791f9ec4430", "time_solve_models.TimeSolveSPM.time_solve_model": "ef1bb5f8d1ddfa59650e20438c4b252d73e5a062714848ce1d6d5269382bc598", "time_solve_models.TimeSolveSPMe.time_solve_model": "20672028872f4620ce85e909bae705d9490de441e926510b2b0e53ff0881d87b"}, "version": 1}