{"results": {"time_setup_models_and_sims.TimeBuildDFN.time_setup_DFN": {"result": [0.4841548955000121], "stats": [{"ci_99": [0.48161367999995264, 0.4909033079999858], "q_25": 0.48371445325001616, "q_75": 0.4883851574999909, "min": 0.48161367999995264, "max": 0.4909033079999858, "mean": 0.4856708565999952, "std": 0.003228604892768321, "repeat": 10, "number": 1}]}, "time_setup_models_and_sims.TimeBuildDFNSimulation.time_setup_DFN_simulation": {"result": [0.12749389800001154, 0.21025626450000345], "stats": [{"ci_99": [0.12644505999998046, 0.13106614500003388], "q_25": 0.12702198625002836, "q_75": 0.1278432347499745, "min": 0.12644505999998046, "max": 0.13106614500003388, "mean": 0.127728958900002, "std": 0.0012231913003151686, "repeat": 10, "number": 1}, {"ci_99": [0.20882062900000165, 0.21133181900000864], "q_25": 0.20972020600000008, "q_75": 0.2109278539999906, "min": 0.20882062900000165, "max": 0.21133181900000864, "mean": 0.21024671360000297, "std": 0.0007852755046624714, "repeat": 10, "number": 1}], "params": [["False", "True"]]}, "time_setup_models_and_sims.TimeBuildSPM.time_setup_SPM": {"result": [0.2884059929999978], "stats": [{"ci_99": [0.28762779099997715, 0.29145175600001494], "q_25": 0.2883574505000155, "q_75": 0.2889036627500019, "min": 0.28762779099997715, "max": 0.29145175600001494, "mean": 0.28876213950000534, "std": 0.0009845929255051337, "repeat": 10, "number": 1}]}, "time_setup_models_and_sims.TimeBuildSPMSimulation.time_setup_SPM_simulation": {"result": [0.1229813829999955, 0.1882152450000092], "stats": [{"ci_99": [0.1220150909999802, 0.12409212799997249], "q_25": 0.12230702850000341, "q_75": 0.12344802149998202, "min": 0.1220150909999802, "max": 0.12409212799997249, "mean": 0.1229374828999994, "std": 0.0006648988336515241, "repeat": 10, "number": 1}, {"ci_99": [0.1872957539999902, 0.18857205899996643], "q_25": 0.187597990250012, "q_75": 0.18833903199998758, "min": 0.1872957539999902, "max": 0.18857205899996643, "mean": 0.1880214044000013, "std": 0.00043183590097917114, "repeat": 10, "number": 1}], "params": [["False", "True"]]}, "time_setup_models_and_sims.TimeBuildSPMe.time_setup_SPMe": {"result": [0.41820823349999614], "stats": [{"ci_99": [0.41528647199999114, 0.4189733479999518], "q_25": 0.4172767057499982, "q_75": 0.4187186980000064, "min": 0.41528647199999114, "max": 0.4189733479999518, "mean": 0.4178205236999986, "std": 0.00112657027511378, "repeat": 10, "number": 1}]}, "time_setup_models_and_sims.TimeBuildSPMeSimulation.time_setup_SPMe_simulation": {"result": [0.13183021449998478, 0.2220923249999771], "stats": [{"ci_99": [0.13099272699997755, 0.13361550199999783], "q_25": 0.13166507199997568, "q_75": 0.13198714900002528, "min": 0.13099272699997755, "max": 0.13361550199999783, "mean": 0.13190550439999243, "std": 0.0006690392530968837, "repeat": 10, "number": 1}, {"ci_99": [0.22112999000000855, 0.22333655399995678], "q_25": 0.22193929124999556, "q_75": 0.22223301575002097, "min": 0.22112999000000855, "max": 0.22333655399995678, "mean": 0.2221181041999955, "std": 0.0006083858828370134, "repeat": 10, "number": 1}], "params": [["False", "True"]]}, "time_solve_models.TimeSolveDFN.time_solve_model": {"result": [0.5614828834999912, 0.7302838079999958], "stats": [{"ci_99": [0.5569469459999823, 0.5645358099999953], "q_25": 0.5599510807499968, "q_75": 0.5639856407500048, "min": 0.5569469459999823, "max": 0.5645358099999953, "mean": 0.5616113417000065, "std": 0.002409108652985601, "repeat": 10, "number": 1}, {"ci_99": [0.7275433860000362, 0.7353058230000329], "q_25": 0.72911718524999, "q_75": 0.7307625360000145, "min": 0.7275433860000362, "max": 0.7353058230000329, "mean": 0.7303072186999998, "std": 0.002032307362698698, "repeat": 10, "number": 1}], "params": [["True", "False"]]}, "time_solve_models.TimeSolveSPM.time_solve_model": {"result": [0.02040244700000926, 0.042011069500006215], "stats": [{"ci_99": [0.020212199000013698, 0.020484699999997247], "q_25": 0.02038895099997262, "q_75": 0.020452445749967296, "min": 0.020212199000013698, "max": 0.020484699999997247, "mean": 0.02039566799999193, "std": 7.668654685873191e-05, "repeat": 10, "number": 1}, {"ci_99": [0.04180190599998923, 0.042257796000001235], "q_25": 0.04188765624998325, "q_75": 0.04212684324998861, "min": 0.04180190599998923, "max": 0.042257796000001235, "mean": 0.042014870499997414, "std": 0.00014969903740255175, "repeat": 10, "number": 1}], "params": [["True", "False"]]}, "time_solve_models.TimeSolveSPMe.time_solve_model": {"result": [0.03218555499998388, 0.07446287899998083], "stats": [{"ci_99": [0.031967429000019365, 0.032312631000024794], "q_25": 0.03216668075000939, "q_75": 0.03219747999997935, "min": 0.031967429000019365, "max": 0.032312631000024794, "mean": 0.03217158539999332, "std": 8.562662945194262e-05, "repeat": 10, "number": 1}, {"ci_99": [0.07414412100001755, 0.07460733400000663], "q_25": 0.07435580600002822, "q_75": 0.07451795724996657, "min": 0.07414412100001755, "max": 0.07460733400000663, "mean": 0.07442892529999767, "std": 0.0001428059373760947, "repeat": 10, "number": 1}], "params": [["True", "False"]]}}, "params": {"machine": "GitHubRunner", "python": "3.8"}, "requirements": {}, "commit_hash": "bc6bf363a95ddb71309a72b8278de200418385fd", "date": 1622116746000, "env_name": "virtualenv-py3.8", "python": "3.8", "profiles": {}, "started_at": {"time_setup_models_and_sims.TimeBuildDFN.time_setup_DFN": 1622697513697, "time_setup_models_and_sims.TimeBuildDFNSimulation.time_setup_DFN_simulation": 1622697516962, "time_setup_models_and_sims.TimeBuildSPM.time_setup_SPM": 1622697519226, "time_setup_models_and_sims.TimeBuildSPMSimulation.time_setup_SPM_simulation": 1622697521236, "time_setup_models_and_sims.TimeBuildSPMe.time_setup_SPMe": 1622697523350, "time_setup_models_and_sims.TimeBuildSPMeSimulation.time_setup_SPMe_simulation": 1622697526212, "time_solve_models.TimeSolveDFN.time_solve_model": 1622697528577, "time_solve_models.TimeSolveSPM.time_solve_model": 1622697549043, "time_solve_models.TimeSolveSPMe.time_solve_model": 1622697555220}, "ended_at": {"time_setup_models_and_sims.TimeBuildDFN.time_setup_DFN": 1622697516961, "time_setup_models_and_sims.TimeBuildDFNSimulation.time_setup_DFN_simulation": 1622697519225, "time_setup_models_and_sims.TimeBuildSPM.time_setup_SPM": 1622697521235, "time_setup_models_and_sims.TimeBuildSPMSimulation.time_setup_SPM_simulation": 1622697523349, "time_setup_models_and_sims.TimeBuildSPMe.time_setup_SPMe": 1622697526212, "time_setup_models_and_sims.TimeBuildSPMeSimulation.time_setup_SPMe_simulation": 1622697528576, "time_solve_models.TimeSolveDFN.time_solve_model": 1622697549043, "time_solve_models.TimeSolveSPM.time_solve_model": 1622697555219, "time_solve_models.TimeSolveSPMe.time_solve_model": 1622697563904}, "benchmark_version": {"time_setup_models_and_sims.TimeBuildDFN.time_setup_DFN": "5f322e51e6b7e66125ee6949bdf25746005db467e8ffcfdcb3ace170e92bbc3d", "time_setup_models_and_sims.TimeBuildDFNSimulation.time_setup_DFN_simulation": "8de44bc542fa7d4ba28a80f24414a9444b5436673aaebba674918f5f0bfd0ebb", "time_setup_models_and_sims.TimeBuildSPM.time_setup_SPM": "0d0b3f5c67fc2da9a5794c66b70af5a45a09558d1ee95f738745385adb84fbca", "time_setup_models_and_sims.TimeBuildSPMSimulation.time_setup_SPM_simulation": "161220a99418ce4487cc29325cbae897f28d0e44ae07e1dfbfaac2cbc53a4ff9", "time_setup_models_and_sims.TimeBuildSPMe.time_setup_SPMe": "6083f5ff944353395eb4b21c97b02af555fe6528de3cd5283f5e139943945235", "time_setup_models_and_sims.TimeBuildSPMeSimulation.time_setup_SPMe_simulation": "530563cb559427795e3648d9648df9250ae100b7721f69eec356bdda7798c55e", "time_solve_models.TimeSolveDFN.time_solve_model": "914137228e20e5900cec36b0d3865f1faa2f5d479c7d6c2539514791f9ec4430", "time_solve_models.TimeSolveSPM.time_solve_model": "ef1bb5f8d1ddfa59650e20438c4b252d73e5a062714848ce1d6d5269382bc598", "time_solve_models.TimeSolveSPMe.time_solve_model": "20672028872f4620ce85e909bae705d9490de441e926510b2b0e53ff0881d87b"}, "version": 1}