{"results": {"time_setup_models_and_sims.TimeBuildDFN.time_setup_DFN": {"result": [0.5616569795000146], "stats": [{"ci_99": [0.5581988589999582, 0.5920873809999989], "q_25": 0.5594005834999933, "q_75": 0.5791514977500043, "min": 0.5581988589999582, "max": 0.5920873809999989, "mean": 0.569270316799998, "std": 0.012151469578522353, "repeat": 10, "number": 1}]}, "time_setup_models_and_sims.TimeBuildDFNSimulation.time_setup_DFN_simulation": {"result": [0.14667896400001723, 0.24192096999999535], "stats": [{"ci_99": [0.1457323279999514, 0.14910958400002983], "q_25": 0.14627873975000227, "q_75": 0.14737930125002663, "min": 0.1457323279999514, "max": 0.14910958400002983, "mean": 0.14690518440000916, "std": 0.0009450879166467608, "repeat": 10, "number": 1}, {"ci_99": [0.23748253899998417, 0.24402363699999796], "q_25": 0.24076668925000888, "q_75": 0.24271854025003847, "min": 0.23748253899998417, "max": 0.24402363699999796, "mean": 0.24153868390000638, "std": 0.001768915777374654, "repeat": 10, "number": 1}], "params": [["False", "True"]]}, "time_setup_models_and_sims.TimeBuildSPM.time_setup_SPM": {"result": [0.3316221999999982], "stats": [{"ci_99": [0.3276106370000207, 0.33512289500004044], "q_25": 0.3303675079999806, "q_75": 0.33355079675001775, "min": 0.3276106370000207, "max": 0.33512289500004044, "mean": 0.3317562009000028, "std": 0.0021483197886093745, "repeat": 10, "number": 1}]}, "time_setup_models_and_sims.TimeBuildSPMSimulation.time_setup_SPM_simulation": {"result": [0.14367772599999284, 0.2150697149999985], "stats": [{"ci_99": [0.14144202199997835, 0.1477813449999985], "q_25": 0.1419890774999999, "q_75": 0.1452371989999932, "min": 0.14144202199997835, "max": 0.1477813449999985, "mean": 0.14393558819999724, "std": 0.002062796960426595, "repeat": 10, "number": 1}, {"ci_99": [0.21044502900002726, 0.2286347699999851], "q_25": 0.2148405275000016, "q_75": 0.21647758774997783, "min": 0.21044502900002726, "max": 0.2286347699999851, "mean": 0.2170629187999964, "std": 0.005595961943776228, "repeat": 10, "number": 1}], "params": [["False", "True"]]}, "time_setup_models_and_sims.TimeBuildSPMe.time_setup_SPMe": {"result": [0.48107615199998577], "stats": [{"ci_99": [0.47629973000005066, 0.4850052980000328], "q_25": 0.47799084350000953, "q_75": 0.4831952337499672, "min": 0.47629973000005066, "max": 0.4850052980000328, "mean": 0.4807014637999941, "std": 0.002889079381396547, "repeat": 10, "number": 1}]}, "time_setup_models_and_sims.TimeBuildSPMeSimulation.time_setup_SPMe_simulation": {"result": [0.151798778500023, 0.25476222800000414], "stats": [{"ci_99": [0.1496714729999553, 0.16165286599999718], "q_25": 0.15126087924996057, "q_75": 0.1529471022500104, "min": 0.1496714729999553, "max": 0.16165286599999718, "mean": 0.15274369599999318, "std": 0.003206895988549568, "repeat": 10, "number": 1}, {"ci_99": [0.2519506390000288, 0.2569619129999978], "q_25": 0.2541224142500198, "q_75": 0.2561704962500073, "min": 0.2519506390000288, "max": 0.2569619129999978, "mean": 0.2548922891000018, "std": 0.001431786528614665, "repeat": 10, "number": 1}], "params": [["False", "True"]]}, "time_solve_models.TimeSolveDFN.time_solve_model": {"result": [0.5974035334999996, 0.7919986525000127], "stats": [{"ci_99": [0.5876081520000298, 0.605612796999992], "q_25": 0.5958932480000385, "q_75": 0.6011192200000011, "min": 0.5876081520000298, "max": 0.605612796999992, "mean": 0.5973515494000082, "std": 0.005091027940871155, "repeat": 10, "number": 1}, {"ci_99": [0.7825404669999898, 0.8046599319999928], "q_25": 0.7868368927500029, "q_75": 0.7962254752500257, "min": 0.7825404669999898, "max": 0.8046599319999928, "mean": 0.7925899137000101, "std": 0.007087042245121183, "repeat": 10, "number": 1}], "params": [["True", "False"]]}, "time_solve_models.TimeSolveSPM.time_solve_model": {"result": [0.023290583999994396, 0.04804427749999718], "stats": [{"ci_99": [0.022591878000014276, 0.02666401499999438], "q_25": 0.02304368525001621, "q_75": 0.02359146275000512, "min": 0.022591878000014276, "max": 0.02666401499999438, "mean": 0.023646538700000976, "std": 0.0011286098495704557, "repeat": 10, "number": 1}, {"ci_99": [0.04713207100002137, 0.050855608000006214], "q_25": 0.047317124499997476, "q_75": 0.04992422599998747, "min": 0.04713207100002137, "max": 0.050855608000006214, "mean": 0.048588496300004634, "std": 0.0014130667167402777, "repeat": 10, "number": 1}], "params": [["True", "False"]]}, "time_solve_models.TimeSolveSPMe.time_solve_model": {"result": [0.036941441999999824, 0.08358649999996715], "stats": [{"ci_99": [0.0352216770000382, 0.04271194299997205], "q_25": 0.03614023424999857, "q_75": 0.03881968700001437, "min": 0.0352216770000382, "max": 0.04271194299997205, "mean": 0.03772543960000121, "std": 0.002188647107871966, "repeat": 10, "number": 1}, {"ci_99": [0.08249216600000864, 0.08597789499998498], "q_25": 0.08306537125002933, "q_75": 0.08464052699997637, "min": 0.08249216600000864, "max": 0.08597789499998498, "mean": 0.08395745559999454, "std": 0.0011316535383221592, "repeat": 10, "number": 1}], "params": [["True", "False"]]}}, "params": {"machine": "GitHubRunner", "python": "3.8"}, "requirements": {}, "commit_hash": "bc6bf363a95ddb71309a72b8278de200418385fd", "date": 1622116746000, "env_name": "virtualenv-py3.8", "python": "3.8", "profiles": {}, "started_at": {"time_setup_models_and_sims.TimeBuildDFN.time_setup_DFN": 1622351396443, "time_setup_models_and_sims.TimeBuildDFNSimulation.time_setup_DFN_simulation": 1622351400310, "time_setup_models_and_sims.TimeBuildSPM.time_setup_SPM": 1622351402926, "time_setup_models_and_sims.TimeBuildSPMSimulation.time_setup_SPM_simulation": 1622351405238, "time_setup_models_and_sims.TimeBuildSPMe.time_setup_SPMe": 1622351407654, "time_setup_models_and_sims.TimeBuildSPMeSimulation.time_setup_SPMe_simulation": 1622351410919, "time_solve_models.TimeSolveDFN.time_solve_model": 1622351413687, "time_solve_models.TimeSolveSPM.time_solve_model": 1622351436274, "time_solve_models.TimeSolveSPMe.time_solve_model": 1622351443456}, "ended_at": {"time_setup_models_and_sims.TimeBuildDFN.time_setup_DFN": 1622351400309, "time_setup_models_and_sims.TimeBuildDFNSimulation.time_setup_DFN_simulation": 1622351402925, "time_setup_models_and_sims.TimeBuildSPM.time_setup_SPM": 1622351405237, "time_setup_models_and_sims.TimeBuildSPMSimulation.time_setup_SPM_simulation": 1622351407653, "time_setup_models_and_sims.TimeBuildSPMe.time_setup_SPMe": 1622351410918, "time_setup_models_and_sims.TimeBuildSPMeSimulation.time_setup_SPMe_simulation": 1622351413687, "time_solve_models.TimeSolveDFN.time_solve_model": 1622351436273, "time_solve_models.TimeSolveSPM.time_solve_model": 1622351443455, "time_solve_models.TimeSolveSPMe.time_solve_model": 1622351453293}, "benchmark_version": {"time_setup_models_and_sims.TimeBuildDFN.time_setup_DFN": "5f322e51e6b7e66125ee6949bdf25746005db467e8ffcfdcb3ace170e92bbc3d", "time_setup_models_and_sims.TimeBuildDFNSimulation.time_setup_DFN_simulation": "8de44bc542fa7d4ba28a80f24414a9444b5436673aaebba674918f5f0bfd0ebb", "time_setup_models_and_sims.TimeBuildSPM.time_setup_SPM": "0d0b3f5c67fc2da9a5794c66b70af5a45a09558d1ee95f738745385adb84fbca", "time_setup_models_and_sims.TimeBuildSPMSimulation.time_setup_SPM_simulation": "161220a99418ce4487cc29325cbae897f28d0e44ae07e1dfbfaac2cbc53a4ff9", "time_setup_models_and_sims.TimeBuildSPMe.time_setup_SPMe": "6083f5ff944353395eb4b21c97b02af555fe6528de3cd5283f5e139943945235", "time_setup_models_and_sims.TimeBuildSPMeSimulation.time_setup_SPMe_simulation": "530563cb559427795e3648d9648df9250ae100b7721f69eec356bdda7798c55e", "time_solve_models.TimeSolveDFN.time_solve_model": "914137228e20e5900cec36b0d3865f1faa2f5d479c7d6c2539514791f9ec4430", "time_solve_models.TimeSolveSPM.time_solve_model": "ef1bb5f8d1ddfa59650e20438c4b252d73e5a062714848ce1d6d5269382bc598", "time_solve_models.TimeSolveSPMe.time_solve_model": "20672028872f4620ce85e909bae705d9490de441e926510b2b0e53ff0881d87b"}, "version": 1}