{"results": {"time_setup_models_and_sims.TimeBuildDFN.time_setup_DFN": {"result": [0.5178004919999921], "stats": [{"ci_99": [0.4941360720000034, 0.5395005470000029], "q_25": 0.5080678495000086, "q_75": 0.5274439260000179, "min": 0.4941360720000034, "max": 0.5395005470000029, "mean": 0.517624225900002, "std": 0.014217670173709604, "repeat": 10, "number": 1}]}, "time_setup_models_and_sims.TimeBuildDFNSimulation.time_setup_DFN_simulation": {"result": [0.13437295800000015, 0.22400653300000783], "stats": [{"ci_99": [0.12769178599998554, 0.13712213900001302], "q_25": 0.13115843924999382, "q_75": 0.13601651974999385, "min": 0.12769178599998554, "max": 0.13712213900001302, "mean": 0.1333482972999974, "std": 0.0031183542601986433, "repeat": 10, "number": 1}, {"ci_99": [0.21428233100002103, 0.2334996889999843], "q_25": 0.21794579125000269, "q_75": 0.2277777824999916, "min": 0.21428233100002103, "max": 0.2334996889999843, "mean": 0.22327824360000648, "std": 0.006171813758162426, "repeat": 10, "number": 1}], "params": [["False", "True"]]}, "time_setup_models_and_sims.TimeBuildSPM.time_setup_SPM": {"result": [0.29955686150000815], "stats": [{"ci_99": [0.28378966500000047, 0.31629530899999736], "q_25": 0.28894798825002255, "q_75": 0.30617765024999244, "min": 0.28378966500000047, "max": 0.31629530899999736, "mean": 0.2982961654000036, "std": 0.010207911611766696, "repeat": 10, "number": 1}]}, "time_setup_models_and_sims.TimeBuildSPMSimulation.time_setup_SPM_simulation": {"result": [0.12486355400000093, 0.19792297299999007], "stats": [{"ci_99": [0.11851144799999247, 0.13013212999999269], "q_25": 0.12256804925001319, "q_75": 0.1276926840000101, "min": 0.11851144799999247, "max": 0.13013212999999269, "mean": 0.12470979630000442, "std": 0.003497663652997112, "repeat": 10, "number": 1}, {"ci_99": [0.1871183940000094, 0.20534723800000165], "q_25": 0.19544809325001467, "q_75": 0.20004435024999623, "min": 0.1871183940000094, "max": 0.20534723800000165, "mean": 0.19750724820000015, "std": 0.004531479468375582, "repeat": 10, "number": 1}], "params": [["False", "True"]]}, "time_setup_models_and_sims.TimeBuildSPMe.time_setup_SPMe": {"result": [0.43785059149999483], "stats": [{"ci_99": [0.41574488099999485, 0.45033101699999634], "q_25": 0.43221796925000433, "q_75": 0.4424526925000052, "min": 0.41574488099999485, "max": 0.45033101699999634, "mean": 0.43654728079999927, "std": 0.009582924257524694, "repeat": 10, "number": 1}]}, "time_setup_models_and_sims.TimeBuildSPMeSimulation.time_setup_SPMe_simulation": {"result": [0.13193241399999067, 0.22306540249999784], "stats": [{"ci_99": [0.12874378399999387, 0.1478770509999947], "q_25": 0.13112586300000117, "q_75": 0.13470017699999914, "min": 0.12874378399999387, "max": 0.1478770509999947, "mean": 0.13394334009999512, "std": 0.005357134296722961, "repeat": 10, "number": 1}, {"ci_99": [0.21340726600001858, 0.2325471700000037], "q_25": 0.21828534224999885, "q_75": 0.22644779650001112, "min": 0.21340726600001858, "max": 0.2325471700000037, "mean": 0.22292550670000252, "std": 0.005769177287653277, "repeat": 10, "number": 1}], "params": [["False", "True"]]}, "time_solve_models.TimeSolveDFN.time_solve_model": {"result": [0.5417192660000012, 0.72725026949999], "stats": [{"ci_99": [0.5289435530000048, 0.5761200219999978], "q_25": 0.5384548814999945, "q_75": 0.5592041929999922, "min": 0.5289435530000048, "max": 0.5761200219999978, "mean": 0.5492027134999973, "std": 0.015841779165899506, "repeat": 10, "number": 1}, {"ci_99": [0.7023066369999924, 0.7680643180000004], "q_25": 0.7144503282500025, "q_75": 0.7389431555000172, "min": 0.7023066369999924, "max": 0.7680643180000004, "mean": 0.7287260161000007, "std": 0.01864847504290891, "repeat": 10, "number": 1}], "params": [["True", "False"]]}, "time_solve_models.TimeSolveSPM.time_solve_model": {"result": [0.02143986800000164, 0.04194587400000671], "stats": [{"ci_99": [0.019686588000013217, 0.022783889999999474], "q_25": 0.020900219250002294, "q_75": 0.022155360249989542, "min": 0.019686588000013217, "max": 0.022783889999999474, "mean": 0.02144770230000006, "std": 0.0009381855219859185, "repeat": 10, "number": 1}, {"ci_99": [0.039502384000002166, 0.04672315600001298], "q_25": 0.04129508299999429, "q_75": 0.04260872074999611, "min": 0.039502384000002166, "max": 0.04672315600001298, "mean": 0.042179252500002914, "std": 0.0018102008089518039, "repeat": 10, "number": 1}], "params": [["True", "False"]]}, "time_solve_models.TimeSolveSPMe.time_solve_model": {"result": [0.032548673000007966, 0.07789856800000905], "stats": [{"ci_99": [0.03056258499998421, 0.03455689699998743], "q_25": 0.03207242649999387, "q_75": 0.03341835949998995, "min": 0.03056258499998421, "max": 0.03455689699998743, "mean": 0.03262829659999511, "std": 0.001283807030051693, "repeat": 10, "number": 1}, {"ci_99": [0.07331156399999372, 0.08356130100000314], "q_25": 0.07545849075000888, "q_75": 0.0806109172500058, "min": 0.07331156399999372, "max": 0.08356130100000314, "mean": 0.07804489540000362, "std": 0.0032996241391185, "repeat": 10, "number": 1}], "params": [["True", "False"]]}}, "params": {"machine": "GitHubRunner", "python": "3.8"}, "requirements": {}, "commit_hash": "bc6bf363a95ddb71309a72b8278de200418385fd", "date": 1622116746000, "env_name": "virtualenv-py3.8", "python": "3.8", "profiles": {}, "started_at": {"time_setup_models_and_sims.TimeBuildDFN.time_setup_DFN": 1622526677477, "time_setup_models_and_sims.TimeBuildDFNSimulation.time_setup_DFN_simulation": 1622526680893, "time_setup_models_and_sims.TimeBuildSPM.time_setup_SPM": 1622526683312, "time_setup_models_and_sims.TimeBuildSPMSimulation.time_setup_SPM_simulation": 1622526685425, "time_setup_models_and_sims.TimeBuildSPMe.time_setup_SPMe": 1622526687593, "time_setup_models_and_sims.TimeBuildSPMeSimulation.time_setup_SPMe_simulation": 1622526690556, "time_solve_models.TimeSolveDFN.time_solve_model": 1622526692973, "time_solve_models.TimeSolveSPM.time_solve_model": 1622526713860, "time_solve_models.TimeSolveSPMe.time_solve_model": 1622526720293}, "ended_at": {"time_setup_models_and_sims.TimeBuildDFN.time_setup_DFN": 1622526680893, "time_setup_models_and_sims.TimeBuildDFNSimulation.time_setup_DFN_simulation": 1622526683310, "time_setup_models_and_sims.TimeBuildSPM.time_setup_SPM": 1622526685424, "time_setup_models_and_sims.TimeBuildSPMSimulation.time_setup_SPM_simulation": 1622526687593, "time_setup_models_and_sims.TimeBuildSPMe.time_setup_SPMe": 1622526690556, "time_setup_models_and_sims.TimeBuildSPMeSimulation.time_setup_SPMe_simulation": 1622526692972, "time_solve_models.TimeSolveDFN.time_solve_model": 1622526713860, "time_solve_models.TimeSolveSPM.time_solve_model": 1622526720292, "time_solve_models.TimeSolveSPMe.time_solve_model": 1622526729431}, "benchmark_version": {"time_setup_models_and_sims.TimeBuildDFN.time_setup_DFN": "5f322e51e6b7e66125ee6949bdf25746005db467e8ffcfdcb3ace170e92bbc3d", "time_setup_models_and_sims.TimeBuildDFNSimulation.time_setup_DFN_simulation": "8de44bc542fa7d4ba28a80f24414a9444b5436673aaebba674918f5f0bfd0ebb", "time_setup_models_and_sims.TimeBuildSPM.time_setup_SPM": "0d0b3f5c67fc2da9a5794c66b70af5a45a09558d1ee95f738745385adb84fbca", "time_setup_models_and_sims.TimeBuildSPMSimulation.time_setup_SPM_simulation": "161220a99418ce4487cc29325cbae897f28d0e44ae07e1dfbfaac2cbc53a4ff9", "time_setup_models_and_sims.TimeBuildSPMe.time_setup_SPMe": "6083f5ff944353395eb4b21c97b02af555fe6528de3cd5283f5e139943945235", "time_setup_models_and_sims.TimeBuildSPMeSimulation.time_setup_SPMe_simulation": "530563cb559427795e3648d9648df9250ae100b7721f69eec356bdda7798c55e", "time_solve_models.TimeSolveDFN.time_solve_model": "914137228e20e5900cec36b0d3865f1faa2f5d479c7d6c2539514791f9ec4430", "time_solve_models.TimeSolveSPM.time_solve_model": "ef1bb5f8d1ddfa59650e20438c4b252d73e5a062714848ce1d6d5269382bc598", "time_solve_models.TimeSolveSPMe.time_solve_model": "20672028872f4620ce85e909bae705d9490de441e926510b2b0e53ff0881d87b"}, "version": 1}