{"results": {"time_setup_models_and_sims.TimeBuildDFN.time_setup_DFN": {"result": [1.0800280690000363], "stats": [{"ci_99": [0.9908837769999082, 1.1079192239994882], "q_25": 1.0579803357500168, "q_75": 1.087769587499679, "min": 0.9908837769999082, "max": 1.1079192239994882, "mean": 1.069284356299977, "std": 0.031301833493578936, "repeat": 10, "number": 1}]}, "time_setup_models_and_sims.TimeBuildDFNSimulation.time_setup_DFN_simulation": {"result": [0.088263647500753, 0.18029787300019962], "stats": [{"ci_99": [0.08548162700026296, 0.09729941399928066], "q_25": 0.08703463825031577, "q_75": 0.09030506299995977, "min": 0.08548162700026296, "max": 0.09729941399928066, "mean": 0.08913791420036432, "std": 0.003213249700589877, "repeat": 10, "number": 1}, {"ci_99": [0.17212426399964897, 0.19484922900119273], "q_25": 0.17526791175032486, "q_75": 0.1818852099995638, "min": 0.17212426399964897, "max": 0.19484922900119273, "mean": 0.18007762130018817, "std": 0.006278958116504168, "repeat": 10, "number": 1}], "params": [["False", "True"]]}, "time_setup_models_and_sims.TimeBuildSPM.time_setup_SPM": {"result": [0.6795761400007905], "stats": [{"ci_99": [0.6548625010000251, 0.7298084510002809], "q_25": 0.6623127360012404, "q_75": 0.7099401064997437, "min": 0.6548625010000251, "max": 0.7298084510002809, "mean": 0.6853865486003997, "std": 0.026578441023358896, "repeat": 10, "number": 1}]}, "time_setup_models_and_sims.TimeBuildSPMSimulation.time_setup_SPM_simulation": {"result": [0.24152467149997392, 0.44357380700057547], "stats": [{"ci_99": [0.21780649900028948, 0.2518094459992426], "q_25": 0.221930554499977, "q_75": 0.24321170775010614, "min": 0.21780649900028948, "max": 0.2518094459992426, "mean": 0.23551969780000945, "std": 0.012396447380478152, "repeat": 10, "number": 1}, {"ci_99": [0.41401353500077676, 0.4632270010006323], "q_25": 0.42700970925079673, "q_75": 0.4587655129998893, "min": 0.41401353500077676, "max": 0.4632270010006323, "mean": 0.44103693580036635, "std": 0.018190386963962742, "repeat": 10, "number": 1}], "params": [["False", "True"]]}, "time_setup_models_and_sims.TimeBuildSPMe.time_setup_SPMe": {"result": [0.8880876639996131], "stats": [{"ci_99": [0.8259395539989782, 0.9146312149987352], "q_25": 0.883271456750208, "q_75": 0.8915286879996529, "min": 0.8259395539989782, "max": 0.9146312149987352, "mean": 0.8842177662998438, "std": 0.02347588474292178, "repeat": 10, "number": 1}]}, "time_setup_models_and_sims.TimeBuildSPMeSimulation.time_setup_SPMe_simulation": {"result": [0.1137026340002194, 0.2405400630004806], "stats": [{"ci_99": [0.10962120299882372, 0.11653175500032376], "q_25": 0.11219257399943672, "q_75": 0.11534112024992282, "min": 0.10962120299882372, "max": 0.11653175500032376, "mean": 0.11347594239978206, "std": 0.002194266079890436, "repeat": 10, "number": 1}, {"ci_99": [0.21324256600018998, 0.2596365049994347], "q_25": 0.2236953152496426, "q_75": 0.2449214230000507, "min": 0.21324256600018998, "max": 0.2596365049994347, "mean": 0.23607342169998446, "std": 0.015200567050662566, "repeat": 10, "number": 1}], "params": [["False", "True"]]}, "time_solve_models.TimeSolveDFN.time_solve_model": {"result": [1.305766232499991, 1.5245393200002582], "stats": [{"ci_99": [1.2919631519397345, 1.3327389810001478], "q_25": 1.303689656750521, "q_75": 1.317997112249941, "min": 1.2972112059997016, "max": 1.3327389810001478, "mean": 1.311092364833409, "std": 0.012271569848007048, "repeat": 6, "number": 1}, {"ci_99": [1.4552573620003386, 1.5761572489991522], "q_25": 1.5116442152498166, "q_75": 1.5433703995013275, "min": 1.4552573620003386, "max": 1.5761572489991522, "mean": 1.5255571977502314, "std": 0.036442215915324844, "repeat": 8, "number": 1}], "params": [["True", "False"]]}, "time_solve_models.TimeSolveSPM.time_solve_model": {"result": [0.07228748000034102, 0.11779161300000851], "stats": [{"ci_99": [0.06419246999939787, 0.07990678600071988], "q_25": 0.0688747552494533, "q_75": 0.07442639549981322, "min": 0.06419246999939787, "max": 0.07990678600071988, "mean": 0.07193368749976799, "std": 0.004661222311197918, "repeat": 10, "number": 1}, {"ci_99": [0.10940900099922146, 0.1255548210010602], "q_25": 0.11211409650013593, "q_75": 0.12304750275143306, "min": 0.10940900099922146, "max": 0.1255548210010602, "mean": 0.11772855290055304, "std": 0.005757665448869282, "repeat": 10, "number": 1}], "params": [["True", "False"]]}, "time_solve_models.TimeSolveSPMe.time_solve_model": {"result": [0.1115003679997244, 0.18072427400056768], "stats": [{"ci_99": [0.10464416700051515, 0.12250739800037991], "q_25": 0.10697768325098878, "q_75": 0.1154404462504317, "min": 0.10464416700051515, "max": 0.12250739800037991, "mean": 0.11170240880037455, "std": 0.005346562147252355, "repeat": 10, "number": 1}, {"ci_99": [0.17426867599897378, 0.1972607469997456], "q_25": 0.17642951774951143, "q_75": 0.18497282999987874, "min": 0.17426867599897378, "max": 0.1972607469997456, "mean": 0.18157079059983516, "std": 0.006645920964834251, "repeat": 10, "number": 1}], "params": [["True", "False"]]}}, "params": {"machine": "GitHubRunner", "python": "3.8"}, "requirements": {}, "commit_hash": "bdc515181e885cec7eca5d6266bf5f6d04837a99", "date": 1589828109000, "env_name": "virtualenv-py3.8", "python": "3.8", "profiles": {}, "started_at": {"time_setup_models_and_sims.TimeBuildDFN.time_setup_DFN": 1613154196076, "time_setup_models_and_sims.TimeBuildDFNSimulation.time_setup_DFN_simulation": 1613154202750, "time_setup_models_and_sims.TimeBuildSPM.time_setup_SPM": 1613154204664, "time_setup_models_and_sims.TimeBuildSPMSimulation.time_setup_SPM_simulation": 1613154209081, "time_setup_models_and_sims.TimeBuildSPMe.time_setup_SPMe": 1613154213501, "time_setup_models_and_sims.TimeBuildSPMeSimulation.time_setup_SPMe_simulation": 1613154219022, "time_solve_models.TimeSolveDFN.time_solve_model": 1613154221286, "time_solve_models.TimeSolveSPM.time_solve_model": 1613154251231, "time_solve_models.TimeSolveSPMe.time_solve_model": 1613154263326}, "ended_at": {"time_setup_models_and_sims.TimeBuildDFN.time_setup_DFN": 1613154202749, "time_setup_models_and_sims.TimeBuildDFNSimulation.time_setup_DFN_simulation": 1613154204663, "time_setup_models_and_sims.TimeBuildSPM.time_setup_SPM": 1613154209080, "time_setup_models_and_sims.TimeBuildSPMSimulation.time_setup_SPM_simulation": 1613154213500, "time_setup_models_and_sims.TimeBuildSPMe.time_setup_SPMe": 1613154219022, "time_setup_models_and_sims.TimeBuildSPMeSimulation.time_setup_SPMe_simulation": 1613154221285, "time_solve_models.TimeSolveDFN.time_solve_model": 1613154251230, "time_solve_models.TimeSolveSPM.time_solve_model": 1613154263325, "time_solve_models.TimeSolveSPMe.time_solve_model": 1613154278676}, "benchmark_version": {"time_setup_models_and_sims.TimeBuildDFN.time_setup_DFN": "5f322e51e6b7e66125ee6949bdf25746005db467e8ffcfdcb3ace170e92bbc3d", "time_setup_models_and_sims.TimeBuildDFNSimulation.time_setup_DFN_simulation": "8de44bc542fa7d4ba28a80f24414a9444b5436673aaebba674918f5f0bfd0ebb", "time_setup_models_and_sims.TimeBuildSPM.time_setup_SPM": "0d0b3f5c67fc2da9a5794c66b70af5a45a09558d1ee95f738745385adb84fbca", "time_setup_models_and_sims.TimeBuildSPMSimulation.time_setup_SPM_simulation": "161220a99418ce4487cc29325cbae897f28d0e44ae07e1dfbfaac2cbc53a4ff9", "time_setup_models_and_sims.TimeBuildSPMe.time_setup_SPMe": "6083f5ff944353395eb4b21c97b02af555fe6528de3cd5283f5e139943945235", "time_setup_models_and_sims.TimeBuildSPMeSimulation.time_setup_SPMe_simulation": "530563cb559427795e3648d9648df9250ae100b7721f69eec356bdda7798c55e", "time_solve_models.TimeSolveDFN.time_solve_model": "914137228e20e5900cec36b0d3865f1faa2f5d479c7d6c2539514791f9ec4430", "time_solve_models.TimeSolveSPM.time_solve_model": "ef1bb5f8d1ddfa59650e20438c4b252d73e5a062714848ce1d6d5269382bc598", "time_solve_models.TimeSolveSPMe.time_solve_model": "20672028872f4620ce85e909bae705d9490de441e926510b2b0e53ff0881d87b"}, "version": 1}