{"results": {"time_setup_models_and_sims.TimeBuildDFN.time_setup_DFN": {"result": [0.5713947309999909], "stats": [{"ci_99": [0.4846494080000099, 0.6188012140000012], "q_25": 0.5225953272500057, "q_75": 0.5967734745000115, "min": 0.4846494080000099, "max": 0.6188012140000012, "mean": 0.5580424002000015, "std": 0.044924827903223885, "repeat": 10, "number": 1}]}, "time_setup_models_and_sims.TimeBuildDFNSimulation.time_setup_DFN_simulation": {"result": [0.18070035899999226, 0.3829656990000032], "stats": [{"ci_99": [0.156971274, 0.19858540100000255], "q_25": 0.16401040200000594, "q_75": 0.19115195724999978, "min": 0.156971274, "max": 0.19858540100000255, "mean": 0.17765644339999936, "std": 0.01528094711044672, "repeat": 10, "number": 1}, {"ci_99": [0.3745228260000033, 0.41800187800001254], "q_25": 0.37856957400000013, "q_75": 0.4031103382500021, "min": 0.3745228260000033, "max": 0.41800187800001254, "mean": 0.39070069080000425, "std": 0.015355840290622412, "repeat": 10, "number": 1}], "params": [["False", "True"]]}, "time_setup_models_and_sims.TimeBuildSPM.time_setup_SPM": {"result": [0.32878710849999493], "stats": [{"ci_99": [0.3025252599999959, 0.34615672499998595], "q_25": 0.32390707075000336, "q_75": 0.3398101832499947, "min": 0.3025252599999959, "max": 0.34615672499998595, "mean": 0.32931950059999765, "std": 0.01224249289493478, "repeat": 10, "number": 1}]}, "time_setup_models_and_sims.TimeBuildSPMSimulation.time_setup_SPM_simulation": {"result": [0.16570399100000088, 0.37253042099999334], "stats": [{"ci_99": [0.1571538540000006, 0.19424858200001438], "q_25": 0.1585010330000074, "q_75": 0.18770923000000295, "min": 0.1571538540000006, "max": 0.19424858200001438, "mean": 0.17191183130000381, "std": 0.015024744454762264, "repeat": 10, "number": 1}, {"ci_99": [0.35331020499998544, 0.41694908899998495], "q_25": 0.3597427344999886, "q_75": 0.3858326204999827, "min": 0.35331020499998544, "max": 0.41694908899998495, "mean": 0.3760235501999915, "std": 0.019265245778492826, "repeat": 10, "number": 1}], "params": [["False", "True"]]}, "time_setup_models_and_sims.TimeBuildSPMe.time_setup_SPMe": {"result": [0.4600709159999923], "stats": [{"ci_99": [0.4357282240000018, 0.4708800289999999], "q_25": 0.4477516872499976, "q_75": 0.4647480332499896, "min": 0.4357282240000018, "max": 0.4708800289999999, "mean": 0.45636137489999556, "std": 0.011327344196790917, "repeat": 10, "number": 1}]}, "time_setup_models_and_sims.TimeBuildSPMeSimulation.time_setup_SPMe_simulation": {"result": [0.17336281650000274, 0.4135177035000055], "stats": [{"ci_99": [0.16736392900000396, 0.1950779909999767], "q_25": 0.17139046824999582, "q_75": 0.17868315575000793, "min": 0.16736392900000396, "max": 0.1950779909999767, "mean": 0.1770617004000002, "std": 0.00858232291357387, "repeat": 10, "number": 1}, {"ci_99": [0.40155219399997577, 0.43734381600000916], "q_25": 0.40416721350001694, "q_75": 0.42666722674998425, "min": 0.40155219399997577, "max": 0.43734381600000916, "mean": 0.4160226663000003, "std": 0.012528103619620144, "repeat": 10, "number": 1}], "params": [["False", "True"]]}, "time_solve_models.TimeSolveDFN.time_solve_model": {"result": [0.5413061500000111, 0.7463609364999968], "stats": [{"ci_99": [0.5219318470000189, 0.5828580379999835], "q_25": 0.5311087354999913, "q_75": 0.5649929937500104, "min": 0.5219318470000189, "max": 0.5828580379999835, "mean": 0.5471024749000037, "std": 0.020057766794416402, "repeat": 10, "number": 1}, {"ci_99": [0.6914660410000124, 0.7843096999999943], "q_25": 0.7295069412500013, "q_75": 0.748927621, "min": 0.6914660410000124, "max": 0.7843096999999943, "mean": 0.7401506568000003, "std": 0.024038137756009204, "repeat": 10, "number": 1}], "params": [["True", "False"]]}, "time_solve_models.TimeSolveSPM.time_solve_model": {"result": [0.020764080500001114, 0.04352466650000508], "stats": [{"ci_99": [0.019518117999979268, 0.027253604999998515], "q_25": 0.0206498320000037, "q_75": 0.02316681950000543, "min": 0.019518117999979268, "max": 0.027253604999998515, "mean": 0.022191552099999966, "std": 0.00256183456969676, "repeat": 10, "number": 1}, {"ci_99": [0.039171441999997114, 0.06014790000000403], "q_25": 0.04110305274999604, "q_75": 0.048350916500012886, "min": 0.039171441999997114, "max": 0.06014790000000403, "mean": 0.04603461900000241, "std": 0.006728700707273932, "repeat": 10, "number": 1}], "params": [["True", "False"]]}, "time_solve_models.TimeSolveSPMe.time_solve_model": {"result": [0.033151547999992204, 0.08148770649999904], "stats": [{"ci_99": [0.02980820600001266, 0.03517275100000461], "q_25": 0.031531534500018665, "q_75": 0.034198355999990326, "min": 0.02980820600001266, "max": 0.03517275100000461, "mean": 0.032838883700000564, "std": 0.0018806027769751998, "repeat": 10, "number": 1}, {"ci_99": [0.07198200599998472, 0.08773261799998977], "q_25": 0.07426783700000783, "q_75": 0.08481418124999607, "min": 0.07198200599998472, "max": 0.08773261799998977, "mean": 0.08014349800000105, "std": 0.005662026639349785, "repeat": 10, "number": 1}], "params": [["True", "False"]]}}, "params": {"machine": "GitHubRunner", "python": "3.8"}, "requirements": {}, "commit_hash": "c16b7df76c597468ecac1c40e768d94005f79145", "date": 1628283376000, "env_name": "virtualenv-py3.8", "python": "3.8", "profiles": {}, "started_at": {"time_setup_models_and_sims.TimeBuildDFN.time_setup_DFN": 1628392926294, "time_setup_models_and_sims.TimeBuildDFNSimulation.time_setup_DFN_simulation": 1628392930262, "time_setup_models_and_sims.TimeBuildSPM.time_setup_SPM": 1628392934183, "time_setup_models_and_sims.TimeBuildSPMSimulation.time_setup_SPM_simulation": 1628392936494, "time_setup_models_and_sims.TimeBuildSPMe.time_setup_SPMe": 1628392940013, "time_setup_models_and_sims.TimeBuildSPMeSimulation.time_setup_SPMe_simulation": 1628392943127, "time_solve_models.TimeSolveDFN.time_solve_model": 1628392947048, "time_solve_models.TimeSolveSPM.time_solve_model": 1628392968369, "time_solve_models.TimeSolveSPMe.time_solve_model": 1628392976051}, "ended_at": {"time_setup_models_and_sims.TimeBuildDFN.time_setup_DFN": 1628392930261, "time_setup_models_and_sims.TimeBuildDFNSimulation.time_setup_DFN_simulation": 1628392934181, "time_setup_models_and_sims.TimeBuildSPM.time_setup_SPM": 1628392936493, "time_setup_models_and_sims.TimeBuildSPMSimulation.time_setup_SPM_simulation": 1628392940012, "time_setup_models_and_sims.TimeBuildSPMe.time_setup_SPMe": 1628392943127, "time_setup_models_and_sims.TimeBuildSPMeSimulation.time_setup_SPMe_simulation": 1628392947047, "time_solve_models.TimeSolveDFN.time_solve_model": 1628392968369, "time_solve_models.TimeSolveSPM.time_solve_model": 1628392976050, "time_solve_models.TimeSolveSPMe.time_solve_model": 1628392986087}, "benchmark_version": {"time_setup_models_and_sims.TimeBuildDFN.time_setup_DFN": "5f322e51e6b7e66125ee6949bdf25746005db467e8ffcfdcb3ace170e92bbc3d", "time_setup_models_and_sims.TimeBuildDFNSimulation.time_setup_DFN_simulation": "8de44bc542fa7d4ba28a80f24414a9444b5436673aaebba674918f5f0bfd0ebb", "time_setup_models_and_sims.TimeBuildSPM.time_setup_SPM": "0d0b3f5c67fc2da9a5794c66b70af5a45a09558d1ee95f738745385adb84fbca", "time_setup_models_and_sims.TimeBuildSPMSimulation.time_setup_SPM_simulation": "161220a99418ce4487cc29325cbae897f28d0e44ae07e1dfbfaac2cbc53a4ff9", "time_setup_models_and_sims.TimeBuildSPMe.time_setup_SPMe": "6083f5ff944353395eb4b21c97b02af555fe6528de3cd5283f5e139943945235", "time_setup_models_and_sims.TimeBuildSPMeSimulation.time_setup_SPMe_simulation": "530563cb559427795e3648d9648df9250ae100b7721f69eec356bdda7798c55e", "time_solve_models.TimeSolveDFN.time_solve_model": "914137228e20e5900cec36b0d3865f1faa2f5d479c7d6c2539514791f9ec4430", "time_solve_models.TimeSolveSPM.time_solve_model": "ef1bb5f8d1ddfa59650e20438c4b252d73e5a062714848ce1d6d5269382bc598", "time_solve_models.TimeSolveSPMe.time_solve_model": "20672028872f4620ce85e909bae705d9490de441e926510b2b0e53ff0881d87b"}, "version": 1}