{"results": {"time_setup_models_and_sims.TimeBuildDFN.time_setup_DFN": {"result": [0.5058296404999965], "stats": [{"ci_99": [0.47932196399995064, 0.5306933960000038], "q_25": 0.48234407900001486, "q_75": 0.5272687252500106, "min": 0.47932196399995064, "max": 0.5306933960000038, "mean": 0.505008989800001, "std": 0.02243078920836601, "repeat": 10, "number": 1}]}, "time_setup_models_and_sims.TimeBuildDFNSimulation.time_setup_DFN_simulation": {"result": [0.15662283699998625, 0.36608742650003023], "stats": [{"ci_99": [0.15429634799994574, 0.161012052999979], "q_25": 0.15533818699998392, "q_75": 0.15716130125002792, "min": 0.15429634799994574, "max": 0.161012052999979, "mean": 0.15674046829998928, "std": 0.0018611101741601197, "repeat": 10, "number": 1}, {"ci_99": [0.36284601500000235, 0.369111136000015], "q_25": 0.3629608914999949, "q_75": 0.3674554385000022, "min": 0.36284601500000235, "max": 0.369111136000015, "mean": 0.3656391509000059, "std": 0.002420790084208668, "repeat": 10, "number": 1}], "params": [["False", "True"]]}, "time_setup_models_and_sims.TimeBuildSPM.time_setup_SPM": {"result": [0.30098610799998937], "stats": [{"ci_99": [0.2986333629999649, 0.3068889010000362], "q_25": 0.30010773250000966, "q_75": 0.3023531902500025, "min": 0.2986333629999649, "max": 0.3068889010000362, "mean": 0.30147260449999747, "std": 0.002206887118763928, "repeat": 10, "number": 1}]}, "time_setup_models_and_sims.TimeBuildSPMSimulation.time_setup_SPM_simulation": {"result": [0.15866166349999844, 0.37133634549999783], "stats": [{"ci_99": [0.14986748899997338, 0.16902055900004598], "q_25": 0.1505724979999883, "q_75": 0.1668330795000088, "min": 0.14986748899997338, "max": 0.16902055900004598, "mean": 0.1588516559000027, "std": 0.008304453341792828, "repeat": 10, "number": 1}, {"ci_99": [0.36899289600000884, 0.37309028599997873], "q_25": 0.3700936862500157, "q_75": 0.37236305125000513, "min": 0.36899289600000884, "max": 0.37309028599997873, "mean": 0.3711835730000018, "std": 0.0014272982218525377, "repeat": 10, "number": 1}], "params": [["False", "True"]]}, "time_setup_models_and_sims.TimeBuildSPMe.time_setup_SPMe": {"result": [0.46100984250000465], "stats": [{"ci_99": [0.45585104899998896, 0.46516731499997377], "q_25": 0.45851331600002254, "q_75": 0.4647116789999899, "min": 0.45585104899998896, "max": 0.46516731499997377, "mean": 0.46129796439999493, "std": 0.0032913421908657876, "repeat": 10, "number": 1}]}, "time_setup_models_and_sims.TimeBuildSPMeSimulation.time_setup_SPMe_simulation": {"result": [0.1707509244999983, 0.4006963860000212], "stats": [{"ci_99": [0.1608443369999577, 0.1787211860000184], "q_25": 0.16283473849999552, "q_75": 0.1781760035000275, "min": 0.1608443369999577, "max": 0.1787211860000184, "mean": 0.17029993840000088, "std": 0.007907713369627834, "repeat": 10, "number": 1}, {"ci_99": [0.38251220699999067, 0.41936377100000755], "q_25": 0.3844888074999915, "q_75": 0.4173144940000384, "min": 0.38251220699999067, "max": 0.41936377100000755, "mean": 0.40085222780001006, "std": 0.016896464162911577, "repeat": 10, "number": 1}], "params": [["False", "True"]]}, "time_solve_models.TimeSolveDFN.time_solve_model": {"result": [0.49253126749999865, 0.6530846120000149], "stats": [{"ci_99": [0.466691327000035, 0.5218224799999689], "q_25": 0.46728551074997426, "q_75": 0.5185527342499938, "min": 0.466691327000035, "max": 0.5218224799999689, "mean": 0.4931472081999971, "std": 0.025552036715425913, "repeat": 10, "number": 1}, {"ci_99": [0.6119309859999476, 0.6898226809999528], "q_25": 0.6170587277500204, "q_75": 0.6881718337500189, "min": 0.6119309859999476, "max": 0.6898226809999528, "mean": 0.6523072720000016, "std": 0.036294999977055376, "repeat": 10, "number": 1}], "params": [["True", "False"]]}, "time_solve_models.TimeSolveSPM.time_solve_model": {"result": [0.020285719499980814, 0.042088613000004216], "stats": [{"ci_99": [0.020094269000026088, 0.02043527300003234], "q_25": 0.020208244999992075, "q_75": 0.020392597499991894, "min": 0.020094269000026088, "max": 0.02043527300003234, "mean": 0.020285250599994243, "std": 0.00011440850338425373, "repeat": 10, "number": 1}, {"ci_99": [0.04181385900000123, 0.04266326800001252], "q_25": 0.04193805874997736, "q_75": 0.04220931225000868, "min": 0.04181385900000123, "max": 0.04266326800001252, "mean": 0.0421122720000028, "std": 0.00023800513576560065, "repeat": 10, "number": 1}], "params": [["True", "False"]]}, "time_solve_models.TimeSolveSPMe.time_solve_model": {"result": [0.03232003400000849, 0.07466479999999365], "stats": [{"ci_99": [0.031862224000008155, 0.03254283699999405], "q_25": 0.032087455749987726, "q_75": 0.03244513174998076, "min": 0.031862224000008155, "max": 0.03254283699999405, "mean": 0.032273071399993115, "std": 0.00022539234064109615, "repeat": 10, "number": 1}, {"ci_99": [0.07398588399996697, 0.07613811300001316], "q_25": 0.07452266850002331, "q_75": 0.07476027649998684, "min": 0.07398588399996697, "max": 0.07613811300001316, "mean": 0.07475411799999279, "std": 0.0005293512365100988, "repeat": 10, "number": 1}], "params": [["True", "False"]]}}, "params": {"machine": "GitHubRunner", "python": "3.8"}, "requirements": {}, "commit_hash": "c16b7df76c597468ecac1c40e768d94005f79145", "date": 1628283376000, "env_name": "virtualenv-py3.8", "python": "3.8", "profiles": {}, "started_at": {"time_setup_models_and_sims.TimeBuildDFN.time_setup_DFN": 1628479334519, "time_setup_models_and_sims.TimeBuildDFNSimulation.time_setup_DFN_simulation": 1628479338034, "time_setup_models_and_sims.TimeBuildSPM.time_setup_SPM": 1628479341502, "time_setup_models_and_sims.TimeBuildSPMSimulation.time_setup_SPM_simulation": 1628479343562, "time_setup_models_and_sims.TimeBuildSPMe.time_setup_SPMe": 1628479347081, "time_setup_models_and_sims.TimeBuildSPMeSimulation.time_setup_SPMe_simulation": 1628479350243, "time_solve_models.TimeSolveDFN.time_solve_model": 1628479353963, "time_solve_models.TimeSolveSPM.time_solve_model": 1628479373380, "time_solve_models.TimeSolveSPMe.time_solve_model": 1628479380059}, "ended_at": {"time_setup_models_and_sims.TimeBuildDFN.time_setup_DFN": 1628479338033, "time_setup_models_and_sims.TimeBuildDFNSimulation.time_setup_DFN_simulation": 1628479341501, "time_setup_models_and_sims.TimeBuildSPM.time_setup_SPM": 1628479343562, "time_setup_models_and_sims.TimeBuildSPMSimulation.time_setup_SPM_simulation": 1628479347080, "time_setup_models_and_sims.TimeBuildSPMe.time_setup_SPMe": 1628479350243, "time_setup_models_and_sims.TimeBuildSPMeSimulation.time_setup_SPMe_simulation": 1628479353963, "time_solve_models.TimeSolveDFN.time_solve_model": 1628479373379, "time_solve_models.TimeSolveSPM.time_solve_model": 1628479380059, "time_solve_models.TimeSolveSPMe.time_solve_model": 1628479389392}, "benchmark_version": {"time_setup_models_and_sims.TimeBuildDFN.time_setup_DFN": "5f322e51e6b7e66125ee6949bdf25746005db467e8ffcfdcb3ace170e92bbc3d", "time_setup_models_and_sims.TimeBuildDFNSimulation.time_setup_DFN_simulation": "8de44bc542fa7d4ba28a80f24414a9444b5436673aaebba674918f5f0bfd0ebb", "time_setup_models_and_sims.TimeBuildSPM.time_setup_SPM": "0d0b3f5c67fc2da9a5794c66b70af5a45a09558d1ee95f738745385adb84fbca", "time_setup_models_and_sims.TimeBuildSPMSimulation.time_setup_SPM_simulation": "161220a99418ce4487cc29325cbae897f28d0e44ae07e1dfbfaac2cbc53a4ff9", "time_setup_models_and_sims.TimeBuildSPMe.time_setup_SPMe": "6083f5ff944353395eb4b21c97b02af555fe6528de3cd5283f5e139943945235", "time_setup_models_and_sims.TimeBuildSPMeSimulation.time_setup_SPMe_simulation": "530563cb559427795e3648d9648df9250ae100b7721f69eec356bdda7798c55e", "time_solve_models.TimeSolveDFN.time_solve_model": "914137228e20e5900cec36b0d3865f1faa2f5d479c7d6c2539514791f9ec4430", "time_solve_models.TimeSolveSPM.time_solve_model": "ef1bb5f8d1ddfa59650e20438c4b252d73e5a062714848ce1d6d5269382bc598", "time_solve_models.TimeSolveSPMe.time_solve_model": "20672028872f4620ce85e909bae705d9490de441e926510b2b0e53ff0881d87b"}, "version": 1}