{"results": {"time_setup_models_and_sims.TimeBuildDFN.time_setup_DFN": {"result": [0.5078857185000061], "stats": [{"ci_99": [0.5020083209999484, 0.5148831220000147], "q_25": 0.5051092755000042, "q_75": 0.5105065714999952, "min": 0.5020083209999484, "max": 0.5148831220000147, "mean": 0.5081320219999981, "std": 0.00420455656436479, "repeat": 10, "number": 1}]}, "time_setup_models_and_sims.TimeBuildDFNSimulation.time_setup_DFN_simulation": {"result": [0.1668543755000229, 0.3785913275000041], "stats": [{"ci_99": [0.16254573399999117, 0.17068256699997164], "q_25": 0.16399703499998708, "q_75": 0.1684630584999951, "min": 0.16254573399999117, "max": 0.17068256699997164, "mean": 0.16643429330000004, "std": 0.002564532377540197, "repeat": 10, "number": 1}, {"ci_99": [0.3742831229999979, 0.38942160100000933], "q_25": 0.37820669725000755, "q_75": 0.3857413662500164, "min": 0.3742831229999979, "max": 0.38942160100000933, "mean": 0.38123808850000385, "std": 0.00499199668505339, "repeat": 10, "number": 1}], "params": [["False", "True"]]}, "time_setup_models_and_sims.TimeBuildSPM.time_setup_SPM": {"result": [0.3158444749999916], "stats": [{"ci_99": [0.3077548219999926, 0.32011348200001066], "q_25": 0.31497068225000646, "q_75": 0.31796776099998425, "min": 0.3077548219999926, "max": 0.32011348200001066, "mean": 0.31557671709999224, "std": 0.0033188861594645783, "repeat": 10, "number": 1}]}, "time_setup_models_and_sims.TimeBuildSPMSimulation.time_setup_SPM_simulation": {"result": [0.16329569950001144, 0.3562033235000115], "stats": [{"ci_99": [0.15743165300000328, 0.1761569899999813], "q_25": 0.1601345379999941, "q_75": 0.16729402575000307, "min": 0.15743165300000328, "max": 0.1761569899999813, "mean": 0.1642919466999956, "std": 0.0056061906771463785, "repeat": 10, "number": 1}, {"ci_99": [0.3493991519999895, 0.3648616529999913], "q_25": 0.35551065850000185, "q_75": 0.357035720500015, "min": 0.3493991519999895, "max": 0.3648616529999913, "mean": 0.3562997994, "std": 0.004079138033751447, "repeat": 10, "number": 1}], "params": [["False", "True"]]}, "time_setup_models_and_sims.TimeBuildSPMe.time_setup_SPMe": {"result": [0.44617597249998653], "stats": [{"ci_99": [0.4370450150000238, 0.47825036500000806], "q_25": 0.44004609874998835, "q_75": 0.4557151772500134, "min": 0.4370450150000238, "max": 0.47825036500000806, "mean": 0.44942441120000753, "std": 0.012035879860629062, "repeat": 10, "number": 1}]}, "time_setup_models_and_sims.TimeBuildSPMeSimulation.time_setup_SPMe_simulation": {"result": [0.18106004149998967, 0.41624112950000836], "stats": [{"ci_99": [0.1730600930000037, 0.19249405900001193], "q_25": 0.1786964822500039, "q_75": 0.18376809650001036, "min": 0.1730600930000037, "max": 0.19249405900001193, "mean": 0.1817532576000019, "std": 0.0053845031319982, "repeat": 10, "number": 1}, {"ci_99": [0.4016935530000296, 0.42684690999999475], "q_25": 0.40974577374998944, "q_75": 0.4196780810000291, "min": 0.4016935530000296, "max": 0.42684690999999475, "mean": 0.41472168290000583, "std": 0.0071336209959437825, "repeat": 10, "number": 1}], "params": [["False", "True"]]}, "time_solve_models.TimeSolveDFN.time_solve_model": {"result": [0.5157129214999969, 0.6755744154999945], "stats": [{"ci_99": [0.4935680020000177, 0.5384504909999919], "q_25": 0.5102006432500019, "q_75": 0.5179533857500047, "min": 0.4935680020000177, "max": 0.5384504909999919, "mean": 0.5153234869000016, "std": 0.011341644530780817, "repeat": 10, "number": 1}, {"ci_99": [0.6690385569999933, 0.7024884600000121], "q_25": 0.6734958199999852, "q_75": 0.6954037529999795, "min": 0.6690385569999933, "max": 0.7024884600000121, "mean": 0.6824753327999928, "std": 0.012573903745043786, "repeat": 10, "number": 1}], "params": [["True", "False"]]}, "time_solve_models.TimeSolveSPM.time_solve_model": {"result": [0.019906699000017625, 0.04161258800002088], "stats": [{"ci_99": [0.018318125000007512, 0.021356762000038998], "q_25": 0.01948001649996911, "q_75": 0.02049109500002544, "min": 0.018318125000007512, "max": 0.021356762000038998, "mean": 0.020003597200008015, "std": 0.0008689832937981752, "repeat": 10, "number": 1}, {"ci_99": [0.03897673400001622, 0.043771005999985846], "q_25": 0.04017302625001662, "q_75": 0.04255123599999422, "min": 0.03897673400001622, "max": 0.043771005999985846, "mean": 0.041496419300005985, "std": 0.0015853291267945168, "repeat": 10, "number": 1}], "params": [["True", "False"]]}, "time_solve_models.TimeSolveSPMe.time_solve_model": {"result": [0.03188908149996905, 0.07400717350000718], "stats": [{"ci_99": [0.030070639999962623, 0.03401864699998214], "q_25": 0.03124765649998551, "q_75": 0.0325545620000014, "min": 0.030070639999962623, "max": 0.03401864699998214, "mean": 0.03189837469998338, "std": 0.001132281822617983, "repeat": 10, "number": 1}, {"ci_99": [0.07134005199998228, 0.08135486200001196], "q_25": 0.0724150100000287, "q_75": 0.07746343300000547, "min": 0.07134005199998228, "max": 0.08135486200001196, "mean": 0.07509086840000805, "std": 0.0031206246297672494, "repeat": 10, "number": 1}], "params": [["True", "False"]]}}, "params": {"machine": "GitHubRunner", "python": "3.8"}, "requirements": {}, "commit_hash": "c16b7df76c597468ecac1c40e768d94005f79145", "date": 1628283376000, "env_name": "virtualenv-py3.8", "python": "3.8", "profiles": {}, "started_at": {"time_setup_models_and_sims.TimeBuildDFN.time_setup_DFN": 1628306540772, "time_setup_models_and_sims.TimeBuildDFNSimulation.time_setup_DFN_simulation": 1628306544186, "time_setup_models_and_sims.TimeBuildSPM.time_setup_SPM": 1628306547755, "time_setup_models_and_sims.TimeBuildSPMSimulation.time_setup_SPM_simulation": 1628306549915, "time_setup_models_and_sims.TimeBuildSPMe.time_setup_SPMe": 1628306553284, "time_setup_models_and_sims.TimeBuildSPMeSimulation.time_setup_SPMe_simulation": 1628306556251, "time_solve_models.TimeSolveDFN.time_solve_model": 1628306560171, "time_solve_models.TimeSolveSPM.time_solve_model": 1628306580138, "time_solve_models.TimeSolveSPMe.time_solve_model": 1628306586715}, "ended_at": {"time_setup_models_and_sims.TimeBuildDFN.time_setup_DFN": 1628306544186, "time_setup_models_and_sims.TimeBuildDFNSimulation.time_setup_DFN_simulation": 1628306547754, "time_setup_models_and_sims.TimeBuildSPM.time_setup_SPM": 1628306549915, "time_setup_models_and_sims.TimeBuildSPMSimulation.time_setup_SPM_simulation": 1628306553283, "time_setup_models_and_sims.TimeBuildSPMe.time_setup_SPMe": 1628306556251, "time_setup_models_and_sims.TimeBuildSPMeSimulation.time_setup_SPMe_simulation": 1628306560171, "time_solve_models.TimeSolveDFN.time_solve_model": 1628306580138, "time_solve_models.TimeSolveSPM.time_solve_model": 1628306586715, "time_solve_models.TimeSolveSPMe.time_solve_model": 1628306596050}, "benchmark_version": {"time_setup_models_and_sims.TimeBuildDFN.time_setup_DFN": "5f322e51e6b7e66125ee6949bdf25746005db467e8ffcfdcb3ace170e92bbc3d", "time_setup_models_and_sims.TimeBuildDFNSimulation.time_setup_DFN_simulation": "8de44bc542fa7d4ba28a80f24414a9444b5436673aaebba674918f5f0bfd0ebb", "time_setup_models_and_sims.TimeBuildSPM.time_setup_SPM": "0d0b3f5c67fc2da9a5794c66b70af5a45a09558d1ee95f738745385adb84fbca", "time_setup_models_and_sims.TimeBuildSPMSimulation.time_setup_SPM_simulation": "161220a99418ce4487cc29325cbae897f28d0e44ae07e1dfbfaac2cbc53a4ff9", "time_setup_models_and_sims.TimeBuildSPMe.time_setup_SPMe": "6083f5ff944353395eb4b21c97b02af555fe6528de3cd5283f5e139943945235", "time_setup_models_and_sims.TimeBuildSPMeSimulation.time_setup_SPMe_simulation": "530563cb559427795e3648d9648df9250ae100b7721f69eec356bdda7798c55e", "time_solve_models.TimeSolveDFN.time_solve_model": "914137228e20e5900cec36b0d3865f1faa2f5d479c7d6c2539514791f9ec4430", "time_solve_models.TimeSolveSPM.time_solve_model": "ef1bb5f8d1ddfa59650e20438c4b252d73e5a062714848ce1d6d5269382bc598", "time_solve_models.TimeSolveSPMe.time_solve_model": "20672028872f4620ce85e909bae705d9490de441e926510b2b0e53ff0881d87b"}, "version": 1}