{"results": {"time_setup_models_and_sims.TimeBuildDFN.time_setup_DFN": {"result": [1.1911704480007757], "stats": [{"ci_99": [1.1658065629999328, 1.2833194530012406], "q_25": 1.1828358837497035, "q_75": 1.2287842630007617, "min": 1.1658065629999328, "max": 1.2833194530012406, "mean": 1.205499575000431, "std": 0.03662867606435907, "repeat": 10, "number": 1}]}, "time_setup_models_and_sims.TimeBuildDFNSimulation.time_setup_DFN_simulation": {"result": [0.2866447775004417, 0.5819324940002844], "stats": [{"ci_99": [0.28095028399911826, 0.30374143100016227], "q_25": 0.2828176655002608, "q_75": 0.2884590637495421, "min": 0.28095028399911826, "max": 0.30374143100016227, "mean": 0.2884250673001588, "std": 0.00749579406762176, "repeat": 10, "number": 1}, {"ci_99": [0.5541250500009482, 0.631746507000571], "q_25": 0.5650556592495377, "q_75": 0.599650834750264, "min": 0.5541250500009482, "max": 0.631746507000571, "mean": 0.5863645881003322, "std": 0.02527697126725792, "repeat": 10, "number": 1}], "params": [["False", "True"]]}, "time_setup_models_and_sims.TimeBuildSPM.time_setup_SPM": {"result": [0.8360377524995783], "stats": [{"ci_99": [0.7813613899998018, 0.8872321889994055], "q_25": 0.8145872500008409, "q_75": 0.8675941905003128, "min": 0.7813613899998018, "max": 0.8872321889994055, "mean": 0.836814527199931, "std": 0.034557834070697874, "repeat": 10, "number": 1}]}, "time_setup_models_and_sims.TimeBuildSPMSimulation.time_setup_SPM_simulation": {"result": [0.3931482819998564, 0.7629085799999302], "stats": [{"ci_99": [0.37327605999962543, 0.42526039900076285], "q_25": 0.38378847574995234, "q_75": 0.41849218749985084, "min": 0.37327605999962543, "max": 0.42526039900076285, "mean": 0.3987923257998773, "std": 0.019013977617124207, "repeat": 10, "number": 1}, {"ci_99": [0.7188339770000312, 0.8067759559999104], "q_25": 0.7372023754996917, "q_75": 0.7766466934995151, "min": 0.7188339770000312, "max": 0.8067759559999104, "mean": 0.7609144251999169, "std": 0.027134903237655564, "repeat": 10, "number": 1}], "params": [["False", "True"]]}, "time_setup_models_and_sims.TimeBuildSPMe.time_setup_SPMe": {"result": [1.0444839954998315], "stats": [{"ci_99": [0.989356375999705, 1.1016693319998012], "q_25": 1.0001007052496789, "q_75": 1.0751111554995987, "min": 0.989356375999705, "max": 1.1016693319998012, "mean": 1.0418227644997387, "std": 0.03953365254138734, "repeat": 10, "number": 1}]}, "time_setup_models_and_sims.TimeBuildSPMeSimulation.time_setup_SPMe_simulation": {"result": [0.3208306049991734, 0.6130323889992724], "stats": [{"ci_99": [0.2989712159996998, 0.34176434700020764], "q_25": 0.3099551220002468, "q_75": 0.33097503874932954, "min": 0.2989712159996998, "max": 0.34176434700020764, "mean": 0.32116973310003233, "std": 0.014158659655319022, "repeat": 10, "number": 1}, {"ci_99": [0.583988820999366, 0.6788534930001333], "q_25": 0.5965130267495624, "q_75": 0.6383992024998406, "min": 0.583988820999366, "max": 0.6788534930001333, "mean": 0.6207809270996222, "std": 0.029066055179515094, "repeat": 10, "number": 1}], "params": [["False", "True"]]}, "time_solve_models.TimeSolveDFN.time_solve_model": {"result": [1.396905634000177, 1.6071696850003718], "stats": [{"ci_99": [1.2898990888119395, 1.5088804141874839], "q_25": 1.3781961357490218, "q_75": 1.4180992497508669, "min": 1.345275400999526, "max": 1.458472336998966, "mean": 1.3993897514997116, "std": 0.04046957324759672, "repeat": 4, "number": 1}, {"ci_99": [1.5657556641245534, 1.7017498280001746], "q_25": 1.5949750147506165, "q_75": 1.6298343544999625, "min": 1.587386212999263, "max": 1.7017498280001746, "mean": 1.6219624633334508, "std": 0.03897217918628671, "repeat": 6, "number": 1}], "params": [["True", "False"]]}, "time_solve_models.TimeSolveSPM.time_solve_model": {"result": [0.06545010150057351, 0.10740916800023115], "stats": [{"ci_99": [0.06246178100082034, 0.06786941700011084], "q_25": 0.06429774549951617, "q_75": 0.06654958225044538, "min": 0.06246178100082034, "max": 0.06786941700011084, "mean": 0.0653145604999736, "std": 0.001609948381456454, "repeat": 10, "number": 1}, {"ci_99": [0.10293529299997317, 0.12615537199963], "q_25": 0.10453147775024263, "q_75": 0.11265371050012618, "min": 0.10293529299997317, "max": 0.12615537199963, "mean": 0.11071379810000508, "std": 0.008095430168405153, "repeat": 10, "number": 1}], "params": [["True", "False"]]}, "time_solve_models.TimeSolveSPMe.time_solve_model": {"result": [0.10615450800014514, 0.18290249850088003], "stats": [{"ci_99": [0.10219348600003286, 0.11551207899901783], "q_25": 0.10415120124980604, "q_75": 0.10919480649999969, "min": 0.10219348600003286, "max": 0.11551207899901783, "mean": 0.10747402230008447, "std": 0.004332447390819187, "repeat": 10, "number": 1}, {"ci_99": [0.1742467250005575, 0.19830072399963683], "q_25": 0.17630422674983492, "q_75": 0.18958986900042873, "min": 0.1742467250005575, "max": 0.19830072399963683, "mean": 0.18396824610026669, "std": 0.008101607498691776, "repeat": 10, "number": 1}], "params": [["True", "False"]]}}, "params": {"machine": "GitHubRunner", "python": "3.8"}, "requirements": {}, "commit_hash": "c320ad7700211606e53ccfe3ac867d30c495b9c5", "date": 1599481257000, "env_name": "virtualenv-py3.8", "python": "3.8", "profiles": {}, "started_at": {"time_setup_models_and_sims.TimeBuildDFN.time_setup_DFN": 1613149462659, "time_setup_models_and_sims.TimeBuildDFNSimulation.time_setup_DFN_simulation": 1613149470242, "time_setup_models_and_sims.TimeBuildSPM.time_setup_SPM": 1613149475718, "time_setup_models_and_sims.TimeBuildSPMSimulation.time_setup_SPM_simulation": 1613149481038, "time_setup_models_and_sims.TimeBuildSPMe.time_setup_SPMe": 1613149488319, "time_setup_models_and_sims.TimeBuildSPMeSimulation.time_setup_SPMe_simulation": 1613149494843, "time_solve_models.TimeSolveDFN.time_solve_model": 1613149500771, "time_solve_models.TimeSolveSPM.time_solve_model": 1613149526355, "time_solve_models.TimeSolveSPMe.time_solve_model": 1613149540303}, "ended_at": {"time_setup_models_and_sims.TimeBuildDFN.time_setup_DFN": 1613149470242, "time_setup_models_and_sims.TimeBuildDFNSimulation.time_setup_DFN_simulation": 1613149475717, "time_setup_models_and_sims.TimeBuildSPM.time_setup_SPM": 1613149481037, "time_setup_models_and_sims.TimeBuildSPMSimulation.time_setup_SPM_simulation": 1613149488318, "time_setup_models_and_sims.TimeBuildSPMe.time_setup_SPMe": 1613149494842, "time_setup_models_and_sims.TimeBuildSPMeSimulation.time_setup_SPMe_simulation": 1613149500771, "time_solve_models.TimeSolveDFN.time_solve_model": 1613149526354, "time_solve_models.TimeSolveSPM.time_solve_model": 1613149540303, "time_solve_models.TimeSolveSPMe.time_solve_model": 1613149558020}, "benchmark_version": {"time_setup_models_and_sims.TimeBuildDFN.time_setup_DFN": "5f322e51e6b7e66125ee6949bdf25746005db467e8ffcfdcb3ace170e92bbc3d", "time_setup_models_and_sims.TimeBuildDFNSimulation.time_setup_DFN_simulation": "8de44bc542fa7d4ba28a80f24414a9444b5436673aaebba674918f5f0bfd0ebb", "time_setup_models_and_sims.TimeBuildSPM.time_setup_SPM": "0d0b3f5c67fc2da9a5794c66b70af5a45a09558d1ee95f738745385adb84fbca", "time_setup_models_and_sims.TimeBuildSPMSimulation.time_setup_SPM_simulation": "161220a99418ce4487cc29325cbae897f28d0e44ae07e1dfbfaac2cbc53a4ff9", "time_setup_models_and_sims.TimeBuildSPMe.time_setup_SPMe": "6083f5ff944353395eb4b21c97b02af555fe6528de3cd5283f5e139943945235", "time_setup_models_and_sims.TimeBuildSPMeSimulation.time_setup_SPMe_simulation": "530563cb559427795e3648d9648df9250ae100b7721f69eec356bdda7798c55e", "time_solve_models.TimeSolveDFN.time_solve_model": "914137228e20e5900cec36b0d3865f1faa2f5d479c7d6c2539514791f9ec4430", "time_solve_models.TimeSolveSPM.time_solve_model": "ef1bb5f8d1ddfa59650e20438c4b252d73e5a062714848ce1d6d5269382bc598", "time_solve_models.TimeSolveSPMe.time_solve_model": "20672028872f4620ce85e909bae705d9490de441e926510b2b0e53ff0881d87b"}, "version": 1}