{"results": {"time_setup_models_and_sims.TimeBuildDFN.time_setup_DFN": {"result": [0.8936871445000634], "stats": [{"ci_99": [0.8849991949996365, 0.9286235680001482], "q_25": 0.8869282060001069, "q_75": 0.9074556947500696, "min": 0.8849991949996365, "max": 0.9286235680001482, "mean": 0.9001561126000979, "std": 0.015620234993944528, "repeat": 10, "number": 1}]}, "time_setup_models_and_sims.TimeBuildDFNSimulation.time_setup_DFN_simulation": {"result": [0.1261500775001423, 0.206017690499948], "stats": [{"ci_99": [0.11871668599997065, 0.13474207499984914], "q_25": 0.12230543224995927, "q_75": 0.1307584024997368, "min": 0.11871668599997065, "max": 0.13474207499984914, "mean": 0.12664593039989996, "std": 0.005163184480163583, "repeat": 10, "number": 1}, {"ci_99": [0.19532142399975783, 0.21193571999992855], "q_25": 0.19920497525004066, "q_75": 0.2088303565001297, "min": 0.19532142399975783, "max": 0.21193571999992855, "mean": 0.20415609729998324, "std": 0.005949732827851963, "repeat": 10, "number": 1}], "params": [["False", "True"]]}, "time_setup_models_and_sims.TimeBuildSPM.time_setup_SPM": {"result": [0.6782181024998408], "stats": [{"ci_99": [0.6352499700001317, 0.6930665879999651], "q_25": 0.6495359994997898, "q_75": 0.6886301287498782, "min": 0.6352499700001317, "max": 0.6930665879999651, "mean": 0.6698999127999287, "std": 0.021433898838066633, "repeat": 10, "number": 1}]}, "time_setup_models_and_sims.TimeBuildSPMSimulation.time_setup_SPM_simulation": {"result": [0.29761621550005657, 0.357481310500134], "stats": [{"ci_99": [0.28218342399986795, 0.3156805240000722], "q_25": 0.2903863712499515, "q_75": 0.3045957344997987, "min": 0.28218342399986795, "max": 0.3156805240000722, "mean": 0.2980494285000077, "std": 0.009905154742924908, "repeat": 10, "number": 1}, {"ci_99": [0.3405570670001907, 0.3753402689999348], "q_25": 0.34564528824989793, "q_75": 0.3672168462500167, "min": 0.3405570670001907, "max": 0.3753402689999348, "mean": 0.35727913960004115, "std": 0.012194265716623619, "repeat": 10, "number": 1}], "params": [["False", "True"]]}, "time_setup_models_and_sims.TimeBuildSPMe.time_setup_SPMe": {"result": [0.7886647049999738], "stats": [{"ci_99": [0.7563303500000984, 0.8149869069998203], "q_25": 0.7809761810001419, "q_75": 0.8054564715001788, "min": 0.7563303500000984, "max": 0.8149869069998203, "mean": 0.7896697213999687, "std": 0.018379240391846997, "repeat": 10, "number": 1}]}, "time_setup_models_and_sims.TimeBuildSPMeSimulation.time_setup_SPMe_simulation": {"result": [0.15079382050021195, 0.22967037549983615], "stats": [{"ci_99": [0.14341922499988868, 0.1666488579999168], "q_25": 0.14559731224971983, "q_75": 0.1567547302498724, "min": 0.14341922499988868, "max": 0.1666488579999168, "mean": 0.15224331730000812, "std": 0.007405941236461243, "repeat": 10, "number": 1}, {"ci_99": [0.223881793000146, 0.2507344419996116], "q_25": 0.22698800675027542, "q_75": 0.23900389974983227, "min": 0.223881793000146, "max": 0.2507344419996116, "mean": 0.23396349820000067, "std": 0.009104133616085908, "repeat": 10, "number": 1}], "params": [["False", "True"]]}, "time_solve_models.TimeSolveDFN.time_solve_model": {"result": [0.9998535590000301, 1.2080842040002153], "stats": [{"ci_99": [0.9450319520001358, 1.0334879288142584], "q_25": 0.9891764272498449, "q_75": 1.0137092065000388, "min": 0.9450319520001358, "max": 1.0219737749998785, "mean": 0.9951096639999832, "std": 0.025435071429072517, "repeat": 6, "number": 1}, {"ci_99": [1.166034800000034, 1.2196974350003984], "q_25": 1.1930799985000249, "q_75": 1.2145286084999043, "min": 1.166034800000034, "max": 1.2196974350003984, "mean": 1.202102719375091, "std": 0.01673679986375929, "repeat": 8, "number": 1}], "params": [["True", "False"]]}, "time_solve_models.TimeSolveSPM.time_solve_model": {"result": [0.056661975499764594, 0.10816022300014083], "stats": [{"ci_99": [0.05406781099964064, 0.06473697199999151], "q_25": 0.055285967500026345, "q_75": 0.05814723374987807, "min": 0.05406781099964064, "max": 0.06473697199999151, "mean": 0.057249299199884265, "std": 0.002945342425505853, "repeat": 10, "number": 1}, {"ci_99": [0.09954817300013019, 0.11156514100002823], "q_25": 0.10254744100006974, "q_75": 0.10952727874973789, "min": 0.09954817300013019, "max": 0.11156514100002823, "mean": 0.10650730250004017, "std": 0.004221028910137264, "repeat": 10, "number": 1}], "params": [["True", "False"]]}, "time_solve_models.TimeSolveSPMe.time_solve_model": {"result": [0.0797683580001376, 0.15584719600019525], "stats": [{"ci_99": [0.07584893500006729, 0.08460408700011612], "q_25": 0.07774932274980983, "q_75": 0.08200997275014288, "min": 0.07584893500006729, "max": 0.08460408700011612, "mean": 0.08010260060000292, "std": 0.0028529108606767366, "repeat": 10, "number": 1}, {"ci_99": [0.14164081300032194, 0.16360553899994557], "q_25": 0.1544513617498069, "q_75": 0.15793810950003717, "min": 0.14164081300032194, "max": 0.16360553899994557, "mean": 0.154644399100016, "std": 0.005966003253962158, "repeat": 10, "number": 1}], "params": [["True", "False"]]}}, "params": {"machine": "GitHubRunner", "python": "3.8"}, "requirements": {}, "commit_hash": "c573c78b0cf70d9826b692e52ea94b2974e7e038", "date": 1609408032000, "env_name": "virtualenv-py3.8", "python": "3.8", "profiles": {}, "started_at": {"time_setup_models_and_sims.TimeBuildDFN.time_setup_DFN": 1613144823277, "time_setup_models_and_sims.TimeBuildDFNSimulation.time_setup_DFN_simulation": 1613144828949, "time_setup_models_and_sims.TimeBuildSPM.time_setup_SPM": 1613144831215, "time_setup_models_and_sims.TimeBuildSPMSimulation.time_setup_SPM_simulation": 1613144835531, "time_setup_models_and_sims.TimeBuildSPMe.time_setup_SPMe": 1613144839702, "time_setup_models_and_sims.TimeBuildSPMeSimulation.time_setup_SPMe_simulation": 1613144844677, "time_solve_models.TimeSolveDFN.time_solve_model": 1613144847292, "time_solve_models.TimeSolveSPM.time_solve_model": 1613144872224, "time_solve_models.TimeSolveSPMe.time_solve_model": 1613144884368}, "ended_at": {"time_setup_models_and_sims.TimeBuildDFN.time_setup_DFN": 1613144828948, "time_setup_models_and_sims.TimeBuildDFNSimulation.time_setup_DFN_simulation": 1613144831214, "time_setup_models_and_sims.TimeBuildSPM.time_setup_SPM": 1613144835531, "time_setup_models_and_sims.TimeBuildSPMSimulation.time_setup_SPM_simulation": 1613144839702, "time_setup_models_and_sims.TimeBuildSPMe.time_setup_SPMe": 1613144844677, "time_setup_models_and_sims.TimeBuildSPMeSimulation.time_setup_SPMe_simulation": 1613144847292, "time_solve_models.TimeSolveDFN.time_solve_model": 1613144872223, "time_solve_models.TimeSolveSPM.time_solve_model": 1613144884367, "time_solve_models.TimeSolveSPMe.time_solve_model": 1613144899018}, "benchmark_version": {"time_setup_models_and_sims.TimeBuildDFN.time_setup_DFN": "5f322e51e6b7e66125ee6949bdf25746005db467e8ffcfdcb3ace170e92bbc3d", "time_setup_models_and_sims.TimeBuildDFNSimulation.time_setup_DFN_simulation": "8de44bc542fa7d4ba28a80f24414a9444b5436673aaebba674918f5f0bfd0ebb", "time_setup_models_and_sims.TimeBuildSPM.time_setup_SPM": "0d0b3f5c67fc2da9a5794c66b70af5a45a09558d1ee95f738745385adb84fbca", "time_setup_models_and_sims.TimeBuildSPMSimulation.time_setup_SPM_simulation": "161220a99418ce4487cc29325cbae897f28d0e44ae07e1dfbfaac2cbc53a4ff9", "time_setup_models_and_sims.TimeBuildSPMe.time_setup_SPMe": "6083f5ff944353395eb4b21c97b02af555fe6528de3cd5283f5e139943945235", "time_setup_models_and_sims.TimeBuildSPMeSimulation.time_setup_SPMe_simulation": "530563cb559427795e3648d9648df9250ae100b7721f69eec356bdda7798c55e", "time_solve_models.TimeSolveDFN.time_solve_model": "914137228e20e5900cec36b0d3865f1faa2f5d479c7d6c2539514791f9ec4430", "time_solve_models.TimeSolveSPM.time_solve_model": "ef1bb5f8d1ddfa59650e20438c4b252d73e5a062714848ce1d6d5269382bc598", "time_solve_models.TimeSolveSPMe.time_solve_model": "20672028872f4620ce85e909bae705d9490de441e926510b2b0e53ff0881d87b"}, "version": 1}