{"results": {"time_setup_models_and_sims.TimeBuildDFN.time_setup_DFN": {"result": [0.9271701449997636], "stats": [{"ci_99": [0.9006663919999482, 0.9839994329995534], "q_25": 0.9102971707498, "q_75": 0.9493190732503081, "min": 0.9006663919999482, "max": 0.9839994329995534, "mean": 0.9346786781999981, "std": 0.028570831164503728, "repeat": 10, "number": 1}]}, "time_setup_models_and_sims.TimeBuildDFNSimulation.time_setup_DFN_simulation": {"result": [0.09386877799988724, 0.18481993000023067], "stats": [{"ci_99": [0.09107681699970271, 0.10032617100023344], "q_25": 0.09203778049982247, "q_75": 0.09460086700028114, "min": 0.09107681699970271, "max": 0.10032617100023344, "mean": 0.09405481979993055, "std": 0.0025857384745210576, "repeat": 10, "number": 1}, {"ci_99": [0.17757779299972754, 0.1951287499996397], "q_25": 0.17931761874979202, "q_75": 0.19380441950033855, "min": 0.17757779299972754, "max": 0.1951287499996397, "mean": 0.1861427616000583, "std": 0.007030233071789053, "repeat": 10, "number": 1}], "params": [["False", "True"]]}, "time_setup_models_and_sims.TimeBuildSPM.time_setup_SPM": {"result": [0.7012361805000182], "stats": [{"ci_99": [0.6520816530000957, 0.7208060520006256], "q_25": 0.6787388532500245, "q_75": 0.7107637092497043, "min": 0.6520816530000957, "max": 0.7208060520006256, "mean": 0.6934823401000358, "std": 0.022498812880830832, "repeat": 10, "number": 1}]}, "time_setup_models_and_sims.TimeBuildSPMSimulation.time_setup_SPM_simulation": {"result": [0.2656292750002649, 0.5053819900003873], "stats": [{"ci_99": [0.24579182700017554, 0.28013532499971916], "q_25": 0.2561871157497535, "q_75": 0.27250333224969836, "min": 0.24579182700017554, "max": 0.28013532499971916, "mean": 0.26395391189989825, "std": 0.010553370869703316, "repeat": 10, "number": 1}, {"ci_99": [0.4894684690007125, 0.5249091349996888], "q_25": 0.49994608849988253, "q_75": 0.5124927557496903, "min": 0.4894684690007125, "max": 0.5249091349996888, "mean": 0.5058986538000682, "std": 0.010321494364123874, "repeat": 10, "number": 1}], "params": [["False", "True"]]}, "time_setup_models_and_sims.TimeBuildSPMe.time_setup_SPMe": {"result": [0.808086688000003], "stats": [{"ci_99": [0.7703981600006955, 0.8455497330005528], "q_25": 0.7874723007503235, "q_75": 0.835725967749795, "min": 0.7703981600006955, "max": 0.8455497330005528, "mean": 0.8083140291001655, "std": 0.02724204185053617, "repeat": 10, "number": 1}]}, "time_setup_models_and_sims.TimeBuildSPMeSimulation.time_setup_SPMe_simulation": {"result": [0.10830429849966094, 0.2307923380003558], "stats": [{"ci_99": [0.1047541320003802, 0.12499427800048579], "q_25": 0.10714615375013636, "q_75": 0.10978249649997451, "min": 0.1047541320003802, "max": 0.12499427800048579, "mean": 0.11003099340005065, "std": 0.005458973504509534, "repeat": 10, "number": 1}, {"ci_99": [0.20906310099962866, 0.2520343429996501], "q_25": 0.2158246537501327, "q_75": 0.23862100649921558, "min": 0.20906310099962866, "max": 0.2520343429996501, "mean": 0.22914647689995035, "std": 0.014133417383048675, "repeat": 10, "number": 1}], "params": [["False", "True"]]}, "time_solve_models.TimeSolveDFN.time_solve_model": {"result": [1.0060706665003636, 1.1885127140003533], "stats": [{"ci_99": [0.9760862564744595, 1.0258413995258266], "q_25": 0.9875222025002586, "q_75": 1.0145164669995665, "min": 0.9802081010002439, "max": 1.0147624190003626, "mean": 1.000963828000143, "std": 0.014605401682763128, "repeat": 6, "number": 1}, {"ci_99": [1.173536621000494, 1.2208795449996614], "q_25": 1.1861334302500381, "q_75": 1.1957333454997752, "min": 1.173536621000494, "max": 1.2208795449996614, "mean": 1.1919416688750744, "std": 0.01283379728121858, "repeat": 8, "number": 1}], "params": [["True", "False"]]}, "time_solve_models.TimeSolveSPM.time_solve_model": {"result": [0.05878800800019235, 0.10376134550051574], "stats": [{"ci_99": [0.055416971999875386, 0.06301643599999807], "q_25": 0.05740873949980596, "q_75": 0.06006312799991065, "min": 0.055416971999875386, "max": 0.06301643599999807, "mean": 0.058789808400069886, "std": 0.002134049296026773, "repeat": 10, "number": 1}, {"ci_99": [0.09946637099983491, 0.11348846300006699], "q_25": 0.10150501850012006, "q_75": 0.10720530724961463, "min": 0.09946637099983491, "max": 0.11348846300006699, "mean": 0.10472854319996258, "std": 0.004072975977357278, "repeat": 10, "number": 1}], "params": [["True", "False"]]}, "time_solve_models.TimeSolveSPMe.time_solve_model": {"result": [0.0808516555002825, 0.14829595399987738], "stats": [{"ci_99": [0.0761111459996755, 0.08646063200012577], "q_25": 0.0791303109999717, "q_75": 0.0832906370001183, "min": 0.0761111459996755, "max": 0.08646063200012577, "mean": 0.08118431850007254, "std": 0.0033118901692545033, "repeat": 10, "number": 1}, {"ci_99": [0.1457670310001049, 0.16516544000023714], "q_25": 0.14753255924961195, "q_75": 0.15856666624972604, "min": 0.1457670310001049, "max": 0.16516544000023714, "mean": 0.1523405774998537, "std": 0.0070145650757039765, "repeat": 10, "number": 1}], "params": [["True", "False"]]}}, "params": {"machine": "GitHubRunner", "python": "3.8"}, "requirements": {}, "commit_hash": "c6c07f0ef9c49e02ee88bdde99eb2fadfb5bacfc", "date": 1606088179000, "env_name": "virtualenv-py3.8", "python": "3.8", "profiles": {}, "started_at": {"time_setup_models_and_sims.TimeBuildDFN.time_setup_DFN": 1613145791032, "time_setup_models_and_sims.TimeBuildDFNSimulation.time_setup_DFN_simulation": 1613145796854, "time_setup_models_and_sims.TimeBuildSPM.time_setup_SPM": 1613145798818, "time_setup_models_and_sims.TimeBuildSPMSimulation.time_setup_SPM_simulation": 1613145803187, "time_setup_models_and_sims.TimeBuildSPMe.time_setup_SPMe": 1613145808261, "time_setup_models_and_sims.TimeBuildSPMeSimulation.time_setup_SPMe_simulation": 1613145813431, "time_solve_models.TimeSolveDFN.time_solve_model": 1613145815747, "time_solve_models.TimeSolveSPM.time_solve_model": 1613145840731, "time_solve_models.TimeSolveSPMe.time_solve_model": 1613145852876}, "ended_at": {"time_setup_models_and_sims.TimeBuildDFN.time_setup_DFN": 1613145796854, "time_setup_models_and_sims.TimeBuildDFNSimulation.time_setup_DFN_simulation": 1613145798818, "time_setup_models_and_sims.TimeBuildSPM.time_setup_SPM": 1613145803186, "time_setup_models_and_sims.TimeBuildSPMSimulation.time_setup_SPM_simulation": 1613145808260, "time_setup_models_and_sims.TimeBuildSPMe.time_setup_SPMe": 1613145813430, "time_setup_models_and_sims.TimeBuildSPMeSimulation.time_setup_SPMe_simulation": 1613145815746, "time_solve_models.TimeSolveDFN.time_solve_model": 1613145840730, "time_solve_models.TimeSolveSPM.time_solve_model": 1613145852875, "time_solve_models.TimeSolveSPMe.time_solve_model": 1613145867384}, "benchmark_version": {"time_setup_models_and_sims.TimeBuildDFN.time_setup_DFN": "5f322e51e6b7e66125ee6949bdf25746005db467e8ffcfdcb3ace170e92bbc3d", "time_setup_models_and_sims.TimeBuildDFNSimulation.time_setup_DFN_simulation": "8de44bc542fa7d4ba28a80f24414a9444b5436673aaebba674918f5f0bfd0ebb", "time_setup_models_and_sims.TimeBuildSPM.time_setup_SPM": "0d0b3f5c67fc2da9a5794c66b70af5a45a09558d1ee95f738745385adb84fbca", "time_setup_models_and_sims.TimeBuildSPMSimulation.time_setup_SPM_simulation": "161220a99418ce4487cc29325cbae897f28d0e44ae07e1dfbfaac2cbc53a4ff9", "time_setup_models_and_sims.TimeBuildSPMe.time_setup_SPMe": "6083f5ff944353395eb4b21c97b02af555fe6528de3cd5283f5e139943945235", "time_setup_models_and_sims.TimeBuildSPMeSimulation.time_setup_SPMe_simulation": "530563cb559427795e3648d9648df9250ae100b7721f69eec356bdda7798c55e", "time_solve_models.TimeSolveDFN.time_solve_model": "914137228e20e5900cec36b0d3865f1faa2f5d479c7d6c2539514791f9ec4430", "time_solve_models.TimeSolveSPM.time_solve_model": "ef1bb5f8d1ddfa59650e20438c4b252d73e5a062714848ce1d6d5269382bc598", "time_solve_models.TimeSolveSPMe.time_solve_model": "20672028872f4620ce85e909bae705d9490de441e926510b2b0e53ff0881d87b"}, "version": 1}