{"results": {"time_setup_models_and_sims.TimeBuildDFN.time_setup_DFN": {"result": [0.5765521055000065], "stats": [{"ci_99": [0.5592724709999999, 0.5939063330000067], "q_25": 0.5651588857499981, "q_75": 0.5899391117499988, "min": 0.5592724709999999, "max": 0.5939063330000067, "mean": 0.5770875179000015, "std": 0.012880420952005445, "repeat": 10, "number": 1}]}, "time_setup_models_and_sims.TimeBuildDFNSimulation.time_setup_DFN_simulation": {"result": [0.17518162400000392, 0.40568196849999083], "stats": [{"ci_99": [0.16907559400000594, 0.18061142100000893], "q_25": 0.17283433099999357, "q_75": 0.1781743047499944, "min": 0.16907559400000594, "max": 0.18061142100000893, "mean": 0.1752198400999987, "std": 0.003967919164062928, "repeat": 10, "number": 1}, {"ci_99": [0.3952230879999945, 0.4194394929999987], "q_25": 0.3985461834999988, "q_75": 0.4132139314999961, "min": 0.3952230879999945, "max": 0.4194394929999987, "mean": 0.40623592479999504, "std": 0.00811130523914339, "repeat": 10, "number": 1}], "params": [["False", "True"]]}, "time_setup_models_and_sims.TimeBuildSPM.time_setup_SPM": {"result": [0.3937949189999941], "stats": [{"ci_99": [0.3885479779999912, 0.40337933699998985], "q_25": 0.39298141425000566, "q_75": 0.396298714499995, "min": 0.3885479779999912, "max": 0.40337933699998985, "mean": 0.39515254219999607, "std": 0.004299399263835373, "repeat": 10, "number": 1}]}, "time_setup_models_and_sims.TimeBuildSPMSimulation.time_setup_SPM_simulation": {"result": [0.21489744900000574, 0.4759991714999998], "stats": [{"ci_99": [0.20703402099999835, 0.22495868699999733], "q_25": 0.20856947925000924, "q_75": 0.21865984149999917, "min": 0.20703402099999835, "max": 0.22495868699999733, "mean": 0.214823170800004, "std": 0.006314832610417394, "repeat": 10, "number": 1}, {"ci_99": [0.4521062799999953, 0.48647454700000026], "q_25": 0.4702421357499986, "q_75": 0.4836522754999919, "min": 0.4521062799999953, "max": 0.48647454700000026, "mean": 0.4734289495999974, "std": 0.01198666344741853, "repeat": 10, "number": 1}], "params": [["False", "True"]]}, "time_setup_models_and_sims.TimeBuildSPMe.time_setup_SPMe": {"result": [0.5326719260000061], "stats": [{"ci_99": [0.5162145629999912, 0.5375494349999883], "q_25": 0.5244064752500037, "q_75": 0.5362084569999865, "min": 0.5162145629999912, "max": 0.5375494349999883, "mean": 0.5303020918999977, "std": 0.007078425041637632, "repeat": 10, "number": 1}]}, "time_setup_models_and_sims.TimeBuildSPMeSimulation.time_setup_SPMe_simulation": {"result": [0.20531571400000814, 0.46857582200000536], "stats": [{"ci_99": [0.1964252889999898, 0.21295710800001189], "q_25": 0.19957068774998987, "q_75": 0.20730864224999124, "min": 0.1964252889999898, "max": 0.21295710800001189, "mean": 0.20409169919999784, "std": 0.005252833735549167, "repeat": 10, "number": 1}, {"ci_99": [0.4350079539999996, 0.481174325000012], "q_25": 0.4582286334999992, "q_75": 0.4771301840000035, "min": 0.4350079539999996, "max": 0.481174325000012, "mean": 0.4655298971000036, "std": 0.014061931519544003, "repeat": 10, "number": 1}], "params": [["False", "True"]]}, "time_solve_models.TimeSolveDFN.time_solve_model": {"result": [0.5722598819999973, 0.7536283254999887], "stats": [{"ci_99": [0.5687541490000001, 0.5774784780000175], "q_25": 0.5696374870000085, "q_75": 0.575056102249988, "min": 0.5687541490000001, "max": 0.5774784780000175, "mean": 0.5726368034000047, "std": 0.003222574143727214, "repeat": 10, "number": 1}, {"ci_99": [0.7404293749999908, 0.7749989129999904], "q_25": 0.743344322750012, "q_75": 0.7629557377499836, "min": 0.7404293749999908, "max": 0.7749989129999904, "mean": 0.7541991188999958, "std": 0.011413820111387576, "repeat": 10, "number": 1}], "params": [["True", "False"]]}, "time_solve_models.TimeSolveSPM.time_solve_model": {"result": [0.0220313134999941, 0.04600667249999901], "stats": [{"ci_99": [0.021409935999997742, 0.022568174000014096], "q_25": 0.021952865749995, "q_75": 0.022367525749992012, "min": 0.021409935999997742, "max": 0.022568174000014096, "mean": 0.02205730559999779, "std": 0.00037715173722014983, "repeat": 10, "number": 1}, {"ci_99": [0.04503299699999275, 0.047165363000004845], "q_25": 0.045414423249987124, "q_75": 0.04689831075000228, "min": 0.04503299699999275, "max": 0.047165363000004845, "mean": 0.04614267759999961, "std": 0.0007808495411724711, "repeat": 10, "number": 1}], "params": [["True", "False"]]}, "time_solve_models.TimeSolveSPMe.time_solve_model": {"result": [0.032714842000004296, 0.08040654200000574], "stats": [{"ci_99": [0.031124817000005578, 0.03490079799999535], "q_25": 0.03227223075000296, "q_75": 0.033148732999990216, "min": 0.031124817000005578, "max": 0.03490079799999535, "mean": 0.032724331899999015, "std": 0.0009832406050687545, "repeat": 10, "number": 1}, {"ci_99": [0.07784234900000797, 0.08119238500000847], "q_25": 0.07967506774999578, "q_75": 0.08072328024998399, "min": 0.07784234900000797, "max": 0.08119238500000847, "mean": 0.0801344472000011, "std": 0.0009633226528188744, "repeat": 10, "number": 1}], "params": [["True", "False"]]}}, "params": {"machine": "GitHubRunner", "python": "3.8"}, "requirements": {}, "commit_hash": "c737eacae81da8565fb35711260c95791a56cc54", "date": 1633361655000, "env_name": "virtualenv-py3.8", "python": "3.8", "profiles": {}, "started_at": {"time_setup_models_and_sims.TimeBuildDFN.time_setup_DFN": 1633404084675, "time_setup_models_and_sims.TimeBuildDFNSimulation.time_setup_DFN_simulation": 1633404088594, "time_setup_models_and_sims.TimeBuildSPM.time_setup_SPM": 1633404092470, "time_setup_models_and_sims.TimeBuildSPMSimulation.time_setup_SPM_simulation": 1633404095186, "time_setup_models_and_sims.TimeBuildSPMe.time_setup_SPMe": 1633404099814, "time_setup_models_and_sims.TimeBuildSPMeSimulation.time_setup_SPMe_simulation": 1633404103433, "time_solve_models.TimeSolveDFN.time_solve_model": 1633404107909, "time_solve_models.TimeSolveSPM.time_solve_model": 1633404130302, "time_solve_models.TimeSolveSPMe.time_solve_model": 1633404138495}, "ended_at": {"time_setup_models_and_sims.TimeBuildDFN.time_setup_DFN": 1633404088593, "time_setup_models_and_sims.TimeBuildDFNSimulation.time_setup_DFN_simulation": 1633404092468, "time_setup_models_and_sims.TimeBuildSPM.time_setup_SPM": 1633404095186, "time_setup_models_and_sims.TimeBuildSPMSimulation.time_setup_SPM_simulation": 1633404099813, "time_setup_models_and_sims.TimeBuildSPMe.time_setup_SPMe": 1633404103433, "time_setup_models_and_sims.TimeBuildSPMeSimulation.time_setup_SPMe_simulation": 1633404107908, "time_solve_models.TimeSolveDFN.time_solve_model": 1633404130301, "time_solve_models.TimeSolveSPM.time_solve_model": 1633404138494, "time_solve_models.TimeSolveSPMe.time_solve_model": 1633404149148}, "benchmark_version": {"time_setup_models_and_sims.TimeBuildDFN.time_setup_DFN": "5f322e51e6b7e66125ee6949bdf25746005db467e8ffcfdcb3ace170e92bbc3d", "time_setup_models_and_sims.TimeBuildDFNSimulation.time_setup_DFN_simulation": "8de44bc542fa7d4ba28a80f24414a9444b5436673aaebba674918f5f0bfd0ebb", "time_setup_models_and_sims.TimeBuildSPM.time_setup_SPM": "0d0b3f5c67fc2da9a5794c66b70af5a45a09558d1ee95f738745385adb84fbca", "time_setup_models_and_sims.TimeBuildSPMSimulation.time_setup_SPM_simulation": "161220a99418ce4487cc29325cbae897f28d0e44ae07e1dfbfaac2cbc53a4ff9", "time_setup_models_and_sims.TimeBuildSPMe.time_setup_SPMe": "6083f5ff944353395eb4b21c97b02af555fe6528de3cd5283f5e139943945235", "time_setup_models_and_sims.TimeBuildSPMeSimulation.time_setup_SPMe_simulation": "530563cb559427795e3648d9648df9250ae100b7721f69eec356bdda7798c55e", "time_solve_models.TimeSolveDFN.time_solve_model": "914137228e20e5900cec36b0d3865f1faa2f5d479c7d6c2539514791f9ec4430", "time_solve_models.TimeSolveSPM.time_solve_model": "ef1bb5f8d1ddfa59650e20438c4b252d73e5a062714848ce1d6d5269382bc598", "time_solve_models.TimeSolveSPMe.time_solve_model": "20672028872f4620ce85e909bae705d9490de441e926510b2b0e53ff0881d87b"}, "version": 1}