{"results": {"time_setup_models_and_sims.TimeBuildDFN.time_setup_DFN": {"result": [1.2198750765001023], "stats": [{"ci_99": [1.148322819999521, 1.2614656180003294], "q_25": 1.209765082250442, "q_75": 1.2517599319999135, "min": 1.148322819999521, "max": 1.2614656180003294, "mean": 1.2199899271000505, "std": 0.035412874884008926, "repeat": 10, "number": 1}]}, "time_setup_models_and_sims.TimeBuildDFNSimulation.time_setup_DFN_simulation": {"result": [0.2973923774998184, 0.583204318999833], "stats": [{"ci_99": [0.2807545099994968, 0.33959503099958965], "q_25": 0.2849118367498704, "q_75": 0.312785161750071, "min": 0.2807545099994968, "max": 0.33959503099958965, "mean": 0.3007850216999032, "std": 0.018688650542865254, "repeat": 10, "number": 1}, {"ci_99": [0.5528312569995251, 0.6195929289997366], "q_25": 0.5772015312495569, "q_75": 0.6084072047497102, "min": 0.5528312569995251, "max": 0.6195929289997366, "mean": 0.5893860556997425, "std": 0.021301201063196617, "repeat": 10, "number": 1}], "params": [["False", "True"]]}, "time_setup_models_and_sims.TimeBuildSPM.time_setup_SPM": {"result": [0.826185313499991], "stats": [{"ci_99": [0.7921272690000478, 0.8820427119999295], "q_25": 0.797104172499985, "q_75": 0.8343152649999865, "min": 0.7921272690000478, "max": 0.8820427119999295, "mean": 0.8220813797999653, "std": 0.026346633731621185, "repeat": 10, "number": 1}]}, "time_setup_models_and_sims.TimeBuildSPMSimulation.time_setup_SPM_simulation": {"result": [0.4090312255002573, 0.737108921500294], "stats": [{"ci_99": [0.3716275560000213, 0.42532014300013543], "q_25": 0.382125556249548, "q_75": 0.4232594537500063, "min": 0.3716275560000213, "max": 0.42532014300013543, "mean": 0.40243916820018055, "std": 0.021231946641837467, "repeat": 10, "number": 1}, {"ci_99": [0.7042157389996646, 0.8336298659996828], "q_25": 0.7189470127502773, "q_75": 0.7684786479999275, "min": 0.7042157389996646, "max": 0.8336298659996828, "mean": 0.7498771527999452, "std": 0.040956177216930616, "repeat": 10, "number": 1}], "params": [["False", "True"]]}, "time_setup_models_and_sims.TimeBuildSPMe.time_setup_SPMe": {"result": [1.0440350659996511], "stats": [{"ci_99": [0.9854080420000173, 1.1162486880002689], "q_25": 1.0160405884996635, "q_75": 1.0636430787499194, "min": 0.9854080420000173, "max": 1.1162486880002689, "mean": 1.0426195458998335, "std": 0.039119074877571956, "repeat": 10, "number": 1}]}, "time_setup_models_and_sims.TimeBuildSPMeSimulation.time_setup_SPMe_simulation": {"result": [0.3229523105001135, 0.622644351999952], "stats": [{"ci_99": [0.3005012479998186, 0.3329062820002946], "q_25": 0.3178324979996887, "q_75": 0.32573220449967266, "min": 0.3005012479998186, "max": 0.3329062820002946, "mean": 0.3200404684000205, "std": 0.009118001048698098, "repeat": 10, "number": 1}, {"ci_99": [0.5924001379999027, 0.6465887209997163], "q_25": 0.6041804674994182, "q_75": 0.6352344692502356, "min": 0.5924001379999027, "max": 0.6465887209997163, "mean": 0.6212387917999876, "std": 0.0185990121249515, "repeat": 10, "number": 1}], "params": [["False", "True"]]}, "time_solve_models.TimeSolveDFN.time_solve_model": {"result": [1.3813184690006892, 1.636620555999798], "stats": [{"ci_99": [1.3053845971357776, 1.4479320040648624], "q_25": 1.3620391310005289, "q_75": 1.3911601520003387, "min": 1.3169247209998503, "max": 1.431849030000194, "mean": 1.3766583006003201, "std": 0.03757621089708556, "repeat": 5, "number": 1}, {"ci_99": [1.5894931784038364, 1.6893573922628544], "q_25": 1.6174803079998128, "q_75": 1.6621694385000865, "min": 1.5995657270004813, "max": 1.6819589149999956, "mean": 1.6394252853333455, "std": 0.029320708985703294, "repeat": 6, "number": 1}], "params": [["True", "False"]]}, "time_solve_models.TimeSolveSPM.time_solve_model": {"result": [0.06372095500000796, 0.10980803550000928], "stats": [{"ci_99": [0.062356944999919506, 0.07475123400035955], "q_25": 0.06276662300024327, "q_75": 0.0698125237502154, "min": 0.062356944999919506, "max": 0.07475123400035955, "mean": 0.06636460410009022, "std": 0.00432190445159888, "repeat": 10, "number": 1}, {"ci_99": [0.105711854999754, 0.130293631999848], "q_25": 0.10790037024980847, "q_75": 0.1209195895000903, "min": 0.105711854999754, "max": 0.130293631999848, "mean": 0.11464252919995488, "std": 0.00857911675085467, "repeat": 10, "number": 1}], "params": [["True", "False"]]}, "time_solve_models.TimeSolveSPMe.time_solve_model": {"result": [0.10739486749980642, 0.17971928300039508], "stats": [{"ci_99": [0.1036510409994662, 0.12078446299983625], "q_25": 0.10444927149978867, "q_75": 0.11403133949966104, "min": 0.1036510409994662, "max": 0.12078446299983625, "mean": 0.1095176424998499, "std": 0.005915496477026242, "repeat": 10, "number": 1}, {"ci_99": [0.1744705460005207, 0.19464809199962474], "q_25": 0.1767306634999386, "q_75": 0.19000950799977545, "min": 0.1744705460005207, "max": 0.19464809199962474, "mean": 0.1827213656000822, "std": 0.00749260462191175, "repeat": 10, "number": 1}], "params": [["True", "False"]]}}, "params": {"machine": "GitHubRunner", "python": "3.8"}, "requirements": {}, "commit_hash": "c885c8e33651b731b75d0db928b77140433a7b35", "date": 1600785841000, "env_name": "virtualenv-py3.8", "python": "3.8", "profiles": {}, "started_at": {"time_setup_models_and_sims.TimeBuildDFN.time_setup_DFN": 1613149054617, "time_setup_models_and_sims.TimeBuildDFNSimulation.time_setup_DFN_simulation": 1613149062344, "time_setup_models_and_sims.TimeBuildSPM.time_setup_SPM": 1613149067968, "time_setup_models_and_sims.TimeBuildSPMSimulation.time_setup_SPM_simulation": 1613149073238, "time_setup_models_and_sims.TimeBuildSPMe.time_setup_SPMe": 1613149080266, "time_setup_models_and_sims.TimeBuildSPMeSimulation.time_setup_SPMe_simulation": 1613149086790, "time_solve_models.TimeSolveDFN.time_solve_model": 1613149092665, "time_solve_models.TimeSolveSPM.time_solve_model": 1613149122761, "time_solve_models.TimeSolveSPMe.time_solve_model": 1613149136611}, "ended_at": {"time_setup_models_and_sims.TimeBuildDFN.time_setup_DFN": 1613149062343, "time_setup_models_and_sims.TimeBuildDFNSimulation.time_setup_DFN_simulation": 1613149067967, "time_setup_models_and_sims.TimeBuildSPM.time_setup_SPM": 1613149073237, "time_setup_models_and_sims.TimeBuildSPMSimulation.time_setup_SPM_simulation": 1613149080266, "time_setup_models_and_sims.TimeBuildSPMe.time_setup_SPMe": 1613149086790, "time_setup_models_and_sims.TimeBuildSPMeSimulation.time_setup_SPMe_simulation": 1613149092665, "time_solve_models.TimeSolveDFN.time_solve_model": 1613149122760, "time_solve_models.TimeSolveSPM.time_solve_model": 1613149136610, "time_solve_models.TimeSolveSPMe.time_solve_model": 1613149154620}, "benchmark_version": {"time_setup_models_and_sims.TimeBuildDFN.time_setup_DFN": "5f322e51e6b7e66125ee6949bdf25746005db467e8ffcfdcb3ace170e92bbc3d", "time_setup_models_and_sims.TimeBuildDFNSimulation.time_setup_DFN_simulation": "8de44bc542fa7d4ba28a80f24414a9444b5436673aaebba674918f5f0bfd0ebb", "time_setup_models_and_sims.TimeBuildSPM.time_setup_SPM": "0d0b3f5c67fc2da9a5794c66b70af5a45a09558d1ee95f738745385adb84fbca", "time_setup_models_and_sims.TimeBuildSPMSimulation.time_setup_SPM_simulation": "161220a99418ce4487cc29325cbae897f28d0e44ae07e1dfbfaac2cbc53a4ff9", "time_setup_models_and_sims.TimeBuildSPMe.time_setup_SPMe": "6083f5ff944353395eb4b21c97b02af555fe6528de3cd5283f5e139943945235", "time_setup_models_and_sims.TimeBuildSPMeSimulation.time_setup_SPMe_simulation": "530563cb559427795e3648d9648df9250ae100b7721f69eec356bdda7798c55e", "time_solve_models.TimeSolveDFN.time_solve_model": "914137228e20e5900cec36b0d3865f1faa2f5d479c7d6c2539514791f9ec4430", "time_solve_models.TimeSolveSPM.time_solve_model": "ef1bb5f8d1ddfa59650e20438c4b252d73e5a062714848ce1d6d5269382bc598", "time_solve_models.TimeSolveSPMe.time_solve_model": "20672028872f4620ce85e909bae705d9490de441e926510b2b0e53ff0881d87b"}, "version": 1}