{"results": {"time_setup_models_and_sims.TimeBuildDFN.time_setup_DFN": {"result": [0.5996799010000018], "stats": [{"ci_99": [0.5861860330000042, 0.623280297000008], "q_25": 0.5952737550000151, "q_75": 0.606044460750006, "min": 0.5861860330000042, "max": 0.623280297000008, "mean": 0.6019889003000074, "std": 0.01103734603060533, "repeat": 10, "number": 1}]}, "time_setup_models_and_sims.TimeBuildDFNSimulation.time_setup_DFN_simulation": {"result": [0.13479568999999714, 0.3293248169999998], "stats": [{"ci_99": [0.12992888399999458, 0.1389094440000065], "q_25": 0.13291082225000395, "q_75": 0.1380645214999987, "min": 0.12992888399999458, "max": 0.1389094440000065, "mean": 0.13510415750000107, "std": 0.0029511770737990235, "repeat": 10, "number": 1}, {"ci_99": [0.3253858439999817, 0.3358981859999943], "q_25": 0.32699489150000005, "q_75": 0.33383286799999823, "min": 0.3253858439999817, "max": 0.3358981859999943, "mean": 0.3302483671999994, "std": 0.0036965709296411927, "repeat": 10, "number": 1}], "params": [["False", "True"]]}, "time_setup_models_and_sims.TimeBuildSPM.time_setup_SPM": {"result": [0.3602454815000016], "stats": [{"ci_99": [0.35605738900000006, 0.3634045780000008], "q_25": 0.35702465249999094, "q_75": 0.36187417749999895, "min": 0.35605738900000006, "max": 0.3634045780000008, "mean": 0.35972309399999886, "std": 0.002633402625141282, "repeat": 10, "number": 1}]}, "time_setup_models_and_sims.TimeBuildSPMSimulation.time_setup_SPM_simulation": {"result": [0.16287548950000286, 0.3641241785000062], "stats": [{"ci_99": [0.1568157650000046, 0.1677227769999945], "q_25": 0.15808139299999624, "q_75": 0.16422310349999236, "min": 0.1568157650000046, "max": 0.1677227769999945, "mean": 0.16185800159999672, "std": 0.003642949380470661, "repeat": 10, "number": 1}, {"ci_99": [0.360164865999991, 0.36718315900000675], "q_25": 0.36191289625001133, "q_75": 0.3650240832499989, "min": 0.360164865999991, "max": 0.36718315900000675, "mean": 0.36365256940000135, "std": 0.002184843756281534, "repeat": 10, "number": 1}], "params": [["False", "True"]]}, "time_setup_models_and_sims.TimeBuildSPMe.time_setup_SPMe": {"result": [0.5131645769999977], "stats": [{"ci_99": [0.5059399170000063, 0.5255987930000003], "q_25": 0.5098854424999999, "q_75": 0.5181955749999929, "min": 0.5059399170000063, "max": 0.5255987930000003, "mean": 0.5140915282999998, "std": 0.0058132536500735315, "repeat": 10, "number": 1}]}, "time_setup_models_and_sims.TimeBuildSPMeSimulation.time_setup_SPMe_simulation": {"result": [0.1518375194999919, 0.37236987500000396], "stats": [{"ci_99": [0.14729025399998363, 0.15683301900000401], "q_25": 0.14796045099998878, "q_75": 0.15306527999998565, "min": 0.14729025399998363, "max": 0.15683301900000401, "mean": 0.1514242512999914, "std": 0.0034336197622052544, "repeat": 10, "number": 1}, {"ci_99": [0.36691034500000796, 0.3755438409999954], "q_25": 0.368711700249996, "q_75": 0.3745499510000059, "min": 0.36691034500000796, "max": 0.3755438409999954, "mean": 0.37159258630000236, "std": 0.003246552242771402, "repeat": 10, "number": 1}], "params": [["False", "True"]]}, "time_solve_models.TimeSolveDFN.time_solve_model": {"result": [0.6085166274999949, 0.7982810325000003], "stats": [{"ci_99": [0.6057013870000105, 0.6119912199999931], "q_25": 0.6071120232499823, "q_75": 0.6109214327500183, "min": 0.6057013870000105, "max": 0.6119912199999931, "mean": 0.6088099548000031, "std": 0.002180369467179224, "repeat": 10, "number": 1}, {"ci_99": [0.7931092290000095, 0.8095719750000114], "q_25": 0.7959902752500057, "q_75": 0.8032347260000137, "min": 0.7931092290000095, "max": 0.8095719750000114, "mean": 0.7995409961000064, "std": 0.004863298096375466, "repeat": 10, "number": 1}], "params": [["True", "False"]]}, "time_solve_models.TimeSolveSPM.time_solve_model": {"result": [0.0227099829999986, 0.048156799500006287], "stats": [{"ci_99": [0.02258096699998191, 0.023036504999993213], "q_25": 0.022678830499984315, "q_75": 0.022790856999996834, "min": 0.02258096699998191, "max": 0.023036504999993213, "mean": 0.022749222299995608, "std": 0.00013284200930100732, "repeat": 10, "number": 1}, {"ci_99": [0.04795094199999994, 0.04857747200000517], "q_25": 0.04807193975000956, "q_75": 0.048199984249983174, "min": 0.04795094199999994, "max": 0.04857747200000517, "mean": 0.048160979599998655, "std": 0.0001662635186745456, "repeat": 10, "number": 1}], "params": [["True", "False"]]}, "time_solve_models.TimeSolveSPMe.time_solve_model": {"result": [0.03358277999998904, 0.08402239599999461], "stats": [{"ci_99": [0.03327799799998843, 0.0343074920000106], "q_25": 0.03338367725000069, "q_75": 0.033831985999995595, "min": 0.03327799799998843, "max": 0.0343074920000106, "mean": 0.03364613439999857, "std": 0.0003140446877175163, "repeat": 10, "number": 1}, {"ci_99": [0.08355050099999062, 0.08490971999998465], "q_25": 0.08382447174997765, "q_75": 0.08433326275001463, "min": 0.08355050099999062, "max": 0.08490971999998465, "mean": 0.08411619609999547, "std": 0.0004366089217164911, "repeat": 10, "number": 1}], "params": [["True", "False"]]}}, "params": {"machine": "GitHubRunner", "python": "3.8"}, "requirements": {}, "commit_hash": "c8a01ba72065a81e3b1c95586361cd76d326adc4", "date": 1641395124000, "env_name": "virtualenv-py3.8", "python": "3.8", "profiles": {}, "started_at": {"time_setup_models_and_sims.TimeBuildDFN.time_setup_DFN": 1641439466050, "time_setup_models_and_sims.TimeBuildDFNSimulation.time_setup_DFN_simulation": 1641439470270, "time_setup_models_and_sims.TimeBuildSPM.time_setup_SPM": 1641439473696, "time_setup_models_and_sims.TimeBuildSPMSimulation.time_setup_SPM_simulation": 1641439476361, "time_setup_models_and_sims.TimeBuildSPMe.time_setup_SPMe": 1641439480237, "time_setup_models_and_sims.TimeBuildSPMeSimulation.time_setup_SPMe_simulation": 1641439483905, "time_solve_models.TimeSolveDFN.time_solve_model": 1641439487730, "time_solve_models.TimeSolveSPM.time_solve_model": 1641439511225, "time_solve_models.TimeSolveSPMe.time_solve_model": 1641439518913}, "ended_at": {"time_setup_models_and_sims.TimeBuildDFN.time_setup_DFN": 1641439470270, "time_setup_models_and_sims.TimeBuildDFNSimulation.time_setup_DFN_simulation": 1641439473695, "time_setup_models_and_sims.TimeBuildSPM.time_setup_SPM": 1641439476360, "time_setup_models_and_sims.TimeBuildSPMSimulation.time_setup_SPM_simulation": 1641439480236, "time_setup_models_and_sims.TimeBuildSPMe.time_setup_SPMe": 1641439483904, "time_setup_models_and_sims.TimeBuildSPMeSimulation.time_setup_SPMe_simulation": 1641439487729, "time_solve_models.TimeSolveDFN.time_solve_model": 1641439511224, "time_solve_models.TimeSolveSPM.time_solve_model": 1641439518911, "time_solve_models.TimeSolveSPMe.time_solve_model": 1641439529611}, "benchmark_version": {"time_setup_models_and_sims.TimeBuildDFN.time_setup_DFN": "5f322e51e6b7e66125ee6949bdf25746005db467e8ffcfdcb3ace170e92bbc3d", "time_setup_models_and_sims.TimeBuildDFNSimulation.time_setup_DFN_simulation": "8de44bc542fa7d4ba28a80f24414a9444b5436673aaebba674918f5f0bfd0ebb", "time_setup_models_and_sims.TimeBuildSPM.time_setup_SPM": "0d0b3f5c67fc2da9a5794c66b70af5a45a09558d1ee95f738745385adb84fbca", "time_setup_models_and_sims.TimeBuildSPMSimulation.time_setup_SPM_simulation": "161220a99418ce4487cc29325cbae897f28d0e44ae07e1dfbfaac2cbc53a4ff9", "time_setup_models_and_sims.TimeBuildSPMe.time_setup_SPMe": "6083f5ff944353395eb4b21c97b02af555fe6528de3cd5283f5e139943945235", "time_setup_models_and_sims.TimeBuildSPMeSimulation.time_setup_SPMe_simulation": "530563cb559427795e3648d9648df9250ae100b7721f69eec356bdda7798c55e", "time_solve_models.TimeSolveDFN.time_solve_model": "914137228e20e5900cec36b0d3865f1faa2f5d479c7d6c2539514791f9ec4430", "time_solve_models.TimeSolveSPM.time_solve_model": "ef1bb5f8d1ddfa59650e20438c4b252d73e5a062714848ce1d6d5269382bc598", "time_solve_models.TimeSolveSPMe.time_solve_model": "20672028872f4620ce85e909bae705d9490de441e926510b2b0e53ff0881d87b"}, "version": 1}