{"results": {"time_setup_models_and_sims.TimeBuildDFN.time_setup_DFN": {"result": [0.802448662499998], "stats": [{"ci_99": [0.7765491300000065, 0.8261544940000078], "q_25": 0.7929754094999879, "q_75": 0.8136863502500091, "min": 0.7765491300000065, "max": 0.8261544940000078, "mean": 0.8031126745999956, "std": 0.0148299091507931, "repeat": 10, "number": 1}]}, "time_setup_models_and_sims.TimeBuildDFNSimulation.time_setup_DFN_simulation": {"result": [0.17397287899999014, 0.4340240169999845], "stats": [{"ci_99": [0.16393617199997834, 0.1950087469999744], "q_25": 0.17118303599999507, "q_75": 0.1785384925000102, "min": 0.16393617199997834, "max": 0.1950087469999744, "mean": 0.17552420019999318, "std": 0.007873642649980465, "repeat": 10, "number": 1}, {"ci_99": [0.4263863850000007, 0.44879558700000644], "q_25": 0.43094686749999767, "q_75": 0.4421745564999995, "min": 0.4263863850000007, "max": 0.44879558700000644, "mean": 0.4361740054999984, "std": 0.006875093646761504, "repeat": 10, "number": 1}], "params": [["False", "True"]]}, "time_setup_models_and_sims.TimeBuildSPM.time_setup_SPM": {"result": [0.4787196464999681], "stats": [{"ci_99": [0.45511219099995515, 0.488533498000038], "q_25": 0.4693803570000128, "q_75": 0.4843900685000051, "min": 0.45511219099995515, "max": 0.488533498000038, "mean": 0.47597772869999916, "std": 0.010777804394277021, "repeat": 10, "number": 1}]}, "time_setup_models_and_sims.TimeBuildSPMSimulation.time_setup_SPM_simulation": {"result": [0.206245373999991, 0.4763280159999823], "stats": [{"ci_99": [0.19727338199999167, 0.2148908509999785], "q_25": 0.20296403375000693, "q_75": 0.21080243275001465, "min": 0.19727338199999167, "max": 0.2148908509999785, "mean": 0.2065293113999928, "std": 0.005440693820445701, "repeat": 10, "number": 1}, {"ci_99": [0.4662467960000072, 0.495344020999994], "q_25": 0.47362251049998605, "q_75": 0.4788567839999871, "min": 0.4662467960000072, "max": 0.495344020999994, "mean": 0.47708861309999123, "std": 0.0071957961369052675, "repeat": 10, "number": 1}], "params": [["False", "True"]]}, "time_setup_models_and_sims.TimeBuildSPMe.time_setup_SPMe": {"result": [0.6830020205000125], "stats": [{"ci_99": [0.6689350039999908, 0.7222431920000076], "q_25": 0.6798044200000177, "q_75": 0.6925271687500043, "min": 0.6689350039999908, "max": 0.7222431920000076, "mean": 0.6886669775000058, "std": 0.014661615427008253, "repeat": 10, "number": 1}]}, "time_setup_models_and_sims.TimeBuildSPMeSimulation.time_setup_SPMe_simulation": {"result": [0.19523906250000778, 0.4815581459999976], "stats": [{"ci_99": [0.18763952099999415, 0.20284284199999547], "q_25": 0.19103900849998467, "q_75": 0.19832727199999312, "min": 0.18763952099999415, "max": 0.20284284199999547, "mean": 0.1949565994999915, "std": 0.005068673689153608, "repeat": 10, "number": 1}, {"ci_99": [0.4665033679999908, 0.49616984799996544], "q_25": 0.4747653357499928, "q_75": 0.4833477629999976, "min": 0.4665033679999908, "max": 0.49616984799996544, "mean": 0.480791954299994, "std": 0.008913328878741257, "repeat": 10, "number": 1}], "params": [["False", "True"]]}, "time_solve_models.TimeSolveDFN.time_solve_model": {"result": [0.6511375145000216, 0.8435214554999959], "stats": [{"ci_99": [0.6207148839999945, 0.6734540319999951], "q_25": 0.636957101500002, "q_75": 0.6652980154999995, "min": 0.6207148839999945, "max": 0.6734540319999951, "mean": 0.6497720506250104, "std": 0.018112070452885737, "repeat": 8, "number": 1}, {"ci_99": [0.814934036000011, 0.8688825009999732], "q_25": 0.8297553679999936, "q_75": 0.8636143892500172, "min": 0.814934036000011, "max": 0.8688825009999732, "mean": 0.8451794864999954, "std": 0.018194953997745178, "repeat": 10, "number": 1}], "params": [["True", "False"]]}, "time_solve_models.TimeSolveSPM.time_solve_model": {"result": [0.02811988999999926, 0.05746966099999895], "stats": [{"ci_99": [0.026944280000009257, 0.03030365800003665], "q_25": 0.02767529549997505, "q_75": 0.02906777299999419, "min": 0.026944280000009257, "max": 0.03030365800003665, "mean": 0.02838853250000284, "std": 0.0010075474721591205, "repeat": 10, "number": 1}, {"ci_99": [0.052807873999995536, 0.058367966000048455], "q_25": 0.057226867749974986, "q_75": 0.05792859774999215, "min": 0.052807873999995536, "max": 0.058367966000048455, "mean": 0.0569974985999977, "std": 0.001570556302285846, "repeat": 10, "number": 1}], "params": [["True", "False"]]}, "time_solve_models.TimeSolveSPMe.time_solve_model": {"result": [0.041564318499979436, 0.09761146149998012], "stats": [{"ci_99": [0.03886230099999466, 0.04430538000002571], "q_25": 0.03965053174998445, "q_75": 0.042762902499973166, "min": 0.03886230099999466, "max": 0.04430538000002571, "mean": 0.04135599699999375, "std": 0.0018433445956357476, "repeat": 10, "number": 1}, {"ci_99": [0.09245986199999834, 0.11050649200001317], "q_25": 0.09675455674999967, "q_75": 0.09945122625002512, "min": 0.09245986199999834, "max": 0.11050649200001317, "mean": 0.09835813600000165, "std": 0.004677714457789498, "repeat": 10, "number": 1}], "params": [["True", "False"]]}}, "params": {"machine": "GitHubRunner", "python": "3.8"}, "requirements": {}, "commit_hash": "c8a01ba72065a81e3b1c95586361cd76d326adc4", "date": 1641395124000, "env_name": "virtualenv-py3.8", "python": "3.8", "profiles": {}, "started_at": {"time_setup_models_and_sims.TimeBuildDFN.time_setup_DFN": 1641612252523, "time_setup_models_and_sims.TimeBuildDFNSimulation.time_setup_DFN_simulation": 1641612257942, "time_setup_models_and_sims.TimeBuildSPM.time_setup_SPM": 1641612262166, "time_setup_models_and_sims.TimeBuildSPMSimulation.time_setup_SPM_simulation": 1641612265480, "time_setup_models_and_sims.TimeBuildSPMe.time_setup_SPMe": 1641612270153, "time_setup_models_and_sims.TimeBuildSPMeSimulation.time_setup_SPMe_simulation": 1641612274871, "time_solve_models.TimeSolveDFN.time_solve_model": 1641612279492, "time_solve_models.TimeSolveSPM.time_solve_model": 1641612304271, "time_solve_models.TimeSolveSPMe.time_solve_model": 1641612313958}, "ended_at": {"time_setup_models_and_sims.TimeBuildDFN.time_setup_DFN": 1641612257942, "time_setup_models_and_sims.TimeBuildDFNSimulation.time_setup_DFN_simulation": 1641612262164, "time_setup_models_and_sims.TimeBuildSPM.time_setup_SPM": 1641612265480, "time_setup_models_and_sims.TimeBuildSPMSimulation.time_setup_SPM_simulation": 1641612270152, "time_setup_models_and_sims.TimeBuildSPMe.time_setup_SPMe": 1641612274871, "time_setup_models_and_sims.TimeBuildSPMeSimulation.time_setup_SPMe_simulation": 1641612279492, "time_solve_models.TimeSolveDFN.time_solve_model": 1641612304270, "time_solve_models.TimeSolveSPM.time_solve_model": 1641612313957, "time_solve_models.TimeSolveSPMe.time_solve_model": 1641612327605}, "benchmark_version": {"time_setup_models_and_sims.TimeBuildDFN.time_setup_DFN": "5f322e51e6b7e66125ee6949bdf25746005db467e8ffcfdcb3ace170e92bbc3d", "time_setup_models_and_sims.TimeBuildDFNSimulation.time_setup_DFN_simulation": "8de44bc542fa7d4ba28a80f24414a9444b5436673aaebba674918f5f0bfd0ebb", "time_setup_models_and_sims.TimeBuildSPM.time_setup_SPM": "0d0b3f5c67fc2da9a5794c66b70af5a45a09558d1ee95f738745385adb84fbca", "time_setup_models_and_sims.TimeBuildSPMSimulation.time_setup_SPM_simulation": "161220a99418ce4487cc29325cbae897f28d0e44ae07e1dfbfaac2cbc53a4ff9", "time_setup_models_and_sims.TimeBuildSPMe.time_setup_SPMe": "6083f5ff944353395eb4b21c97b02af555fe6528de3cd5283f5e139943945235", "time_setup_models_and_sims.TimeBuildSPMeSimulation.time_setup_SPMe_simulation": "530563cb559427795e3648d9648df9250ae100b7721f69eec356bdda7798c55e", "time_solve_models.TimeSolveDFN.time_solve_model": "914137228e20e5900cec36b0d3865f1faa2f5d479c7d6c2539514791f9ec4430", "time_solve_models.TimeSolveSPM.time_solve_model": "ef1bb5f8d1ddfa59650e20438c4b252d73e5a062714848ce1d6d5269382bc598", "time_solve_models.TimeSolveSPMe.time_solve_model": "20672028872f4620ce85e909bae705d9490de441e926510b2b0e53ff0881d87b"}, "version": 1}