{"results": {"time_setup_models_and_sims.TimeBuildDFN.time_setup_DFN": {"result": [0.5891057884999924], "stats": [{"ci_99": [0.551504965999996, 0.6299450509999929], "q_25": 0.5836048757499945, "q_75": 0.610076386749995, "min": 0.551504965999996, "max": 0.6299450509999929, "mean": 0.5914336485999954, "std": 0.022978823541955986, "repeat": 10, "number": 1}]}, "time_setup_models_and_sims.TimeBuildDFNSimulation.time_setup_DFN_simulation": {"result": [0.13311676999998667, 0.30780582200000595], "stats": [{"ci_99": [0.12261854199999789, 0.14606291799999838], "q_25": 0.12850089924999608, "q_75": 0.1337509917500057, "min": 0.12261854199999789, "max": 0.14606291799999838, "mean": 0.13205664499999728, "std": 0.006184857769875659, "repeat": 10, "number": 1}, {"ci_99": [0.2927227440000024, 0.3282748869999921], "q_25": 0.30315045999998347, "q_75": 0.31312842350000025, "min": 0.2927227440000024, "max": 0.3282748869999921, "mean": 0.3089673699999963, "std": 0.009760348950849852, "repeat": 10, "number": 1}], "params": [["False", "True"]]}, "time_setup_models_and_sims.TimeBuildSPM.time_setup_SPM": {"result": [0.33331111999999763], "stats": [{"ci_99": [0.3234723270000046, 0.34033977699999696], "q_25": 0.3299337919999914, "q_75": 0.3370972572500044, "min": 0.3234723270000046, "max": 0.34033977699999696, "mean": 0.33322503870000164, "std": 0.004877547552888823, "repeat": 10, "number": 1}]}, "time_setup_models_and_sims.TimeBuildSPMSimulation.time_setup_SPM_simulation": {"result": [0.15206955649999543, 0.32883193550000556], "stats": [{"ci_99": [0.1445122920000017, 0.1668910980000078], "q_25": 0.1486033544999863, "q_75": 0.15715850049999602, "min": 0.1445122920000017, "max": 0.1668910980000078, "mean": 0.153785421299996, "std": 0.0072527101634001145, "repeat": 10, "number": 1}, {"ci_99": [0.32081883300000413, 0.3452769099999955], "q_25": 0.32350355675000486, "q_75": 0.33711111299999175, "min": 0.32081883300000413, "max": 0.3452769099999955, "mean": 0.3311699678999986, "std": 0.00838547924573528, "repeat": 10, "number": 1}], "params": [["False", "True"]]}, "time_setup_models_and_sims.TimeBuildSPMe.time_setup_SPMe": {"result": [0.46632014950000666], "stats": [{"ci_99": [0.4615988890000011, 0.4875413850000143], "q_25": 0.4644737202499911, "q_75": 0.4728230827500042, "min": 0.4615988890000011, "max": 0.4875413850000143, "mean": 0.469606413700005, "std": 0.007814987142110272, "repeat": 10, "number": 1}]}, "time_setup_models_and_sims.TimeBuildSPMeSimulation.time_setup_SPMe_simulation": {"result": [0.14663153099999704, 0.3497121744999987], "stats": [{"ci_99": [0.1384715880000158, 0.156492285000013], "q_25": 0.14017917950000225, "q_75": 0.1509118789999988, "min": 0.1384715880000158, "max": 0.156492285000013, "mean": 0.14623992869999825, "std": 0.006086900199381638, "repeat": 10, "number": 1}, {"ci_99": [0.3448618590000194, 0.39177583500000424], "q_25": 0.3466092642499916, "q_75": 0.3525051812500166, "min": 0.3448618590000194, "max": 0.39177583500000424, "mean": 0.35414854480000313, "std": 0.013304136448507408, "repeat": 10, "number": 1}], "params": [["False", "True"]]}, "time_solve_models.TimeSolveDFN.time_solve_model": {"result": [0.5709726405000026, 0.7499161659999913], "stats": [{"ci_99": [0.5521699729999909, 0.5892329710000013], "q_25": 0.5637467570000041, "q_75": 0.5763213189999874, "min": 0.5521699729999909, "max": 0.5892329710000013, "mean": 0.5700910493999999, "std": 0.010814878759776412, "repeat": 10, "number": 1}, {"ci_99": [0.734705727000005, 0.7851549709999972], "q_25": 0.7360488184999809, "q_75": 0.7629823720000104, "min": 0.734705727000005, "max": 0.7851549709999972, "mean": 0.7531296850999979, "std": 0.017860122192757222, "repeat": 10, "number": 1}], "params": [["True", "False"]]}, "time_solve_models.TimeSolveSPM.time_solve_model": {"result": [0.021432777499995836, 0.04440219500000353], "stats": [{"ci_99": [0.020036446999995405, 0.024997839999997495], "q_25": 0.02092805799998132, "q_75": 0.022144551999986106, "min": 0.020036446999995405, "max": 0.024997839999997495, "mean": 0.02176665289999278, "std": 0.00139569133361364, "repeat": 10, "number": 1}, {"ci_99": [0.042934129000002486, 0.050111286000003474], "q_25": 0.04376486399999635, "q_75": 0.046756318749991976, "min": 0.042934129000002486, "max": 0.050111286000003474, "mean": 0.04538611030000084, "std": 0.002268706875537484, "repeat": 10, "number": 1}], "params": [["True", "False"]]}, "time_solve_models.TimeSolveSPMe.time_solve_model": {"result": [0.03135977149999292, 0.07978364199999533], "stats": [{"ci_99": [0.02983748200000491, 0.04860852100000557], "q_25": 0.030812104249996253, "q_75": 0.032542874750006945, "min": 0.02983748200000491, "max": 0.04860852100000557, "mean": 0.033109274800000324, "std": 0.0052491004378578026, "repeat": 10, "number": 1}, {"ci_99": [0.07564446699998939, 0.08187494699998865], "q_25": 0.07767298874998829, "q_75": 0.08138892750000082, "min": 0.07564446699998939, "max": 0.08187494699998865, "mean": 0.07939858229999289, "std": 0.0020870211754235642, "repeat": 10, "number": 1}], "params": [["True", "False"]]}}, "params": {"machine": "GitHubRunner", "python": "3.8"}, "requirements": {}, "commit_hash": "c8a01ba72065a81e3b1c95586361cd76d326adc4", "date": 1641395124000, "env_name": "virtualenv-py3.8", "python": "3.8", "profiles": {}, "started_at": {"time_setup_models_and_sims.TimeBuildDFN.time_setup_DFN": 1641698597529, "time_setup_models_and_sims.TimeBuildDFNSimulation.time_setup_DFN_simulation": 1641698601550, "time_setup_models_and_sims.TimeBuildSPM.time_setup_SPM": 1641698604724, "time_setup_models_and_sims.TimeBuildSPMSimulation.time_setup_SPM_simulation": 1641698607188, "time_setup_models_and_sims.TimeBuildSPMe.time_setup_SPMe": 1641698610760, "time_setup_models_and_sims.TimeBuildSPMeSimulation.time_setup_SPMe_simulation": 1641698614079, "time_solve_models.TimeSolveDFN.time_solve_model": 1641698617652, "time_solve_models.TimeSolveSPM.time_solve_model": 1641698639644, "time_solve_models.TimeSolveSPMe.time_solve_model": 1641698647028}, "ended_at": {"time_setup_models_and_sims.TimeBuildDFN.time_setup_DFN": 1641698601550, "time_setup_models_and_sims.TimeBuildDFNSimulation.time_setup_DFN_simulation": 1641698604722, "time_setup_models_and_sims.TimeBuildSPM.time_setup_SPM": 1641698607187, "time_setup_models_and_sims.TimeBuildSPMSimulation.time_setup_SPM_simulation": 1641698610759, "time_setup_models_and_sims.TimeBuildSPMe.time_setup_SPMe": 1641698614078, "time_setup_models_and_sims.TimeBuildSPMeSimulation.time_setup_SPMe_simulation": 1641698617652, "time_solve_models.TimeSolveDFN.time_solve_model": 1641698639644, "time_solve_models.TimeSolveSPM.time_solve_model": 1641698647028, "time_solve_models.TimeSolveSPMe.time_solve_model": 1641698657023}, "benchmark_version": {"time_setup_models_and_sims.TimeBuildDFN.time_setup_DFN": "5f322e51e6b7e66125ee6949bdf25746005db467e8ffcfdcb3ace170e92bbc3d", "time_setup_models_and_sims.TimeBuildDFNSimulation.time_setup_DFN_simulation": "8de44bc542fa7d4ba28a80f24414a9444b5436673aaebba674918f5f0bfd0ebb", "time_setup_models_and_sims.TimeBuildSPM.time_setup_SPM": "0d0b3f5c67fc2da9a5794c66b70af5a45a09558d1ee95f738745385adb84fbca", "time_setup_models_and_sims.TimeBuildSPMSimulation.time_setup_SPM_simulation": "161220a99418ce4487cc29325cbae897f28d0e44ae07e1dfbfaac2cbc53a4ff9", "time_setup_models_and_sims.TimeBuildSPMe.time_setup_SPMe": "6083f5ff944353395eb4b21c97b02af555fe6528de3cd5283f5e139943945235", "time_setup_models_and_sims.TimeBuildSPMeSimulation.time_setup_SPMe_simulation": "530563cb559427795e3648d9648df9250ae100b7721f69eec356bdda7798c55e", "time_solve_models.TimeSolveDFN.time_solve_model": "914137228e20e5900cec36b0d3865f1faa2f5d479c7d6c2539514791f9ec4430", "time_solve_models.TimeSolveSPM.time_solve_model": "ef1bb5f8d1ddfa59650e20438c4b252d73e5a062714848ce1d6d5269382bc598", "time_solve_models.TimeSolveSPMe.time_solve_model": "20672028872f4620ce85e909bae705d9490de441e926510b2b0e53ff0881d87b"}, "version": 1}