{"results": {"time_setup_models_and_sims.TimeBuildDFN.time_setup_DFN": {"result": [0.5024065965000091], "stats": [{"ci_99": [0.4979890840000394, 0.5073165620000282], "q_25": 0.500102426999959, "q_75": 0.5063937275000114, "min": 0.4979890840000394, "max": 0.5073165620000282, "mean": 0.5028266620000068, "std": 0.0035290904802228367, "repeat": 10, "number": 1}]}, "time_setup_models_and_sims.TimeBuildDFNSimulation.time_setup_DFN_simulation": {"result": [0.11631680549999146, 0.28315552149999235], "stats": [{"ci_99": [0.111866243999998, 0.11951946800002133], "q_25": 0.11337064724997958, "q_75": 0.11790603649998843, "min": 0.111866243999998, "max": 0.11951946800002133, "mean": 0.11588917449999485, "std": 0.0026500477278008005, "repeat": 10, "number": 1}, {"ci_99": [0.27933056000000533, 0.2882039869999744], "q_25": 0.2815429432499599, "q_75": 0.28550275050001517, "min": 0.27933056000000533, "max": 0.2882039869999744, "mean": 0.28330927109999493, "std": 0.0027446723351646604, "repeat": 10, "number": 1}], "params": [["False", "True"]]}, "time_setup_models_and_sims.TimeBuildSPM.time_setup_SPM": {"result": [0.3097966160000283], "stats": [{"ci_99": [0.3066490109999904, 0.31204946100001507], "q_25": 0.3080419145000377, "q_75": 0.3116387542500121, "min": 0.3066490109999904, "max": 0.31204946100001507, "mean": 0.30971603060001485, "std": 0.001858764533210145, "repeat": 10, "number": 1}]}, "time_setup_models_and_sims.TimeBuildSPMSimulation.time_setup_SPM_simulation": {"result": [0.1428091519999839, 0.31710957999999323], "stats": [{"ci_99": [0.13696992799998498, 0.15027246199997535], "q_25": 0.13766949974997544, "q_75": 0.14425117600004, "min": 0.13696992799998498, "max": 0.15027246199997535, "mean": 0.14186888069999667, "std": 0.004088769498103886, "repeat": 10, "number": 1}, {"ci_99": [0.31189964999998665, 0.3211621350000087], "q_25": 0.31354272224999136, "q_75": 0.3181745572499892, "min": 0.31189964999998665, "max": 0.3211621350000087, "mean": 0.31615392799999426, "std": 0.0029300173723177613, "repeat": 10, "number": 1}], "params": [["False", "True"]]}, "time_setup_models_and_sims.TimeBuildSPMe.time_setup_SPMe": {"result": [0.4383222400000193], "stats": [{"ci_99": [0.4355793999999946, 0.4429489940000053], "q_25": 0.43689268400001424, "q_75": 0.44204768700002717, "min": 0.4355793999999946, "max": 0.4429489940000053, "mean": 0.43925571330000823, "std": 0.002725271508319894, "repeat": 10, "number": 1}]}, "time_setup_models_and_sims.TimeBuildSPMeSimulation.time_setup_SPMe_simulation": {"result": [0.1316735794999886, 0.3228584200000171], "stats": [{"ci_99": [0.12745116199999984, 0.13553840599996647], "q_25": 0.12818513700000267, "q_75": 0.1333185582499965, "min": 0.12745116199999984, "max": 0.13553840599996647, "mean": 0.13119425180000235, "std": 0.0029406450656259196, "repeat": 10, "number": 1}, {"ci_99": [0.31855665500000896, 0.3247510759999841], "q_25": 0.3201433907499762, "q_75": 0.32403035099999045, "min": 0.31855665500000896, "max": 0.3247510759999841, "mean": 0.32200588179999273, "std": 0.002273560744231425, "repeat": 10, "number": 1}], "params": [["False", "True"]]}, "time_solve_models.TimeSolveDFN.time_solve_model": {"result": [0.5060349080000037, 0.6642096575000096], "stats": [{"ci_99": [0.5020943210000155, 0.5111218099999633], "q_25": 0.5039789705000146, "q_75": 0.5083705330000043, "min": 0.5020943210000155, "max": 0.5111218099999633, "mean": 0.5062239094000006, "std": 0.002838685150743802, "repeat": 10, "number": 1}, {"ci_99": [0.6601867839999613, 0.6711738349999905], "q_25": 0.6624064017500046, "q_75": 0.6673073327500134, "min": 0.6601867839999613, "max": 0.6711738349999905, "mean": 0.6647566274000042, "std": 0.0033998777521851748, "repeat": 10, "number": 1}], "params": [["True", "False"]]}, "time_solve_models.TimeSolveSPM.time_solve_model": {"result": [0.019487134499968306, 0.04065117150000219], "stats": [{"ci_99": [0.01930474599998888, 0.019610226999986935], "q_25": 0.019388291750004782, "q_75": 0.01959762699999601, "min": 0.01930474599998888, "max": 0.019610226999986935, "mean": 0.01948344499999166, "std": 0.00011315865483241971, "repeat": 10, "number": 1}, {"ci_99": [0.04042598600000247, 0.04083485699999301], "q_25": 0.04053631099998256, "q_75": 0.04071560699999566, "min": 0.04042598600000247, "max": 0.04083485699999301, "mean": 0.04062549149999768, "std": 0.00012557876973785426, "repeat": 10, "number": 1}], "params": [["True", "False"]]}, "time_solve_models.TimeSolveSPMe.time_solve_model": {"result": [0.02858095950000461, 0.07082312350001985], "stats": [{"ci_99": [0.028166763999990962, 0.02898255299999164], "q_25": 0.028384191249998025, "q_75": 0.028716210999988334, "min": 0.028166763999990962, "max": 0.02898255299999164, "mean": 0.028564411699994706, "std": 0.0002599465162215713, "repeat": 10, "number": 1}, {"ci_99": [0.0702559049999536, 0.07142733099999532], "q_25": 0.07043773000000897, "q_75": 0.07107803000000956, "min": 0.0702559049999536, "max": 0.07142733099999532, "mean": 0.0708036887999981, "std": 0.00039515310616959983, "repeat": 10, "number": 1}], "params": [["True", "False"]]}}, "params": {"machine": "GitHubRunner", "python": "3.8"}, "requirements": {}, "commit_hash": "c8a01ba72065a81e3b1c95586361cd76d326adc4", "date": 1641395124000, "env_name": "virtualenv-py3.8", "python": "3.8", "profiles": {}, "started_at": {"time_setup_models_and_sims.TimeBuildDFN.time_setup_DFN": 1641525878072, "time_setup_models_and_sims.TimeBuildDFNSimulation.time_setup_DFN_simulation": 1641525881587, "time_setup_models_and_sims.TimeBuildSPM.time_setup_SPM": 1641525884454, "time_setup_models_and_sims.TimeBuildSPMSimulation.time_setup_SPM_simulation": 1641525886714, "time_setup_models_and_sims.TimeBuildSPMe.time_setup_SPMe": 1641525890032, "time_setup_models_and_sims.TimeBuildSPMeSimulation.time_setup_SPMe_simulation": 1641525893145, "time_solve_models.TimeSolveDFN.time_solve_model": 1641525896363, "time_solve_models.TimeSolveSPM.time_solve_model": 1641525916027, "time_solve_models.TimeSolveSPMe.time_solve_model": 1641525922504}, "ended_at": {"time_setup_models_and_sims.TimeBuildDFN.time_setup_DFN": 1641525881587, "time_setup_models_and_sims.TimeBuildDFNSimulation.time_setup_DFN_simulation": 1641525884453, "time_setup_models_and_sims.TimeBuildSPM.time_setup_SPM": 1641525886714, "time_setup_models_and_sims.TimeBuildSPMSimulation.time_setup_SPM_simulation": 1641525890031, "time_setup_models_and_sims.TimeBuildSPMe.time_setup_SPMe": 1641525893145, "time_setup_models_and_sims.TimeBuildSPMeSimulation.time_setup_SPMe_simulation": 1641525896363, "time_solve_models.TimeSolveDFN.time_solve_model": 1641525916026, "time_solve_models.TimeSolveSPM.time_solve_model": 1641525922504, "time_solve_models.TimeSolveSPMe.time_solve_model": 1641525931588}, "benchmark_version": {"time_setup_models_and_sims.TimeBuildDFN.time_setup_DFN": "5f322e51e6b7e66125ee6949bdf25746005db467e8ffcfdcb3ace170e92bbc3d", "time_setup_models_and_sims.TimeBuildDFNSimulation.time_setup_DFN_simulation": "8de44bc542fa7d4ba28a80f24414a9444b5436673aaebba674918f5f0bfd0ebb", "time_setup_models_and_sims.TimeBuildSPM.time_setup_SPM": "0d0b3f5c67fc2da9a5794c66b70af5a45a09558d1ee95f738745385adb84fbca", "time_setup_models_and_sims.TimeBuildSPMSimulation.time_setup_SPM_simulation": "161220a99418ce4487cc29325cbae897f28d0e44ae07e1dfbfaac2cbc53a4ff9", "time_setup_models_and_sims.TimeBuildSPMe.time_setup_SPMe": "6083f5ff944353395eb4b21c97b02af555fe6528de3cd5283f5e139943945235", "time_setup_models_and_sims.TimeBuildSPMeSimulation.time_setup_SPMe_simulation": "530563cb559427795e3648d9648df9250ae100b7721f69eec356bdda7798c55e", "time_solve_models.TimeSolveDFN.time_solve_model": "914137228e20e5900cec36b0d3865f1faa2f5d479c7d6c2539514791f9ec4430", "time_solve_models.TimeSolveSPM.time_solve_model": "ef1bb5f8d1ddfa59650e20438c4b252d73e5a062714848ce1d6d5269382bc598", "time_solve_models.TimeSolveSPMe.time_solve_model": "20672028872f4620ce85e909bae705d9490de441e926510b2b0e53ff0881d87b"}, "version": 1}