{"results": {"time_setup_models_and_sims.TimeBuildDFN.time_setup_DFN": {"result": [0.5029773934999895], "stats": [{"ci_99": [0.4976062580000189, 0.5073389990000123], "q_25": 0.4991680580000164, "q_75": 0.5059500444999969, "min": 0.4976062580000189, "max": 0.5073389990000123, "mean": 0.5026793525000016, "std": 0.003548754589362351, "repeat": 10, "number": 1}]}, "time_setup_models_and_sims.TimeBuildDFNSimulation.time_setup_DFN_simulation": {"result": [0.11679299249999531, 0.2831895625000129], "stats": [{"ci_99": [0.11275522699997964, 0.11939856399999371], "q_25": 0.11381384450000098, "q_75": 0.11796052575000715, "min": 0.11275522699997964, "max": 0.11939856399999371, "mean": 0.11605176839999842, "std": 0.002329391025480655, "repeat": 10, "number": 1}, {"ci_99": [0.2799646130000042, 0.2857063099999948], "q_25": 0.28244080625000123, "q_75": 0.28388746225000006, "min": 0.2799646130000042, "max": 0.2857063099999948, "mean": 0.2829693485000007, "std": 0.0017455514024545685, "repeat": 10, "number": 1}], "params": [["False", "True"]]}, "time_setup_models_and_sims.TimeBuildSPM.time_setup_SPM": {"result": [0.3093229320000006], "stats": [{"ci_99": [0.30663436200001115, 0.3132640780000031], "q_25": 0.3073188040000119, "q_75": 0.3109356587499974, "min": 0.30663436200001115, "max": 0.3132640780000031, "mean": 0.3094463625000003, "std": 0.00234535782961529, "repeat": 10, "number": 1}]}, "time_setup_models_and_sims.TimeBuildSPMSimulation.time_setup_SPM_simulation": {"result": [0.14156635649999316, 0.3154179915000128], "stats": [{"ci_99": [0.1356003639999983, 0.14465956000000801], "q_25": 0.1369005152499838, "q_75": 0.1426602989999992, "min": 0.1356003639999983, "max": 0.14465956000000801, "mean": 0.1402125611999992, "std": 0.003111904546788748, "repeat": 10, "number": 1}, {"ci_99": [0.31143231499999047, 0.31827743499999883], "q_25": 0.31275922150000923, "q_75": 0.31711125750000235, "min": 0.31143231499999047, "max": 0.31827743499999883, "mean": 0.31497966230000146, "std": 0.002395895420083525, "repeat": 10, "number": 1}], "params": [["False", "True"]]}, "time_setup_models_and_sims.TimeBuildSPMe.time_setup_SPMe": {"result": [0.44052253350000115], "stats": [{"ci_99": [0.4359953019999807, 0.4453755430000115], "q_25": 0.43671432150000555, "q_75": 0.4434457959999989, "min": 0.4359953019999807, "max": 0.4453755430000115, "mean": 0.4403563829999996, "std": 0.0035645990353527723, "repeat": 10, "number": 1}]}, "time_setup_models_and_sims.TimeBuildSPMeSimulation.time_setup_SPMe_simulation": {"result": [0.13130301400001088, 0.3227102409999958], "stats": [{"ci_99": [0.1282532500000002, 0.134017995999983], "q_25": 0.12828863400000046, "q_75": 0.13290252824999982, "min": 0.1282532500000002, "max": 0.134017995999983, "mean": 0.13093808309999702, "std": 0.002330189591675231, "repeat": 10, "number": 1}, {"ci_99": [0.3175018070000135, 0.32359244700001], "q_25": 0.31914923749999957, "q_75": 0.3234428217499996, "min": 0.3175018070000135, "max": 0.32359244700001, "mean": 0.32142597190000116, "std": 0.002289429269342376, "repeat": 10, "number": 1}], "params": [["False", "True"]]}, "time_solve_models.TimeSolveDFN.time_solve_model": {"result": [0.5096473014999816, 0.668116138500011], "stats": [{"ci_99": [0.5048222199999941, 0.5125971770000035], "q_25": 0.5086340697499807, "q_75": 0.5099947900000146, "min": 0.5048222199999941, "max": 0.5125971770000035, "mean": 0.5091514220999954, "std": 0.00202411249880373, "repeat": 10, "number": 1}, {"ci_99": [0.6654080049999891, 0.6720550850000109], "q_25": 0.6670596375000102, "q_75": 0.6705969022500042, "min": 0.6654080049999891, "max": 0.6720550850000109, "mean": 0.6686391226000012, "std": 0.0022368035826340373, "repeat": 10, "number": 1}], "params": [["True", "False"]]}, "time_solve_models.TimeSolveSPM.time_solve_model": {"result": [0.01950317600000062, 0.041117515499990986], "stats": [{"ci_99": [0.01944862599998487, 0.019554792000008092], "q_25": 0.01947551674999204, "q_75": 0.019514826249995565, "min": 0.01944862599998487, "max": 0.019554792000008092, "mean": 0.019499619100000132, "std": 3.4236698691685e-05, "repeat": 10, "number": 1}, {"ci_99": [0.04093139400001178, 0.041246516000001066], "q_25": 0.04104027774999963, "q_75": 0.04122144825001328, "min": 0.04093139400001178, "max": 0.041246516000001066, "mean": 0.04112017640000545, "std": 0.00010575168705069575, "repeat": 10, "number": 1}], "params": [["True", "False"]]}, "time_solve_models.TimeSolveSPMe.time_solve_model": {"result": [0.028783816500009607, 0.07190487849999272], "stats": [{"ci_99": [0.02859021599999778, 0.029152218000035646], "q_25": 0.028661049499980606, "q_75": 0.028993976750001593, "min": 0.02859021599999778, "max": 0.029152218000035646, "mean": 0.02882709370000498, "std": 0.00020163151766242236, "repeat": 10, "number": 1}, {"ci_99": [0.0712268119999635, 0.07288088900000389], "q_25": 0.07147409425002138, "q_75": 0.07232063525000854, "min": 0.0712268119999635, "max": 0.07288088900000389, "mean": 0.07191396960000418, "std": 0.0005320726179339039, "repeat": 10, "number": 1}], "params": [["True", "False"]]}}, "params": {"machine": "GitHubRunner", "python": "3.8"}, "requirements": {}, "commit_hash": "c8a01ba72065a81e3b1c95586361cd76d326adc4", "date": 1641395124000, "env_name": "virtualenv-py3.8", "python": "3.8", "profiles": {}, "started_at": {"time_setup_models_and_sims.TimeBuildDFN.time_setup_DFN": 1641871443393, "time_setup_models_and_sims.TimeBuildDFNSimulation.time_setup_DFN_simulation": 1641871446909, "time_setup_models_and_sims.TimeBuildSPM.time_setup_SPM": 1641871449827, "time_setup_models_and_sims.TimeBuildSPMSimulation.time_setup_SPM_simulation": 1641871452088, "time_setup_models_and_sims.TimeBuildSPMe.time_setup_SPMe": 1641871455407, "time_setup_models_and_sims.TimeBuildSPMeSimulation.time_setup_SPMe_simulation": 1641871458522, "time_solve_models.TimeSolveDFN.time_solve_model": 1641871461790, "time_solve_models.TimeSolveSPM.time_solve_model": 1641871481667, "time_solve_models.TimeSolveSPMe.time_solve_model": 1641871488246}, "ended_at": {"time_setup_models_and_sims.TimeBuildDFN.time_setup_DFN": 1641871446908, "time_setup_models_and_sims.TimeBuildDFNSimulation.time_setup_DFN_simulation": 1641871449826, "time_setup_models_and_sims.TimeBuildSPM.time_setup_SPM": 1641871452088, "time_setup_models_and_sims.TimeBuildSPMSimulation.time_setup_SPM_simulation": 1641871455407, "time_setup_models_and_sims.TimeBuildSPMe.time_setup_SPMe": 1641871458521, "time_setup_models_and_sims.TimeBuildSPMeSimulation.time_setup_SPMe_simulation": 1641871461789, "time_solve_models.TimeSolveDFN.time_solve_model": 1641871481666, "time_solve_models.TimeSolveSPM.time_solve_model": 1641871488245, "time_solve_models.TimeSolveSPMe.time_solve_model": 1641871497332}, "benchmark_version": {"time_setup_models_and_sims.TimeBuildDFN.time_setup_DFN": "5f322e51e6b7e66125ee6949bdf25746005db467e8ffcfdcb3ace170e92bbc3d", "time_setup_models_and_sims.TimeBuildDFNSimulation.time_setup_DFN_simulation": "8de44bc542fa7d4ba28a80f24414a9444b5436673aaebba674918f5f0bfd0ebb", "time_setup_models_and_sims.TimeBuildSPM.time_setup_SPM": "0d0b3f5c67fc2da9a5794c66b70af5a45a09558d1ee95f738745385adb84fbca", "time_setup_models_and_sims.TimeBuildSPMSimulation.time_setup_SPM_simulation": "161220a99418ce4487cc29325cbae897f28d0e44ae07e1dfbfaac2cbc53a4ff9", "time_setup_models_and_sims.TimeBuildSPMe.time_setup_SPMe": "6083f5ff944353395eb4b21c97b02af555fe6528de3cd5283f5e139943945235", "time_setup_models_and_sims.TimeBuildSPMeSimulation.time_setup_SPMe_simulation": "530563cb559427795e3648d9648df9250ae100b7721f69eec356bdda7798c55e", "time_solve_models.TimeSolveDFN.time_solve_model": "914137228e20e5900cec36b0d3865f1faa2f5d479c7d6c2539514791f9ec4430", "time_solve_models.TimeSolveSPM.time_solve_model": "ef1bb5f8d1ddfa59650e20438c4b252d73e5a062714848ce1d6d5269382bc598", "time_solve_models.TimeSolveSPMe.time_solve_model": "20672028872f4620ce85e909bae705d9490de441e926510b2b0e53ff0881d87b"}, "version": 1}