{"results": {"time_setup_models_and_sims.TimeBuildDFN.time_setup_DFN": {"result": [0.6059784849999943], "stats": [{"ci_99": [0.5984861470000169, 0.6168886979999968], "q_25": 0.6018652547500025, "q_75": 0.6118512837499992, "min": 0.5984861470000169, "max": 0.6168886979999968, "mean": 0.6066050411000049, "std": 0.00638373716669961, "repeat": 10, "number": 1}]}, "time_setup_models_and_sims.TimeBuildDFNSimulation.time_setup_DFN_simulation": {"result": [0.13805019099999072, 0.3366558110000142], "stats": [{"ci_99": [0.13354695900000024, 0.14207369500002187], "q_25": 0.13391613750000175, "q_75": 0.13967183375000758, "min": 0.13354695900000024, "max": 0.14207369500002187, "mean": 0.13739039550000315, "std": 0.0031637823653539164, "repeat": 10, "number": 1}, {"ci_99": [0.33208704300000136, 0.3387544939999998], "q_25": 0.33364139575000706, "q_75": 0.33690143500000147, "min": 0.33208704300000136, "max": 0.3387544939999998, "mean": 0.33554135170000166, "std": 0.0021841624070231963, "repeat": 10, "number": 1}], "params": [["False", "True"]]}, "time_setup_models_and_sims.TimeBuildSPM.time_setup_SPM": {"result": [0.366311184500006], "stats": [{"ci_99": [0.36189471200000867, 0.37055394899999783], "q_25": 0.36397099725001425, "q_75": 0.36802986900001855, "min": 0.36189471200000867, "max": 0.37055394899999783, "mean": 0.36610709230000965, "std": 0.002828726959981629, "repeat": 10, "number": 1}]}, "time_setup_models_and_sims.TimeBuildSPMSimulation.time_setup_SPM_simulation": {"result": [0.1660507935000055, 0.3713267379999934], "stats": [{"ci_99": [0.15980877199996257, 0.16952079800000774], "q_25": 0.16019595674999465, "q_75": 0.1668164362500093, "min": 0.15980877199996257, "max": 0.16952079800000774, "mean": 0.16438791360000096, "std": 0.0036249202303994953, "repeat": 10, "number": 1}, {"ci_99": [0.3642345690000184, 0.3749925689999998], "q_25": 0.3649654797499977, "q_75": 0.3721998577499832, "min": 0.3642345690000184, "max": 0.3749925689999998, "mean": 0.36946108439999537, "std": 0.003986855821359022, "repeat": 10, "number": 1}], "params": [["False", "True"]]}, "time_setup_models_and_sims.TimeBuildSPMe.time_setup_SPMe": {"result": [0.5205404825000102], "stats": [{"ci_99": [0.5131497479999894, 0.5258341969999947], "q_25": 0.5157450547500133, "q_75": 0.5238176712499936, "min": 0.5131497479999894, "max": 0.5258341969999947, "mean": 0.5199174465000027, "std": 0.004460888904913485, "repeat": 10, "number": 1}]}, "time_setup_models_and_sims.TimeBuildSPMeSimulation.time_setup_SPMe_simulation": {"result": [0.15472857150002994, 0.37716528699999685], "stats": [{"ci_99": [0.14945968300000345, 0.1635908929999914], "q_25": 0.15004391900002645, "q_75": 0.15554399850000067, "min": 0.14945968300000345, "max": 0.1635908929999914, "mean": 0.1541220060000114, "std": 0.004256748944567091, "repeat": 10, "number": 1}, {"ci_99": [0.3711854650000248, 0.3781879599999911], "q_25": 0.3720293849999692, "q_75": 0.3777073557500117, "min": 0.3711854650000248, "max": 0.3781879599999911, "mean": 0.3752632356999953, "std": 0.0028980002537035855, "repeat": 10, "number": 1}], "params": [["False", "True"]]}, "time_solve_models.TimeSolveDFN.time_solve_model": {"result": [0.609417003499999, 0.7991784875000008], "stats": [{"ci_99": [0.6039459369999918, 0.6151106659999641], "q_25": 0.6083258194999956, "q_75": 0.6103237867500084, "min": 0.6039459369999918, "max": 0.6151106659999641, "mean": 0.6093506265999935, "std": 0.0026449874771789666, "repeat": 10, "number": 1}, {"ci_99": [0.7909859309999945, 0.8035349030000134], "q_25": 0.797010183249995, "q_75": 0.8010461347500026, "min": 0.7909859309999945, "max": 0.8035349030000134, "mean": 0.7986010826000041, "std": 0.003651440077471699, "repeat": 10, "number": 1}], "params": [["True", "False"]]}, "time_solve_models.TimeSolveSPM.time_solve_model": {"result": [0.022967430999997873, 0.04777582799997049], "stats": [{"ci_99": [0.022724084000003586, 0.023069378000002416], "q_25": 0.02280190700000162, "q_75": 0.023032779249980706, "min": 0.022724084000003586, "max": 0.023069378000002416, "mean": 0.022924090799995155, "std": 0.00012168984829314126, "repeat": 10, "number": 1}, {"ci_99": [0.04758378500002891, 0.048295572000000675], "q_25": 0.04765224000001922, "q_75": 0.048071052999993924, "min": 0.04758378500002891, "max": 0.048295572000000675, "mean": 0.04785955060000049, "std": 0.0002415529957250761, "repeat": 10, "number": 1}], "params": [["True", "False"]]}, "time_solve_models.TimeSolveSPMe.time_solve_model": {"result": [0.03411133749999351, 0.08413778600001365], "stats": [{"ci_99": [0.03382498799999212, 0.03438439299998208], "q_25": 0.03394190725001067, "q_75": 0.034148359999989, "min": 0.03382498799999212, "max": 0.03438439299998208, "mean": 0.03408313700000178, "std": 0.000168360174835424, "repeat": 10, "number": 1}, {"ci_99": [0.08340218399996502, 0.08580670300000293], "q_25": 0.083861862250032, "q_75": 0.08447493575000209, "min": 0.08340218399996502, "max": 0.08580670300000293, "mean": 0.08425903710000285, "std": 0.0006383338931227664, "repeat": 10, "number": 1}], "params": [["True", "False"]]}}, "params": {"machine": "GitHubRunner", "python": "3.8"}, "requirements": {}, "commit_hash": "c8a01ba72065a81e3b1c95586361cd76d326adc4", "date": 1641395124000, "env_name": "virtualenv-py3.8", "python": "3.8", "profiles": {}, "started_at": {"time_setup_models_and_sims.TimeBuildDFN.time_setup_DFN": 1641785036606, "time_setup_models_and_sims.TimeBuildDFNSimulation.time_setup_DFN_simulation": 1641785040772, "time_setup_models_and_sims.TimeBuildSPM.time_setup_SPM": 1641785044190, "time_setup_models_and_sims.TimeBuildSPMSimulation.time_setup_SPM_simulation": 1641785046852, "time_setup_models_and_sims.TimeBuildSPMe.time_setup_SPMe": 1641785050671, "time_setup_models_and_sims.TimeBuildSPMeSimulation.time_setup_SPMe_simulation": 1641785054338, "time_solve_models.TimeSolveDFN.time_solve_model": 1641785058159, "time_solve_models.TimeSolveSPM.time_solve_model": 1641785081729, "time_solve_models.TimeSolveSPMe.time_solve_model": 1641785089408}, "ended_at": {"time_setup_models_and_sims.TimeBuildDFN.time_setup_DFN": 1641785040772, "time_setup_models_and_sims.TimeBuildDFNSimulation.time_setup_DFN_simulation": 1641785044189, "time_setup_models_and_sims.TimeBuildSPM.time_setup_SPM": 1641785046851, "time_setup_models_and_sims.TimeBuildSPMSimulation.time_setup_SPM_simulation": 1641785050670, "time_setup_models_and_sims.TimeBuildSPMe.time_setup_SPMe": 1641785054337, "time_setup_models_and_sims.TimeBuildSPMeSimulation.time_setup_SPMe_simulation": 1641785058158, "time_solve_models.TimeSolveDFN.time_solve_model": 1641785081728, "time_solve_models.TimeSolveSPM.time_solve_model": 1641785089407, "time_solve_models.TimeSolveSPMe.time_solve_model": 1641785100094}, "benchmark_version": {"time_setup_models_and_sims.TimeBuildDFN.time_setup_DFN": "5f322e51e6b7e66125ee6949bdf25746005db467e8ffcfdcb3ace170e92bbc3d", "time_setup_models_and_sims.TimeBuildDFNSimulation.time_setup_DFN_simulation": "8de44bc542fa7d4ba28a80f24414a9444b5436673aaebba674918f5f0bfd0ebb", "time_setup_models_and_sims.TimeBuildSPM.time_setup_SPM": "0d0b3f5c67fc2da9a5794c66b70af5a45a09558d1ee95f738745385adb84fbca", "time_setup_models_and_sims.TimeBuildSPMSimulation.time_setup_SPM_simulation": "161220a99418ce4487cc29325cbae897f28d0e44ae07e1dfbfaac2cbc53a4ff9", "time_setup_models_and_sims.TimeBuildSPMe.time_setup_SPMe": "6083f5ff944353395eb4b21c97b02af555fe6528de3cd5283f5e139943945235", "time_setup_models_and_sims.TimeBuildSPMeSimulation.time_setup_SPMe_simulation": "530563cb559427795e3648d9648df9250ae100b7721f69eec356bdda7798c55e", "time_solve_models.TimeSolveDFN.time_solve_model": "914137228e20e5900cec36b0d3865f1faa2f5d479c7d6c2539514791f9ec4430", "time_solve_models.TimeSolveSPM.time_solve_model": "ef1bb5f8d1ddfa59650e20438c4b252d73e5a062714848ce1d6d5269382bc598", "time_solve_models.TimeSolveSPMe.time_solve_model": "20672028872f4620ce85e909bae705d9490de441e926510b2b0e53ff0881d87b"}, "version": 1}