{"results": {"time_setup_models_and_sims.TimeBuildDFN.time_setup_DFN": {"result": [0.6982623900000249], "stats": [{"ci_99": [0.6738138899999626, 0.7065382099999624], "q_25": 0.6773420662500342, "q_75": 0.7012762079999675, "min": 0.6738138899999626, "max": 0.7065382099999624, "mean": 0.6911297474999969, "std": 0.012732070537680098, "repeat": 10, "number": 1}]}, "time_setup_models_and_sims.TimeBuildDFNSimulation.time_setup_DFN_simulation": {"result": [0.21364030699999148, 0.4961533264999787], "stats": [{"ci_99": [0.20746400100000528, 0.22931592300000148], "q_25": 0.20981175799998653, "q_75": 0.2179445810000118, "min": 0.20746400100000528, "max": 0.22931592300000148, "mean": 0.21549317259999726, "std": 0.007256362397370369, "repeat": 10, "number": 1}, {"ci_99": [0.4870737740000095, 0.523418409000044], "q_25": 0.4923395282500138, "q_75": 0.5102032287500009, "min": 0.4870737740000095, "max": 0.523418409000044, "mean": 0.5013455530000044, "std": 0.012811990901830701, "repeat": 10, "number": 1}], "params": [["False", "True"]]}, "time_setup_models_and_sims.TimeBuildSPM.time_setup_SPM": {"result": [0.4236318904999905], "stats": [{"ci_99": [0.4164481699999669, 0.4442446319999931], "q_25": 0.4201324877499957, "q_75": 0.42834360174998665, "min": 0.4164481699999669, "max": 0.4442446319999931, "mean": 0.42512714399999824, "std": 0.007586121107513669, "repeat": 10, "number": 1}]}, "time_setup_models_and_sims.TimeBuildSPMSimulation.time_setup_SPM_simulation": {"result": [0.20370232299998747, 0.46789915650001035], "stats": [{"ci_99": [0.20137623599998733, 0.21431709699999146], "q_25": 0.20261947200000918, "q_75": 0.20746242649998692, "min": 0.20137623599998733, "max": 0.21431709699999146, "mean": 0.20578483319999918, "std": 0.0045200562854875274, "repeat": 10, "number": 1}, {"ci_99": [0.44413312400001814, 0.4807217349999746], "q_25": 0.4575750605000053, "q_75": 0.47602085074997547, "min": 0.44413312400001814, "max": 0.4807217349999746, "mean": 0.4656182479999984, "std": 0.01215499177991703, "repeat": 10, "number": 1}], "params": [["False", "True"]]}, "time_setup_models_and_sims.TimeBuildSPMe.time_setup_SPMe": {"result": [0.6222171970000261], "stats": [{"ci_99": [0.5960810679999895, 0.6464565160000006], "q_25": 0.6041164987499883, "q_75": 0.6352533179999824, "min": 0.5960810679999895, "max": 0.6464565160000006, "mean": 0.6204789576000053, "std": 0.016591772118705984, "repeat": 10, "number": 1}]}, "time_setup_models_and_sims.TimeBuildSPMeSimulation.time_setup_SPMe_simulation": {"result": [0.21948337000000606, 0.538688186499968], "stats": [{"ci_99": [0.2163011109999502, 0.23237888599999224], "q_25": 0.21759705599998824, "q_75": 0.22714772475002576, "min": 0.2163011109999502, "max": 0.23237888599999224, "mean": 0.22220800479998956, "std": 0.00551959574020622, "repeat": 10, "number": 1}, {"ci_99": [0.5203419380000014, 0.5671655770000257], "q_25": 0.5284612105000122, "q_75": 0.5455778440000074, "min": 0.5203419380000014, "max": 0.5671655770000257, "mean": 0.5391856030999975, "std": 0.013798465100378006, "repeat": 10, "number": 1}], "params": [["False", "True"]]}, "time_solve_models.TimeSolveDFN.time_solve_model": {"result": [0.6036181659999897, 0.7908546245000139], "stats": [{"ci_99": [0.5940593679999893, 0.6510453640000264], "q_25": 0.6021551480000085, "q_75": 0.6079493660000139, "min": 0.5940593679999893, "max": 0.6510453640000264, "mean": 0.6120293708888893, "std": 0.018628165435703826, "repeat": 9, "number": 1}, {"ci_99": [0.7658783699999958, 0.8496868959999802], "q_25": 0.783008703500002, "q_75": 0.8204836399999778, "min": 0.7658783699999958, "max": 0.8496868959999802, "mean": 0.8000788693999994, "std": 0.025146559107701687, "repeat": 10, "number": 1}], "params": [["True", "False"]]}, "time_solve_models.TimeSolveSPM.time_solve_model": {"result": [0.02612362249999478, 0.05204810199998633], "stats": [{"ci_99": [0.025363332999972954, 0.03767663700000412], "q_25": 0.025959757499990133, "q_75": 0.027111420499991823, "min": 0.025363332999972954, "max": 0.03767663700000412, "mean": 0.02753447589999496, "std": 0.003524616799141892, "repeat": 10, "number": 1}, {"ci_99": [0.05059006600004068, 0.06686728700003641], "q_25": 0.051188409250016775, "q_75": 0.05299761274999071, "min": 0.05059006600004068, "max": 0.06686728700003641, "mean": 0.05343072390000429, "std": 0.004596928681750676, "repeat": 10, "number": 1}], "params": [["True", "False"]]}, "time_solve_models.TimeSolveSPMe.time_solve_model": {"result": [0.04073473500000091, 0.0903222645000028], "stats": [{"ci_99": [0.03973243600000842, 0.043002735000015946], "q_25": 0.0401430322500147, "q_75": 0.0415148377499861, "min": 0.03973243600000842, "max": 0.043002735000015946, "mean": 0.04100561719999973, "std": 0.0011004762655315165, "repeat": 10, "number": 1}, {"ci_99": [0.0880190510000034, 0.10733928600001263], "q_25": 0.08961284275001447, "q_75": 0.092412679749998, "min": 0.0880190510000034, "max": 0.10733928600001263, "mean": 0.09216369069999927, "std": 0.005330950504754332, "repeat": 10, "number": 1}], "params": [["True", "False"]]}}, "params": {"machine": "GitHubRunner", "python": "3.8"}, "requirements": {}, "commit_hash": "c9d4665cc69f00a478187d40b2e73cb963c67004", "date": 1631062846000, "env_name": "virtualenv-py3.8", "python": "3.8", "profiles": {}, "started_at": {"time_setup_models_and_sims.TimeBuildDFN.time_setup_DFN": 1631071273911, "time_setup_models_and_sims.TimeBuildDFNSimulation.time_setup_DFN_simulation": 1631071278425, "time_setup_models_and_sims.TimeBuildSPM.time_setup_SPM": 1631071283092, "time_setup_models_and_sims.TimeBuildSPMSimulation.time_setup_SPM_simulation": 1631071285953, "time_setup_models_and_sims.TimeBuildSPMe.time_setup_SPMe": 1631071290173, "time_setup_models_and_sims.TimeBuildSPMeSimulation.time_setup_SPMe_simulation": 1631071294289, "time_solve_models.TimeSolveDFN.time_solve_model": 1631071299107, "time_solve_models.TimeSolveSPM.time_solve_model": 1631071324019, "time_solve_models.TimeSolveSPMe.time_solve_model": 1631071332394}, "ended_at": {"time_setup_models_and_sims.TimeBuildDFN.time_setup_DFN": 1631071278425, "time_setup_models_and_sims.TimeBuildDFNSimulation.time_setup_DFN_simulation": 1631071283091, "time_setup_models_and_sims.TimeBuildSPM.time_setup_SPM": 1631071285952, "time_setup_models_and_sims.TimeBuildSPMSimulation.time_setup_SPM_simulation": 1631071290173, "time_setup_models_and_sims.TimeBuildSPMe.time_setup_SPMe": 1631071294289, "time_setup_models_and_sims.TimeBuildSPMeSimulation.time_setup_SPMe_simulation": 1631071299106, "time_solve_models.TimeSolveDFN.time_solve_model": 1631071324018, "time_solve_models.TimeSolveSPM.time_solve_model": 1631071332393, "time_solve_models.TimeSolveSPMe.time_solve_model": 1631071344677}, "benchmark_version": {"time_setup_models_and_sims.TimeBuildDFN.time_setup_DFN": "5f322e51e6b7e66125ee6949bdf25746005db467e8ffcfdcb3ace170e92bbc3d", "time_setup_models_and_sims.TimeBuildDFNSimulation.time_setup_DFN_simulation": "8de44bc542fa7d4ba28a80f24414a9444b5436673aaebba674918f5f0bfd0ebb", "time_setup_models_and_sims.TimeBuildSPM.time_setup_SPM": "0d0b3f5c67fc2da9a5794c66b70af5a45a09558d1ee95f738745385adb84fbca", "time_setup_models_and_sims.TimeBuildSPMSimulation.time_setup_SPM_simulation": "161220a99418ce4487cc29325cbae897f28d0e44ae07e1dfbfaac2cbc53a4ff9", "time_setup_models_and_sims.TimeBuildSPMe.time_setup_SPMe": "6083f5ff944353395eb4b21c97b02af555fe6528de3cd5283f5e139943945235", "time_setup_models_and_sims.TimeBuildSPMeSimulation.time_setup_SPMe_simulation": "530563cb559427795e3648d9648df9250ae100b7721f69eec356bdda7798c55e", "time_solve_models.TimeSolveDFN.time_solve_model": "914137228e20e5900cec36b0d3865f1faa2f5d479c7d6c2539514791f9ec4430", "time_solve_models.TimeSolveSPM.time_solve_model": "ef1bb5f8d1ddfa59650e20438c4b252d73e5a062714848ce1d6d5269382bc598", "time_solve_models.TimeSolveSPMe.time_solve_model": "20672028872f4620ce85e909bae705d9490de441e926510b2b0e53ff0881d87b"}, "version": 1}