{"results": {"time_setup_models_and_sims.TimeBuildDFN.time_setup_DFN": {"result": [0.5293959939999979], "stats": [{"ci_99": [0.5278401359999805, 0.5316082410000149], "q_25": 0.5286996672500166, "q_75": 0.5299339439999926, "min": 0.5278401359999805, "max": 0.5316082410000149, "mean": 0.5294663723000042, "std": 0.0010668563739468213, "repeat": 10, "number": 1}]}, "time_setup_models_and_sims.TimeBuildDFNSimulation.time_setup_DFN_simulation": {"result": [0.16923671999998646, 0.3940018739999971], "stats": [{"ci_99": [0.1682060629999853, 0.1700527090000037], "q_25": 0.1690322767499879, "q_75": 0.16968013125000425, "min": 0.1682060629999853, "max": 0.1700527090000037, "mean": 0.16931574719999104, "std": 0.0005244144834071876, "repeat": 10, "number": 1}, {"ci_99": [0.39283760199998596, 0.3958565149999913], "q_25": 0.39349351200000626, "q_75": 0.39437100700003214, "min": 0.39283760199998596, "max": 0.3958565149999913, "mean": 0.3940216175000046, "std": 0.0008745240934331886, "repeat": 10, "number": 1}], "params": [["False", "True"]]}, "time_setup_models_and_sims.TimeBuildSPM.time_setup_SPM": {"result": [0.32912087350001684], "stats": [{"ci_99": [0.32595758500002603, 0.329559445999962], "q_25": 0.32816954775000085, "q_75": 0.3293982449999646, "min": 0.32595758500002603, "max": 0.329559445999962, "mean": 0.3286324905999948, "std": 0.0010676830961883228, "repeat": 10, "number": 1}]}, "time_setup_models_and_sims.TimeBuildSPMSimulation.time_setup_SPM_simulation": {"result": [0.1638691324999968, 0.3649481659999765], "stats": [{"ci_99": [0.16300951200003055, 0.16497665400001438], "q_25": 0.16360044875003155, "q_75": 0.1644635259999916, "min": 0.16300951200003055, "max": 0.16497665400001438, "mean": 0.16400846340000327, "std": 0.0006272443518978298, "repeat": 10, "number": 1}, {"ci_99": [0.3642501619999621, 0.36798792800001934], "q_25": 0.36461812274999517, "q_75": 0.3654149380000007, "min": 0.3642501619999621, "max": 0.36798792800001934, "mean": 0.36533362069999953, "std": 0.0010770171982053115, "repeat": 10, "number": 1}], "params": [["False", "True"]]}, "time_setup_models_and_sims.TimeBuildSPMe.time_setup_SPMe": {"result": [0.4600500055000083], "stats": [{"ci_99": [0.45644374000002585, 0.4616337190000195], "q_25": 0.45960505149999875, "q_75": 0.46088295049999317, "min": 0.45644374000002585, "max": 0.4616337190000195, "mean": 0.45990555400000516, "std": 0.0014835188627130343, "repeat": 10, "number": 1}]}, "time_setup_models_and_sims.TimeBuildSPMeSimulation.time_setup_SPMe_simulation": {"result": [0.17550516850002396, 0.4146158990000117], "stats": [{"ci_99": [0.17476121299995384, 0.17695868800001335], "q_25": 0.17523311650002427, "q_75": 0.17590705550000507, "min": 0.17476121299995384, "max": 0.17695868800001335, "mean": 0.1756965095000055, "std": 0.0006758289460709332, "repeat": 10, "number": 1}, {"ci_99": [0.41412337600002047, 0.4217405699999972], "q_25": 0.4144744137499785, "q_75": 0.4149876170000084, "min": 0.41412337600002047, "max": 0.4217405699999972, "mean": 0.41534696450000014, "std": 0.002162092712299194, "repeat": 10, "number": 1}], "params": [["False", "True"]]}, "time_solve_models.TimeSolveDFN.time_solve_model": {"result": [0.5193385490000111, 0.6788058380000024], "stats": [{"ci_99": [0.5156351560000303, 0.5258248949999995], "q_25": 0.5169018744999931, "q_75": 0.5207522127499971, "min": 0.5156351560000303, "max": 0.5258248949999995, "mean": 0.5196031951000066, "std": 0.003223576147585135, "repeat": 10, "number": 1}, {"ci_99": [0.6734993919999965, 0.6838731839999923], "q_25": 0.6784945907499775, "q_75": 0.6812635262500066, "min": 0.6734993919999965, "max": 0.6838731839999923, "mean": 0.6794437918, "std": 0.002803436625528029, "repeat": 10, "number": 1}], "params": [["True", "False"]]}, "time_solve_models.TimeSolveSPM.time_solve_model": {"result": [0.021076202499983765, 0.04262190099998975], "stats": [{"ci_99": [0.020940648000021156, 0.021177848999968774], "q_25": 0.021031853500005582, "q_75": 0.021151305750024108, "min": 0.020940648000021156, "max": 0.021177848999968774, "mean": 0.021080722100009552, "std": 7.370826653685395e-05, "repeat": 10, "number": 1}, {"ci_99": [0.04254391299997451, 0.043013517000019874], "q_25": 0.0425580182500056, "q_75": 0.04269208924999646, "min": 0.04254391299997451, "max": 0.043013517000019874, "mean": 0.0426570432999938, "std": 0.0001349002461255869, "repeat": 10, "number": 1}], "params": [["True", "False"]]}, "time_solve_models.TimeSolveSPMe.time_solve_model": {"result": [0.03292769349999958, 0.074950006999984], "stats": [{"ci_99": [0.032533230000012736, 0.03329555499999515], "q_25": 0.032882674500001485, "q_75": 0.03303097399998478, "min": 0.032533230000012736, "max": 0.03329555499999515, "mean": 0.03294256359999963, "std": 0.00019002343758262331, "repeat": 10, "number": 1}, {"ci_99": [0.07448625399996445, 0.07542813399999204], "q_25": 0.07486925175001602, "q_75": 0.07506982024999331, "min": 0.07448625399996445, "max": 0.07542813399999204, "mean": 0.07495265169999357, "std": 0.0002362498661723364, "repeat": 10, "number": 1}], "params": [["True", "False"]]}}, "params": {"machine": "GitHubRunner", "python": "3.8"}, "requirements": {}, "commit_hash": "cc0e94b218030e205c80a4e350f1984be97af497", "date": 1629986549000, "env_name": "virtualenv-py3.8", "python": "3.8", "profiles": {}, "started_at": {"time_setup_models_and_sims.TimeBuildDFN.time_setup_DFN": 1630034448227, "time_setup_models_and_sims.TimeBuildDFNSimulation.time_setup_DFN_simulation": 1630034451793, "time_setup_models_and_sims.TimeBuildSPM.time_setup_SPM": 1630034455520, "time_setup_models_and_sims.TimeBuildSPMSimulation.time_setup_SPM_simulation": 1630034457781, "time_setup_models_and_sims.TimeBuildSPMe.time_setup_SPMe": 1630034461301, "time_setup_models_and_sims.TimeBuildSPMeSimulation.time_setup_SPMe_simulation": 1630034464415, "time_solve_models.TimeSolveDFN.time_solve_model": 1630034468286, "time_solve_models.TimeSolveSPM.time_solve_model": 1630034488660, "time_solve_models.TimeSolveSPMe.time_solve_model": 1630034495339}, "ended_at": {"time_setup_models_and_sims.TimeBuildDFN.time_setup_DFN": 1630034451793, "time_setup_models_and_sims.TimeBuildDFNSimulation.time_setup_DFN_simulation": 1630034455519, "time_setup_models_and_sims.TimeBuildSPM.time_setup_SPM": 1630034457781, "time_setup_models_and_sims.TimeBuildSPMSimulation.time_setup_SPM_simulation": 1630034461300, "time_setup_models_and_sims.TimeBuildSPMe.time_setup_SPMe": 1630034464415, "time_setup_models_and_sims.TimeBuildSPMeSimulation.time_setup_SPMe_simulation": 1630034468285, "time_solve_models.TimeSolveDFN.time_solve_model": 1630034488659, "time_solve_models.TimeSolveSPM.time_solve_model": 1630034495339, "time_solve_models.TimeSolveSPMe.time_solve_model": 1630034504626}, "benchmark_version": {"time_setup_models_and_sims.TimeBuildDFN.time_setup_DFN": "5f322e51e6b7e66125ee6949bdf25746005db467e8ffcfdcb3ace170e92bbc3d", "time_setup_models_and_sims.TimeBuildDFNSimulation.time_setup_DFN_simulation": "8de44bc542fa7d4ba28a80f24414a9444b5436673aaebba674918f5f0bfd0ebb", "time_setup_models_and_sims.TimeBuildSPM.time_setup_SPM": "0d0b3f5c67fc2da9a5794c66b70af5a45a09558d1ee95f738745385adb84fbca", "time_setup_models_and_sims.TimeBuildSPMSimulation.time_setup_SPM_simulation": "161220a99418ce4487cc29325cbae897f28d0e44ae07e1dfbfaac2cbc53a4ff9", "time_setup_models_and_sims.TimeBuildSPMe.time_setup_SPMe": "6083f5ff944353395eb4b21c97b02af555fe6528de3cd5283f5e139943945235", "time_setup_models_and_sims.TimeBuildSPMeSimulation.time_setup_SPMe_simulation": "530563cb559427795e3648d9648df9250ae100b7721f69eec356bdda7798c55e", "time_solve_models.TimeSolveDFN.time_solve_model": "914137228e20e5900cec36b0d3865f1faa2f5d479c7d6c2539514791f9ec4430", "time_solve_models.TimeSolveSPM.time_solve_model": "ef1bb5f8d1ddfa59650e20438c4b252d73e5a062714848ce1d6d5269382bc598", "time_solve_models.TimeSolveSPMe.time_solve_model": "20672028872f4620ce85e909bae705d9490de441e926510b2b0e53ff0881d87b"}, "version": 1}