{"results": {"time_setup_models_and_sims.TimeBuildDFN.time_setup_DFN": {"result": [0.5268080775000072], "stats": [{"ci_99": [0.5242206300000021, 0.527907593000009], "q_25": 0.5264635680000183, "q_75": 0.5270757557499977, "min": 0.5242206300000021, "max": 0.527907593000009, "mean": 0.5265594569000058, "std": 0.0010163347422423577, "repeat": 10, "number": 1}]}, "time_setup_models_and_sims.TimeBuildDFNSimulation.time_setup_DFN_simulation": {"result": [0.16970908499999382, 0.395796344499999], "stats": [{"ci_99": [0.1688268689999859, 0.1706026009999846], "q_25": 0.1690846737500067, "q_75": 0.16987088775000103, "min": 0.1688268689999859, "max": 0.1706026009999846, "mean": 0.169608242999999, "std": 0.0005563248473666945, "repeat": 10, "number": 1}, {"ci_99": [0.394186531999992, 0.39848710700002243], "q_25": 0.394570772999991, "q_75": 0.39702750700001843, "min": 0.394186531999992, "max": 0.39848710700002243, "mean": 0.3959141395000074, "std": 0.0014009274022920427, "repeat": 10, "number": 1}], "params": [["False", "True"]]}, "time_setup_models_and_sims.TimeBuildSPM.time_setup_SPM": {"result": [0.3260388830000096], "stats": [{"ci_99": [0.32417189999998186, 0.3274122520000162], "q_25": 0.3256489517500114, "q_75": 0.32701194474999795, "min": 0.32417189999998186, "max": 0.3274122520000162, "mean": 0.32613393200000473, "std": 0.0009478775695114952, "repeat": 10, "number": 1}]}, "time_setup_models_and_sims.TimeBuildSPMSimulation.time_setup_SPM_simulation": {"result": [0.16528110500000537, 0.3670127820000033], "stats": [{"ci_99": [0.16439809099998115, 0.16732444300001248], "q_25": 0.1649155737500152, "q_75": 0.16548925824998406, "min": 0.16439809099998115, "max": 0.16732444300001248, "mean": 0.16546000870000058, "std": 0.0009024059365731011, "repeat": 10, "number": 1}, {"ci_99": [0.36517864900000063, 0.3718212200000153], "q_25": 0.3659613379999911, "q_75": 0.36746111925001657, "min": 0.36517864900000063, "max": 0.3718212200000153, "mean": 0.36732584930000767, "std": 0.001876360417666004, "repeat": 10, "number": 1}], "params": [["False", "True"]]}, "time_setup_models_and_sims.TimeBuildSPMe.time_setup_SPMe": {"result": [0.4575943435000056], "stats": [{"ci_99": [0.45524845099998856, 0.45974104500001545], "q_25": 0.4564952107499991, "q_75": 0.4581592047499896, "min": 0.45524845099998856, "max": 0.45974104500001545, "mean": 0.45738418610000053, "std": 0.0014098507550780424, "repeat": 10, "number": 1}]}, "time_setup_models_and_sims.TimeBuildSPMeSimulation.time_setup_SPMe_simulation": {"result": [0.17684290750000287, 0.41402750750000905], "stats": [{"ci_99": [0.17620375999999283, 0.18047421099998928], "q_25": 0.17662676725000637, "q_75": 0.1776823295000014, "min": 0.17620375999999283, "max": 0.18047421099998928, "mean": 0.17731122620000123, "std": 0.001203826760859108, "repeat": 10, "number": 1}, {"ci_99": [0.41233009399999787, 0.4169659119999949], "q_25": 0.41296118074998844, "q_75": 0.4163045519999926, "min": 0.41233009399999787, "max": 0.4169659119999949, "mean": 0.41445671219999836, "std": 0.0017236905383027443, "repeat": 10, "number": 1}], "params": [["False", "True"]]}, "time_solve_models.TimeSolveDFN.time_solve_model": {"result": [0.5152595735000034, 0.6723921094999952], "stats": [{"ci_99": [0.510070240999994, 0.518893380999998], "q_25": 0.5114579492500013, "q_75": 0.5172327985000109, "min": 0.510070240999994, "max": 0.518893380999998, "mean": 0.5144885529000021, "std": 0.003166152391672783, "repeat": 10, "number": 1}, {"ci_99": [0.6680827539999825, 0.6770697709999922], "q_25": 0.670625511499999, "q_75": 0.6750497765000034, "min": 0.6680827539999825, "max": 0.6770697709999922, "mean": 0.672709695499995, "std": 0.002969015451652043, "repeat": 10, "number": 1}], "params": [["True", "False"]]}, "time_solve_models.TimeSolveSPM.time_solve_model": {"result": [0.020760627000001364, 0.04195545500000719], "stats": [{"ci_99": [0.020539771000017026, 0.021020282999984374], "q_25": 0.020609370499997226, "q_75": 0.020840676499986444, "min": 0.020539771000017026, "max": 0.021020282999984374, "mean": 0.020747865599997795, "std": 0.00015115564869051278, "repeat": 10, "number": 1}, {"ci_99": [0.04137814199998502, 0.042328363999985186], "q_25": 0.0415652964999893, "q_75": 0.042197236750006084, "min": 0.04137814199998502, "max": 0.042328363999985186, "mean": 0.04189815420000116, "std": 0.0003369582053400736, "repeat": 10, "number": 1}], "params": [["True", "False"]]}, "time_solve_models.TimeSolveSPMe.time_solve_model": {"result": [0.03253903600000285, 0.07401078950000795], "stats": [{"ci_99": [0.032337880999989466, 0.03282099199998356], "q_25": 0.03249613324999956, "q_75": 0.032637263999987454, "min": 0.032337880999989466, "max": 0.03282099199998356, "mean": 0.032565206799995396, "std": 0.0001242548000762812, "repeat": 10, "number": 1}, {"ci_99": [0.07374672899999268, 0.07436615299999971], "q_25": 0.07388684025001169, "q_75": 0.07419777024998808, "min": 0.07374672899999268, "max": 0.07436615299999971, "mean": 0.07403442990000428, "std": 0.00019681668403627916, "repeat": 10, "number": 1}], "params": [["True", "False"]]}}, "params": {"machine": "GitHubRunner", "python": "3.8"}, "requirements": {}, "commit_hash": "cc0e94b218030e205c80a4e350f1984be97af497", "date": 1629986549000, "env_name": "virtualenv-py3.8", "python": "3.8", "profiles": {}, "started_at": {"time_setup_models_and_sims.TimeBuildDFN.time_setup_DFN": 1630293660811, "time_setup_models_and_sims.TimeBuildDFNSimulation.time_setup_DFN_simulation": 1630293664326, "time_setup_models_and_sims.TimeBuildSPM.time_setup_SPM": 1630293667996, "time_setup_models_and_sims.TimeBuildSPMSimulation.time_setup_SPM_simulation": 1630293670206, "time_setup_models_and_sims.TimeBuildSPMe.time_setup_SPMe": 1630293673674, "time_setup_models_and_sims.TimeBuildSPMeSimulation.time_setup_SPMe_simulation": 1630293676787, "time_solve_models.TimeSolveDFN.time_solve_model": 1630293680606, "time_solve_models.TimeSolveSPM.time_solve_model": 1630293700725, "time_solve_models.TimeSolveSPMe.time_solve_model": 1630293707301}, "ended_at": {"time_setup_models_and_sims.TimeBuildDFN.time_setup_DFN": 1630293664326, "time_setup_models_and_sims.TimeBuildDFNSimulation.time_setup_DFN_simulation": 1630293667995, "time_setup_models_and_sims.TimeBuildSPM.time_setup_SPM": 1630293670206, "time_setup_models_and_sims.TimeBuildSPMSimulation.time_setup_SPM_simulation": 1630293673674, "time_setup_models_and_sims.TimeBuildSPMe.time_setup_SPMe": 1630293676787, "time_setup_models_and_sims.TimeBuildSPMeSimulation.time_setup_SPMe_simulation": 1630293680605, "time_solve_models.TimeSolveDFN.time_solve_model": 1630293700725, "time_solve_models.TimeSolveSPM.time_solve_model": 1630293707301, "time_solve_models.TimeSolveSPMe.time_solve_model": 1630293716485}, "benchmark_version": {"time_setup_models_and_sims.TimeBuildDFN.time_setup_DFN": "5f322e51e6b7e66125ee6949bdf25746005db467e8ffcfdcb3ace170e92bbc3d", "time_setup_models_and_sims.TimeBuildDFNSimulation.time_setup_DFN_simulation": "8de44bc542fa7d4ba28a80f24414a9444b5436673aaebba674918f5f0bfd0ebb", "time_setup_models_and_sims.TimeBuildSPM.time_setup_SPM": "0d0b3f5c67fc2da9a5794c66b70af5a45a09558d1ee95f738745385adb84fbca", "time_setup_models_and_sims.TimeBuildSPMSimulation.time_setup_SPM_simulation": "161220a99418ce4487cc29325cbae897f28d0e44ae07e1dfbfaac2cbc53a4ff9", "time_setup_models_and_sims.TimeBuildSPMe.time_setup_SPMe": "6083f5ff944353395eb4b21c97b02af555fe6528de3cd5283f5e139943945235", "time_setup_models_and_sims.TimeBuildSPMeSimulation.time_setup_SPMe_simulation": "530563cb559427795e3648d9648df9250ae100b7721f69eec356bdda7798c55e", "time_solve_models.TimeSolveDFN.time_solve_model": "914137228e20e5900cec36b0d3865f1faa2f5d479c7d6c2539514791f9ec4430", "time_solve_models.TimeSolveSPM.time_solve_model": "ef1bb5f8d1ddfa59650e20438c4b252d73e5a062714848ce1d6d5269382bc598", "time_solve_models.TimeSolveSPMe.time_solve_model": "20672028872f4620ce85e909bae705d9490de441e926510b2b0e53ff0881d87b"}, "version": 1}