{"results": {"time_setup_models_and_sims.TimeBuildDFN.time_setup_DFN": {"result": [0.5847065164999989], "stats": [{"ci_99": [0.5770809580000105, 0.5902390389999823], "q_25": 0.5835433172500188, "q_75": 0.5852862942499826, "min": 0.5770809580000105, "max": 0.5902390389999823, "mean": 0.5843258699000003, "std": 0.003132452618296298, "repeat": 10, "number": 1}]}, "time_setup_models_and_sims.TimeBuildDFNSimulation.time_setup_DFN_simulation": {"result": [0.1377395235000023, 0.3292993825000039], "stats": [{"ci_99": [0.13196842600000025, 0.1602793140000074], "q_25": 0.133117670499999, "q_75": 0.1446522119999969, "min": 0.13196842600000025, "max": 0.1602793140000074, "mean": 0.14018112800000182, "std": 0.0085891006721993, "repeat": 10, "number": 1}, {"ci_99": [0.32290243799999985, 0.39741959200000565], "q_25": 0.3236772335000033, "q_75": 0.3446560844999951, "min": 0.32290243799999985, "max": 0.39741959200000565, "mean": 0.3393201975999986, "std": 0.022234625243463618, "repeat": 10, "number": 1}], "params": [["False", "True"]]}, "time_setup_models_and_sims.TimeBuildSPM.time_setup_SPM": {"result": [0.3616714505000047], "stats": [{"ci_99": [0.3522763779999991, 0.40985631399999534], "q_25": 0.35568813074999284, "q_75": 0.3873371827500094, "min": 0.3522763779999991, "max": 0.40985631399999534, "mean": 0.37157846570000147, "std": 0.020630667231368374, "repeat": 10, "number": 1}]}, "time_setup_models_and_sims.TimeBuildSPMSimulation.time_setup_SPM_simulation": {"result": [0.16373145350000584, 0.36139303450000426], "stats": [{"ci_99": [0.16079363000000058, 0.16539907199998538], "q_25": 0.16242137675000734, "q_75": 0.164206225749993, "min": 0.16079363000000058, "max": 0.16539907199998538, "mean": 0.1633937383999992, "std": 0.0013296896011664627, "repeat": 10, "number": 1}, {"ci_99": [0.35754609100000323, 0.36398360399999774], "q_25": 0.3595620860000004, "q_75": 0.36335684124999545, "min": 0.35754609100000323, "max": 0.36398360399999774, "mean": 0.3613047394000006, "std": 0.002129074225100024, "repeat": 10, "number": 1}], "params": [["False", "True"]]}, "time_setup_models_and_sims.TimeBuildSPMe.time_setup_SPMe": {"result": [0.514085455], "stats": [{"ci_99": [0.5028348750000049, 0.5426141209999855], "q_25": 0.5051196102500057, "q_75": 0.5262056117499938, "min": 0.5028348750000049, "max": 0.5426141209999855, "mean": 0.517235827799999, "std": 0.013452915369150172, "repeat": 10, "number": 1}]}, "time_setup_models_and_sims.TimeBuildSPMeSimulation.time_setup_SPMe_simulation": {"result": [0.15259328349999635, 0.3688140054999991], "stats": [{"ci_99": [0.1493744449999923, 0.16631915299998923], "q_25": 0.15055061500000022, "q_75": 0.16112944249998407, "min": 0.1493744449999923, "max": 0.16631915299998923, "mean": 0.15556170179999498, "std": 0.006121174150549005, "repeat": 10, "number": 1}, {"ci_99": [0.36598720199998525, 0.3708964619999904], "q_25": 0.36760359000000875, "q_75": 0.36979974700000895, "min": 0.36598720199998525, "max": 0.3708964619999904, "mean": 0.3686968276999977, "std": 0.0014485867952288099, "repeat": 10, "number": 1}], "params": [["False", "True"]]}, "time_solve_models.TimeSolveDFN.time_solve_model": {"result": [0.6199637699999982, 0.8056332825000112], "stats": [{"ci_99": [0.6038265810000212, 0.6432829080000033], "q_25": 0.6090750752500043, "q_75": 0.634412736250006, "min": 0.6038265810000212, "max": 0.6432829080000033, "mean": 0.6214037547000061, "std": 0.014342816062112736, "repeat": 10, "number": 1}, {"ci_99": [0.7895252010000036, 0.8514554799999985], "q_25": 0.7977005817500071, "q_75": 0.8225076209999926, "min": 0.7895252010000036, "max": 0.8514554799999985, "mean": 0.8109905959000031, "std": 0.018215147874202673, "repeat": 10, "number": 1}], "params": [["True", "False"]]}, "time_solve_models.TimeSolveSPM.time_solve_model": {"result": [0.022992613499994263, 0.04826530249998484], "stats": [{"ci_99": [0.022836963999992577, 0.029079711999997926], "q_25": 0.022869431250008176, "q_75": 0.02443391399999939, "min": 0.022836963999992577, "max": 0.029079711999997926, "mean": 0.024166600699999208, "std": 0.002101146709414354, "repeat": 10, "number": 1}, {"ci_99": [0.047546019999998634, 0.05440440399999602], "q_25": 0.04776435749999308, "q_75": 0.0487538714999971, "min": 0.047546019999998634, "max": 0.05440440399999602, "mean": 0.04888757919999591, "std": 0.0019458199865659562, "repeat": 10, "number": 1}], "params": [["True", "False"]]}, "time_solve_models.TimeSolveSPMe.time_solve_model": {"result": [0.035339998499992475, 0.0872498104999977], "stats": [{"ci_99": [0.03379049599999462, 0.039069132999998146], "q_25": 0.03411273125001202, "q_75": 0.03714404549999273, "min": 0.03379049599999462, "max": 0.039069132999998146, "mean": 0.035708447099997896, "std": 0.0017741132952693096, "repeat": 10, "number": 1}, {"ci_99": [0.08378224699998782, 0.09326660799999331], "q_25": 0.08572110525000909, "q_75": 0.09085641100001851, "min": 0.08378224699998782, "max": 0.09326660799999331, "mean": 0.0880713628000052, "std": 0.0031503898025806, "repeat": 10, "number": 1}], "params": [["True", "False"]]}}, "params": {"machine": "GitHubRunner", "python": "3.8"}, "requirements": {}, "commit_hash": "ccf5be76ef4c6afbe273afb2173773f61672297a", "date": 1640102294000, "env_name": "virtualenv-py3.8", "python": "3.8", "profiles": {}, "started_at": {"time_setup_models_and_sims.TimeBuildDFN.time_setup_DFN": 1640229752570, "time_setup_models_and_sims.TimeBuildDFNSimulation.time_setup_DFN_simulation": 1640229756488, "time_setup_models_and_sims.TimeBuildSPM.time_setup_SPM": 1640229759860, "time_setup_models_and_sims.TimeBuildSPMSimulation.time_setup_SPM_simulation": 1640229762531, "time_setup_models_and_sims.TimeBuildSPMe.time_setup_SPMe": 1640229766053, "time_setup_models_and_sims.TimeBuildSPMeSimulation.time_setup_SPMe_simulation": 1640229769622, "time_solve_models.TimeSolveDFN.time_solve_model": 1640229773142, "time_solve_models.TimeSolveSPM.time_solve_model": 1640229797325, "time_solve_models.TimeSolveSPMe.time_solve_model": 1640229804861}, "ended_at": {"time_setup_models_and_sims.TimeBuildDFN.time_setup_DFN": 1640229756488, "time_setup_models_and_sims.TimeBuildDFNSimulation.time_setup_DFN_simulation": 1640229759859, "time_setup_models_and_sims.TimeBuildSPM.time_setup_SPM": 1640229762531, "time_setup_models_and_sims.TimeBuildSPMSimulation.time_setup_SPM_simulation": 1640229766052, "time_setup_models_and_sims.TimeBuildSPMe.time_setup_SPMe": 1640229769621, "time_setup_models_and_sims.TimeBuildSPMeSimulation.time_setup_SPMe_simulation": 1640229773141, "time_solve_models.TimeSolveDFN.time_solve_model": 1640229797324, "time_solve_models.TimeSolveSPM.time_solve_model": 1640229804860, "time_solve_models.TimeSolveSPMe.time_solve_model": 1640229815807}, "benchmark_version": {"time_setup_models_and_sims.TimeBuildDFN.time_setup_DFN": "5f322e51e6b7e66125ee6949bdf25746005db467e8ffcfdcb3ace170e92bbc3d", "time_setup_models_and_sims.TimeBuildDFNSimulation.time_setup_DFN_simulation": "8de44bc542fa7d4ba28a80f24414a9444b5436673aaebba674918f5f0bfd0ebb", "time_setup_models_and_sims.TimeBuildSPM.time_setup_SPM": "0d0b3f5c67fc2da9a5794c66b70af5a45a09558d1ee95f738745385adb84fbca", "time_setup_models_and_sims.TimeBuildSPMSimulation.time_setup_SPM_simulation": "161220a99418ce4487cc29325cbae897f28d0e44ae07e1dfbfaac2cbc53a4ff9", "time_setup_models_and_sims.TimeBuildSPMe.time_setup_SPMe": "6083f5ff944353395eb4b21c97b02af555fe6528de3cd5283f5e139943945235", "time_setup_models_and_sims.TimeBuildSPMeSimulation.time_setup_SPMe_simulation": "530563cb559427795e3648d9648df9250ae100b7721f69eec356bdda7798c55e", "time_solve_models.TimeSolveDFN.time_solve_model": "914137228e20e5900cec36b0d3865f1faa2f5d479c7d6c2539514791f9ec4430", "time_solve_models.TimeSolveSPM.time_solve_model": "ef1bb5f8d1ddfa59650e20438c4b252d73e5a062714848ce1d6d5269382bc598", "time_solve_models.TimeSolveSPMe.time_solve_model": "20672028872f4620ce85e909bae705d9490de441e926510b2b0e53ff0881d87b"}, "version": 1}