{"results": {"time_setup_models_and_sims.TimeBuildDFN.time_setup_DFN": {"result": [0.4964890374999982], "stats": [{"ci_99": [0.4942109710000011, 0.4995285679999881], "q_25": 0.4956628567500161, "q_75": 0.4969067537499967, "min": 0.4942109710000011, "max": 0.4995285679999881, "mean": 0.49645542849999913, "std": 0.0013770798824705973, "repeat": 10, "number": 1}]}, "time_setup_models_and_sims.TimeBuildDFNSimulation.time_setup_DFN_simulation": {"result": [0.1155723110000082, 0.2824494669999922], "stats": [{"ci_99": [0.1146909590000007, 0.12171960399999193], "q_25": 0.1153531975000135, "q_75": 0.11780767649999291, "min": 0.1146909590000007, "max": 0.12171960399999193, "mean": 0.11664593730000376, "std": 0.002136259386140832, "repeat": 10, "number": 1}, {"ci_99": [0.2811174150000113, 0.28388252999999963], "q_25": 0.28234188524999126, "q_75": 0.2828476742500001, "min": 0.2811174150000113, "max": 0.28388252999999963, "mean": 0.28249484679999737, "std": 0.0007917747241358594, "repeat": 10, "number": 1}], "params": [["False", "True"]]}, "time_setup_models_and_sims.TimeBuildSPM.time_setup_SPM": {"result": [0.3070425200000102], "stats": [{"ci_99": [0.3044007190000002, 0.30909387500000207], "q_25": 0.3062556045000022, "q_75": 0.3079639319999856, "min": 0.3044007190000002, "max": 0.30909387500000207, "mean": 0.3069561023999995, "std": 0.0013565697257334913, "repeat": 10, "number": 1}]}, "time_setup_models_and_sims.TimeBuildSPMSimulation.time_setup_SPM_simulation": {"result": [0.14178236600001526, 0.31531808850000687], "stats": [{"ci_99": [0.1398436169999968, 0.14305556900001193], "q_25": 0.14084721449999194, "q_75": 0.1424410557499982, "min": 0.1398436169999968, "max": 0.14305556900001193, "mean": 0.14158350360000327, "std": 0.0010882594555352125, "repeat": 10, "number": 1}, {"ci_99": [0.31463868100001946, 0.31850529100000813], "q_25": 0.31521810224998603, "q_75": 0.31638844699999424, "min": 0.31463868100001946, "max": 0.31850529100000813, "mean": 0.3159303667000046, "std": 0.0011664806533207336, "repeat": 10, "number": 1}], "params": [["False", "True"]]}, "time_setup_models_and_sims.TimeBuildSPMe.time_setup_SPMe": {"result": [0.43550133050000284], "stats": [{"ci_99": [0.43169187999998826, 0.4389516629999832], "q_25": 0.4346762442499994, "q_75": 0.436231255750009, "min": 0.43169187999998826, "max": 0.4389516629999832, "mean": 0.4354235857999981, "std": 0.0018100213020418843, "repeat": 10, "number": 1}]}, "time_setup_models_and_sims.TimeBuildSPMeSimulation.time_setup_SPMe_simulation": {"result": [0.13060967600000595, 0.32144258649999813], "stats": [{"ci_99": [0.12958540500000026, 0.1343239869999877], "q_25": 0.13036141524999323, "q_75": 0.13125857849999534, "min": 0.12958540500000026, "max": 0.1343239869999877, "mean": 0.13101544779999585, "std": 0.001355177175429359, "repeat": 10, "number": 1}, {"ci_99": [0.3195681200000138, 0.3225175290000095], "q_25": 0.32068141950001205, "q_75": 0.321898403750005, "min": 0.3195681200000138, "max": 0.3225175290000095, "mean": 0.32131470290000264, "std": 0.000888872005455081, "repeat": 10, "number": 1}], "params": [["False", "True"]]}, "time_solve_models.TimeSolveDFN.time_solve_model": {"result": [0.5110271895000125, 0.6730839499999917], "stats": [{"ci_99": [0.5073280329999932, 0.5183275699999967], "q_25": 0.5099284822499968, "q_75": 0.5137018835000049, "min": 0.5073280329999932, "max": 0.5183275699999967, "mean": 0.5120556974999971, "std": 0.003271284854350011, "repeat": 10, "number": 1}, {"ci_99": [0.6653002679999815, 0.6798291019999851], "q_25": 0.6697872612500078, "q_75": 0.6756571749999978, "min": 0.6653002679999815, "max": 0.6798291019999851, "mean": 0.6728030997999923, "std": 0.0044051745319510695, "repeat": 10, "number": 1}], "params": [["True", "False"]]}, "time_solve_models.TimeSolveSPM.time_solve_model": {"result": [0.019389542499979484, 0.04083670799998629], "stats": [{"ci_99": [0.019316642000006823, 0.019543245999983583], "q_25": 0.01934499175000326, "q_75": 0.019441743750007845, "min": 0.019316642000006823, "max": 0.019543245999983583, "mean": 0.01940022269999986, "std": 6.858770377531535e-05, "repeat": 10, "number": 1}, {"ci_99": [0.040485912000008284, 0.04120020199999885], "q_25": 0.04068581125000037, "q_75": 0.040970358999999235, "min": 0.040485912000008284, "max": 0.04120020199999885, "mean": 0.04082987969999863, "std": 0.0002058313649876567, "repeat": 10, "number": 1}], "params": [["True", "False"]]}, "time_solve_models.TimeSolveSPMe.time_solve_model": {"result": [0.028651532000012025, 0.07048313850000909], "stats": [{"ci_99": [0.028447382999985393, 0.028783694000026117], "q_25": 0.02855615924999455, "q_75": 0.028732166499999323, "min": 0.028447382999985393, "max": 0.028783694000026117, "mean": 0.028641677400003118, "std": 0.00010987423854319438, "repeat": 10, "number": 1}, {"ci_99": [0.06995371899998304, 0.0712721760000079], "q_25": 0.07033525724998668, "q_75": 0.07073389375000971, "min": 0.06995371899998304, "max": 0.0712721760000079, "mean": 0.07053375410000058, "std": 0.00034868861604332014, "repeat": 10, "number": 1}], "params": [["True", "False"]]}}, "params": {"machine": "GitHubRunner", "python": "3.8"}, "requirements": {}, "commit_hash": "ccf5be76ef4c6afbe273afb2173773f61672297a", "date": 1640102294000, "env_name": "virtualenv-py3.8", "python": "3.8", "profiles": {}, "started_at": {"time_setup_models_and_sims.TimeBuildDFN.time_setup_DFN": 1640402550939, "time_setup_models_and_sims.TimeBuildDFNSimulation.time_setup_DFN_simulation": 1640402554254, "time_setup_models_and_sims.TimeBuildSPM.time_setup_SPM": 1640402556923, "time_setup_models_and_sims.TimeBuildSPMSimulation.time_setup_SPM_simulation": 1640402559035, "time_setup_models_and_sims.TimeBuildSPMe.time_setup_SPMe": 1640402562053, "time_setup_models_and_sims.TimeBuildSPMeSimulation.time_setup_SPMe_simulation": 1640402565024, "time_solve_models.TimeSolveDFN.time_solve_model": 1640402568042, "time_solve_models.TimeSolveSPM.time_solve_model": 1640402587660, "time_solve_models.TimeSolveSPMe.time_solve_model": 1640402594240}, "ended_at": {"time_setup_models_and_sims.TimeBuildDFN.time_setup_DFN": 1640402554254, "time_setup_models_and_sims.TimeBuildDFNSimulation.time_setup_DFN_simulation": 1640402556921, "time_setup_models_and_sims.TimeBuildSPM.time_setup_SPM": 1640402559034, "time_setup_models_and_sims.TimeBuildSPMSimulation.time_setup_SPM_simulation": 1640402562052, "time_setup_models_and_sims.TimeBuildSPMe.time_setup_SPMe": 1640402565023, "time_setup_models_and_sims.TimeBuildSPMeSimulation.time_setup_SPMe_simulation": 1640402568041, "time_solve_models.TimeSolveDFN.time_solve_model": 1640402587659, "time_solve_models.TimeSolveSPM.time_solve_model": 1640402594239, "time_solve_models.TimeSolveSPMe.time_solve_model": 1640402603227}, "benchmark_version": {"time_setup_models_and_sims.TimeBuildDFN.time_setup_DFN": "5f322e51e6b7e66125ee6949bdf25746005db467e8ffcfdcb3ace170e92bbc3d", "time_setup_models_and_sims.TimeBuildDFNSimulation.time_setup_DFN_simulation": "8de44bc542fa7d4ba28a80f24414a9444b5436673aaebba674918f5f0bfd0ebb", "time_setup_models_and_sims.TimeBuildSPM.time_setup_SPM": "0d0b3f5c67fc2da9a5794c66b70af5a45a09558d1ee95f738745385adb84fbca", "time_setup_models_and_sims.TimeBuildSPMSimulation.time_setup_SPM_simulation": "161220a99418ce4487cc29325cbae897f28d0e44ae07e1dfbfaac2cbc53a4ff9", "time_setup_models_and_sims.TimeBuildSPMe.time_setup_SPMe": "6083f5ff944353395eb4b21c97b02af555fe6528de3cd5283f5e139943945235", "time_setup_models_and_sims.TimeBuildSPMeSimulation.time_setup_SPMe_simulation": "530563cb559427795e3648d9648df9250ae100b7721f69eec356bdda7798c55e", "time_solve_models.TimeSolveDFN.time_solve_model": "914137228e20e5900cec36b0d3865f1faa2f5d479c7d6c2539514791f9ec4430", "time_solve_models.TimeSolveSPM.time_solve_model": "ef1bb5f8d1ddfa59650e20438c4b252d73e5a062714848ce1d6d5269382bc598", "time_solve_models.TimeSolveSPMe.time_solve_model": "20672028872f4620ce85e909bae705d9490de441e926510b2b0e53ff0881d87b"}, "version": 1}