{"results": {"time_setup_models_and_sims.TimeBuildDFN.time_setup_DFN": {"result": [0.503928989500011], "stats": [{"ci_99": [0.5002306840000017, 0.5108551140000088], "q_25": 0.5033217980000089, "q_75": 0.5053239369999929, "min": 0.5002306840000017, "max": 0.5108551140000088, "mean": 0.5042652714000042, "std": 0.002760615221903766, "repeat": 10, "number": 1}]}, "time_setup_models_and_sims.TimeBuildDFNSimulation.time_setup_DFN_simulation": {"result": [0.11584152300001449, 0.2823908335000027], "stats": [{"ci_99": [0.1146953109999913, 0.11815133500002162], "q_25": 0.11545509750000349, "q_75": 0.1167537802499865, "min": 0.1146953109999913, "max": 0.11815133500002162, "mean": 0.11612878959999762, "std": 0.0010573090454280634, "repeat": 10, "number": 1}, {"ci_99": [0.28048458399999276, 0.2838934079999831], "q_25": 0.28071048624998696, "q_75": 0.28328795050000366, "min": 0.28048458399999276, "max": 0.2838934079999831, "mean": 0.2821299416999977, "std": 0.0012821939668428246, "repeat": 10, "number": 1}], "params": [["False", "True"]]}, "time_setup_models_and_sims.TimeBuildSPM.time_setup_SPM": {"result": [0.309025791499991], "stats": [{"ci_99": [0.30614751799998885, 0.3114695520000055], "q_25": 0.3086473709999922, "q_75": 0.3095614775000044, "min": 0.30614751799998885, "max": 0.3114695520000055, "mean": 0.3088571871999989, "std": 0.0015755658506892611, "repeat": 10, "number": 1}]}, "time_setup_models_and_sims.TimeBuildSPMSimulation.time_setup_SPM_simulation": {"result": [0.1413563604999979, 0.3132852755000073], "stats": [{"ci_99": [0.1397811260000026, 0.14428175599999804], "q_25": 0.14066119400001043, "q_75": 0.14298044625000017, "min": 0.1397811260000026, "max": 0.14428175599999804, "mean": 0.14180338390000316, "std": 0.001415050103494918, "repeat": 10, "number": 1}, {"ci_99": [0.3124750689999871, 0.3150212740000029], "q_25": 0.312748268, "q_75": 0.31371129050000945, "min": 0.3124750689999871, "max": 0.3150212740000029, "mean": 0.3133534793000024, "std": 0.0007277564854110868, "repeat": 10, "number": 1}], "params": [["False", "True"]]}, "time_setup_models_and_sims.TimeBuildSPMe.time_setup_SPMe": {"result": [0.4391678920000004], "stats": [{"ci_99": [0.43639523099997746, 0.44153402500000993], "q_25": 0.43854186475000034, "q_75": 0.44092369525001374, "min": 0.43639523099997746, "max": 0.44153402500000993, "mean": 0.4394026780000019, "std": 0.0015674502561205258, "repeat": 10, "number": 1}]}, "time_setup_models_and_sims.TimeBuildSPMeSimulation.time_setup_SPMe_simulation": {"result": [0.13052260599999954, 0.31992857299999855], "stats": [{"ci_99": [0.12992054499997607, 0.1338887869999894], "q_25": 0.1303951132500032, "q_75": 0.1310985892500156, "min": 0.12992054499997607, "max": 0.1338887869999894, "mean": 0.1311013693999996, "std": 0.001314357065668908, "repeat": 10, "number": 1}, {"ci_99": [0.31809503399998107, 0.32309942599999886], "q_25": 0.3191632634999948, "q_75": 0.321336078249999, "min": 0.31809503399998107, "max": 0.32309942599999886, "mean": 0.3202277014999993, "std": 0.0014352921196532557, "repeat": 10, "number": 1}], "params": [["False", "True"]]}, "time_solve_models.TimeSolveDFN.time_solve_model": {"result": [0.5045821890000042, 0.6602890770000016], "stats": [{"ci_99": [0.4988635370000054, 0.5083286329999908], "q_25": 0.5038371222499904, "q_75": 0.506275200250009, "min": 0.4988635370000054, "max": 0.5083286329999908, "mean": 0.5046691923999986, "std": 0.0025304132201097824, "repeat": 10, "number": 1}, {"ci_99": [0.6556499800000211, 0.663723865999998], "q_25": 0.6595832552500056, "q_75": 0.660891669250006, "min": 0.6556499800000211, "max": 0.663723865999998, "mean": 0.6602571390000037, "std": 0.0020344308835871733, "repeat": 10, "number": 1}], "params": [["True", "False"]]}, "time_solve_models.TimeSolveSPM.time_solve_model": {"result": [0.019346835500002157, 0.04048662900000011], "stats": [{"ci_99": [0.019241733000001204, 0.01945423700004767], "q_25": 0.019263783249989785, "q_75": 0.01944491099997947, "min": 0.019241733000001204, "max": 0.01945423700004767, "mean": 0.019351854900000375, "std": 9.100795859474409e-05, "repeat": 10, "number": 1}, {"ci_99": [0.040244978999993464, 0.04069897800002309], "q_25": 0.04035480425001481, "q_75": 0.04063007774999505, "min": 0.040244978999993464, "max": 0.04069897800002309, "mean": 0.040483978500003556, "std": 0.00015472921637789622, "repeat": 10, "number": 1}], "params": [["True", "False"]]}, "time_solve_models.TimeSolveSPMe.time_solve_model": {"result": [0.02844090549999123, 0.0700890565000094], "stats": [{"ci_99": [0.028270401000014544, 0.028561303999993015], "q_25": 0.028381920499995772, "q_75": 0.028514344999990726, "min": 0.028270401000014544, "max": 0.028561303999993015, "mean": 0.028435999899997455, "std": 9.244130257672803e-05, "repeat": 10, "number": 1}, {"ci_99": [0.07000059899999655, 0.0707491190000269], "q_25": 0.0700501837500056, "q_75": 0.07025683625001733, "min": 0.07000059899999655, "max": 0.0707491190000269, "mean": 0.07019703700000832, "std": 0.0002252024773135067, "repeat": 10, "number": 1}], "params": [["True", "False"]]}}, "params": {"machine": "GitHubRunner", "python": "3.8"}, "requirements": {}, "commit_hash": "ccf5be76ef4c6afbe273afb2173773f61672297a", "date": 1640102294000, "env_name": "virtualenv-py3.8", "python": "3.8", "profiles": {}, "started_at": {"time_setup_models_and_sims.TimeBuildDFN.time_setup_DFN": 1640488952641, "time_setup_models_and_sims.TimeBuildDFNSimulation.time_setup_DFN_simulation": 1640488956005, "time_setup_models_and_sims.TimeBuildSPM.time_setup_SPM": 1640488958671, "time_setup_models_and_sims.TimeBuildSPMSimulation.time_setup_SPM_simulation": 1640488960781, "time_setup_models_and_sims.TimeBuildSPMe.time_setup_SPMe": 1640488963798, "time_setup_models_and_sims.TimeBuildSPMeSimulation.time_setup_SPMe_simulation": 1640488966760, "time_solve_models.TimeSolveDFN.time_solve_model": 1640488969777, "time_solve_models.TimeSolveSPM.time_solve_model": 1640488989290, "time_solve_models.TimeSolveSPMe.time_solve_model": 1640488995866}, "ended_at": {"time_setup_models_and_sims.TimeBuildDFN.time_setup_DFN": 1640488956005, "time_setup_models_and_sims.TimeBuildDFNSimulation.time_setup_DFN_simulation": 1640488958670, "time_setup_models_and_sims.TimeBuildSPM.time_setup_SPM": 1640488960780, "time_setup_models_and_sims.TimeBuildSPMSimulation.time_setup_SPM_simulation": 1640488963798, "time_setup_models_and_sims.TimeBuildSPMe.time_setup_SPMe": 1640488966760, "time_setup_models_and_sims.TimeBuildSPMeSimulation.time_setup_SPMe_simulation": 1640488969776, "time_solve_models.TimeSolveDFN.time_solve_model": 1640488989289, "time_solve_models.TimeSolveSPM.time_solve_model": 1640488995865, "time_solve_models.TimeSolveSPMe.time_solve_model": 1640489004800}, "benchmark_version": {"time_setup_models_and_sims.TimeBuildDFN.time_setup_DFN": "5f322e51e6b7e66125ee6949bdf25746005db467e8ffcfdcb3ace170e92bbc3d", "time_setup_models_and_sims.TimeBuildDFNSimulation.time_setup_DFN_simulation": "8de44bc542fa7d4ba28a80f24414a9444b5436673aaebba674918f5f0bfd0ebb", "time_setup_models_and_sims.TimeBuildSPM.time_setup_SPM": "0d0b3f5c67fc2da9a5794c66b70af5a45a09558d1ee95f738745385adb84fbca", "time_setup_models_and_sims.TimeBuildSPMSimulation.time_setup_SPM_simulation": "161220a99418ce4487cc29325cbae897f28d0e44ae07e1dfbfaac2cbc53a4ff9", "time_setup_models_and_sims.TimeBuildSPMe.time_setup_SPMe": "6083f5ff944353395eb4b21c97b02af555fe6528de3cd5283f5e139943945235", "time_setup_models_and_sims.TimeBuildSPMeSimulation.time_setup_SPMe_simulation": "530563cb559427795e3648d9648df9250ae100b7721f69eec356bdda7798c55e", "time_solve_models.TimeSolveDFN.time_solve_model": "914137228e20e5900cec36b0d3865f1faa2f5d479c7d6c2539514791f9ec4430", "time_solve_models.TimeSolveSPM.time_solve_model": "ef1bb5f8d1ddfa59650e20438c4b252d73e5a062714848ce1d6d5269382bc598", "time_solve_models.TimeSolveSPMe.time_solve_model": "20672028872f4620ce85e909bae705d9490de441e926510b2b0e53ff0881d87b"}, "version": 1}