{"results": {"time_setup_models_and_sims.TimeBuildDFN.time_setup_DFN": {"result": [0.5009045569999984], "stats": [{"ci_99": [0.4941254589999744, 0.5077588450000121], "q_25": 0.4987902015000074, "q_75": 0.505631038500006, "min": 0.4941254589999744, "max": 0.5077588450000121, "mean": 0.5014463054999994, "std": 0.004446379341736044, "repeat": 10, "number": 1}]}, "time_setup_models_and_sims.TimeBuildDFNSimulation.time_setup_DFN_simulation": {"result": [0.11455734950000362, 0.27803876299999786], "stats": [{"ci_99": [0.10666318299999489, 0.11868435499999919], "q_25": 0.11021422675000281, "q_75": 0.1157737132500003, "min": 0.10666318299999489, "max": 0.11868435499999919, "mean": 0.11336727860000054, "std": 0.0036121102561720787, "repeat": 10, "number": 1}, {"ci_99": [0.26059496999999965, 0.287938687999997], "q_25": 0.2671170187500067, "q_75": 0.28635205474999736, "min": 0.26059496999999965, "max": 0.287938687999997, "mean": 0.2763190512000023, "std": 0.010626519339984333, "repeat": 10, "number": 1}], "params": [["False", "True"]]}, "time_setup_models_and_sims.TimeBuildSPM.time_setup_SPM": {"result": [0.2993799724999917], "stats": [{"ci_99": [0.2820312069999886, 0.30791718099999343], "q_25": 0.2919007819999919, "q_75": 0.30685995524999043, "min": 0.2820312069999886, "max": 0.30791718099999343, "mean": 0.2984204416999944, "std": 0.009003385687175649, "repeat": 10, "number": 1}]}, "time_setup_models_and_sims.TimeBuildSPMSimulation.time_setup_SPM_simulation": {"result": [0.13964577650000365, 0.307069958999989], "stats": [{"ci_99": [0.1289606029999959, 0.14449290400000336], "q_25": 0.13115530374999906, "q_75": 0.14078448124998033, "min": 0.1289606029999959, "max": 0.14449290400000336, "mean": 0.1370483372999985, "std": 0.0055195395159657, "repeat": 10, "number": 1}, {"ci_99": [0.29003540700000485, 0.3163137180000035], "q_25": 0.29336778200001135, "q_75": 0.31492008774999647, "min": 0.29003540700000485, "max": 0.3163137180000035, "mean": 0.30470464039999856, "std": 0.010888281590621827, "repeat": 10, "number": 1}], "params": [["False", "True"]]}, "time_setup_models_and_sims.TimeBuildSPMe.time_setup_SPMe": {"result": [0.44551069249997965], "stats": [{"ci_99": [0.4336395439999876, 0.45018758700001626], "q_25": 0.44015026099999943, "q_75": 0.4465920654999991, "min": 0.4336395439999876, "max": 0.45018758700001626, "mean": 0.4431792813999976, "std": 0.005074994844037767, "repeat": 10, "number": 1}]}, "time_setup_models_and_sims.TimeBuildSPMeSimulation.time_setup_SPMe_simulation": {"result": [0.1278628399999917, 0.31295730550000656], "stats": [{"ci_99": [0.12361979599998563, 0.1336757999999918], "q_25": 0.12456954699999301, "q_75": 0.13110061299998677, "min": 0.12361979599998563, "max": 0.1336757999999918, "mean": 0.12799493309999263, "std": 0.0035262202389833262, "repeat": 10, "number": 1}, {"ci_99": [0.2994778910000093, 0.3277337820000241], "q_25": 0.3011237159999922, "q_75": 0.32372897725000627, "min": 0.2994778910000093, "max": 0.3277337820000241, "mean": 0.31283767590000766, "std": 0.011465577646377904, "repeat": 10, "number": 1}], "params": [["False", "True"]]}, "time_solve_models.TimeSolveDFN.time_solve_model": {"result": [0.5153118964999948, 0.6749184925000122], "stats": [{"ci_99": [0.507608566000016, 0.5195962810000196], "q_25": 0.5123757060000145, "q_75": 0.5177174609999966, "min": 0.507608566000016, "max": 0.5195962810000196, "mean": 0.514938800200008, "std": 0.003606791827202929, "repeat": 10, "number": 1}, {"ci_99": [0.669150615999996, 0.6839852560000281], "q_25": 0.6710813587500155, "q_75": 0.6790708782499735, "min": 0.669150615999996, "max": 0.6839852560000281, "mean": 0.6752918983000029, "std": 0.004654170267164172, "repeat": 10, "number": 1}], "params": [["True", "False"]]}, "time_solve_models.TimeSolveSPM.time_solve_model": {"result": [0.019343622499988555, 0.03968170699998552], "stats": [{"ci_99": [0.018394398999987516, 0.019836226999984774], "q_25": 0.01881117374998098, "q_75": 0.019538712999981556, "min": 0.018394398999987516, "max": 0.019836226999984774, "mean": 0.019199460999990946, "std": 0.000443491500770873, "repeat": 10, "number": 1}, {"ci_99": [0.037525197999968896, 0.04183411599998976], "q_25": 0.03811929700002281, "q_75": 0.04135352549999993, "min": 0.037525197999968896, "max": 0.04183411599998976, "mean": 0.039674609499996905, "std": 0.0017463534293340733, "repeat": 10, "number": 1}], "params": [["True", "False"]]}, "time_solve_models.TimeSolveSPMe.time_solve_model": {"result": [0.028896305000003508, 0.071459037000011], "stats": [{"ci_99": [0.028433311000014783, 0.029371197000045868], "q_25": 0.028751932750004983, "q_75": 0.029205925499994123, "min": 0.028433311000014783, "max": 0.029371197000045868, "mean": 0.02892439250000507, "std": 0.0002994111738828621, "repeat": 10, "number": 1}, {"ci_99": [0.07055908000000954, 0.07331939399995235], "q_25": 0.07121023000000548, "q_75": 0.07240094200000158, "min": 0.07055908000000954, "max": 0.07331939399995235, "mean": 0.0717614253999983, "std": 0.0009096723644502226, "repeat": 10, "number": 1}], "params": [["True", "False"]]}}, "params": {"machine": "GitHubRunner", "python": "3.8"}, "requirements": {}, "commit_hash": "ccf5be76ef4c6afbe273afb2173773f61672297a", "date": 1640102294000, "env_name": "virtualenv-py3.8", "python": "3.8", "profiles": {}, "started_at": {"time_setup_models_and_sims.TimeBuildDFN.time_setup_DFN": 1640316107909, "time_setup_models_and_sims.TimeBuildDFNSimulation.time_setup_DFN_simulation": 1640316111226, "time_setup_models_and_sims.TimeBuildSPM.time_setup_SPM": 1640316113744, "time_setup_models_and_sims.TimeBuildSPMSimulation.time_setup_SPM_simulation": 1640316115756, "time_setup_models_and_sims.TimeBuildSPMe.time_setup_SPMe": 1640316118624, "time_setup_models_and_sims.TimeBuildSPMeSimulation.time_setup_SPMe_simulation": 1640316121638, "time_solve_models.TimeSolveDFN.time_solve_model": 1640316124506, "time_solve_models.TimeSolveSPM.time_solve_model": 1640316144382, "time_solve_models.TimeSolveSPMe.time_solve_model": 1640316150561}, "ended_at": {"time_setup_models_and_sims.TimeBuildDFN.time_setup_DFN": 1640316111226, "time_setup_models_and_sims.TimeBuildDFNSimulation.time_setup_DFN_simulation": 1640316113743, "time_setup_models_and_sims.TimeBuildSPM.time_setup_SPM": 1640316115755, "time_setup_models_and_sims.TimeBuildSPMSimulation.time_setup_SPM_simulation": 1640316118623, "time_setup_models_and_sims.TimeBuildSPMe.time_setup_SPMe": 1640316121638, "time_setup_models_and_sims.TimeBuildSPMeSimulation.time_setup_SPMe_simulation": 1640316124505, "time_solve_models.TimeSolveDFN.time_solve_model": 1640316144381, "time_solve_models.TimeSolveSPM.time_solve_model": 1640316150561, "time_solve_models.TimeSolveSPMe.time_solve_model": 1640316159751}, "benchmark_version": {"time_setup_models_and_sims.TimeBuildDFN.time_setup_DFN": "5f322e51e6b7e66125ee6949bdf25746005db467e8ffcfdcb3ace170e92bbc3d", "time_setup_models_and_sims.TimeBuildDFNSimulation.time_setup_DFN_simulation": "8de44bc542fa7d4ba28a80f24414a9444b5436673aaebba674918f5f0bfd0ebb", "time_setup_models_and_sims.TimeBuildSPM.time_setup_SPM": "0d0b3f5c67fc2da9a5794c66b70af5a45a09558d1ee95f738745385adb84fbca", "time_setup_models_and_sims.TimeBuildSPMSimulation.time_setup_SPM_simulation": "161220a99418ce4487cc29325cbae897f28d0e44ae07e1dfbfaac2cbc53a4ff9", "time_setup_models_and_sims.TimeBuildSPMe.time_setup_SPMe": "6083f5ff944353395eb4b21c97b02af555fe6528de3cd5283f5e139943945235", "time_setup_models_and_sims.TimeBuildSPMeSimulation.time_setup_SPMe_simulation": "530563cb559427795e3648d9648df9250ae100b7721f69eec356bdda7798c55e", "time_solve_models.TimeSolveDFN.time_solve_model": "914137228e20e5900cec36b0d3865f1faa2f5d479c7d6c2539514791f9ec4430", "time_solve_models.TimeSolveSPM.time_solve_model": "ef1bb5f8d1ddfa59650e20438c4b252d73e5a062714848ce1d6d5269382bc598", "time_solve_models.TimeSolveSPMe.time_solve_model": "20672028872f4620ce85e909bae705d9490de441e926510b2b0e53ff0881d87b"}, "version": 1}