{"results": {"time_setup_models_and_sims.TimeBuildDFN.time_setup_DFN": {"result": [0.7017418515000031], "stats": [{"ci_99": [0.666196921000008, 0.7830111039999963], "q_25": 0.6839023734999969, "q_75": 0.7241001595000043, "min": 0.666196921000008, "max": 0.7830111039999963, "mean": 0.7088830329999993, "std": 0.03657167878322314, "repeat": 10, "number": 1}]}, "time_setup_models_and_sims.TimeBuildDFNSimulation.time_setup_DFN_simulation": {"result": [0.1612719800000022, 0.3770878249999967], "stats": [{"ci_99": [0.15151882099999625, 0.17167544600000895], "q_25": 0.15551915700001473, "q_75": 0.16641630475000468, "min": 0.15151882099999625, "max": 0.17167544600000895, "mean": 0.16115163090000523, "std": 0.0065751865748436686, "repeat": 10, "number": 1}, {"ci_99": [0.3615814519999958, 0.3858896730000083], "q_25": 0.3724076479999887, "q_75": 0.37875544099999203, "min": 0.3615814519999958, "max": 0.3858896730000083, "mean": 0.37580950049999584, "std": 0.006238366671184382, "repeat": 10, "number": 1}], "params": [["False", "True"]]}, "time_setup_models_and_sims.TimeBuildSPM.time_setup_SPM": {"result": [0.41031418749999204], "stats": [{"ci_99": [0.3987631700000094, 0.43980020000000764], "q_25": 0.4005031005000106, "q_75": 0.4260456662499834, "min": 0.3987631700000094, "max": 0.43980020000000764, "mean": 0.41383304490000083, "std": 0.014393178724700353, "repeat": 10, "number": 1}]}, "time_setup_models_and_sims.TimeBuildSPMSimulation.time_setup_SPM_simulation": {"result": [0.1840671720000131, 0.41144317500000227], "stats": [{"ci_99": [0.17246574900001121, 0.18759216799998057], "q_25": 0.18056879450000451, "q_75": 0.18605621400001127, "min": 0.17246574900001121, "max": 0.18759216799998057, "mean": 0.18253652200000658, "std": 0.00463710669692644, "repeat": 10, "number": 1}, {"ci_99": [0.39306036799999333, 0.4271181950000198], "q_25": 0.40259128675000255, "q_75": 0.4155453090000023, "min": 0.39306036799999333, "max": 0.4271181950000198, "mean": 0.4102305044000033, "std": 0.010293228032877008, "repeat": 10, "number": 1}], "params": [["False", "True"]]}, "time_setup_models_and_sims.TimeBuildSPMe.time_setup_SPMe": {"result": [0.5925723180000091], "stats": [{"ci_99": [0.5795564319999897, 0.6247632930000009], "q_25": 0.5842604920000021, "q_75": 0.605280126249994, "min": 0.5795564319999897, "max": 0.6247632930000009, "mean": 0.5965004559999982, "std": 0.014161857090207484, "repeat": 10, "number": 1}]}, "time_setup_models_and_sims.TimeBuildSPMeSimulation.time_setup_SPMe_simulation": {"result": [0.17783948050001186, 0.43211958750000434], "stats": [{"ci_99": [0.16957023100000868, 0.18964086999999097], "q_25": 0.17278147474999628, "q_75": 0.17995072875000417, "min": 0.16957023100000868, "max": 0.18964086999999097, "mean": 0.17798976150000384, "std": 0.006147181626116525, "repeat": 10, "number": 1}, {"ci_99": [0.4133693889999961, 0.46574868899999444], "q_25": 0.42566456249999973, "q_75": 0.44778147049999717, "min": 0.4133693889999961, "max": 0.46574868899999444, "mean": 0.4359965181000021, "std": 0.0151500300233165, "repeat": 10, "number": 1}], "params": [["False", "True"]]}, "time_solve_models.TimeSolveDFN.time_solve_model": {"result": [0.5597602710000018, 0.7371333939999829], "stats": [{"ci_99": [0.5469659979999903, 0.5770880310000166], "q_25": 0.5512126447499952, "q_75": 0.567379874750003, "min": 0.5469659979999903, "max": 0.5770880310000166, "mean": 0.5604377072999995, "std": 0.010357918164553555, "repeat": 10, "number": 1}, {"ci_99": [0.6941958029999853, 0.7803550590000157], "q_25": 0.7167116980000046, "q_75": 0.7576724949999942, "min": 0.6941958029999853, "max": 0.7803550590000157, "mean": 0.7359756191999992, "std": 0.026734499405976428, "repeat": 10, "number": 1}], "params": [["True", "False"]]}, "time_solve_models.TimeSolveSPM.time_solve_model": {"result": [0.024845809500007476, 0.049581581999987634], "stats": [{"ci_99": [0.023797558000012486, 0.02950276999999346], "q_25": 0.024544258500000637, "q_75": 0.02627178799999541, "min": 0.023797558000012486, "max": 0.02950276999999346, "mean": 0.025578211199999146, "std": 0.0016217085792334033, "repeat": 10, "number": 1}, {"ci_99": [0.04673983699998985, 0.05866464100000712], "q_25": 0.04744589550001166, "q_75": 0.054695013249990154, "min": 0.04673983699998985, "max": 0.05866464100000712, "mean": 0.05106134559999589, "std": 0.004069958548822564, "repeat": 10, "number": 1}], "params": [["True", "False"]]}, "time_solve_models.TimeSolveSPMe.time_solve_model": {"result": [0.03800951549999354, 0.08183065800000122], "stats": [{"ci_99": [0.03602031400001238, 0.040635898000005], "q_25": 0.03685141324999108, "q_75": 0.03835724699999332, "min": 0.03602031400001238, "max": 0.040635898000005, "mean": 0.03792370280000057, "std": 0.0013442482241446247, "repeat": 10, "number": 1}, {"ci_99": [0.07903379100000052, 0.08700347399999941], "q_25": 0.08100783049998483, "q_75": 0.08307377449998654, "min": 0.07903379100000052, "max": 0.08700347399999941, "mean": 0.08219963859999382, "std": 0.0022267607852664824, "repeat": 10, "number": 1}], "params": [["True", "False"]]}}, "params": {"machine": "GitHubRunner", "python": "3.8"}, "requirements": {}, "commit_hash": "ccf5be76ef4c6afbe273afb2173773f61672297a", "date": 1640102294000, "env_name": "virtualenv-py3.8", "python": "3.8", "profiles": {}, "started_at": {"time_setup_models_and_sims.TimeBuildDFN.time_setup_DFN": 1640143367226, "time_setup_models_and_sims.TimeBuildDFNSimulation.time_setup_DFN_simulation": 1640143371791, "time_setup_models_and_sims.TimeBuildSPM.time_setup_SPM": 1640143375308, "time_setup_models_and_sims.TimeBuildSPMSimulation.time_setup_SPM_simulation": 1640143378119, "time_setup_models_and_sims.TimeBuildSPMe.time_setup_SPMe": 1640143382036, "time_setup_models_and_sims.TimeBuildSPMeSimulation.time_setup_SPMe_simulation": 1640143386050, "time_solve_models.TimeSolveDFN.time_solve_model": 1640143390067, "time_solve_models.TimeSolveSPM.time_solve_model": 1640143413584, "time_solve_models.TimeSolveSPMe.time_solve_model": 1640143422064}, "ended_at": {"time_setup_models_and_sims.TimeBuildDFN.time_setup_DFN": 1640143371791, "time_setup_models_and_sims.TimeBuildDFNSimulation.time_setup_DFN_simulation": 1640143375307, "time_setup_models_and_sims.TimeBuildSPM.time_setup_SPM": 1640143378118, "time_setup_models_and_sims.TimeBuildSPMSimulation.time_setup_SPM_simulation": 1640143382035, "time_setup_models_and_sims.TimeBuildSPMe.time_setup_SPMe": 1640143386049, "time_setup_models_and_sims.TimeBuildSPMeSimulation.time_setup_SPMe_simulation": 1640143390066, "time_solve_models.TimeSolveDFN.time_solve_model": 1640143413584, "time_solve_models.TimeSolveSPM.time_solve_model": 1640143422063, "time_solve_models.TimeSolveSPMe.time_solve_model": 1640143434202}, "benchmark_version": {"time_setup_models_and_sims.TimeBuildDFN.time_setup_DFN": "5f322e51e6b7e66125ee6949bdf25746005db467e8ffcfdcb3ace170e92bbc3d", "time_setup_models_and_sims.TimeBuildDFNSimulation.time_setup_DFN_simulation": "8de44bc542fa7d4ba28a80f24414a9444b5436673aaebba674918f5f0bfd0ebb", "time_setup_models_and_sims.TimeBuildSPM.time_setup_SPM": "0d0b3f5c67fc2da9a5794c66b70af5a45a09558d1ee95f738745385adb84fbca", "time_setup_models_and_sims.TimeBuildSPMSimulation.time_setup_SPM_simulation": "161220a99418ce4487cc29325cbae897f28d0e44ae07e1dfbfaac2cbc53a4ff9", "time_setup_models_and_sims.TimeBuildSPMe.time_setup_SPMe": "6083f5ff944353395eb4b21c97b02af555fe6528de3cd5283f5e139943945235", "time_setup_models_and_sims.TimeBuildSPMeSimulation.time_setup_SPMe_simulation": "530563cb559427795e3648d9648df9250ae100b7721f69eec356bdda7798c55e", "time_solve_models.TimeSolveDFN.time_solve_model": "914137228e20e5900cec36b0d3865f1faa2f5d479c7d6c2539514791f9ec4430", "time_solve_models.TimeSolveSPM.time_solve_model": "ef1bb5f8d1ddfa59650e20438c4b252d73e5a062714848ce1d6d5269382bc598", "time_solve_models.TimeSolveSPMe.time_solve_model": "20672028872f4620ce85e909bae705d9490de441e926510b2b0e53ff0881d87b"}, "version": 1}