{"results": {"time_setup_models_and_sims.TimeBuildDFN.time_setup_DFN": {"result": [0.46323832500002027], "stats": [{"ci_99": [0.45844434500003217, 0.4875135670000077], "q_25": 0.45978982675002555, "q_75": 0.48132656574998123, "min": 0.45844434500003217, "max": 0.4875135670000077, "mean": 0.4693156679000083, "std": 0.011645845529487544, "repeat": 10, "number": 1}]}, "time_setup_models_and_sims.TimeBuildDFNSimulation.time_setup_DFN_simulation": {"result": [0.12416266800002518, 0.30263228600003345], "stats": [{"ci_99": [0.12316890799996827, 0.13476761499998702], "q_25": 0.12381444775003558, "q_75": 0.126807275250016, "min": 0.12316890799996827, "max": 0.13476761499998702, "mean": 0.12579822420000825, "std": 0.0033322522846450375, "repeat": 10, "number": 1}, {"ci_99": [0.2916914249999536, 0.31454837000001135], "q_25": 0.3012806702499944, "q_75": 0.3061813722500091, "min": 0.2916914249999536, "max": 0.31454837000001135, "mean": 0.303253561300005, "std": 0.005739406100660889, "repeat": 10, "number": 1}], "params": [["False", "True"]]}, "time_setup_models_and_sims.TimeBuildSPM.time_setup_SPM": {"result": [0.27392153449997636], "stats": [{"ci_99": [0.2718472829999996, 0.28040676099999473], "q_25": 0.27287523050001994, "q_75": 0.27619857075001164, "min": 0.2718472829999996, "max": 0.28040676099999473, "mean": 0.2747666891000051, "std": 0.0025261625128850606, "repeat": 10, "number": 1}]}, "time_setup_models_and_sims.TimeBuildSPMSimulation.time_setup_SPM_simulation": {"result": [0.12267381600003091, 0.2763612020000039], "stats": [{"ci_99": [0.11931913699999086, 0.12838137900001811], "q_25": 0.12097114524998176, "q_75": 0.12320982100001743, "min": 0.11931913699999086, "max": 0.12838137900001811, "mean": 0.12284681700000988, "std": 0.002666188497436769, "repeat": 10, "number": 1}, {"ci_99": [0.2681402389999903, 0.28204167600000574], "q_25": 0.2746574787500009, "q_75": 0.28060244925002564, "min": 0.2681402389999903, "max": 0.28204167600000574, "mean": 0.27632483820000286, "std": 0.004587401972365893, "repeat": 10, "number": 1}], "params": [["False", "True"]]}, "time_setup_models_and_sims.TimeBuildSPMe.time_setup_SPMe": {"result": [0.3984925690000125], "stats": [{"ci_99": [0.38887696100005087, 0.4055785599999808], "q_25": 0.39489681299998836, "q_75": 0.40186278200002334, "min": 0.38887696100005087, "max": 0.4055785599999808, "mean": 0.39816015360000845, "std": 0.005103486690586064, "repeat": 10, "number": 1}]}, "time_setup_models_and_sims.TimeBuildSPMeSimulation.time_setup_SPMe_simulation": {"result": [0.12895580900001846, 0.3177552240000239], "stats": [{"ci_99": [0.12718720599997368, 0.13746934899995722], "q_25": 0.12834140024997964, "q_75": 0.1312197137499993, "min": 0.12718720599997368, "max": 0.13746934899995722, "mean": 0.13013866969999413, "std": 0.0029230054389645433, "repeat": 10, "number": 1}, {"ci_99": [0.30697025099999564, 0.32631273099997316], "q_25": 0.3143065752500007, "q_75": 0.32087699474999454, "min": 0.30697025099999564, "max": 0.32631273099997316, "mean": 0.31741442329999925, "std": 0.00612669458468846, "repeat": 10, "number": 1}], "params": [["False", "True"]]}, "time_solve_models.TimeSolveDFN.time_solve_model": {"result": [0.5206449204999899, 0.6879390825000087], "stats": [{"ci_99": [0.5144942300000253, 0.5265592840000295], "q_25": 0.5194557660000072, "q_75": 0.521779481999971, "min": 0.5144942300000253, "max": 0.5265592840000295, "mean": 0.5208035931999973, "std": 0.003276803148696438, "repeat": 10, "number": 1}, {"ci_99": [0.6771696859999565, 0.6926526089999925], "q_25": 0.6820342709999778, "q_75": 0.6886849510000133, "min": 0.6771696859999565, "max": 0.6926526089999925, "mean": 0.6856592900999943, "std": 0.004784079066443043, "repeat": 10, "number": 1}], "params": [["True", "False"]]}, "time_solve_models.TimeSolveSPM.time_solve_model": {"result": [0.019700830999994423, 0.041231714999980795], "stats": [{"ci_99": [0.019343256000013298, 0.020809550000024046], "q_25": 0.019568321750028872, "q_75": 0.02007802774997458, "min": 0.019343256000013298, "max": 0.020809550000024046, "mean": 0.01984543940000094, "std": 0.00044374562651927, "repeat": 10, "number": 1}, {"ci_99": [0.040085336999993615, 0.04365085300003102], "q_25": 0.04083227775001319, "q_75": 0.04164217425000061, "min": 0.040085336999993615, "max": 0.04365085300003102, "mean": 0.0413855242000011, "std": 0.0010424021661873451, "repeat": 10, "number": 1}], "params": [["True", "False"]]}, "time_solve_models.TimeSolveSPMe.time_solve_model": {"result": [0.03229864150000594, 0.0738526754999782], "stats": [{"ci_99": [0.03098317999996425, 0.03467557400000487], "q_25": 0.03125434450002729, "q_75": 0.033022419499985745, "min": 0.03098317999996425, "max": 0.03467557400000487, "mean": 0.032342364399994494, "std": 0.001139938905833485, "repeat": 10, "number": 1}, {"ci_99": [0.06919351800002005, 0.0796567660000278], "q_25": 0.07291056949996744, "q_75": 0.07548906675002343, "min": 0.06919351800002005, "max": 0.0796567660000278, "mean": 0.07440051510000104, "std": 0.0030881287686091797, "repeat": 10, "number": 1}], "params": [["True", "False"]]}}, "params": {"machine": "GitHubRunner", "python": "3.8"}, "requirements": {}, "commit_hash": "cd2be50be4a81fcc5106b85f37eacc3ca7aea96a", "date": 1624906973000, "env_name": "virtualenv-py3.8", "python": "3.8", "profiles": {}, "started_at": {"time_setup_models_and_sims.TimeBuildDFN.time_setup_DFN": 1624937029383, "time_setup_models_and_sims.TimeBuildDFNSimulation.time_setup_DFN_simulation": 1624937032498, "time_setup_models_and_sims.TimeBuildSPM.time_setup_SPM": 1624937035369, "time_setup_models_and_sims.TimeBuildSPMSimulation.time_setup_SPM_simulation": 1624937037281, "time_setup_models_and_sims.TimeBuildSPMe.time_setup_SPMe": 1624937039949, "time_setup_models_and_sims.TimeBuildSPMeSimulation.time_setup_SPMe_simulation": 1624937042663, "time_solve_models.TimeSolveDFN.time_solve_model": 1624937045583, "time_solve_models.TimeSolveSPM.time_solve_model": 1624937065310, "time_solve_models.TimeSolveSPMe.time_solve_model": 1624937071542}, "ended_at": {"time_setup_models_and_sims.TimeBuildDFN.time_setup_DFN": 1624937032498, "time_setup_models_and_sims.TimeBuildDFNSimulation.time_setup_DFN_simulation": 1624937035368, "time_setup_models_and_sims.TimeBuildSPM.time_setup_SPM": 1624937037280, "time_setup_models_and_sims.TimeBuildSPMSimulation.time_setup_SPM_simulation": 1624937039949, "time_setup_models_and_sims.TimeBuildSPMe.time_setup_SPMe": 1624937042663, "time_setup_models_and_sims.TimeBuildSPMeSimulation.time_setup_SPMe_simulation": 1624937045582, "time_solve_models.TimeSolveDFN.time_solve_model": 1624937065310, "time_solve_models.TimeSolveSPM.time_solve_model": 1624937071541, "time_solve_models.TimeSolveSPMe.time_solve_model": 1624937080484}, "benchmark_version": {"time_setup_models_and_sims.TimeBuildDFN.time_setup_DFN": "5f322e51e6b7e66125ee6949bdf25746005db467e8ffcfdcb3ace170e92bbc3d", "time_setup_models_and_sims.TimeBuildDFNSimulation.time_setup_DFN_simulation": "8de44bc542fa7d4ba28a80f24414a9444b5436673aaebba674918f5f0bfd0ebb", "time_setup_models_and_sims.TimeBuildSPM.time_setup_SPM": "0d0b3f5c67fc2da9a5794c66b70af5a45a09558d1ee95f738745385adb84fbca", "time_setup_models_and_sims.TimeBuildSPMSimulation.time_setup_SPM_simulation": "161220a99418ce4487cc29325cbae897f28d0e44ae07e1dfbfaac2cbc53a4ff9", "time_setup_models_and_sims.TimeBuildSPMe.time_setup_SPMe": "6083f5ff944353395eb4b21c97b02af555fe6528de3cd5283f5e139943945235", "time_setup_models_and_sims.TimeBuildSPMeSimulation.time_setup_SPMe_simulation": "530563cb559427795e3648d9648df9250ae100b7721f69eec356bdda7798c55e", "time_solve_models.TimeSolveDFN.time_solve_model": "914137228e20e5900cec36b0d3865f1faa2f5d479c7d6c2539514791f9ec4430", "time_solve_models.TimeSolveSPM.time_solve_model": "ef1bb5f8d1ddfa59650e20438c4b252d73e5a062714848ce1d6d5269382bc598", "time_solve_models.TimeSolveSPMe.time_solve_model": "20672028872f4620ce85e909bae705d9490de441e926510b2b0e53ff0881d87b"}, "version": 1}