{"results": {"time_setup_models_and_sims.TimeBuildDFN.time_setup_DFN": {"result": [0.49211321449999446], "stats": [{"ci_99": [0.474918582000015, 0.5042634899999996], "q_25": 0.4862620502500121, "q_75": 0.4944971009999932, "min": 0.474918582000015, "max": 0.5042634899999996, "mean": 0.4906680415999972, "std": 0.008135978407600842, "repeat": 10, "number": 1}]}, "time_setup_models_and_sims.TimeBuildDFNSimulation.time_setup_DFN_simulation": {"result": [0.12822706200000766, 0.31610129549997623], "stats": [{"ci_99": [0.1227297300000032, 0.13781216099999938], "q_25": 0.12552526524997631, "q_75": 0.1347315102500204, "min": 0.1227297300000032, "max": 0.13781216099999938, "mean": 0.12979888339999662, "std": 0.005255971301080921, "repeat": 10, "number": 1}, {"ci_99": [0.2990897050000285, 0.33019697100002077], "q_25": 0.31188810525002, "q_75": 0.3172269829999692, "min": 0.2990897050000285, "max": 0.33019697100002077, "mean": 0.3153894544999957, "std": 0.007821522805322069, "repeat": 10, "number": 1}], "params": [["False", "True"]]}, "time_setup_models_and_sims.TimeBuildSPM.time_setup_SPM": {"result": [0.28577634199999125], "stats": [{"ci_99": [0.2795562230000428, 0.2948494480000363], "q_25": 0.2844440382499869, "q_75": 0.29212894024998093, "min": 0.2795562230000428, "max": 0.2948494480000363, "mean": 0.28732244330000184, "std": 0.004822804513473365, "repeat": 10, "number": 1}]}, "time_setup_models_and_sims.TimeBuildSPMSimulation.time_setup_SPM_simulation": {"result": [0.1250550690000125, 0.2825188209999965], "stats": [{"ci_99": [0.12214259399996763, 0.13829337099997474], "q_25": 0.12333579099995973, "q_75": 0.12951596549999067, "min": 0.12214259399996763, "max": 0.13829337099997474, "mean": 0.1268223254999839, "std": 0.00483612842736014, "repeat": 10, "number": 1}, {"ci_99": [0.27806673300000284, 0.2912655549999954], "q_25": 0.28141244375001406, "q_75": 0.2856912035000363, "min": 0.27806673300000284, "max": 0.2912655549999954, "mean": 0.2833245092000084, "std": 0.0037208232430392825, "repeat": 10, "number": 1}], "params": [["False", "True"]]}, "time_setup_models_and_sims.TimeBuildSPMe.time_setup_SPMe": {"result": [0.41567793500001926], "stats": [{"ci_99": [0.3915833410000005, 0.4296738300000129], "q_25": 0.41065731175000053, "q_75": 0.4208552227499922, "min": 0.3915833410000005, "max": 0.4296738300000129, "mean": 0.4148650882999959, "std": 0.010057130602296115, "repeat": 10, "number": 1}]}, "time_setup_models_and_sims.TimeBuildSPMeSimulation.time_setup_SPMe_simulation": {"result": [0.13505118649999304, 0.32975751700001865], "stats": [{"ci_99": [0.13034463499997173, 0.1414586319999671], "q_25": 0.13319661049997933, "q_75": 0.13800602099998116, "min": 0.13034463499997173, "max": 0.1414586319999671, "mean": 0.1354706207999868, "std": 0.00329563172331504, "repeat": 10, "number": 1}, {"ci_99": [0.32434940299998516, 0.3404015639999898], "q_25": 0.3255981237500265, "q_75": 0.33478476574997273, "min": 0.32434940299998516, "max": 0.3404015639999898, "mean": 0.3306116732000078, "std": 0.005470780818392778, "repeat": 10, "number": 1}], "params": [["False", "True"]]}, "time_solve_models.TimeSolveDFN.time_solve_model": {"result": [0.541302050000013, 0.7118666114999996], "stats": [{"ci_99": [0.52323801, 0.5635626099999627], "q_25": 0.5317983850000445, "q_75": 0.5515589897499922, "min": 0.52323801, "max": 0.5635626099999627, "mean": 0.5419681453999999, "std": 0.012209065538419273, "repeat": 10, "number": 1}, {"ci_99": [0.7022485109999934, 0.7456982790000097], "q_25": 0.7090448125000108, "q_75": 0.7228780289999719, "min": 0.7022485109999934, "max": 0.7456982790000097, "mean": 0.7162862955999969, "std": 0.012072910912450491, "repeat": 10, "number": 1}], "params": [["True", "False"]]}, "time_solve_models.TimeSolveSPM.time_solve_model": {"result": [0.020819978999981004, 0.04196877750001704], "stats": [{"ci_99": [0.018759019999947668, 0.02322387100002743], "q_25": 0.019522539500002267, "q_75": 0.02175814725001146, "min": 0.018759019999947668, "max": 0.02322387100002743, "mean": 0.020806459299996048, "std": 0.0013866089306327272, "repeat": 10, "number": 1}, {"ci_99": [0.03952705900002229, 0.04484837800004016], "q_25": 0.0414311234999758, "q_75": 0.04282916225002964, "min": 0.03952705900002229, "max": 0.04484837800004016, "mean": 0.04215937830001053, "std": 0.0014204850049758927, "repeat": 10, "number": 1}], "params": [["True", "False"]]}, "time_solve_models.TimeSolveSPMe.time_solve_model": {"result": [0.0346461775000364, 0.0757441725000092], "stats": [{"ci_99": [0.030926789999966786, 0.03619609500003662], "q_25": 0.03233305500000938, "q_75": 0.03578231275001542, "min": 0.030926789999966786, "max": 0.03619609500003662, "mean": 0.03408952180001279, "std": 0.0018954520941519455, "repeat": 10, "number": 1}, {"ci_99": [0.06846415000001116, 0.08232957100000249], "q_25": 0.07234608000000264, "q_75": 0.0782062340000067, "min": 0.06846415000001116, "max": 0.08232957100000249, "mean": 0.07548309960000665, "std": 0.004224282983121701, "repeat": 10, "number": 1}], "params": [["True", "False"]]}}, "params": {"machine": "GitHubRunner", "python": "3.8"}, "requirements": {}, "commit_hash": "cd2be50be4a81fcc5106b85f37eacc3ca7aea96a", "date": 1624906973000, "env_name": "virtualenv-py3.8", "python": "3.8", "profiles": {}, "started_at": {"time_setup_models_and_sims.TimeBuildDFN.time_setup_DFN": 1625023402648, "time_setup_models_and_sims.TimeBuildDFNSimulation.time_setup_DFN_simulation": 1625023405973, "time_setup_models_and_sims.TimeBuildSPM.time_setup_SPM": 1625023408945, "time_setup_models_and_sims.TimeBuildSPMSimulation.time_setup_SPM_simulation": 1625023410958, "time_setup_models_and_sims.TimeBuildSPMe.time_setup_SPMe": 1625023413732, "time_setup_models_and_sims.TimeBuildSPMeSimulation.time_setup_SPMe_simulation": 1625023416596, "time_solve_models.TimeSolveDFN.time_solve_model": 1625023419723, "time_solve_models.TimeSolveSPM.time_solve_model": 1625023440157, "time_solve_models.TimeSolveSPMe.time_solve_model": 1625023446690}, "ended_at": {"time_setup_models_and_sims.TimeBuildDFN.time_setup_DFN": 1625023405972, "time_setup_models_and_sims.TimeBuildDFNSimulation.time_setup_DFN_simulation": 1625023408944, "time_setup_models_and_sims.TimeBuildSPM.time_setup_SPM": 1625023410957, "time_setup_models_and_sims.TimeBuildSPMSimulation.time_setup_SPM_simulation": 1625023413731, "time_setup_models_and_sims.TimeBuildSPMe.time_setup_SPMe": 1625023416596, "time_setup_models_and_sims.TimeBuildSPMeSimulation.time_setup_SPMe_simulation": 1625023419722, "time_solve_models.TimeSolveDFN.time_solve_model": 1625023440156, "time_solve_models.TimeSolveSPM.time_solve_model": 1625023446690, "time_solve_models.TimeSolveSPMe.time_solve_model": 1625023456044}, "benchmark_version": {"time_setup_models_and_sims.TimeBuildDFN.time_setup_DFN": "5f322e51e6b7e66125ee6949bdf25746005db467e8ffcfdcb3ace170e92bbc3d", "time_setup_models_and_sims.TimeBuildDFNSimulation.time_setup_DFN_simulation": "8de44bc542fa7d4ba28a80f24414a9444b5436673aaebba674918f5f0bfd0ebb", "time_setup_models_and_sims.TimeBuildSPM.time_setup_SPM": "0d0b3f5c67fc2da9a5794c66b70af5a45a09558d1ee95f738745385adb84fbca", "time_setup_models_and_sims.TimeBuildSPMSimulation.time_setup_SPM_simulation": "161220a99418ce4487cc29325cbae897f28d0e44ae07e1dfbfaac2cbc53a4ff9", "time_setup_models_and_sims.TimeBuildSPMe.time_setup_SPMe": "6083f5ff944353395eb4b21c97b02af555fe6528de3cd5283f5e139943945235", "time_setup_models_and_sims.TimeBuildSPMeSimulation.time_setup_SPMe_simulation": "530563cb559427795e3648d9648df9250ae100b7721f69eec356bdda7798c55e", "time_solve_models.TimeSolveDFN.time_solve_model": "914137228e20e5900cec36b0d3865f1faa2f5d479c7d6c2539514791f9ec4430", "time_solve_models.TimeSolveSPM.time_solve_model": "ef1bb5f8d1ddfa59650e20438c4b252d73e5a062714848ce1d6d5269382bc598", "time_solve_models.TimeSolveSPMe.time_solve_model": "20672028872f4620ce85e909bae705d9490de441e926510b2b0e53ff0881d87b"}, "version": 1}