{"results": {"time_setup_models_and_sims.TimeBuildDFN.time_setup_DFN": {"result": [0.4637048080000028], "stats": [{"ci_99": [0.4593961429999922, 0.46746005200000695], "q_25": 0.46189193500000414, "q_75": 0.4654577525000114, "min": 0.4593961429999922, "max": 0.46746005200000695, "mean": 0.463624384500001, "std": 0.002439938603230803, "repeat": 10, "number": 1}]}, "time_setup_models_and_sims.TimeBuildDFNSimulation.time_setup_DFN_simulation": {"result": [0.12815231900001578, 0.3100186844999939], "stats": [{"ci_99": [0.12762243200000967, 0.13045297600001504], "q_25": 0.12781433550000543, "q_75": 0.12929685149999415, "min": 0.12762243200000967, "max": 0.13045297600001504, "mean": 0.12859441250000572, "std": 0.0010330308920261102, "repeat": 10, "number": 1}, {"ci_99": [0.30676281500001323, 0.31252882299999385], "q_25": 0.30888132800001955, "q_75": 0.31125031675000514, "min": 0.30676281500001323, "max": 0.31252882299999385, "mean": 0.30990083900000087, "std": 0.001880843197258376, "repeat": 10, "number": 1}], "params": [["False", "True"]]}, "time_setup_models_and_sims.TimeBuildSPM.time_setup_SPM": {"result": [0.2796731904999916], "stats": [{"ci_99": [0.278410966999985, 0.2804227320000052], "q_25": 0.27882532449999076, "q_75": 0.2801768492500045, "min": 0.278410966999985, "max": 0.2804227320000052, "mean": 0.27952557439999737, "std": 0.0007029309564621476, "repeat": 10, "number": 1}]}, "time_setup_models_and_sims.TimeBuildSPMSimulation.time_setup_SPM_simulation": {"result": [0.12291366900001321, 0.28319306700001334], "stats": [{"ci_99": [0.12221583099997702, 0.1261401780000142], "q_25": 0.12280000150000348, "q_75": 0.12381299399998369, "min": 0.12221583099997702, "max": 0.1261401780000142, "mean": 0.12337621450000143, "std": 0.0011165930108809937, "repeat": 10, "number": 1}, {"ci_99": [0.2807332419999966, 0.2847505690000105], "q_25": 0.2816167175000075, "q_75": 0.28414256725000087, "min": 0.2807332419999966, "max": 0.2847505690000105, "mean": 0.2829178449000011, "std": 0.001413019074128008, "repeat": 10, "number": 1}], "params": [["False", "True"]]}, "time_setup_models_and_sims.TimeBuildSPMe.time_setup_SPMe": {"result": [0.4022250314999951], "stats": [{"ci_99": [0.39969717599998944, 0.40693694600000185], "q_25": 0.40158279450000833, "q_75": 0.40547611124999605, "min": 0.39969717599998944, "max": 0.40693694600000185, "mean": 0.40317106019999754, "std": 0.0023152751807780925, "repeat": 10, "number": 1}]}, "time_setup_models_and_sims.TimeBuildSPMeSimulation.time_setup_SPMe_simulation": {"result": [0.13284313699999473, 0.32668443899999033], "stats": [{"ci_99": [0.13146491400001992, 0.1343535849999853], "q_25": 0.13225858374998722, "q_75": 0.13334076524999716, "min": 0.13146491400001992, "max": 0.1343535849999853, "mean": 0.1329068838999973, "std": 0.0008544097990418007, "repeat": 10, "number": 1}, {"ci_99": [0.32604877200000715, 0.32954824600000165], "q_25": 0.3263704302500017, "q_75": 0.3273317390000017, "min": 0.32604877200000715, "max": 0.32954824600000165, "mean": 0.32698293300000214, "std": 0.0009967302620171221, "repeat": 10, "number": 1}], "params": [["False", "True"]]}, "time_solve_models.TimeSolveDFN.time_solve_model": {"result": [0.5221307350000046, 0.6872570435000114], "stats": [{"ci_99": [0.5170506810000006, 0.5253324410000175], "q_25": 0.5189995074999985, "q_75": 0.5248555722499901, "min": 0.5170506810000006, "max": 0.5253324410000175, "mean": 0.5218487995999993, "std": 0.003066799653496075, "repeat": 10, "number": 1}, {"ci_99": [0.6800108749999936, 0.6913313450000089], "q_25": 0.6840867145000047, "q_75": 0.6894288440000125, "min": 0.6800108749999936, "max": 0.6913313450000089, "mean": 0.6864829517000061, "std": 0.003893678861499254, "repeat": 10, "number": 1}], "params": [["True", "False"]]}, "time_solve_models.TimeSolveSPM.time_solve_model": {"result": [0.01959422150000023, 0.04034870499999954], "stats": [{"ci_99": [0.01942968000000178, 0.019814268999994056], "q_25": 0.019564095249997138, "q_75": 0.019692449750003505, "min": 0.01942968000000178, "max": 0.019814268999994056, "mean": 0.01961771990000045, "std": 0.00011312325956266529, "repeat": 10, "number": 1}, {"ci_99": [0.04012801100000729, 0.0408682130000102], "q_25": 0.04019956300000871, "q_75": 0.04057950200000704, "min": 0.04012801100000729, "max": 0.0408682130000102, "mean": 0.04041608850000387, "std": 0.0002581560657315466, "repeat": 10, "number": 1}], "params": [["True", "False"]]}, "time_solve_models.TimeSolveSPMe.time_solve_model": {"result": [0.031186683499996093, 0.07225759249999442], "stats": [{"ci_99": [0.03106355200000621, 0.031499363000023095], "q_25": 0.031103828249989363, "q_75": 0.03134653724999481, "min": 0.03106355200000621, "max": 0.031499363000023095, "mean": 0.031228072799999042, "std": 0.00014257029779291203, "repeat": 10, "number": 1}, {"ci_99": [0.07178704400001834, 0.0731260759999941], "q_25": 0.07211550074999451, "q_75": 0.07234766025000283, "min": 0.07178704400001834, "max": 0.0731260759999941, "mean": 0.0722881607000005, "std": 0.0003381737963756318, "repeat": 10, "number": 1}], "params": [["True", "False"]]}}, "params": {"machine": "GitHubRunner", "python": "3.8"}, "requirements": {}, "commit_hash": "cd2be50be4a81fcc5106b85f37eacc3ca7aea96a", "date": 1624906973000, "env_name": "virtualenv-py3.8", "python": "3.8", "profiles": {}, "started_at": {"time_setup_models_and_sims.TimeBuildDFN.time_setup_DFN": 1625282536765, "time_setup_models_and_sims.TimeBuildDFNSimulation.time_setup_DFN_simulation": 1625282539879, "time_setup_models_and_sims.TimeBuildSPM.time_setup_SPM": 1625282542745, "time_setup_models_and_sims.TimeBuildSPMSimulation.time_setup_SPM_simulation": 1625282544705, "time_setup_models_and_sims.TimeBuildSPMe.time_setup_SPMe": 1625282547421, "time_setup_models_and_sims.TimeBuildSPMeSimulation.time_setup_SPMe_simulation": 1625282550183, "time_solve_models.TimeSolveDFN.time_solve_model": 1625282553250, "time_solve_models.TimeSolveSPM.time_solve_model": 1625282572663, "time_solve_models.TimeSolveSPMe.time_solve_model": 1625282578688}, "ended_at": {"time_setup_models_and_sims.TimeBuildDFN.time_setup_DFN": 1625282539879, "time_setup_models_and_sims.TimeBuildDFNSimulation.time_setup_DFN_simulation": 1625282542744, "time_setup_models_and_sims.TimeBuildSPM.time_setup_SPM": 1625282544705, "time_setup_models_and_sims.TimeBuildSPMSimulation.time_setup_SPM_simulation": 1625282547420, "time_setup_models_and_sims.TimeBuildSPMe.time_setup_SPMe": 1625282550183, "time_setup_models_and_sims.TimeBuildSPMeSimulation.time_setup_SPMe_simulation": 1625282553249, "time_solve_models.TimeSolveDFN.time_solve_model": 1625282572662, "time_solve_models.TimeSolveSPM.time_solve_model": 1625282578688, "time_solve_models.TimeSolveSPMe.time_solve_model": 1625282587272}, "benchmark_version": {"time_setup_models_and_sims.TimeBuildDFN.time_setup_DFN": "5f322e51e6b7e66125ee6949bdf25746005db467e8ffcfdcb3ace170e92bbc3d", "time_setup_models_and_sims.TimeBuildDFNSimulation.time_setup_DFN_simulation": "8de44bc542fa7d4ba28a80f24414a9444b5436673aaebba674918f5f0bfd0ebb", "time_setup_models_and_sims.TimeBuildSPM.time_setup_SPM": "0d0b3f5c67fc2da9a5794c66b70af5a45a09558d1ee95f738745385adb84fbca", "time_setup_models_and_sims.TimeBuildSPMSimulation.time_setup_SPM_simulation": "161220a99418ce4487cc29325cbae897f28d0e44ae07e1dfbfaac2cbc53a4ff9", "time_setup_models_and_sims.TimeBuildSPMe.time_setup_SPMe": "6083f5ff944353395eb4b21c97b02af555fe6528de3cd5283f5e139943945235", "time_setup_models_and_sims.TimeBuildSPMeSimulation.time_setup_SPMe_simulation": "530563cb559427795e3648d9648df9250ae100b7721f69eec356bdda7798c55e", "time_solve_models.TimeSolveDFN.time_solve_model": "914137228e20e5900cec36b0d3865f1faa2f5d479c7d6c2539514791f9ec4430", "time_solve_models.TimeSolveSPM.time_solve_model": "ef1bb5f8d1ddfa59650e20438c4b252d73e5a062714848ce1d6d5269382bc598", "time_solve_models.TimeSolveSPMe.time_solve_model": "20672028872f4620ce85e909bae705d9490de441e926510b2b0e53ff0881d87b"}, "version": 1}