{"results": {"time_setup_models_and_sims.TimeBuildDFN.time_setup_DFN": {"result": [0.5536131474999877], "stats": [{"ci_99": [0.5502497350000226, 0.558720988999994], "q_25": 0.5527241132499938, "q_75": 0.5545280617500339, "min": 0.5502497350000226, "max": 0.558720988999994, "mean": 0.553977105100006, "std": 0.0023751708896776738, "repeat": 10, "number": 1}]}, "time_setup_models_and_sims.TimeBuildDFNSimulation.time_setup_DFN_simulation": {"result": [0.15455160150000324, 0.37630295050001905], "stats": [{"ci_99": [0.15046876299999212, 0.16155474999999342], "q_25": 0.15127337099998783, "q_75": 0.15888570700002447, "min": 0.15046876299999212, "max": 0.16155474999999342, "mean": 0.1550674483000023, "std": 0.003962416555971324, "repeat": 10, "number": 1}, {"ci_99": [0.365159962000007, 0.3969693259999758], "q_25": 0.36632617124999456, "q_75": 0.39093736474998764, "min": 0.365159962000007, "max": 0.3969693259999758, "mean": 0.3786583401999962, "std": 0.012608065063729527, "repeat": 10, "number": 1}], "params": [["False", "True"]]}, "time_setup_models_and_sims.TimeBuildSPM.time_setup_SPM": {"result": [0.33546035150001785], "stats": [{"ci_99": [0.3286408929999993, 0.35989308199998504], "q_25": 0.32909540000001414, "q_75": 0.34596520124998165, "min": 0.3286408929999993, "max": 0.35989308199998504, "mean": 0.33924005409999153, "std": 0.011218043219040704, "repeat": 10, "number": 1}]}, "time_setup_models_and_sims.TimeBuildSPMSimulation.time_setup_SPM_simulation": {"result": [0.14852049249998345, 0.33758982300000184], "stats": [{"ci_99": [0.14376612000000932, 0.16416965199999822], "q_25": 0.1442974079999999, "q_75": 0.15293886649998, "min": 0.14376612000000932, "max": 0.16416965199999822, "mean": 0.14972980999999663, "std": 0.006236172554904158, "repeat": 10, "number": 1}, {"ci_99": [0.3294674510000277, 0.35746420599997464], "q_25": 0.33066666300001657, "q_75": 0.34839210274999743, "min": 0.3294674510000277, "max": 0.35746420599997464, "mean": 0.34039106330000096, "std": 0.010794002735809155, "repeat": 10, "number": 1}], "params": [["False", "True"]]}, "time_setup_models_and_sims.TimeBuildSPMe.time_setup_SPMe": {"result": [0.4764848580000205], "stats": [{"ci_99": [0.4746333790000108, 0.48467799399998057], "q_25": 0.47597707024998215, "q_75": 0.47765339024999776, "min": 0.4746333790000108, "max": 0.48467799399998057, "mean": 0.4773809126000003, "std": 0.0027185811857974728, "repeat": 10, "number": 1}]}, "time_setup_models_and_sims.TimeBuildSPMeSimulation.time_setup_SPMe_simulation": {"result": [0.15969900999996867, 0.3914107600000136], "stats": [{"ci_99": [0.15608693999996603, 0.17131195700000035], "q_25": 0.1563761360000342, "q_75": 0.1645358442499827, "min": 0.15608693999996603, "max": 0.17131195700000035, "mean": 0.1608613039999966, "std": 0.00497387756405304, "repeat": 10, "number": 1}, {"ci_99": [0.3831743920000008, 0.40639641500001744], "q_25": 0.3839084859999957, "q_75": 0.39825345249998634, "min": 0.3831743920000008, "max": 0.40639641500001744, "mean": 0.3919349501000056, "std": 0.008253524978358353, "repeat": 10, "number": 1}], "params": [["False", "True"]]}, "time_solve_models.TimeSolveDFN.time_solve_model": {"result": [0.6130738874999793, 0.8077362749999963], "stats": [{"ci_99": [0.6064322390000143, 0.6184014030000071], "q_25": 0.6114597922500025, "q_75": 0.6153270077499684, "min": 0.6064322390000143, "max": 0.6184014030000071, "mean": 0.6128739743999858, "std": 0.003340828776200145, "repeat": 10, "number": 1}, {"ci_99": [0.7989036600000077, 0.812640870999985], "q_25": 0.8060880537500026, "q_75": 0.8095091574999884, "min": 0.7989036600000077, "max": 0.812640870999985, "mean": 0.8072453161999988, "std": 0.003737949185313796, "repeat": 10, "number": 1}], "params": [["True", "False"]]}, "time_solve_models.TimeSolveSPM.time_solve_model": {"result": [0.023563649999999825, 0.04792080799998644], "stats": [{"ci_99": [0.02332448099997464, 0.02393212700002323], "q_25": 0.023437039750007216, "q_75": 0.023674131749999106, "min": 0.02332448099997464, "max": 0.02393212700002323, "mean": 0.023581870499998558, "std": 0.00018599464864526107, "repeat": 10, "number": 1}, {"ci_99": [0.04772198400002026, 0.04828788499997927], "q_25": 0.04785719275002975, "q_75": 0.048135128749990486, "min": 0.04772198400002026, "max": 0.04828788499997927, "mean": 0.04797366190000503, "std": 0.00018799010924041342, "repeat": 10, "number": 1}], "params": [["True", "False"]]}, "time_solve_models.TimeSolveSPMe.time_solve_model": {"result": [0.03752743250001345, 0.08530409949997875], "stats": [{"ci_99": [0.03717033499998479, 0.0378259820000153], "q_25": 0.03736644325000782, "q_75": 0.03760232775000816, "min": 0.03717033499998479, "max": 0.0378259820000153, "mean": 0.03749921080000718, "std": 0.00017712094203921534, "repeat": 10, "number": 1}, {"ci_99": [0.08428139899996268, 0.0860583279999787], "q_25": 0.08495319174997462, "q_75": 0.08580977875000428, "min": 0.08428139899996268, "max": 0.0860583279999787, "mean": 0.08530653099998631, "std": 0.0005402959099255081, "repeat": 10, "number": 1}], "params": [["True", "False"]]}}, "params": {"machine": "GitHubRunner", "python": "3.8"}, "requirements": {}, "commit_hash": "cd2be50be4a81fcc5106b85f37eacc3ca7aea96a", "date": 1624906973000, "env_name": "virtualenv-py3.8", "python": "3.8", "profiles": {}, "started_at": {"time_setup_models_and_sims.TimeBuildDFN.time_setup_DFN": 1625368955068, "time_setup_models_and_sims.TimeBuildDFNSimulation.time_setup_DFN_simulation": 1625368958786, "time_setup_models_and_sims.TimeBuildSPM.time_setup_SPM": 1625368962407, "time_setup_models_and_sims.TimeBuildSPMSimulation.time_setup_SPM_simulation": 1625368964670, "time_setup_models_and_sims.TimeBuildSPMe.time_setup_SPMe": 1625368967841, "time_setup_models_and_sims.TimeBuildSPMeSimulation.time_setup_SPMe_simulation": 1625368971156, "time_solve_models.TimeSolveDFN.time_solve_model": 1625368974880, "time_solve_models.TimeSolveSPM.time_solve_model": 1625368998115, "time_solve_models.TimeSolveSPMe.time_solve_model": 1625369005202}, "ended_at": {"time_setup_models_and_sims.TimeBuildDFN.time_setup_DFN": 1625368958786, "time_setup_models_and_sims.TimeBuildDFNSimulation.time_setup_DFN_simulation": 1625368962405, "time_setup_models_and_sims.TimeBuildSPM.time_setup_SPM": 1625368964670, "time_setup_models_and_sims.TimeBuildSPMSimulation.time_setup_SPM_simulation": 1625368967840, "time_setup_models_and_sims.TimeBuildSPMe.time_setup_SPMe": 1625368971156, "time_setup_models_and_sims.TimeBuildSPMeSimulation.time_setup_SPMe_simulation": 1625368974879, "time_solve_models.TimeSolveDFN.time_solve_model": 1625368998114, "time_solve_models.TimeSolveSPM.time_solve_model": 1625369005201, "time_solve_models.TimeSolveSPMe.time_solve_model": 1625369015341}, "benchmark_version": {"time_setup_models_and_sims.TimeBuildDFN.time_setup_DFN": "5f322e51e6b7e66125ee6949bdf25746005db467e8ffcfdcb3ace170e92bbc3d", "time_setup_models_and_sims.TimeBuildDFNSimulation.time_setup_DFN_simulation": "8de44bc542fa7d4ba28a80f24414a9444b5436673aaebba674918f5f0bfd0ebb", "time_setup_models_and_sims.TimeBuildSPM.time_setup_SPM": "0d0b3f5c67fc2da9a5794c66b70af5a45a09558d1ee95f738745385adb84fbca", "time_setup_models_and_sims.TimeBuildSPMSimulation.time_setup_SPM_simulation": "161220a99418ce4487cc29325cbae897f28d0e44ae07e1dfbfaac2cbc53a4ff9", "time_setup_models_and_sims.TimeBuildSPMe.time_setup_SPMe": "6083f5ff944353395eb4b21c97b02af555fe6528de3cd5283f5e139943945235", "time_setup_models_and_sims.TimeBuildSPMeSimulation.time_setup_SPMe_simulation": "530563cb559427795e3648d9648df9250ae100b7721f69eec356bdda7798c55e", "time_solve_models.TimeSolveDFN.time_solve_model": "914137228e20e5900cec36b0d3865f1faa2f5d479c7d6c2539514791f9ec4430", "time_solve_models.TimeSolveSPM.time_solve_model": "ef1bb5f8d1ddfa59650e20438c4b252d73e5a062714848ce1d6d5269382bc598", "time_solve_models.TimeSolveSPMe.time_solve_model": "20672028872f4620ce85e909bae705d9490de441e926510b2b0e53ff0881d87b"}, "version": 1}