{"results": {"time_setup_models_and_sims.TimeBuildDFN.time_setup_DFN": {"result": [0.5449966335000056], "stats": [{"ci_99": [0.5396980749999898, 0.5526235930000212], "q_25": 0.5419897804999891, "q_75": 0.5479040035000224, "min": 0.5396980749999898, "max": 0.5526235930000212, "mean": 0.5452448305000075, "std": 0.003967288236009968, "repeat": 10, "number": 1}]}, "time_setup_models_and_sims.TimeBuildDFNSimulation.time_setup_DFN_simulation": {"result": [0.1485917630000131, 0.35829888600000004], "stats": [{"ci_99": [0.1468544310000084, 0.1494949230000202], "q_25": 0.1471077722499814, "q_75": 0.14894716224998206, "min": 0.1468544310000084, "max": 0.1494949230000202, "mean": 0.14818815769999674, "std": 0.0009813835817339257, "repeat": 10, "number": 1}, {"ci_99": [0.35606296700001394, 0.363464012999998], "q_25": 0.35658517224999287, "q_75": 0.36083333874999823, "min": 0.35606296700001394, "max": 0.363464012999998, "mean": 0.35880350699999897, "std": 0.0024463134068084384, "repeat": 10, "number": 1}], "params": [["False", "True"]]}, "time_setup_models_and_sims.TimeBuildSPM.time_setup_SPM": {"result": [0.32877790050000044], "stats": [{"ci_99": [0.3257980530000282, 0.3335551619999819], "q_25": 0.3269002860000114, "q_75": 0.33266926425001486, "min": 0.3257980530000282, "max": 0.3335551619999819, "mean": 0.3295557681000048, "std": 0.002855699484796454, "repeat": 10, "number": 1}]}, "time_setup_models_and_sims.TimeBuildSPMSimulation.time_setup_SPM_simulation": {"result": [0.1411867379999876, 0.3230884645000174], "stats": [{"ci_99": [0.1389403229999857, 0.1430806269999607], "q_25": 0.14054846749998262, "q_75": 0.1414239292500099, "min": 0.1389403229999857, "max": 0.1430806269999607, "mean": 0.1410756399999798, "std": 0.0010965957375337406, "repeat": 10, "number": 1}, {"ci_99": [0.3193891669999971, 0.3289798939999855], "q_25": 0.3204404880000027, "q_75": 0.3265098064999563, "min": 0.3193891669999971, "max": 0.3289798939999855, "mean": 0.3235457902999997, "std": 0.003296019393461334, "repeat": 10, "number": 1}], "params": [["False", "True"]]}, "time_setup_models_and_sims.TimeBuildSPMe.time_setup_SPMe": {"result": [0.47416430199999127], "stats": [{"ci_99": [0.4680609040000263, 0.4804843290000349], "q_25": 0.4720241097499951, "q_75": 0.476826822750013, "min": 0.4680609040000263, "max": 0.4804843290000349, "mean": 0.4744925786000067, "std": 0.0037994298993668327, "repeat": 10, "number": 1}]}, "time_setup_models_and_sims.TimeBuildSPMeSimulation.time_setup_SPMe_simulation": {"result": [0.15440002450000634, 0.3795042845000296], "stats": [{"ci_99": [0.15260425499997154, 0.1571327810000298], "q_25": 0.15363299525000684, "q_75": 0.15496010825002315, "min": 0.15260425499997154, "max": 0.1571327810000298, "mean": 0.15451215110000477, "std": 0.001358488395863242, "repeat": 10, "number": 1}, {"ci_99": [0.3778945700000236, 0.3820736890000376], "q_25": 0.378365783500044, "q_75": 0.3808109432499833, "min": 0.3778945700000236, "max": 0.3820736890000376, "mean": 0.37966263230002256, "std": 0.0013712275904396644, "repeat": 10, "number": 1}], "params": [["False", "True"]]}, "time_solve_models.TimeSolveDFN.time_solve_model": {"result": [0.6073881904999894, 0.8030328225000289], "stats": [{"ci_99": [0.5979260299999964, 0.6360400979999667], "q_25": 0.6034679464999755, "q_75": 0.6126808747499979, "min": 0.5979260299999964, "max": 0.6360400979999667, "mean": 0.6096194236999907, "std": 0.010279115031406164, "repeat": 10, "number": 1}, {"ci_99": [0.791540499000007, 0.8181321069999967], "q_25": 0.8015450492500094, "q_75": 0.8071217292499995, "min": 0.791540499000007, "max": 0.8181321069999967, "mean": 0.8041467493000084, "std": 0.006466978596785565, "repeat": 10, "number": 1}], "params": [["True", "False"]]}, "time_solve_models.TimeSolveSPM.time_solve_model": {"result": [0.023357967500004406, 0.048055780999987974], "stats": [{"ci_99": [0.02276942600002485, 0.023776601999998093], "q_25": 0.023010388249986136, "q_75": 0.02349325149998549, "min": 0.02276942600002485, "max": 0.023776601999998093, "mean": 0.023290082500000153, "std": 0.0003121304823109315, "repeat": 10, "number": 1}, {"ci_99": [0.04715918499999816, 0.048572192999984054], "q_25": 0.04780411250000327, "q_75": 0.04815798075001965, "min": 0.04715918499999816, "max": 0.048572192999984054, "mean": 0.04793174280000016, "std": 0.00040145802507364053, "repeat": 10, "number": 1}], "params": [["True", "False"]]}, "time_solve_models.TimeSolveSPMe.time_solve_model": {"result": [0.03735232150000911, 0.08507413050000423], "stats": [{"ci_99": [0.03644215299999587, 0.03771946800003434], "q_25": 0.03721801625003707, "q_75": 0.03746591224999918, "min": 0.03644215299999587, "max": 0.03771946800003434, "mean": 0.03723194010000839, "std": 0.00041046800862269586, "repeat": 10, "number": 1}, {"ci_99": [0.08405115699997623, 0.08545605599999817], "q_25": 0.08497152074998837, "q_75": 0.08538720525000087, "min": 0.08405115699997623, "max": 0.08545605599999817, "mean": 0.08504672830000004, "std": 0.0004088005665646104, "repeat": 10, "number": 1}], "params": [["True", "False"]]}}, "params": {"machine": "GitHubRunner", "python": "3.8"}, "requirements": {}, "commit_hash": "cd2be50be4a81fcc5106b85f37eacc3ca7aea96a", "date": 1624906973000, "env_name": "virtualenv-py3.8", "python": "3.8", "profiles": {}, "started_at": {"time_setup_models_and_sims.TimeBuildDFN.time_setup_DFN": 1625109801448, "time_setup_models_and_sims.TimeBuildDFNSimulation.time_setup_DFN_simulation": 1625109805116, "time_setup_models_and_sims.TimeBuildSPM.time_setup_SPM": 1625109808438, "time_setup_models_and_sims.TimeBuildSPMSimulation.time_setup_SPM_simulation": 1625109810751, "time_setup_models_and_sims.TimeBuildSPMe.time_setup_SPMe": 1625109813823, "time_setup_models_and_sims.TimeBuildSPMeSimulation.time_setup_SPMe_simulation": 1625109817090, "time_solve_models.TimeSolveDFN.time_solve_model": 1625109820613, "time_solve_models.TimeSolveSPM.time_solve_model": 1625109843654, "time_solve_models.TimeSolveSPMe.time_solve_model": 1625109850890}, "ended_at": {"time_setup_models_and_sims.TimeBuildDFN.time_setup_DFN": 1625109805116, "time_setup_models_and_sims.TimeBuildDFNSimulation.time_setup_DFN_simulation": 1625109808437, "time_setup_models_and_sims.TimeBuildSPM.time_setup_SPM": 1625109810751, "time_setup_models_and_sims.TimeBuildSPMSimulation.time_setup_SPM_simulation": 1625109813822, "time_setup_models_and_sims.TimeBuildSPMe.time_setup_SPMe": 1625109817089, "time_setup_models_and_sims.TimeBuildSPMeSimulation.time_setup_SPMe_simulation": 1625109820612, "time_solve_models.TimeSolveDFN.time_solve_model": 1625109843653, "time_solve_models.TimeSolveSPM.time_solve_model": 1625109850890, "time_solve_models.TimeSolveSPMe.time_solve_model": 1625109861086}, "benchmark_version": {"time_setup_models_and_sims.TimeBuildDFN.time_setup_DFN": "5f322e51e6b7e66125ee6949bdf25746005db467e8ffcfdcb3ace170e92bbc3d", "time_setup_models_and_sims.TimeBuildDFNSimulation.time_setup_DFN_simulation": "8de44bc542fa7d4ba28a80f24414a9444b5436673aaebba674918f5f0bfd0ebb", "time_setup_models_and_sims.TimeBuildSPM.time_setup_SPM": "0d0b3f5c67fc2da9a5794c66b70af5a45a09558d1ee95f738745385adb84fbca", "time_setup_models_and_sims.TimeBuildSPMSimulation.time_setup_SPM_simulation": "161220a99418ce4487cc29325cbae897f28d0e44ae07e1dfbfaac2cbc53a4ff9", "time_setup_models_and_sims.TimeBuildSPMe.time_setup_SPMe": "6083f5ff944353395eb4b21c97b02af555fe6528de3cd5283f5e139943945235", "time_setup_models_and_sims.TimeBuildSPMeSimulation.time_setup_SPMe_simulation": "530563cb559427795e3648d9648df9250ae100b7721f69eec356bdda7798c55e", "time_solve_models.TimeSolveDFN.time_solve_model": "914137228e20e5900cec36b0d3865f1faa2f5d479c7d6c2539514791f9ec4430", "time_solve_models.TimeSolveSPM.time_solve_model": "ef1bb5f8d1ddfa59650e20438c4b252d73e5a062714848ce1d6d5269382bc598", "time_solve_models.TimeSolveSPMe.time_solve_model": "20672028872f4620ce85e909bae705d9490de441e926510b2b0e53ff0881d87b"}, "version": 1}