{"results": {"time_setup_models_and_sims.TimeBuildDFN.time_setup_DFN": {"result": [0.47481735350000065], "stats": [{"ci_99": [0.47228090400000156, 0.4791119280000089], "q_25": 0.47378899699998556, "q_75": 0.47692431224998444, "min": 0.47228090400000156, "max": 0.4791119280000089, "mean": 0.4752948692999979, "std": 0.0021847686227145255, "repeat": 10, "number": 1}]}, "time_setup_models_and_sims.TimeBuildDFNSimulation.time_setup_DFN_simulation": {"result": [0.13046302649999575, 0.31546574749999934], "stats": [{"ci_99": [0.1291211159999932, 0.13296649199998], "q_25": 0.12950388250001055, "q_75": 0.13088108425000655, "min": 0.1291211159999932, "max": 0.13296649199998, "mean": 0.13040787850000016, "std": 0.001084526596460133, "repeat": 10, "number": 1}, {"ci_99": [0.31200008400000456, 0.3180800949999991], "q_25": 0.3146266064999992, "q_75": 0.31603120699999465, "min": 0.31200008400000456, "max": 0.3180800949999991, "mean": 0.3152581134999991, "std": 0.0016503014710999, "repeat": 10, "number": 1}], "params": [["False", "True"]]}, "time_setup_models_and_sims.TimeBuildSPM.time_setup_SPM": {"result": [0.28573665349999544], "stats": [{"ci_99": [0.2841500369999892, 0.2886926950000088], "q_25": 0.2850626745000113, "q_75": 0.2872839237500031, "min": 0.2841500369999892, "max": 0.2886926950000088, "mean": 0.2861842948000032, "std": 0.001406694566264481, "repeat": 10, "number": 1}]}, "time_setup_models_and_sims.TimeBuildSPMSimulation.time_setup_SPM_simulation": {"result": [0.12500287250000497, 0.28690939300000196], "stats": [{"ci_99": [0.12418081999999231, 0.12797519400001534], "q_25": 0.124470040750019, "q_75": 0.1254942672499837, "min": 0.12418081999999231, "max": 0.12797519400001534, "mean": 0.12521109350000187, "std": 0.0010563268840777292, "repeat": 10, "number": 1}, {"ci_99": [0.28521496199999774, 0.28858189300001413], "q_25": 0.28567761125000146, "q_75": 0.28748554700000994, "min": 0.28521496199999774, "max": 0.28858189300001413, "mean": 0.2868150855000039, "std": 0.0011659189909456198, "repeat": 10, "number": 1}], "params": [["False", "True"]]}, "time_setup_models_and_sims.TimeBuildSPMe.time_setup_SPMe": {"result": [0.4135097194999986], "stats": [{"ci_99": [0.4096895410000059, 0.4161328650000087], "q_25": 0.41108209774999693, "q_75": 0.41410005100000546, "min": 0.4096895410000059, "max": 0.4161328650000087, "mean": 0.4128908652000007, "std": 0.0019168695746338772, "repeat": 10, "number": 1}]}, "time_setup_models_and_sims.TimeBuildSPMeSimulation.time_setup_SPMe_simulation": {"result": [0.13444158999999445, 0.3304318615000028], "stats": [{"ci_99": [0.1334889879999821, 0.13589040300001898], "q_25": 0.1338476462499898, "q_75": 0.13501153449998782, "min": 0.1334889879999821, "max": 0.13589040300001898, "mean": 0.13447920119999424, "std": 0.0007234552458651062, "repeat": 10, "number": 1}, {"ci_99": [0.3292876719999924, 0.33493598299997984], "q_25": 0.32977634049999693, "q_75": 0.3308514612499991, "min": 0.3292876719999924, "max": 0.33493598299997984, "mean": 0.3308030286999951, "std": 0.0015552332051173865, "repeat": 10, "number": 1}], "params": [["False", "True"]]}, "time_solve_models.TimeSolveDFN.time_solve_model": {"result": [0.5094759809999942, 0.6720955099999912], "stats": [{"ci_99": [0.5059059110000135, 0.5139147440000045], "q_25": 0.5072346262499963, "q_75": 0.5109479270000037, "min": 0.5059059110000135, "max": 0.5139147440000045, "mean": 0.5096008585999983, "std": 0.0026524237641216137, "repeat": 10, "number": 1}, {"ci_99": [0.6703732899999864, 0.678690343999989], "q_25": 0.6711217069999975, "q_75": 0.6741420214999891, "min": 0.6703732899999864, "max": 0.678690343999989, "mean": 0.6730615363999931, "std": 0.0026139202486022803, "repeat": 10, "number": 1}], "params": [["True", "False"]]}, "time_solve_models.TimeSolveSPM.time_solve_model": {"result": [0.019707819500013102, 0.0408288155000065], "stats": [{"ci_99": [0.019556280999978526, 0.02001637500001152], "q_25": 0.019601328499987858, "q_75": 0.019776481999997486, "min": 0.019556280999978526, "max": 0.02001637500001152, "mean": 0.019724545599999033, "std": 0.00014161335155164314, "repeat": 10, "number": 1}, {"ci_99": [0.040575961000001826, 0.04160218000001237], "q_25": 0.04067480124999179, "q_75": 0.04090686000001398, "min": 0.040575961000001826, "max": 0.04160218000001237, "mean": 0.04086643370000616, "std": 0.00027730258723420196, "repeat": 10, "number": 1}], "params": [["True", "False"]]}, "time_solve_models.TimeSolveSPMe.time_solve_model": {"result": [0.03129407549999996, 0.07275960500000167], "stats": [{"ci_99": [0.03119848500000444, 0.0319767000000013], "q_25": 0.03125962699999718, "q_75": 0.03151294174998753, "min": 0.03119848500000444, "max": 0.0319767000000013, "mean": 0.03141775349999989, "std": 0.00024845400536136646, "repeat": 10, "number": 1}, {"ci_99": [0.07238117800000055, 0.07374475600002484], "q_25": 0.072577905750002, "q_75": 0.0732471587500001, "min": 0.07238117800000055, "max": 0.07374475600002484, "mean": 0.07291185190000249, "std": 0.0004349507962729217, "repeat": 10, "number": 1}], "params": [["True", "False"]]}}, "params": {"machine": "GitHubRunner", "python": "3.8"}, "requirements": {}, "commit_hash": "cd2be50be4a81fcc5106b85f37eacc3ca7aea96a", "date": 1624906973000, "env_name": "virtualenv-py3.8", "python": "3.8", "profiles": {}, "started_at": {"time_setup_models_and_sims.TimeBuildDFN.time_setup_DFN": 1625455365013, "time_setup_models_and_sims.TimeBuildDFNSimulation.time_setup_DFN_simulation": 1625455368228, "time_setup_models_and_sims.TimeBuildSPM.time_setup_SPM": 1625455371196, "time_setup_models_and_sims.TimeBuildSPMSimulation.time_setup_SPM_simulation": 1625455373156, "time_setup_models_and_sims.TimeBuildSPMe.time_setup_SPMe": 1625455375921, "time_setup_models_and_sims.TimeBuildSPMeSimulation.time_setup_SPMe_simulation": 1625455378734, "time_solve_models.TimeSolveDFN.time_solve_model": 1625455381802, "time_solve_models.TimeSolveSPM.time_solve_model": 1625455401224, "time_solve_models.TimeSolveSPMe.time_solve_model": 1625455407300}, "ended_at": {"time_setup_models_and_sims.TimeBuildDFN.time_setup_DFN": 1625455368228, "time_setup_models_and_sims.TimeBuildDFNSimulation.time_setup_DFN_simulation": 1625455371195, "time_setup_models_and_sims.TimeBuildSPM.time_setup_SPM": 1625455373156, "time_setup_models_and_sims.TimeBuildSPMSimulation.time_setup_SPM_simulation": 1625455375921, "time_setup_models_and_sims.TimeBuildSPMe.time_setup_SPMe": 1625455378734, "time_setup_models_and_sims.TimeBuildSPMeSimulation.time_setup_SPMe_simulation": 1625455381801, "time_solve_models.TimeSolveDFN.time_solve_model": 1625455401223, "time_solve_models.TimeSolveSPM.time_solve_model": 1625455407299, "time_solve_models.TimeSolveSPMe.time_solve_model": 1625455415983}, "benchmark_version": {"time_setup_models_and_sims.TimeBuildDFN.time_setup_DFN": "5f322e51e6b7e66125ee6949bdf25746005db467e8ffcfdcb3ace170e92bbc3d", "time_setup_models_and_sims.TimeBuildDFNSimulation.time_setup_DFN_simulation": "8de44bc542fa7d4ba28a80f24414a9444b5436673aaebba674918f5f0bfd0ebb", "time_setup_models_and_sims.TimeBuildSPM.time_setup_SPM": "0d0b3f5c67fc2da9a5794c66b70af5a45a09558d1ee95f738745385adb84fbca", "time_setup_models_and_sims.TimeBuildSPMSimulation.time_setup_SPM_simulation": "161220a99418ce4487cc29325cbae897f28d0e44ae07e1dfbfaac2cbc53a4ff9", "time_setup_models_and_sims.TimeBuildSPMe.time_setup_SPMe": "6083f5ff944353395eb4b21c97b02af555fe6528de3cd5283f5e139943945235", "time_setup_models_and_sims.TimeBuildSPMeSimulation.time_setup_SPMe_simulation": "530563cb559427795e3648d9648df9250ae100b7721f69eec356bdda7798c55e", "time_solve_models.TimeSolveDFN.time_solve_model": "914137228e20e5900cec36b0d3865f1faa2f5d479c7d6c2539514791f9ec4430", "time_solve_models.TimeSolveSPM.time_solve_model": "ef1bb5f8d1ddfa59650e20438c4b252d73e5a062714848ce1d6d5269382bc598", "time_solve_models.TimeSolveSPMe.time_solve_model": "20672028872f4620ce85e909bae705d9490de441e926510b2b0e53ff0881d87b"}, "version": 1}