{"results": {"time_setup_models_and_sims.TimeBuildDFN.time_setup_DFN": {"result": [1.0613649420000684], "stats": [{"ci_99": [1.0188569549998192, 1.1151845970000522], "q_25": 1.0406086752500414, "q_75": 1.086958282750004, "min": 1.0188569549998192, "max": 1.1151845970000522, "mean": 1.0628635305999978, "std": 0.029755551780411553, "repeat": 10, "number": 1}]}, "time_setup_models_and_sims.TimeBuildDFNSimulation.time_setup_DFN_simulation": {"result": [0.14155209750003905, 0.22059662300000582], "stats": [{"ci_99": [0.13012012200010759, 0.15290617599998768], "q_25": 0.13688690875005705, "q_75": 0.14631991349995133, "min": 0.13012012200010759, "max": 0.15290617599998768, "mean": 0.141501338199987, "std": 0.006688090864859894, "repeat": 10, "number": 1}, {"ci_99": [0.20971226299980117, 0.24432799999999588], "q_25": 0.2125905922499669, "q_75": 0.23053453499989018, "min": 0.20971226299980117, "max": 0.24432799999999588, "mean": 0.22254373469995697, "std": 0.011252652421707931, "repeat": 10, "number": 1}], "params": [["False", "True"]]}, "time_setup_models_and_sims.TimeBuildSPM.time_setup_SPM": {"result": [0.688224825500015], "stats": [{"ci_99": [0.6583520470001076, 0.7835267779998958], "q_25": 0.6738852135000002, "q_75": 0.7082842222499721, "min": 0.6583520470001076, "max": 0.7835267779998958, "mean": 0.6964521813000146, "std": 0.0338440413752049, "repeat": 10, "number": 1}]}, "time_setup_models_and_sims.TimeBuildSPMSimulation.time_setup_SPM_simulation": {"result": [0.2957121619999725, 0.3745230704998903], "stats": [{"ci_99": [0.28087410399984947, 0.3183850620000612], "q_25": 0.28683483825000167, "q_75": 0.3115058377499622, "min": 0.28087410399984947, "max": 0.3183850620000612, "mean": 0.29853966779994606, "std": 0.012927314276377923, "repeat": 10, "number": 1}, {"ci_99": [0.33461340999997446, 0.41900529000008646], "q_25": 0.3500427607500569, "q_75": 0.38384453949987574, "min": 0.33461340999997446, "max": 0.41900529000008646, "mean": 0.3712090854999815, "std": 0.025780936375201742, "repeat": 10, "number": 1}], "params": [["False", "True"]]}, "time_setup_models_and_sims.TimeBuildSPMe.time_setup_SPMe": {"result": [0.8546137665000515], "stats": [{"ci_99": [0.7807253479998053, 0.8890288090001377], "q_25": 0.8469570887499458, "q_75": 0.8575975355000764, "min": 0.7807253479998053, "max": 0.8890288090001377, "mean": 0.8439695226999901, "std": 0.03236324861694381, "repeat": 10, "number": 1}]}, "time_setup_models_and_sims.TimeBuildSPMeSimulation.time_setup_SPMe_simulation": {"result": [0.1573800305000077, 0.24776221599995552], "stats": [{"ci_99": [0.14699843600010354, 0.17778928100005942], "q_25": 0.14928332400000954, "q_75": 0.16992441249993817, "min": 0.14699843600010354, "max": 0.17778928100005942, "mean": 0.16012443600000098, "std": 0.011347981787732957, "repeat": 10, "number": 1}, {"ci_99": [0.2357964410000477, 0.28690938099998675], "q_25": 0.23807082800004764, "q_75": 0.26251402250011324, "min": 0.2357964410000477, "max": 0.28690938099998675, "mean": 0.2521128007000016, "std": 0.015929813803335198, "repeat": 10, "number": 1}], "params": [["False", "True"]]}, "time_solve_models.TimeSolveDFN.time_solve_model": {"result": [0.9418862584999488, 1.1623533380000026], "stats": [{"ci_99": [0.9287249562703245, 0.9646261327296584], "q_25": 0.9376354372500941, "q_75": 0.9567796217499449, "min": 0.9358555950000209, "max": 0.9624625819999437, "mean": 0.9466755444999914, "std": 0.010942128648551246, "repeat": 6, "number": 1}, {"ci_99": [1.118985303000045, 1.2260249079999994], "q_25": 1.1529187302500077, "q_75": 1.1711845320001544, "min": 1.118985303000045, "max": 1.2260249079999994, "mean": 1.164619039750022, "std": 0.02907783009083944, "repeat": 8, "number": 1}], "params": [["True", "False"]]}, "time_solve_models.TimeSolveSPM.time_solve_model": {"result": [0.04949651999993421, 0.09816369150007631], "stats": [{"ci_99": [0.04798406999998406, 0.05393339399984143], "q_25": 0.048285995249898406, "q_75": 0.05176525999996784, "min": 0.04798406999998406, "max": 0.05393339399984143, "mean": 0.050184607499954834, "std": 0.002165634486716038, "repeat": 10, "number": 1}, {"ci_99": [0.09508613200000582, 0.1067217970000911], "q_25": 0.09628922499985038, "q_75": 0.10205911749989127, "min": 0.09508613200000582, "max": 0.1067217970000911, "mean": 0.09958807000000433, "std": 0.0039208053463307005, "repeat": 10, "number": 1}], "params": [["True", "False"]]}, "time_solve_models.TimeSolveSPMe.time_solve_model": {"result": [0.07031123699994168, 0.15056387800007087], "stats": [{"ci_99": [0.06769087700013188, 0.08072373899995], "q_25": 0.06822782824997375, "q_75": 0.07254615250008101, "min": 0.06769087700013188, "max": 0.08072373899995, "mean": 0.07141869320000752, "std": 0.003955498556405348, "repeat": 10, "number": 1}, {"ci_99": [0.14128056699996705, 0.16030869299993356], "q_25": 0.14199913549987286, "q_75": 0.15462373875016056, "min": 0.14128056699996705, "max": 0.16030869299993356, "mean": 0.1494975618999888, "std": 0.006881934035748588, "repeat": 10, "number": 1}], "params": [["True", "False"]]}}, "params": {"machine": "GitHubRunner", "python": "3.8"}, "requirements": {}, "commit_hash": "cd9f8bee9e9e4ce139cff0ce3180207f4c0513cd", "date": 1612382027000, "env_name": "virtualenv-py3.8", "python": "3.8", "profiles": {}, "started_at": {"time_setup_models_and_sims.TimeBuildDFN.time_setup_DFN": 1613142671161, "time_setup_models_and_sims.TimeBuildDFNSimulation.time_setup_DFN_simulation": 1613142677934, "time_setup_models_and_sims.TimeBuildSPM.time_setup_SPM": 1613142680350, "time_setup_models_and_sims.TimeBuildSPMSimulation.time_setup_SPM_simulation": 1613142684766, "time_setup_models_and_sims.TimeBuildSPMe.time_setup_SPMe": 1613142689136, "time_setup_models_and_sims.TimeBuildSPMeSimulation.time_setup_SPMe_simulation": 1613142694506, "time_solve_models.TimeSolveDFN.time_solve_model": 1613142697373, "time_solve_models.TimeSolveSPM.time_solve_model": 1613142723806, "time_solve_models.TimeSolveSPMe.time_solve_model": 1613142736501}, "ended_at": {"time_setup_models_and_sims.TimeBuildDFN.time_setup_DFN": 1613142677933, "time_setup_models_and_sims.TimeBuildDFNSimulation.time_setup_DFN_simulation": 1613142680349, "time_setup_models_and_sims.TimeBuildSPM.time_setup_SPM": 1613142684766, "time_setup_models_and_sims.TimeBuildSPMSimulation.time_setup_SPM_simulation": 1613142689136, "time_setup_models_and_sims.TimeBuildSPMe.time_setup_SPMe": 1613142694505, "time_setup_models_and_sims.TimeBuildSPMeSimulation.time_setup_SPMe_simulation": 1613142697372, "time_solve_models.TimeSolveDFN.time_solve_model": 1613142723805, "time_solve_models.TimeSolveSPM.time_solve_model": 1613142736501, "time_solve_models.TimeSolveSPMe.time_solve_model": 1613142751552}, "benchmark_version": {"time_setup_models_and_sims.TimeBuildDFN.time_setup_DFN": "5f322e51e6b7e66125ee6949bdf25746005db467e8ffcfdcb3ace170e92bbc3d", "time_setup_models_and_sims.TimeBuildDFNSimulation.time_setup_DFN_simulation": "8de44bc542fa7d4ba28a80f24414a9444b5436673aaebba674918f5f0bfd0ebb", "time_setup_models_and_sims.TimeBuildSPM.time_setup_SPM": "0d0b3f5c67fc2da9a5794c66b70af5a45a09558d1ee95f738745385adb84fbca", "time_setup_models_and_sims.TimeBuildSPMSimulation.time_setup_SPM_simulation": "161220a99418ce4487cc29325cbae897f28d0e44ae07e1dfbfaac2cbc53a4ff9", "time_setup_models_and_sims.TimeBuildSPMe.time_setup_SPMe": "6083f5ff944353395eb4b21c97b02af555fe6528de3cd5283f5e139943945235", "time_setup_models_and_sims.TimeBuildSPMeSimulation.time_setup_SPMe_simulation": "530563cb559427795e3648d9648df9250ae100b7721f69eec356bdda7798c55e", "time_solve_models.TimeSolveDFN.time_solve_model": "914137228e20e5900cec36b0d3865f1faa2f5d479c7d6c2539514791f9ec4430", "time_solve_models.TimeSolveSPM.time_solve_model": "ef1bb5f8d1ddfa59650e20438c4b252d73e5a062714848ce1d6d5269382bc598", "time_solve_models.TimeSolveSPMe.time_solve_model": "20672028872f4620ce85e909bae705d9490de441e926510b2b0e53ff0881d87b"}, "version": 1}