{"results": {"time_setup_models_and_sims.TimeBuildDFN.time_setup_DFN": {"result": [1.1761658499999612], "stats": [{"ci_99": [1.1358154830004423, 1.2394498300000123], "q_25": 1.1445077892499285, "q_75": 1.1968516742497286, "min": 1.1358154830004423, "max": 1.2394498300000123, "mean": 1.1757402139999613, "std": 0.03177165153920514, "repeat": 10, "number": 1}]}, "time_setup_models_and_sims.TimeBuildDFNSimulation.time_setup_DFN_simulation": {"result": [0.2990455569997721, 0.590486066500489], "stats": [{"ci_99": [0.2796210209999117, 0.31559707399992476], "q_25": 0.2893637642500835, "q_75": 0.30984153724966745, "min": 0.2796210209999117, "max": 0.31559707399992476, "mean": 0.29948871079996026, "std": 0.011740747890927642, "repeat": 10, "number": 1}, {"ci_99": [0.5629033670002173, 0.6342288680007186], "q_25": 0.5737481357498382, "q_75": 0.6103624972497528, "min": 0.5629033670002173, "max": 0.6342288680007186, "mean": 0.5933925309001097, "std": 0.0233659947179875, "repeat": 10, "number": 1}], "params": [["False", "True"]]}, "time_setup_models_and_sims.TimeBuildSPM.time_setup_SPM": {"result": [0.7880977440004244], "stats": [{"ci_99": [0.7775871009998809, 0.8373961500001315], "q_25": 0.7830234690002271, "q_75": 0.8089753402496171, "min": 0.7775871009998809, "max": 0.8373961500001315, "mean": 0.7965948464001485, "std": 0.01911024705477764, "repeat": 10, "number": 1}]}, "time_setup_models_and_sims.TimeBuildSPMSimulation.time_setup_SPM_simulation": {"result": [0.37423049950029963, 0.7424656630005302], "stats": [{"ci_99": [0.3708236789998409, 0.4169930119996934], "q_25": 0.37267536100011966, "q_75": 0.3836957882504066, "min": 0.3708236789998409, "max": 0.4169930119996934, "mean": 0.38227584720007146, "std": 0.014654608359655739, "repeat": 10, "number": 1}, {"ci_99": [0.7171795800004475, 0.796660736999911], "q_25": 0.7231326829999034, "q_75": 0.7727477439996164, "min": 0.7171795800004475, "max": 0.796660736999911, "mean": 0.7480733853000856, "std": 0.027251607842606496, "repeat": 10, "number": 1}], "params": [["False", "True"]]}, "time_setup_models_and_sims.TimeBuildSPMe.time_setup_SPMe": {"result": [1.0162306664997232], "stats": [{"ci_99": [0.9623596499995983, 1.079258471000685], "q_25": 1.0054127057501319, "q_75": 1.0436020857493986, "min": 0.9623596499995983, "max": 1.079258471000685, "mean": 1.0208350609997978, "std": 0.03340151568662499, "repeat": 10, "number": 1}]}, "time_setup_models_and_sims.TimeBuildSPMeSimulation.time_setup_SPMe_simulation": {"result": [0.3076073674997133, 0.6014188799999829], "stats": [{"ci_99": [0.29871374999947875, 0.3269874540001183], "q_25": 0.3032394594995367, "q_75": 0.31339870775036616, "min": 0.29871374999947875, "max": 0.3269874540001183, "mean": 0.31032153719988853, "std": 0.009299770917223409, "repeat": 10, "number": 1}, {"ci_99": [0.5926524790002077, 0.6446734410001227], "q_25": 0.5956366752500344, "q_75": 0.6206196714997532, "min": 0.5926524790002077, "max": 0.6446734410001227, "mean": 0.6101772790000723, "std": 0.018232395399848982, "repeat": 10, "number": 1}], "params": [["False", "True"]]}, "time_solve_models.TimeSolveDFN.time_solve_model": {"result": [1.4026927939994493, 1.640945222499795], "stats": [{"ci_99": [1.2971561997281744, 1.4637086210717323], "q_25": 1.3501270409997232, "q_75": 1.409930448000523, "min": 1.3138393819999692, "max": 1.425572387000102, "mean": 1.3804324103999535, "std": 0.041848114016545125, "repeat": 5, "number": 1}, {"ci_99": [1.5818020601329945, 1.7020791638667478], "q_25": 1.6102367170001344, "q_75": 1.668203250249917, "min": 1.6017629239995586, "max": 1.6907004949998736, "mean": 1.6419406119998712, "std": 0.034720784901204255, "repeat": 6, "number": 1}], "params": [["True", "False"]]}, "time_solve_models.TimeSolveSPM.time_solve_model": {"result": [0.06318825449989163, 0.11778179799966892], "stats": [{"ci_99": [0.06150064400026167, 0.07245742200029781], "q_25": 0.0625652507499126, "q_75": 0.06832919225007572, "min": 0.06150064400026167, "max": 0.07245742200029781, "mean": 0.06534516060009991, "std": 0.0037122084623604674, "repeat": 10, "number": 1}, {"ci_99": [0.10644456699992588, 0.12354429099923436], "q_25": 0.11151565375052996, "q_75": 0.11990313750015957, "min": 0.10644456699992588, "max": 0.12354429099923436, "mean": 0.11588441439989765, "std": 0.005760557105015393, "repeat": 10, "number": 1}], "params": [["True", "False"]]}, "time_solve_models.TimeSolveSPMe.time_solve_model": {"result": [0.11214020750003328, 0.18209786099987468], "stats": [{"ci_99": [0.10266663800030074, 0.12842612499935058], "q_25": 0.10677231850013413, "q_75": 0.11944308575039031, "min": 0.10266663800030074, "max": 0.12842612499935058, "mean": 0.11349020690013276, "std": 0.008656742886045038, "repeat": 10, "number": 1}, {"ci_99": [0.17554816599931655, 0.19889152999985527], "q_25": 0.17895929000042088, "q_75": 0.1882020035000096, "min": 0.17554816599931655, "max": 0.19889152999985527, "mean": 0.1838485433999267, "std": 0.006870227558953229, "repeat": 10, "number": 1}], "params": [["True", "False"]]}}, "params": {"machine": "GitHubRunner", "python": "3.8"}, "requirements": {}, "commit_hash": "d431b5cfa155f53e527a2e2847a301a10c420b55", "date": 1601105081000, "env_name": "virtualenv-py3.8", "python": "3.8", "profiles": {}, "started_at": {"time_setup_models_and_sims.TimeBuildDFN.time_setup_DFN": 1613148651269, "time_setup_models_and_sims.TimeBuildDFNSimulation.time_setup_DFN_simulation": 1613148658696, "time_setup_models_and_sims.TimeBuildSPM.time_setup_SPM": 1613148664421, "time_setup_models_and_sims.TimeBuildSPMSimulation.time_setup_SPM_simulation": 1613148669493, "time_setup_models_and_sims.TimeBuildSPMe.time_setup_SPMe": 1613148676674, "time_setup_models_and_sims.TimeBuildSPMeSimulation.time_setup_SPMe_simulation": 1613148683149, "time_solve_models.TimeSolveDFN.time_solve_model": 1613148689074, "time_solve_models.TimeSolveSPM.time_solve_model": 1613148714406, "time_solve_models.TimeSolveSPMe.time_solve_model": 1613148728255}, "ended_at": {"time_setup_models_and_sims.TimeBuildDFN.time_setup_DFN": 1613148658695, "time_setup_models_and_sims.TimeBuildDFNSimulation.time_setup_DFN_simulation": 1613148664420, "time_setup_models_and_sims.TimeBuildSPM.time_setup_SPM": 1613148669492, "time_setup_models_and_sims.TimeBuildSPMSimulation.time_setup_SPM_simulation": 1613148676673, "time_setup_models_and_sims.TimeBuildSPMe.time_setup_SPMe": 1613148683148, "time_setup_models_and_sims.TimeBuildSPMeSimulation.time_setup_SPMe_simulation": 1613148689073, "time_solve_models.TimeSolveDFN.time_solve_model": 1613148714405, "time_solve_models.TimeSolveSPM.time_solve_model": 1613148728254, "time_solve_models.TimeSolveSPMe.time_solve_model": 1613148745711}, "benchmark_version": {"time_setup_models_and_sims.TimeBuildDFN.time_setup_DFN": "5f322e51e6b7e66125ee6949bdf25746005db467e8ffcfdcb3ace170e92bbc3d", "time_setup_models_and_sims.TimeBuildDFNSimulation.time_setup_DFN_simulation": "8de44bc542fa7d4ba28a80f24414a9444b5436673aaebba674918f5f0bfd0ebb", "time_setup_models_and_sims.TimeBuildSPM.time_setup_SPM": "0d0b3f5c67fc2da9a5794c66b70af5a45a09558d1ee95f738745385adb84fbca", "time_setup_models_and_sims.TimeBuildSPMSimulation.time_setup_SPM_simulation": "161220a99418ce4487cc29325cbae897f28d0e44ae07e1dfbfaac2cbc53a4ff9", "time_setup_models_and_sims.TimeBuildSPMe.time_setup_SPMe": "6083f5ff944353395eb4b21c97b02af555fe6528de3cd5283f5e139943945235", "time_setup_models_and_sims.TimeBuildSPMeSimulation.time_setup_SPMe_simulation": "530563cb559427795e3648d9648df9250ae100b7721f69eec356bdda7798c55e", "time_solve_models.TimeSolveDFN.time_solve_model": "914137228e20e5900cec36b0d3865f1faa2f5d479c7d6c2539514791f9ec4430", "time_solve_models.TimeSolveSPM.time_solve_model": "ef1bb5f8d1ddfa59650e20438c4b252d73e5a062714848ce1d6d5269382bc598", "time_solve_models.TimeSolveSPMe.time_solve_model": "20672028872f4620ce85e909bae705d9490de441e926510b2b0e53ff0881d87b"}, "version": 1}