{"results": {"time_setup_models_and_sims.TimeBuildDFN.time_setup_DFN": {"result": [0.48882662699998036], "stats": [{"ci_99": [0.4862131709999744, 0.49267142900001204], "q_25": 0.4880805727500146, "q_75": 0.48939116699999374, "min": 0.4862131709999744, "max": 0.49267142900001204, "mean": 0.48900004439999234, "std": 0.0018145943178722779, "repeat": 10, "number": 1}]}, "time_setup_models_and_sims.TimeBuildDFNSimulation.time_setup_DFN_simulation": {"result": [0.1292416735000046, 0.21394199499997058], "stats": [{"ci_99": [0.12807918499999005, 0.130117590999987], "q_25": 0.12831218125001698, "q_75": 0.1297604512499646, "min": 0.12807918499999005, "max": 0.130117590999987, "mean": 0.12908177869999804, "std": 0.0007691967401341052, "repeat": 10, "number": 1}, {"ci_99": [0.21282426400000531, 0.21616253700000243], "q_25": 0.21301550000001157, "q_75": 0.21502205724999612, "min": 0.21282426400000531, "max": 0.21616253700000243, "mean": 0.21408795249998888, "std": 0.0011196946641309465, "repeat": 10, "number": 1}], "params": [["False", "True"]]}, "time_setup_models_and_sims.TimeBuildSPM.time_setup_SPM": {"result": [0.29200688849996936], "stats": [{"ci_99": [0.28924048700002913, 0.29546570299999075], "q_25": 0.2912466574999968, "q_75": 0.2930257667500342, "min": 0.28924048700002913, "max": 0.29546570299999075, "mean": 0.2921630409000045, "std": 0.0017947037889117904, "repeat": 10, "number": 1}]}, "time_setup_models_and_sims.TimeBuildSPMSimulation.time_setup_SPM_simulation": {"result": [0.12451250349997167, 0.19166832150000346], "stats": [{"ci_99": [0.12349530000000186, 0.12696013400000083], "q_25": 0.1241664635000177, "q_75": 0.12476676599999337, "min": 0.12349530000000186, "max": 0.12696013400000083, "mean": 0.12464117569999758, "std": 0.0009537280321779001, "repeat": 10, "number": 1}, {"ci_99": [0.1901712419999626, 0.19252529099998128], "q_25": 0.1909898580000231, "q_75": 0.19194715375003568, "min": 0.1901712419999626, "max": 0.19252529099998128, "mean": 0.19148083840000255, "std": 0.0006955964563599556, "repeat": 10, "number": 1}], "params": [["False", "True"]]}, "time_setup_models_and_sims.TimeBuildSPMe.time_setup_SPMe": {"result": [0.4236893714999894], "stats": [{"ci_99": [0.42147582100000136, 0.42550162499998123], "q_25": 0.4225855432500083, "q_75": 0.42446928649998483, "min": 0.42147582100000136, "max": 0.42550162499998123, "mean": 0.42354266099998766, "std": 0.0012728787330317768, "repeat": 10, "number": 1}]}, "time_setup_models_and_sims.TimeBuildSPMeSimulation.time_setup_SPMe_simulation": {"result": [0.133932942499996, 0.22518612450002706], "stats": [{"ci_99": [0.13297204900004544, 0.1361687600000323], "q_25": 0.1336948250000063, "q_75": 0.13473363225000412, "min": 0.13297204900004544, "max": 0.1361687600000323, "mean": 0.1343428101000029, "std": 0.0010194644779072685, "repeat": 10, "number": 1}, {"ci_99": [0.22357357299995329, 0.2266717599999879], "q_25": 0.22464707200001044, "q_75": 0.22579029349999757, "min": 0.22357357299995329, "max": 0.2266717599999879, "mean": 0.22518823229999613, "std": 0.0008502387110256567, "repeat": 10, "number": 1}], "params": [["False", "True"]]}, "time_solve_models.TimeSolveDFN.time_solve_model": {"result": [0.5150416650000125, 0.6840956710000228], "stats": [{"ci_99": [0.5089627449999625, 0.5216365900000142], "q_25": 0.5132665447499818, "q_75": 0.5184428922499791, "min": 0.5089627449999625, "max": 0.5216365900000142, "mean": 0.5156929759999969, "std": 0.003821864779507649, "repeat": 10, "number": 1}, {"ci_99": [0.6778704829999924, 0.6906558250000217], "q_25": 0.6826987145000203, "q_75": 0.6893549824999923, "min": 0.6778704829999924, "max": 0.6906558250000217, "mean": 0.6849284064000074, "std": 0.004322656977262774, "repeat": 10, "number": 1}], "params": [["True", "False"]]}, "time_solve_models.TimeSolveSPM.time_solve_model": {"result": [0.02032623899998498, 0.04203809399999159], "stats": [{"ci_99": [0.020209882000017387, 0.020743901000003007], "q_25": 0.020260940000000005, "q_75": 0.02048606400001063, "min": 0.020209882000017387, "max": 0.020743901000003007, "mean": 0.020391239400004223, "std": 0.0001693452911191489, "repeat": 10, "number": 1}, {"ci_99": [0.04163839199998165, 0.04243570799997087], "q_25": 0.04196782250002684, "q_75": 0.042052475250002885, "min": 0.04163839199998165, "max": 0.04243570799997087, "mean": 0.04201825679999729, "std": 0.00021607176855385893, "repeat": 10, "number": 1}], "params": [["True", "False"]]}, "time_solve_models.TimeSolveSPMe.time_solve_model": {"result": [0.03210748649999573, 0.07396353900000463], "stats": [{"ci_99": [0.031720353999958206, 0.03244876899998417], "q_25": 0.03194437975000142, "q_75": 0.032304628499986165, "min": 0.031720353999958206, "max": 0.03244876899998417, "mean": 0.03211812139999779, "std": 0.0002252905302997034, "repeat": 10, "number": 1}, {"ci_99": [0.07340364600003113, 0.075566259000027], "q_25": 0.07377097799999888, "q_75": 0.07441515975000357, "min": 0.07340364600003113, "max": 0.075566259000027, "mean": 0.07420881400000212, "std": 0.0006447673790948408, "repeat": 10, "number": 1}], "params": [["True", "False"]]}}, "params": {"machine": "GitHubRunner", "python": "3.8"}, "requirements": {}, "commit_hash": "d44f526e5d53d07cc87df19c71b68dea43262516", "date": 1623676137000, "env_name": "virtualenv-py3.8", "python": "3.8", "profiles": {}, "started_at": {"time_setup_models_and_sims.TimeBuildDFN.time_setup_DFN": 1623813867257, "time_setup_models_and_sims.TimeBuildDFNSimulation.time_setup_DFN_simulation": 1623813870522, "time_setup_models_and_sims.TimeBuildSPM.time_setup_SPM": 1623813872838, "time_setup_models_and_sims.TimeBuildSPMSimulation.time_setup_SPM_simulation": 1623813874848, "time_setup_models_and_sims.TimeBuildSPMe.time_setup_SPMe": 1623813876964, "time_setup_models_and_sims.TimeBuildSPMeSimulation.time_setup_SPMe_simulation": 1623813879826, "time_solve_models.TimeSolveDFN.time_solve_model": 1623813882242, "time_solve_models.TimeSolveSPM.time_solve_model": 1623813902165, "time_solve_models.TimeSolveSPMe.time_solve_model": 1623813908594}, "ended_at": {"time_setup_models_and_sims.TimeBuildDFN.time_setup_DFN": 1623813870522, "time_setup_models_and_sims.TimeBuildDFNSimulation.time_setup_DFN_simulation": 1623813872837, "time_setup_models_and_sims.TimeBuildSPM.time_setup_SPM": 1623813874848, "time_setup_models_and_sims.TimeBuildSPMSimulation.time_setup_SPM_simulation": 1623813876963, "time_setup_models_and_sims.TimeBuildSPMe.time_setup_SPMe": 1623813879826, "time_setup_models_and_sims.TimeBuildSPMeSimulation.time_setup_SPMe_simulation": 1623813882241, "time_solve_models.TimeSolveDFN.time_solve_model": 1623813902164, "time_solve_models.TimeSolveSPM.time_solve_model": 1623813908594, "time_solve_models.TimeSolveSPMe.time_solve_model": 1623813917681}, "benchmark_version": {"time_setup_models_and_sims.TimeBuildDFN.time_setup_DFN": "5f322e51e6b7e66125ee6949bdf25746005db467e8ffcfdcb3ace170e92bbc3d", "time_setup_models_and_sims.TimeBuildDFNSimulation.time_setup_DFN_simulation": "8de44bc542fa7d4ba28a80f24414a9444b5436673aaebba674918f5f0bfd0ebb", "time_setup_models_and_sims.TimeBuildSPM.time_setup_SPM": "0d0b3f5c67fc2da9a5794c66b70af5a45a09558d1ee95f738745385adb84fbca", "time_setup_models_and_sims.TimeBuildSPMSimulation.time_setup_SPM_simulation": "161220a99418ce4487cc29325cbae897f28d0e44ae07e1dfbfaac2cbc53a4ff9", "time_setup_models_and_sims.TimeBuildSPMe.time_setup_SPMe": "6083f5ff944353395eb4b21c97b02af555fe6528de3cd5283f5e139943945235", "time_setup_models_and_sims.TimeBuildSPMeSimulation.time_setup_SPMe_simulation": "530563cb559427795e3648d9648df9250ae100b7721f69eec356bdda7798c55e", "time_solve_models.TimeSolveDFN.time_solve_model": "914137228e20e5900cec36b0d3865f1faa2f5d479c7d6c2539514791f9ec4430", "time_solve_models.TimeSolveSPM.time_solve_model": "ef1bb5f8d1ddfa59650e20438c4b252d73e5a062714848ce1d6d5269382bc598", "time_solve_models.TimeSolveSPMe.time_solve_model": "20672028872f4620ce85e909bae705d9490de441e926510b2b0e53ff0881d87b"}, "version": 1}