{"results": {"time_setup_models_and_sims.TimeBuildDFN.time_setup_DFN": {"result": [0.47239371100000227], "stats": [{"ci_99": [0.4475406619999944, 0.501071385000003], "q_25": 0.448658194250001, "q_75": 0.4984975680000048, "min": 0.4475406619999944, "max": 0.501071385000003, "mean": 0.4734033175000022, "std": 0.02496605757819738, "repeat": 10, "number": 1}]}, "time_setup_models_and_sims.TimeBuildDFNSimulation.time_setup_DFN_simulation": {"result": [0.12959585550001407, 0.21282356050000573], "stats": [{"ci_99": [0.1271841429999938, 0.1312127680000117], "q_25": 0.12735916925000623, "q_75": 0.13068871474998645, "min": 0.1271841429999938, "max": 0.1312127680000117, "mean": 0.1291668750000028, "std": 0.0016576940160265845, "repeat": 10, "number": 1}, {"ci_99": [0.2097250909999957, 0.21690623500001038], "q_25": 0.20990366700000251, "q_75": 0.2163628822499959, "min": 0.2097250909999957, "max": 0.21690623500001038, "mean": 0.21309116180000273, "std": 0.0031091376894883745, "repeat": 10, "number": 1}], "params": [["False", "True"]]}, "time_setup_models_and_sims.TimeBuildSPM.time_setup_SPM": {"result": [0.2778560409999997], "stats": [{"ci_99": [0.2650781539999798, 0.29056492700000547], "q_25": 0.26607621075002186, "q_75": 0.2888390150000042, "min": 0.2650781539999798, "max": 0.29056492700000547, "mean": 0.2776054091000034, "std": 0.011622885286389254, "repeat": 10, "number": 1}]}, "time_setup_models_and_sims.TimeBuildSPMSimulation.time_setup_SPM_simulation": {"result": [0.12428337200000072, 0.19154811700000351], "stats": [{"ci_99": [0.12161760700000457, 0.1653160939999907], "q_25": 0.12252526225000082, "q_75": 0.1266194360000057, "min": 0.12161760700000457, "max": 0.1653160939999907, "mean": 0.1282585188000013, "std": 0.012497325263336787, "repeat": 10, "number": 1}, {"ci_99": [0.18727834199999904, 0.19587389299999813], "q_25": 0.1884967752500053, "q_75": 0.1949311617500058, "min": 0.18727834199999904, "max": 0.19587389299999813, "mean": 0.19161671770000338, "std": 0.003390831400793592, "repeat": 10, "number": 1}], "params": [["False", "True"]]}, "time_setup_models_and_sims.TimeBuildSPMe.time_setup_SPMe": {"result": [0.4321837849999923], "stats": [{"ci_99": [0.4159758579999959, 0.4379925910000111], "q_25": 0.42542010350000226, "q_75": 0.43416751600000225, "min": 0.4159758579999959, "max": 0.4379925910000111, "mean": 0.4299951132999979, "std": 0.006423369793374104, "repeat": 10, "number": 1}]}, "time_setup_models_and_sims.TimeBuildSPMeSimulation.time_setup_SPMe_simulation": {"result": [0.1345243249999868, 0.22905700100000104], "stats": [{"ci_99": [0.1316409570000019, 0.13576569599999289], "q_25": 0.13288791799999444, "q_75": 0.13534734375000568, "min": 0.1316409570000019, "max": 0.13576569599999289, "mean": 0.1341641593999924, "std": 0.0014199282156317846, "repeat": 10, "number": 1}, {"ci_99": [0.22341495300000247, 0.23022881899998993], "q_25": 0.2267778059999941, "q_75": 0.22939496375001767, "min": 0.22341495300000247, "max": 0.23022881899998993, "mean": 0.22805503430000157, "std": 0.0021248770492354966, "repeat": 10, "number": 1}], "params": [["False", "True"]]}, "time_solve_models.TimeSolveDFN.time_solve_model": {"result": [0.5867290000000054, 0.7453677929999998], "stats": [{"ci_99": [0.5534354289999897, 0.5919743959999835], "q_25": 0.5838746035000142, "q_75": 0.5884544674999859, "min": 0.5534354289999897, "max": 0.5919743959999835, "mean": 0.583157445599997, "std": 0.01072195011621828, "repeat": 10, "number": 1}, {"ci_99": [0.7227060239999901, 0.7672459180000146], "q_25": 0.7241035900000128, "q_75": 0.7635577479999966, "min": 0.7227060239999901, "max": 0.7672459180000146, "mean": 0.7445199157000019, "std": 0.019566493897489344, "repeat": 10, "number": 1}], "params": [["True", "False"]]}, "time_solve_models.TimeSolveSPM.time_solve_model": {"result": [0.020268032000004155, 0.04118611850000775], "stats": [{"ci_99": [0.019912429999976666, 0.02115583799999854], "q_25": 0.020129106249989093, "q_75": 0.02072048575001162, "min": 0.019912429999976666, "max": 0.02115583799999854, "mean": 0.020418973200000322, "std": 0.00038619303838020435, "repeat": 10, "number": 1}, {"ci_99": [0.04014146200000823, 0.04801921300000345], "q_25": 0.040946866250010316, "q_75": 0.041832148249994816, "min": 0.04014146200000823, "max": 0.04801921300000345, "mean": 0.04243787670000358, "std": 0.0027661557876210463, "repeat": 10, "number": 1}], "params": [["True", "False"]]}, "time_solve_models.TimeSolveSPMe.time_solve_model": {"result": [0.03185545450000404, 0.07405442799999662], "stats": [{"ci_99": [0.02908309000000031, 0.03275620700000559], "q_25": 0.03154314974999295, "q_75": 0.03213943399998698, "min": 0.02908309000000031, "max": 0.03275620700000559, "mean": 0.03146852189999834, "std": 0.0011932519202539596, "repeat": 10, "number": 1}, {"ci_99": [0.07056246400000532, 0.07638538399999106], "q_25": 0.07146632024998922, "q_75": 0.07609807324999451, "min": 0.07056246400000532, "max": 0.07638538399999106, "mean": 0.07375273809999783, "std": 0.0023940437280739867, "repeat": 10, "number": 1}], "params": [["True", "False"]]}}, "params": {"machine": "GitHubRunner", "python": "3.8"}, "requirements": {}, "commit_hash": "d44f526e5d53d07cc87df19c71b68dea43262516", "date": 1623676137000, "env_name": "virtualenv-py3.8", "python": "3.8", "profiles": {}, "started_at": {"time_setup_models_and_sims.TimeBuildDFN.time_setup_DFN": 1624332117615, "time_setup_models_and_sims.TimeBuildDFNSimulation.time_setup_DFN_simulation": 1624332120680, "time_setup_models_and_sims.TimeBuildSPM.time_setup_SPM": 1624332123045, "time_setup_models_and_sims.TimeBuildSPMSimulation.time_setup_SPM_simulation": 1624332124955, "time_setup_models_and_sims.TimeBuildSPMe.time_setup_SPMe": 1624332127220, "time_setup_models_and_sims.TimeBuildSPMeSimulation.time_setup_SPMe_simulation": 1624332130233, "time_solve_models.TimeSolveDFN.time_solve_model": 1624332132748, "time_solve_models.TimeSolveSPM.time_solve_model": 1624332154320, "time_solve_models.TimeSolveSPMe.time_solve_model": 1624332160698}, "ended_at": {"time_setup_models_and_sims.TimeBuildDFN.time_setup_DFN": 1624332120679, "time_setup_models_and_sims.TimeBuildDFNSimulation.time_setup_DFN_simulation": 1624332123044, "time_setup_models_and_sims.TimeBuildSPM.time_setup_SPM": 1624332124955, "time_setup_models_and_sims.TimeBuildSPMSimulation.time_setup_SPM_simulation": 1624332127220, "time_setup_models_and_sims.TimeBuildSPMe.time_setup_SPMe": 1624332130232, "time_setup_models_and_sims.TimeBuildSPMeSimulation.time_setup_SPMe_simulation": 1624332132748, "time_solve_models.TimeSolveDFN.time_solve_model": 1624332154320, "time_solve_models.TimeSolveSPM.time_solve_model": 1624332160697, "time_solve_models.TimeSolveSPMe.time_solve_model": 1624332169132}, "benchmark_version": {"time_setup_models_and_sims.TimeBuildDFN.time_setup_DFN": "5f322e51e6b7e66125ee6949bdf25746005db467e8ffcfdcb3ace170e92bbc3d", "time_setup_models_and_sims.TimeBuildDFNSimulation.time_setup_DFN_simulation": "8de44bc542fa7d4ba28a80f24414a9444b5436673aaebba674918f5f0bfd0ebb", "time_setup_models_and_sims.TimeBuildSPM.time_setup_SPM": "0d0b3f5c67fc2da9a5794c66b70af5a45a09558d1ee95f738745385adb84fbca", "time_setup_models_and_sims.TimeBuildSPMSimulation.time_setup_SPM_simulation": "161220a99418ce4487cc29325cbae897f28d0e44ae07e1dfbfaac2cbc53a4ff9", "time_setup_models_and_sims.TimeBuildSPMe.time_setup_SPMe": "6083f5ff944353395eb4b21c97b02af555fe6528de3cd5283f5e139943945235", "time_setup_models_and_sims.TimeBuildSPMeSimulation.time_setup_SPMe_simulation": "530563cb559427795e3648d9648df9250ae100b7721f69eec356bdda7798c55e", "time_solve_models.TimeSolveDFN.time_solve_model": "914137228e20e5900cec36b0d3865f1faa2f5d479c7d6c2539514791f9ec4430", "time_solve_models.TimeSolveSPM.time_solve_model": "ef1bb5f8d1ddfa59650e20438c4b252d73e5a062714848ce1d6d5269382bc598", "time_solve_models.TimeSolveSPMe.time_solve_model": "20672028872f4620ce85e909bae705d9490de441e926510b2b0e53ff0881d87b"}, "version": 1}