{"results": {"time_setup_models_and_sims.TimeBuildDFN.time_setup_DFN": {"result": [0.42919684100000666], "stats": [{"ci_99": [0.41904323899998985, 0.4344399679999924], "q_25": 0.42350838949997893, "q_75": 0.4331770017499963, "min": 0.41904323899998985, "max": 0.4344399679999924, "mean": 0.42819162519999454, "std": 0.00543784025060978, "repeat": 10, "number": 1}]}, "time_setup_models_and_sims.TimeBuildDFNSimulation.time_setup_DFN_simulation": {"result": [0.11353278499998964, 0.18686245150000502], "stats": [{"ci_99": [0.10875015499999563, 0.11490866899998764], "q_25": 0.11052717625000241, "q_75": 0.11430506374999538, "min": 0.10875015499999563, "max": 0.11490866899998764, "mean": 0.11257533209999906, "std": 0.0021701285095345954, "repeat": 10, "number": 1}, {"ci_99": [0.18403492500002017, 0.18912776400000553], "q_25": 0.18593507224999684, "q_75": 0.18857638574998958, "min": 0.18403492500002017, "max": 0.18912776400000553, "mean": 0.1869582405000017, "std": 0.0017038088772259818, "repeat": 10, "number": 1}], "params": [["False", "True"]]}, "time_setup_models_and_sims.TimeBuildSPM.time_setup_SPM": {"result": [0.2550972734999988], "stats": [{"ci_99": [0.25038759099999197, 0.25824902699997665], "q_25": 0.25178233225000923, "q_75": 0.25745002200000044, "min": 0.25038759099999197, "max": 0.25824902699997665, "mean": 0.2547161504999991, "std": 0.0029368654501811683, "repeat": 10, "number": 1}]}, "time_setup_models_and_sims.TimeBuildSPMSimulation.time_setup_SPM_simulation": {"result": [0.10767359599999793, 0.16632801250000284], "stats": [{"ci_99": [0.10361252199999171, 0.11153454600000146], "q_25": 0.10486031700001064, "q_75": 0.10973643350000373, "min": 0.10361252199999171, "max": 0.11153454600000146, "mean": 0.10755817959999944, "std": 0.0028481865785539013, "repeat": 10, "number": 1}, {"ci_99": [0.16442717500001436, 0.16814773299998365], "q_25": 0.16527058824998875, "q_75": 0.1675119204999973, "min": 0.16442717500001436, "max": 0.16814773299998365, "mean": 0.16635292590000006, "std": 0.0012445836907888808, "repeat": 10, "number": 1}], "params": [["False", "True"]]}, "time_setup_models_and_sims.TimeBuildSPMe.time_setup_SPMe": {"result": [0.37023704000000635], "stats": [{"ci_99": [0.36157176199998275, 0.38047505900001966], "q_25": 0.36718767599997904, "q_75": 0.372866686750001, "min": 0.36157176199998275, "max": 0.38047505900001966, "mean": 0.3702460185999996, "std": 0.004906800409499373, "repeat": 10, "number": 1}]}, "time_setup_models_and_sims.TimeBuildSPMeSimulation.time_setup_SPMe_simulation": {"result": [0.11761137499999563, 0.19663544599998772], "stats": [{"ci_99": [0.11371428100000003, 0.11948921799998402], "q_25": 0.1152909310000112, "q_75": 0.11823175899999683, "min": 0.11371428100000003, "max": 0.11948921799998402, "mean": 0.11698351999999942, "std": 0.0018883792928009171, "repeat": 10, "number": 1}, {"ci_99": [0.19221791100000019, 0.19797135500002128], "q_25": 0.19475455675000575, "q_75": 0.1972432795000003, "min": 0.19221791100000019, "max": 0.19797135500002128, "mean": 0.19597864430000128, "std": 0.0017671871253670762, "repeat": 10, "number": 1}], "params": [["False", "True"]]}, "time_solve_models.TimeSolveDFN.time_solve_model": {"result": [0.4573457750000074, 0.601971766499986], "stats": [{"ci_99": [0.448087251000004, 0.4607090070000197], "q_25": 0.4541307027500139, "q_75": 0.4577919465000164, "min": 0.448087251000004, "max": 0.4607090070000197, "mean": 0.455708703300013, "std": 0.0037912695702056773, "repeat": 10, "number": 1}, {"ci_99": [0.5891537960000051, 0.6127301340000031], "q_25": 0.5968351067499924, "q_75": 0.6099903932500084, "min": 0.5891537960000051, "max": 0.6127301340000031, "mean": 0.6027492545999991, "std": 0.007540908739991633, "repeat": 10, "number": 1}], "params": [["True", "False"]]}, "time_solve_models.TimeSolveSPM.time_solve_model": {"result": [0.01843663749997404, 0.03739342449999583], "stats": [{"ci_99": [0.01790153700000019, 0.01862193399995249], "q_25": 0.018322033250022685, "q_75": 0.018517082999991885, "min": 0.01790153700000019, "max": 0.01862193399995249, "mean": 0.018358836799993127, "std": 0.00024064758569863797, "repeat": 10, "number": 1}, {"ci_99": [0.03651451000001771, 0.03823108000000275], "q_25": 0.036721725499980096, "q_75": 0.037670698749991516, "min": 0.03651451000001771, "max": 0.03823108000000275, "mean": 0.03726645479999604, "std": 0.0005656139350644554, "repeat": 10, "number": 1}], "params": [["True", "False"]]}, "time_solve_models.TimeSolveSPMe.time_solve_model": {"result": [0.028181659000011905, 0.06628797000000475], "stats": [{"ci_99": [0.027610951999974986, 0.029461092999980565], "q_25": 0.028055015249982773, "q_75": 0.028397814750000805, "min": 0.027610951999974986, "max": 0.029461092999980565, "mean": 0.0282737663999967, "std": 0.0004599922318828415, "repeat": 10, "number": 1}, {"ci_99": [0.06378242499999942, 0.06715102199999023], "q_25": 0.06556156024998927, "q_75": 0.06650209200000035, "min": 0.06378242499999942, "max": 0.06715102199999023, "mean": 0.06597908589999975, "std": 0.0009215605237056041, "repeat": 10, "number": 1}], "params": [["True", "False"]]}}, "params": {"machine": "GitHubRunner", "python": "3.8"}, "requirements": {}, "commit_hash": "d44f526e5d53d07cc87df19c71b68dea43262516", "date": 1623676137000, "env_name": "virtualenv-py3.8", "python": "3.8", "profiles": {}, "started_at": {"time_setup_models_and_sims.TimeBuildDFN.time_setup_DFN": 1623986663304, "time_setup_models_and_sims.TimeBuildDFNSimulation.time_setup_DFN_simulation": 1623986666168, "time_setup_models_and_sims.TimeBuildSPM.time_setup_SPM": 1623986668182, "time_setup_models_and_sims.TimeBuildSPMSimulation.time_setup_SPM_simulation": 1623986669942, "time_setup_models_and_sims.TimeBuildSPMe.time_setup_SPMe": 1623986671755, "time_setup_models_and_sims.TimeBuildSPMeSimulation.time_setup_SPMe_simulation": 1623986674266, "time_solve_models.TimeSolveDFN.time_solve_model": 1623986676380, "time_solve_models.TimeSolveSPM.time_solve_model": 1623986693997, "time_solve_models.TimeSolveSPMe.time_solve_model": 1623986699773}, "ended_at": {"time_setup_models_and_sims.TimeBuildDFN.time_setup_DFN": 1623986666168, "time_setup_models_and_sims.TimeBuildDFNSimulation.time_setup_DFN_simulation": 1623986668181, "time_setup_models_and_sims.TimeBuildSPM.time_setup_SPM": 1623986669941, "time_setup_models_and_sims.TimeBuildSPMSimulation.time_setup_SPM_simulation": 1623986671754, "time_setup_models_and_sims.TimeBuildSPMe.time_setup_SPMe": 1623986674266, "time_setup_models_and_sims.TimeBuildSPMeSimulation.time_setup_SPMe_simulation": 1623986676380, "time_solve_models.TimeSolveDFN.time_solve_model": 1623986693996, "time_solve_models.TimeSolveSPM.time_solve_model": 1623986699773, "time_solve_models.TimeSolveSPMe.time_solve_model": 1623986707708}, "benchmark_version": {"time_setup_models_and_sims.TimeBuildDFN.time_setup_DFN": "5f322e51e6b7e66125ee6949bdf25746005db467e8ffcfdcb3ace170e92bbc3d", "time_setup_models_and_sims.TimeBuildDFNSimulation.time_setup_DFN_simulation": "8de44bc542fa7d4ba28a80f24414a9444b5436673aaebba674918f5f0bfd0ebb", "time_setup_models_and_sims.TimeBuildSPM.time_setup_SPM": "0d0b3f5c67fc2da9a5794c66b70af5a45a09558d1ee95f738745385adb84fbca", "time_setup_models_and_sims.TimeBuildSPMSimulation.time_setup_SPM_simulation": "161220a99418ce4487cc29325cbae897f28d0e44ae07e1dfbfaac2cbc53a4ff9", "time_setup_models_and_sims.TimeBuildSPMe.time_setup_SPMe": "6083f5ff944353395eb4b21c97b02af555fe6528de3cd5283f5e139943945235", "time_setup_models_and_sims.TimeBuildSPMeSimulation.time_setup_SPMe_simulation": "530563cb559427795e3648d9648df9250ae100b7721f69eec356bdda7798c55e", "time_solve_models.TimeSolveDFN.time_solve_model": "914137228e20e5900cec36b0d3865f1faa2f5d479c7d6c2539514791f9ec4430", "time_solve_models.TimeSolveSPM.time_solve_model": "ef1bb5f8d1ddfa59650e20438c4b252d73e5a062714848ce1d6d5269382bc598", "time_solve_models.TimeSolveSPMe.time_solve_model": "20672028872f4620ce85e909bae705d9490de441e926510b2b0e53ff0881d87b"}, "version": 1}