{"results": {"time_setup_models_and_sims.TimeBuildDFN.time_setup_DFN": {"result": [0.5601763615000124], "stats": [{"ci_99": [0.554870913000002, 0.5624315969999998], "q_25": 0.5578733667500018, "q_75": 0.5604873227499922, "min": 0.554870913000002, "max": 0.5624315969999998, "mean": 0.559293370900005, "std": 0.002339871746727998, "repeat": 10, "number": 1}]}, "time_setup_models_and_sims.TimeBuildDFNSimulation.time_setup_DFN_simulation": {"result": [0.14579139499999627, 0.2407256170000025], "stats": [{"ci_99": [0.14401574499999015, 0.1464014700000007], "q_25": 0.14555912275000082, "q_75": 0.14590222000000708, "min": 0.14401574499999015, "max": 0.1464014700000007, "mean": 0.14560794320000098, "std": 0.000625160451919994, "repeat": 10, "number": 1}, {"ci_99": [0.23997330500000658, 0.24161194900000282], "q_25": 0.24027651925000626, "q_75": 0.2412713847500072, "min": 0.23997330500000658, "max": 0.24161194900000282, "mean": 0.24076100280000218, "std": 0.0005653733975116999, "repeat": 10, "number": 1}], "params": [["False", "True"]]}, "time_setup_models_and_sims.TimeBuildSPM.time_setup_SPM": {"result": [0.33316478599999755], "stats": [{"ci_99": [0.329106027000023, 0.3347921889999981], "q_25": 0.3312385382500054, "q_75": 0.3340055642500026, "min": 0.329106027000023, "max": 0.3347921889999981, "mean": 0.33256621770000266, "std": 0.0018065688553887296, "repeat": 10, "number": 1}]}, "time_setup_models_and_sims.TimeBuildSPMSimulation.time_setup_SPM_simulation": {"result": [0.14580303749999501, 0.22342783649997955], "stats": [{"ci_99": [0.13985503500001073, 0.16009877700000175], "q_25": 0.14115104299999004, "q_75": 0.155923133750008, "min": 0.13985503500001073, "max": 0.16009877700000175, "mean": 0.14825842559999955, "std": 0.007991643426232584, "repeat": 10, "number": 1}, {"ci_99": [0.21519804799999065, 0.2740456920000156], "q_25": 0.21610998175001583, "q_75": 0.23233497825000882, "min": 0.21519804799999065, "max": 0.2740456920000156, "mean": 0.228711524900001, "std": 0.017366570767484647, "repeat": 10, "number": 1}], "params": [["False", "True"]]}, "time_setup_models_and_sims.TimeBuildSPMe.time_setup_SPMe": {"result": [0.4841771644999966], "stats": [{"ci_99": [0.48005873099998553, 0.4874945450000041], "q_25": 0.48108969724999184, "q_75": 0.48554135050000724, "min": 0.48005873099998553, "max": 0.4874945450000041, "mean": 0.4836481198000001, "std": 0.002466515361692679, "repeat": 10, "number": 1}]}, "time_setup_models_and_sims.TimeBuildSPMeSimulation.time_setup_SPMe_simulation": {"result": [0.15117121750000706, 0.2548216525000129], "stats": [{"ci_99": [0.149063104999982, 0.15410572899997987], "q_25": 0.15093081350000404, "q_75": 0.15160467524999888, "min": 0.149063104999982, "max": 0.15410572899997987, "mean": 0.15119494989999965, "std": 0.00130612860176141, "repeat": 10, "number": 1}, {"ci_99": [0.25303780400000164, 0.2561370030000205], "q_25": 0.25392505224998985, "q_75": 0.2555399100000031, "min": 0.25303780400000164, "max": 0.2561370030000205, "mean": 0.25469031450000446, "std": 0.0009862010790693864, "repeat": 10, "number": 1}], "params": [["False", "True"]]}, "time_solve_models.TimeSolveDFN.time_solve_model": {"result": [0.6068806925000132, 0.8050519224999988], "stats": [{"ci_99": [0.6026083030000109, 0.624120615999999], "q_25": 0.6033853925000088, "q_75": 0.6100705699999907, "min": 0.6026083030000109, "max": 0.624120615999999, "mean": 0.6082809708000042, "std": 0.006281579866421587, "repeat": 10, "number": 1}, {"ci_99": [0.7959097680000013, 0.8068274880000104], "q_25": 0.7988458594999912, "q_75": 0.8054979762500096, "min": 0.7959097680000013, "max": 0.8068274880000104, "mean": 0.802477789400001, "std": 0.003943074879080478, "repeat": 10, "number": 1}], "params": [["True", "False"]]}, "time_solve_models.TimeSolveSPM.time_solve_model": {"result": [0.023286411500009763, 0.04947781999999279], "stats": [{"ci_99": [0.022839870000012752, 0.026882834000019784], "q_25": 0.022906474500011598, "q_75": 0.024380173499999103, "min": 0.022839870000012752, "max": 0.026882834000019784, "mean": 0.023810909000005154, "std": 0.0012126537750336104, "repeat": 10, "number": 1}, {"ci_99": [0.04756686199999649, 0.05438040999999316], "q_25": 0.048203602999997486, "q_75": 0.050266881999995405, "min": 0.04756686199999649, "max": 0.05438040999999316, "mean": 0.04979936069999837, "std": 0.001989731272731712, "repeat": 10, "number": 1}], "params": [["True", "False"]]}, "time_solve_models.TimeSolveSPMe.time_solve_model": {"result": [0.03720460899999978, 0.08732585199999221], "stats": [{"ci_99": [0.035158204999987674, 0.03922801400000253], "q_25": 0.036528355750000685, "q_75": 0.03838750899998189, "min": 0.035158204999987674, "max": 0.03922801400000253, "mean": 0.03734745029999544, "std": 0.0011811009833181904, "repeat": 10, "number": 1}, {"ci_99": [0.08579908100000466, 0.09565045499999769], "q_25": 0.08588123499999512, "q_75": 0.09168702900001335, "min": 0.08579908100000466, "max": 0.09565045499999769, "mean": 0.08917299920000232, "std": 0.0036685000855988126, "repeat": 10, "number": 1}], "params": [["True", "False"]]}}, "params": {"machine": "GitHubRunner", "python": "3.8"}, "requirements": {}, "commit_hash": "d44f526e5d53d07cc87df19c71b68dea43262516", "date": 1623676137000, "env_name": "virtualenv-py3.8", "python": "3.8", "profiles": {}, "started_at": {"time_setup_models_and_sims.TimeBuildDFN.time_setup_DFN": 1624073047263, "time_setup_models_and_sims.TimeBuildDFNSimulation.time_setup_DFN_simulation": 1624073051030, "time_setup_models_and_sims.TimeBuildSPM.time_setup_SPM": 1624073053650, "time_setup_models_and_sims.TimeBuildSPMSimulation.time_setup_SPM_simulation": 1624073055911, "time_setup_models_and_sims.TimeBuildSPMe.time_setup_SPMe": 1624073058579, "time_setup_models_and_sims.TimeBuildSPMeSimulation.time_setup_SPMe_simulation": 1624073061848, "time_solve_models.TimeSolveDFN.time_solve_model": 1624073064577, "time_solve_models.TimeSolveSPM.time_solve_model": 1624073087520, "time_solve_models.TimeSolveSPMe.time_solve_model": 1624073094853}, "ended_at": {"time_setup_models_and_sims.TimeBuildDFN.time_setup_DFN": 1624073051029, "time_setup_models_and_sims.TimeBuildDFNSimulation.time_setup_DFN_simulation": 1624073053648, "time_setup_models_and_sims.TimeBuildSPM.time_setup_SPM": 1624073055911, "time_setup_models_and_sims.TimeBuildSPMSimulation.time_setup_SPM_simulation": 1624073058579, "time_setup_models_and_sims.TimeBuildSPMe.time_setup_SPMe": 1624073061848, "time_setup_models_and_sims.TimeBuildSPMeSimulation.time_setup_SPMe_simulation": 1624073064576, "time_solve_models.TimeSolveDFN.time_solve_model": 1624073087520, "time_solve_models.TimeSolveSPM.time_solve_model": 1624073094852, "time_solve_models.TimeSolveSPMe.time_solve_model": 1624073104997}, "benchmark_version": {"time_setup_models_and_sims.TimeBuildDFN.time_setup_DFN": "5f322e51e6b7e66125ee6949bdf25746005db467e8ffcfdcb3ace170e92bbc3d", "time_setup_models_and_sims.TimeBuildDFNSimulation.time_setup_DFN_simulation": "8de44bc542fa7d4ba28a80f24414a9444b5436673aaebba674918f5f0bfd0ebb", "time_setup_models_and_sims.TimeBuildSPM.time_setup_SPM": "0d0b3f5c67fc2da9a5794c66b70af5a45a09558d1ee95f738745385adb84fbca", "time_setup_models_and_sims.TimeBuildSPMSimulation.time_setup_SPM_simulation": "161220a99418ce4487cc29325cbae897f28d0e44ae07e1dfbfaac2cbc53a4ff9", "time_setup_models_and_sims.TimeBuildSPMe.time_setup_SPMe": "6083f5ff944353395eb4b21c97b02af555fe6528de3cd5283f5e139943945235", "time_setup_models_and_sims.TimeBuildSPMeSimulation.time_setup_SPMe_simulation": "530563cb559427795e3648d9648df9250ae100b7721f69eec356bdda7798c55e", "time_solve_models.TimeSolveDFN.time_solve_model": "914137228e20e5900cec36b0d3865f1faa2f5d479c7d6c2539514791f9ec4430", "time_solve_models.TimeSolveSPM.time_solve_model": "ef1bb5f8d1ddfa59650e20438c4b252d73e5a062714848ce1d6d5269382bc598", "time_solve_models.TimeSolveSPMe.time_solve_model": "20672028872f4620ce85e909bae705d9490de441e926510b2b0e53ff0881d87b"}, "version": 1}