{"results": {"time_setup_models_and_sims.TimeBuildDFN.time_setup_DFN": {"result": [0.6621002920000052], "stats": [{"ci_99": [0.645232295999989, 0.7104545100000053], "q_25": 0.6571497337499892, "q_75": 0.6762179684999907, "min": 0.645232295999989, "max": 0.7104545100000053, "mean": 0.6674791828999957, "std": 0.018106278844529065, "repeat": 10, "number": 1}]}, "time_setup_models_and_sims.TimeBuildDFNSimulation.time_setup_DFN_simulation": {"result": [0.16552921050001146, 0.27045546299999046], "stats": [{"ci_99": [0.1619740820000004, 0.17402110899999457], "q_25": 0.16200039750000883, "q_75": 0.16820238249999164, "min": 0.1619740820000004, "max": 0.17402110899999457, "mean": 0.1662971435000003, "std": 0.004493863805164544, "repeat": 10, "number": 1}, {"ci_99": [0.26485180199998126, 0.2993136690000142], "q_25": 0.26943646775000474, "q_75": 0.2796895309999954, "min": 0.26485180199998126, "max": 0.2993136690000142, "mean": 0.2756032399999981, "std": 0.010338194731453441, "repeat": 10, "number": 1}], "params": [["False", "True"]]}, "time_setup_models_and_sims.TimeBuildSPM.time_setup_SPM": {"result": [0.3889982250000088], "stats": [{"ci_99": [0.3771408730000019, 0.41172482700000046], "q_25": 0.386133504749985, "q_75": 0.39641627700001436, "min": 0.3771408730000019, "max": 0.41172482700000046, "mean": 0.39171939710000175, "std": 0.009063509423146623, "repeat": 10, "number": 1}]}, "time_setup_models_and_sims.TimeBuildSPMSimulation.time_setup_SPM_simulation": {"result": [0.15485079750000352, 0.24533299700001976], "stats": [{"ci_99": [0.15204037699999162, 0.1615639579999879], "q_25": 0.1542244157500221, "q_75": 0.157186748500024, "min": 0.15204037699999162, "max": 0.1615639579999879, "mean": 0.15590709560000846, "std": 0.0029589001863372364, "repeat": 10, "number": 1}, {"ci_99": [0.23355636799999502, 0.27738975699998036], "q_25": 0.2386966052500057, "q_75": 0.25466945999999524, "min": 0.23355636799999502, "max": 0.27738975699998036, "mean": 0.24801938340000335, "std": 0.012472785783221436, "repeat": 10, "number": 1}], "params": [["False", "True"]]}, "time_setup_models_and_sims.TimeBuildSPMe.time_setup_SPMe": {"result": [0.5746731855000178], "stats": [{"ci_99": [0.5529047470000137, 0.6037798499999951], "q_25": 0.5582370247499853, "q_75": 0.5793801047500011, "min": 0.5529047470000137, "max": 0.6037798499999951, "mean": 0.5723069844999997, "std": 0.015238900957357063, "repeat": 10, "number": 1}]}, "time_setup_models_and_sims.TimeBuildSPMeSimulation.time_setup_SPMe_simulation": {"result": [0.17342582500000958, 0.28584006549999685], "stats": [{"ci_99": [0.166314830000033, 0.1822563859999775], "q_25": 0.16927550975000116, "q_75": 0.17687450624999457, "min": 0.166314830000033, "max": 0.1822563859999775, "mean": 0.17356976020000445, "std": 0.005312385541317185, "repeat": 10, "number": 1}, {"ci_99": [0.27964741000005233, 0.3152617970000051], "q_25": 0.28124860724999934, "q_75": 0.297271663250001, "min": 0.27964741000005233, "max": 0.3152617970000051, "mean": 0.29019211330000305, "std": 0.011587452706714624, "repeat": 10, "number": 1}], "params": [["False", "True"]]}, "time_solve_models.TimeSolveDFN.time_solve_model": {"result": [0.6139197119999977, 0.811856477500001], "stats": [{"ci_99": [0.6011565270000006, 0.6244968649999691], "q_25": 0.6037181640000142, "q_75": 0.6186662080000218, "min": 0.6011565270000006, "max": 0.6244968649999691, "mean": 0.6122009485000006, "std": 0.008022193531304986, "repeat": 10, "number": 1}, {"ci_99": [0.782145623999952, 0.8252440100000058], "q_25": 0.8075063434999876, "q_75": 0.8159377072500078, "min": 0.782145623999952, "max": 0.8252440100000058, "mean": 0.8094773868999965, "std": 0.012165272699820767, "repeat": 10, "number": 1}], "params": [["True", "False"]]}, "time_solve_models.TimeSolveSPM.time_solve_model": {"result": [0.02636650150000719, 0.05288206299997], "stats": [{"ci_99": [0.024840390999997908, 0.027690599000010252], "q_25": 0.025383536249997007, "q_75": 0.02678066075000629, "min": 0.024840390999997908, "max": 0.027690599000010252, "mean": 0.026177501700001927, "std": 0.0009402713396518707, "repeat": 10, "number": 1}, {"ci_99": [0.050665936000001466, 0.05618853699999704], "q_25": 0.051721999500003335, "q_75": 0.05379672274997915, "min": 0.050665936000001466, "max": 0.05618853699999704, "mean": 0.052937986999995704, "std": 0.0016365342948553821, "repeat": 10, "number": 1}], "params": [["True", "False"]]}, "time_solve_models.TimeSolveSPMe.time_solve_model": {"result": [0.040408511999999064, 0.09497134400001528], "stats": [{"ci_99": [0.03847889400000781, 0.05765669000001594], "q_25": 0.0397922647500053, "q_75": 0.04118984249999613, "min": 0.03847889400000781, "max": 0.05765669000001594, "mean": 0.04279059960000211, "std": 0.005859033183948744, "repeat": 10, "number": 1}, {"ci_99": [0.09095799799999327, 0.0991695879999952], "q_25": 0.09260470600000303, "q_75": 0.09629420899999275, "min": 0.09095799799999327, "max": 0.0991695879999952, "mean": 0.09466698900000096, "std": 0.0024671903991284093, "repeat": 10, "number": 1}], "params": [["True", "False"]]}}, "params": {"machine": "GitHubRunner", "python": "3.8"}, "requirements": {}, "commit_hash": "d44f526e5d53d07cc87df19c71b68dea43262516", "date": 1623676137000, "env_name": "virtualenv-py3.8", "python": "3.8", "profiles": {}, "started_at": {"time_setup_models_and_sims.TimeBuildDFN.time_setup_DFN": 1623727565567, "time_setup_models_and_sims.TimeBuildDFNSimulation.time_setup_DFN_simulation": 1623727569932, "time_setup_models_and_sims.TimeBuildSPM.time_setup_SPM": 1623727572796, "time_setup_models_and_sims.TimeBuildSPMSimulation.time_setup_SPM_simulation": 1623727575418, "time_setup_models_and_sims.TimeBuildSPMe.time_setup_SPMe": 1623727578132, "time_setup_models_and_sims.TimeBuildSPMeSimulation.time_setup_SPMe_simulation": 1623727581894, "time_solve_models.TimeSolveDFN.time_solve_model": 1623727584962, "time_solve_models.TimeSolveSPM.time_solve_model": 1623727609832, "time_solve_models.TimeSolveSPMe.time_solve_model": 1623727618114}, "ended_at": {"time_setup_models_and_sims.TimeBuildDFN.time_setup_DFN": 1623727569932, "time_setup_models_and_sims.TimeBuildDFNSimulation.time_setup_DFN_simulation": 1623727572795, "time_setup_models_and_sims.TimeBuildSPM.time_setup_SPM": 1623727575418, "time_setup_models_and_sims.TimeBuildSPMSimulation.time_setup_SPM_simulation": 1623727578131, "time_setup_models_and_sims.TimeBuildSPMe.time_setup_SPMe": 1623727581894, "time_setup_models_and_sims.TimeBuildSPMeSimulation.time_setup_SPMe_simulation": 1623727584961, "time_solve_models.TimeSolveDFN.time_solve_model": 1623727609832, "time_solve_models.TimeSolveSPM.time_solve_model": 1623727618113, "time_solve_models.TimeSolveSPMe.time_solve_model": 1623727629748}, "benchmark_version": {"time_setup_models_and_sims.TimeBuildDFN.time_setup_DFN": "5f322e51e6b7e66125ee6949bdf25746005db467e8ffcfdcb3ace170e92bbc3d", "time_setup_models_and_sims.TimeBuildDFNSimulation.time_setup_DFN_simulation": "8de44bc542fa7d4ba28a80f24414a9444b5436673aaebba674918f5f0bfd0ebb", "time_setup_models_and_sims.TimeBuildSPM.time_setup_SPM": "0d0b3f5c67fc2da9a5794c66b70af5a45a09558d1ee95f738745385adb84fbca", "time_setup_models_and_sims.TimeBuildSPMSimulation.time_setup_SPM_simulation": "161220a99418ce4487cc29325cbae897f28d0e44ae07e1dfbfaac2cbc53a4ff9", "time_setup_models_and_sims.TimeBuildSPMe.time_setup_SPMe": "6083f5ff944353395eb4b21c97b02af555fe6528de3cd5283f5e139943945235", "time_setup_models_and_sims.TimeBuildSPMeSimulation.time_setup_SPMe_simulation": "530563cb559427795e3648d9648df9250ae100b7721f69eec356bdda7798c55e", "time_solve_models.TimeSolveDFN.time_solve_model": "914137228e20e5900cec36b0d3865f1faa2f5d479c7d6c2539514791f9ec4430", "time_solve_models.TimeSolveSPM.time_solve_model": "ef1bb5f8d1ddfa59650e20438c4b252d73e5a062714848ce1d6d5269382bc598", "time_solve_models.TimeSolveSPMe.time_solve_model": "20672028872f4620ce85e909bae705d9490de441e926510b2b0e53ff0881d87b"}, "version": 1}