{"results": {"time_setup_models_and_sims.TimeBuildDFN.time_setup_DFN": {"result": [0.6289747744999943], "stats": [{"ci_99": [0.597411147999992, 0.6376866920000452], "q_25": 0.6245568082499915, "q_75": 0.6334980877499987, "min": 0.597411147999992, "max": 0.6376866920000452, "mean": 0.6255506747000027, "std": 0.011829145834663927, "repeat": 10, "number": 1}]}, "time_setup_models_and_sims.TimeBuildDFNSimulation.time_setup_DFN_simulation": {"result": [0.1539750844999901, 0.25493843149999407], "stats": [{"ci_99": [0.15116828599997234, 0.16573756700000786], "q_25": 0.15157681324998862, "q_75": 0.1559094792500133, "min": 0.15116828599997234, "max": 0.16573756700000786, "mean": 0.1549690521999935, "std": 0.004254678330315775, "repeat": 10, "number": 1}, {"ci_99": [0.252568679000035, 0.2613887420000083], "q_25": 0.253635612499977, "q_75": 0.2570329112499792, "min": 0.252568679000035, "max": 0.2613887420000083, "mean": 0.25559012819999793, "std": 0.0026380190839003855, "repeat": 10, "number": 1}], "params": [["False", "True"]]}, "time_setup_models_and_sims.TimeBuildSPM.time_setup_SPM": {"result": [0.36400161400001707], "stats": [{"ci_99": [0.35766996900002823, 0.3838955090000127], "q_25": 0.35900489475001507, "q_75": 0.37381246249999833, "min": 0.35766996900002823, "max": 0.3838955090000127, "mean": 0.3665412094000146, "std": 0.008866163795660532, "repeat": 10, "number": 1}]}, "time_setup_models_and_sims.TimeBuildSPMSimulation.time_setup_SPM_simulation": {"result": [0.14844310699999141, 0.23094033850000528], "stats": [{"ci_99": [0.14474604000002955, 0.15229759400000376], "q_25": 0.14717596425002455, "q_75": 0.14904539099995873, "min": 0.14474604000002955, "max": 0.15229759400000376, "mean": 0.14841814690000205, "std": 0.0020818686898787745, "repeat": 10, "number": 1}, {"ci_99": [0.22161216400002104, 0.25637294200004135], "q_25": 0.22545476624999594, "q_75": 0.23635560024996494, "min": 0.22161216400002104, "max": 0.25637294200004135, "mean": 0.2327492801999938, "std": 0.00965264696003494, "repeat": 10, "number": 1}], "params": [["False", "True"]]}, "time_setup_models_and_sims.TimeBuildSPMe.time_setup_SPMe": {"result": [0.5551455640000142], "stats": [{"ci_99": [0.5228344820000075, 0.5644208749999962], "q_25": 0.5398897277500083, "q_75": 0.5571140012499711, "min": 0.5228344820000075, "max": 0.5644208749999962, "mean": 0.5493350822000025, "std": 0.012758409292298035, "repeat": 10, "number": 1}]}, "time_setup_models_and_sims.TimeBuildSPMeSimulation.time_setup_SPMe_simulation": {"result": [0.16047312999998553, 0.2810096699999747], "stats": [{"ci_99": [0.1576206999999954, 0.1758274379999989], "q_25": 0.15969703999995488, "q_75": 0.1641781787500065, "min": 0.1576206999999954, "max": 0.1758274379999989, "mean": 0.16319817429999262, "std": 0.005726402611580885, "repeat": 10, "number": 1}, {"ci_99": [0.266306558999986, 0.2997203109999873], "q_25": 0.2686963499999848, "q_75": 0.28630326649998494, "min": 0.266306558999986, "max": 0.2997203109999873, "mean": 0.27958207039998795, "std": 0.010783076332426724, "repeat": 10, "number": 1}], "params": [["False", "True"]]}, "time_solve_models.TimeSolveDFN.time_solve_model": {"result": [0.5715739794999877, 0.7568220465000195], "stats": [{"ci_99": [0.5598816790000001, 0.6006025789999967], "q_25": 0.5673950337500031, "q_75": 0.5841668889999738, "min": 0.5598816790000001, "max": 0.6006025789999967, "mean": 0.5764803120999943, "std": 0.012706865012189622, "repeat": 10, "number": 1}, {"ci_99": [0.7471121880000169, 0.8066275790000077], "q_25": 0.7508113517500021, "q_75": 0.7703059729999922, "min": 0.7471121880000169, "max": 0.8066275790000077, "mean": 0.7647908001000132, "std": 0.01905376432190435, "repeat": 10, "number": 1}], "params": [["True", "False"]]}, "time_solve_models.TimeSolveSPM.time_solve_model": {"result": [0.024871605499981797, 0.050972287499973845], "stats": [{"ci_99": [0.02400136799997199, 0.027941495000050054], "q_25": 0.024360327499991286, "q_75": 0.026098056249978185, "min": 0.02400136799997199, "max": 0.027941495000050054, "mean": 0.02529702749998819, "std": 0.001188605087553357, "repeat": 10, "number": 1}, {"ci_99": [0.04811093300003222, 0.060433421000027465], "q_25": 0.049221841250002285, "q_75": 0.05219126299998322, "min": 0.04811093300003222, "max": 0.060433421000027465, "mean": 0.05156160139999315, "std": 0.0034138690864266652, "repeat": 10, "number": 1}], "params": [["True", "False"]]}, "time_solve_models.TimeSolveSPMe.time_solve_model": {"result": [0.03832346549998533, 0.08741915650000465], "stats": [{"ci_99": [0.037065155999982835, 0.0400175760000252], "q_25": 0.03768171049996738, "q_75": 0.038764094749964784, "min": 0.037065155999982835, "max": 0.0400175760000252, "mean": 0.038322835599979045, "std": 0.0008660087834244608, "repeat": 10, "number": 1}, {"ci_99": [0.08577549599999656, 0.08959542200000215], "q_25": 0.08649444924999727, "q_75": 0.08856284024999184, "min": 0.08577549599999656, "max": 0.08959542200000215, "mean": 0.08756600769999637, "std": 0.001230687486379724, "repeat": 10, "number": 1}], "params": [["True", "False"]]}}, "params": {"machine": "GitHubRunner", "python": "3.8"}, "requirements": {}, "commit_hash": "d44f526e5d53d07cc87df19c71b68dea43262516", "date": 1623676137000, "env_name": "virtualenv-py3.8", "python": "3.8", "profiles": {}, "started_at": {"time_setup_models_and_sims.TimeBuildDFN.time_setup_DFN": 1623900233339, "time_setup_models_and_sims.TimeBuildDFNSimulation.time_setup_DFN_simulation": 1623900237452, "time_setup_models_and_sims.TimeBuildSPM.time_setup_SPM": 1623900240115, "time_setup_models_and_sims.TimeBuildSPMSimulation.time_setup_SPM_simulation": 1623900242624, "time_setup_models_and_sims.TimeBuildSPMe.time_setup_SPMe": 1623900245187, "time_setup_models_and_sims.TimeBuildSPMeSimulation.time_setup_SPMe_simulation": 1623900248856, "time_solve_models.TimeSolveDFN.time_solve_model": 1623900251870, "time_solve_models.TimeSolveSPM.time_solve_model": 1623900276286, "time_solve_models.TimeSolveSPMe.time_solve_model": 1623900284263}, "ended_at": {"time_setup_models_and_sims.TimeBuildDFN.time_setup_DFN": 1623900237452, "time_setup_models_and_sims.TimeBuildDFNSimulation.time_setup_DFN_simulation": 1623900240114, "time_setup_models_and_sims.TimeBuildSPM.time_setup_SPM": 1623900242624, "time_setup_models_and_sims.TimeBuildSPMSimulation.time_setup_SPM_simulation": 1623900245186, "time_setup_models_and_sims.TimeBuildSPMe.time_setup_SPMe": 1623900248856, "time_setup_models_and_sims.TimeBuildSPMeSimulation.time_setup_SPMe_simulation": 1623900251869, "time_solve_models.TimeSolveDFN.time_solve_model": 1623900276286, "time_solve_models.TimeSolveSPM.time_solve_model": 1623900284262, "time_solve_models.TimeSolveSPMe.time_solve_model": 1623900295294}, "benchmark_version": {"time_setup_models_and_sims.TimeBuildDFN.time_setup_DFN": "5f322e51e6b7e66125ee6949bdf25746005db467e8ffcfdcb3ace170e92bbc3d", "time_setup_models_and_sims.TimeBuildDFNSimulation.time_setup_DFN_simulation": "8de44bc542fa7d4ba28a80f24414a9444b5436673aaebba674918f5f0bfd0ebb", "time_setup_models_and_sims.TimeBuildSPM.time_setup_SPM": "0d0b3f5c67fc2da9a5794c66b70af5a45a09558d1ee95f738745385adb84fbca", "time_setup_models_and_sims.TimeBuildSPMSimulation.time_setup_SPM_simulation": "161220a99418ce4487cc29325cbae897f28d0e44ae07e1dfbfaac2cbc53a4ff9", "time_setup_models_and_sims.TimeBuildSPMe.time_setup_SPMe": "6083f5ff944353395eb4b21c97b02af555fe6528de3cd5283f5e139943945235", "time_setup_models_and_sims.TimeBuildSPMeSimulation.time_setup_SPMe_simulation": "530563cb559427795e3648d9648df9250ae100b7721f69eec356bdda7798c55e", "time_solve_models.TimeSolveDFN.time_solve_model": "914137228e20e5900cec36b0d3865f1faa2f5d479c7d6c2539514791f9ec4430", "time_solve_models.TimeSolveSPM.time_solve_model": "ef1bb5f8d1ddfa59650e20438c4b252d73e5a062714848ce1d6d5269382bc598", "time_solve_models.TimeSolveSPMe.time_solve_model": "20672028872f4620ce85e909bae705d9490de441e926510b2b0e53ff0881d87b"}, "version": 1}