{"results": {"time_setup_models_and_sims.TimeBuildDFN.time_setup_DFN": {"result": [0.6032684734999805], "stats": [{"ci_99": [0.5831411909999815, 0.6326740879999875], "q_25": 0.5947898072499811, "q_75": 0.612527212000046, "min": 0.5831411909999815, "max": 0.6326740879999875, "mean": 0.6052850867000018, "std": 0.014481481256482154, "repeat": 10, "number": 1}]}, "time_setup_models_and_sims.TimeBuildDFNSimulation.time_setup_DFN_simulation": {"result": [0.15398586000000591, 0.25469979850001323], "stats": [{"ci_99": [0.14540857000002916, 0.17192502000000331], "q_25": 0.149764374500009, "q_75": 0.16446114799998668, "min": 0.14540857000002916, "max": 0.17192502000000331, "mean": 0.15665360870000314, "std": 0.00860093839907753, "repeat": 10, "number": 1}, {"ci_99": [0.24419602000000395, 0.2687363069999833], "q_25": 0.249708181999992, "q_75": 0.2632962174999989, "min": 0.24419602000000395, "max": 0.2687363069999833, "mean": 0.2560156390000031, "std": 0.007806070414809064, "repeat": 10, "number": 1}], "params": [["False", "True"]]}, "time_setup_models_and_sims.TimeBuildSPM.time_setup_SPM": {"result": [0.35622906849999936], "stats": [{"ci_99": [0.34468404500000815, 0.36940194999999676], "q_25": 0.3515052820000193, "q_75": 0.3585652444999994, "min": 0.34468404500000815, "max": 0.36940194999999676, "mean": 0.35631392989999994, "std": 0.007936642799101095, "repeat": 10, "number": 1}]}, "time_setup_models_and_sims.TimeBuildSPMSimulation.time_setup_SPM_simulation": {"result": [0.14582613700002867, 0.21705203999999867], "stats": [{"ci_99": [0.13781991400003335, 0.15325185799997598], "q_25": 0.14396030874996768, "q_75": 0.1473729572499991, "min": 0.13781991400003335, "max": 0.15325185799997598, "mean": 0.14534156410000493, "std": 0.004067810894588019, "repeat": 10, "number": 1}, {"ci_99": [0.21039509600001338, 0.22889447999995127], "q_25": 0.2141026382499973, "q_75": 0.2234245922499838, "min": 0.21039509600001338, "max": 0.22889447999995127, "mean": 0.21882539169999404, "std": 0.006153289834970423, "repeat": 10, "number": 1}], "params": [["False", "True"]]}, "time_setup_models_and_sims.TimeBuildSPMe.time_setup_SPMe": {"result": [0.5240500675000135], "stats": [{"ci_99": [0.5150906549999945, 0.5356852259999982], "q_25": 0.5218494837499748, "q_75": 0.5272101882499953, "min": 0.5150906549999945, "max": 0.5356852259999982, "mean": 0.5247511962999966, "std": 0.005534567234247571, "repeat": 10, "number": 1}]}, "time_setup_models_and_sims.TimeBuildSPMeSimulation.time_setup_SPMe_simulation": {"result": [0.15516537549999043, 0.2668092915000102], "stats": [{"ci_99": [0.14974054100002832, 0.16403023200001599], "q_25": 0.15342731499997342, "q_75": 0.16055988549996414, "min": 0.14974054100002832, "max": 0.16403023200001599, "mean": 0.15663290539998798, "std": 0.004424999375408396, "repeat": 10, "number": 1}, {"ci_99": [0.255258160999972, 0.32787067999998953], "q_25": 0.2573044149999788, "q_75": 0.27241841574999626, "min": 0.255258160999972, "max": 0.32787067999998953, "mean": 0.2739927682999962, "std": 0.02286391923417746, "repeat": 10, "number": 1}], "params": [["False", "True"]]}, "time_solve_models.TimeSolveDFN.time_solve_model": {"result": [0.5699413295000397, 0.7156516914999713], "stats": [{"ci_99": [0.5302749580000068, 0.636341783999967], "q_25": 0.538345107500021, "q_75": 0.5969084957500002, "min": 0.5302749580000068, "max": 0.636341783999967, "mean": 0.5710968224000055, "std": 0.035314363621353505, "repeat": 10, "number": 1}, {"ci_99": [0.7039523880000047, 0.7565699730000119], "q_25": 0.7081013537499672, "q_75": 0.735651826250006, "min": 0.7039523880000047, "max": 0.7565699730000119, "mean": 0.7222279927999921, "std": 0.018547948255218008, "repeat": 10, "number": 1}], "params": [["True", "False"]]}, "time_solve_models.TimeSolveSPM.time_solve_model": {"result": [0.025433575500017014, 0.05154323100001079], "stats": [{"ci_99": [0.024740082999983315, 0.02929540200000247], "q_25": 0.025111573000017984, "q_75": 0.026391256249979733, "min": 0.024740082999983315, "max": 0.02929540200000247, "mean": 0.025978070200005733, "std": 0.001316830679343382, "repeat": 10, "number": 1}, {"ci_99": [0.048831938000034825, 0.053227668000033646], "q_25": 0.0502793907499921, "q_75": 0.05270435850002286, "min": 0.048831938000034825, "max": 0.053227668000033646, "mean": 0.05140651770001341, "std": 0.001451728682201494, "repeat": 10, "number": 1}], "params": [["True", "False"]]}, "time_solve_models.TimeSolveSPMe.time_solve_model": {"result": [0.039740014499983545, 0.08982780549999347], "stats": [{"ci_99": [0.037454858999979024, 0.04291798500003097], "q_25": 0.03873415350001608, "q_75": 0.03990895549998186, "min": 0.037454858999979024, "max": 0.04291798500003097, "mean": 0.03974947479999855, "std": 0.0015379015583189997, "repeat": 10, "number": 1}, {"ci_99": [0.08661229799997727, 0.09261304000000337], "q_25": 0.08805699125001354, "q_75": 0.09138863874999004, "min": 0.08661229799997727, "max": 0.09261304000000337, "mean": 0.08975681089999057, "std": 0.0020364655255539635, "repeat": 10, "number": 1}], "params": [["True", "False"]]}}, "params": {"machine": "GitHubRunner", "python": "3.8"}, "requirements": {}, "commit_hash": "d44f526e5d53d07cc87df19c71b68dea43262516", "date": 1623676137000, "env_name": "virtualenv-py3.8", "python": "3.8", "profiles": {}, "started_at": {"time_setup_models_and_sims.TimeBuildDFN.time_setup_DFN": 1624159446710, "time_setup_models_and_sims.TimeBuildDFNSimulation.time_setup_DFN_simulation": 1624159450785, "time_setup_models_and_sims.TimeBuildSPM.time_setup_SPM": 1624159453549, "time_setup_models_and_sims.TimeBuildSPMSimulation.time_setup_SPM_simulation": 1624159456008, "time_setup_models_and_sims.TimeBuildSPMe.time_setup_SPMe": 1624159458521, "time_setup_models_and_sims.TimeBuildSPMeSimulation.time_setup_SPMe_simulation": 1624159462033, "time_solve_models.TimeSolveDFN.time_solve_model": 1624159464846, "time_solve_models.TimeSolveSPM.time_solve_model": 1624159486907, "time_solve_models.TimeSolveSPMe.time_solve_model": 1624159494637}, "ended_at": {"time_setup_models_and_sims.TimeBuildDFN.time_setup_DFN": 1624159450785, "time_setup_models_and_sims.TimeBuildDFNSimulation.time_setup_DFN_simulation": 1624159453548, "time_setup_models_and_sims.TimeBuildSPM.time_setup_SPM": 1624159456008, "time_setup_models_and_sims.TimeBuildSPMSimulation.time_setup_SPM_simulation": 1624159458521, "time_setup_models_and_sims.TimeBuildSPMe.time_setup_SPMe": 1624159462033, "time_setup_models_and_sims.TimeBuildSPMeSimulation.time_setup_SPMe_simulation": 1624159464846, "time_solve_models.TimeSolveDFN.time_solve_model": 1624159486906, "time_solve_models.TimeSolveSPM.time_solve_model": 1624159494637, "time_solve_models.TimeSolveSPMe.time_solve_model": 1624159505672}, "benchmark_version": {"time_setup_models_and_sims.TimeBuildDFN.time_setup_DFN": "5f322e51e6b7e66125ee6949bdf25746005db467e8ffcfdcb3ace170e92bbc3d", "time_setup_models_and_sims.TimeBuildDFNSimulation.time_setup_DFN_simulation": "8de44bc542fa7d4ba28a80f24414a9444b5436673aaebba674918f5f0bfd0ebb", "time_setup_models_and_sims.TimeBuildSPM.time_setup_SPM": "0d0b3f5c67fc2da9a5794c66b70af5a45a09558d1ee95f738745385adb84fbca", "time_setup_models_and_sims.TimeBuildSPMSimulation.time_setup_SPM_simulation": "161220a99418ce4487cc29325cbae897f28d0e44ae07e1dfbfaac2cbc53a4ff9", "time_setup_models_and_sims.TimeBuildSPMe.time_setup_SPMe": "6083f5ff944353395eb4b21c97b02af555fe6528de3cd5283f5e139943945235", "time_setup_models_and_sims.TimeBuildSPMeSimulation.time_setup_SPMe_simulation": "530563cb559427795e3648d9648df9250ae100b7721f69eec356bdda7798c55e", "time_solve_models.TimeSolveDFN.time_solve_model": "914137228e20e5900cec36b0d3865f1faa2f5d479c7d6c2539514791f9ec4430", "time_solve_models.TimeSolveSPM.time_solve_model": "ef1bb5f8d1ddfa59650e20438c4b252d73e5a062714848ce1d6d5269382bc598", "time_solve_models.TimeSolveSPMe.time_solve_model": "20672028872f4620ce85e909bae705d9490de441e926510b2b0e53ff0881d87b"}, "version": 1}