{"results": {"time_setup_models_and_sims.TimeBuildDFN.time_setup_DFN": {"result": [0.748976413500003], "stats": [{"ci_99": [0.7276061139999968, 0.8010601629999883], "q_25": 0.7360180677500026, "q_75": 0.7809294790000152, "min": 0.7276061139999968, "max": 0.8010601629999883, "mean": 0.7582418453000003, "std": 0.026847886724454515, "repeat": 10, "number": 1}]}, "time_setup_models_and_sims.TimeBuildDFNSimulation.time_setup_DFN_simulation": {"result": [0.18543012599999997, 0.45549289250000413], "stats": [{"ci_99": [0.17587350499999843, 0.19700068600002396], "q_25": 0.1806227782499903, "q_75": 0.19149201624998113, "min": 0.17587350499999843, "max": 0.19700068600002396, "mean": 0.1859671653999982, "std": 0.0064161685180503915, "repeat": 10, "number": 1}, {"ci_99": [0.43937691499999687, 0.4786377130000119], "q_25": 0.44926526950000323, "q_75": 0.461582914499985, "min": 0.43937691499999687, "max": 0.4786377130000119, "mean": 0.4559388575999975, "std": 0.011207189151501453, "repeat": 10, "number": 1}], "params": [["False", "True"]]}, "time_setup_models_and_sims.TimeBuildSPM.time_setup_SPM": {"result": [0.557969573500003], "stats": [{"ci_99": [0.5353503479999802, 0.5809116140000015], "q_25": 0.5535982862499935, "q_75": 0.5661142854999852, "min": 0.5353503479999802, "max": 0.5809116140000015, "mean": 0.5578795778999961, "std": 0.013700957379446242, "repeat": 10, "number": 1}]}, "time_setup_models_and_sims.TimeBuildSPMSimulation.time_setup_SPM_simulation": {"result": [0.21344332949999512, 0.4862225800000033], "stats": [{"ci_99": [0.20804976399998054, 0.23191677899998808], "q_25": 0.2098434717499984, "q_75": 0.21992763200000098, "min": 0.20804976399998054, "max": 0.23191677899998808, "mean": 0.21630806159999735, "std": 0.0081972399284395, "repeat": 10, "number": 1}, {"ci_99": [0.45236679900000354, 0.5278912380000236], "q_25": 0.4660498997499971, "q_75": 0.5050601497500082, "min": 0.45236679900000354, "max": 0.5278912380000236, "mean": 0.48671905650000724, "std": 0.02278391428713988, "repeat": 10, "number": 1}], "params": [["False", "True"]]}, "time_setup_models_and_sims.TimeBuildSPMe.time_setup_SPMe": {"result": [0.7297526284999947], "stats": [{"ci_99": [0.7106592800000158, 0.7531251890000021], "q_25": 0.7166997917499955, "q_75": 0.7344232010000056, "min": 0.7106592800000158, "max": 0.7531251890000021, "mean": 0.7277561208999999, "std": 0.012625100127785427, "repeat": 10, "number": 1}]}, "time_setup_models_and_sims.TimeBuildSPMeSimulation.time_setup_SPMe_simulation": {"result": [0.20833182999999167, 0.5065876195000101], "stats": [{"ci_99": [0.20433470000000398, 0.21767760700001304], "q_25": 0.20672883524999008, "q_75": 0.21282869675000882, "min": 0.20433470000000398, "max": 0.21767760700001304, "mean": 0.20999868539999794, "std": 0.004393683183947436, "repeat": 10, "number": 1}, {"ci_99": [0.4819736350000312, 0.5296682809999993], "q_25": 0.5016780539999957, "q_75": 0.5124450344999758, "min": 0.4819736350000312, "max": 0.5296682809999993, "mean": 0.5055284421000067, "std": 0.013383433968849114, "repeat": 10, "number": 1}], "params": [["False", "True"]]}, "time_solve_models.TimeSolveDFN.time_solve_model": {"result": [0.614670280999988, 0.7930052779999812], "stats": [{"ci_99": [0.5662480020000089, 0.6702348970000003], "q_25": 0.6089149622499832, "q_75": 0.6211051685000015, "min": 0.5662480020000089, "max": 0.6702348970000003, "mean": 0.6158078212499944, "std": 0.026686447983414536, "repeat": 8, "number": 1}, {"ci_99": [0.7315328790000137, 0.857327252999994], "q_25": 0.7596115527499876, "q_75": 0.8075783187500036, "min": 0.7315328790000137, "max": 0.857327252999994, "mean": 0.7874261727999908, "std": 0.03539972416820063, "repeat": 10, "number": 1}], "params": [["True", "False"]]}, "time_solve_models.TimeSolveSPM.time_solve_model": {"result": [0.02802031649997616, 0.05551063599997974], "stats": [{"ci_99": [0.02616052499999455, 0.03134610000000748], "q_25": 0.026989878500046416, "q_75": 0.02932107699998454, "min": 0.02616052499999455, "max": 0.03134610000000748, "mean": 0.02819340570000293, "std": 0.0015614532280024593, "repeat": 10, "number": 1}, {"ci_99": [0.051565050999982986, 0.06293049999999312], "q_25": 0.054483307000005254, "q_75": 0.0574141602500049, "min": 0.051565050999982986, "max": 0.06293049999999312, "mean": 0.05629478149999443, "std": 0.0035403936805707484, "repeat": 10, "number": 1}], "params": [["True", "False"]]}, "time_solve_models.TimeSolveSPMe.time_solve_model": {"result": [0.0404612874999799, 0.09193034349999607], "stats": [{"ci_99": [0.03846204600000647, 0.04176873399995884], "q_25": 0.039372049500016715, "q_75": 0.040817863000022214, "min": 0.03846204600000647, "max": 0.04176873399995884, "mean": 0.040209929399998144, "std": 0.0009723992729389872, "repeat": 10, "number": 1}, {"ci_99": [0.08426783800001658, 0.10386524000000463], "q_25": 0.0868569727499846, "q_75": 0.09616517250001522, "min": 0.08426783800001658, "max": 0.10386524000000463, "mean": 0.09215821370000014, "std": 0.006314626194025461, "repeat": 10, "number": 1}], "params": [["True", "False"]]}}, "params": {"machine": "GitHubRunner", "python": "3.8"}, "requirements": {}, "commit_hash": "d69db284eed874fd7b066e57db4259d0fee98fe6", "date": 1636835649000, "env_name": "virtualenv-py3.8", "python": "3.8", "profiles": {}, "started_at": {"time_setup_models_and_sims.TimeBuildDFN.time_setup_DFN": 1637032941541, "time_setup_models_and_sims.TimeBuildDFNSimulation.time_setup_DFN_simulation": 1637032946408, "time_setup_models_and_sims.TimeBuildSPM.time_setup_SPM": 1637032950578, "time_setup_models_and_sims.TimeBuildSPMSimulation.time_setup_SPM_simulation": 1637032954292, "time_setup_models_and_sims.TimeBuildSPMe.time_setup_SPMe": 1637032958761, "time_setup_models_and_sims.TimeBuildSPMeSimulation.time_setup_SPMe_simulation": 1637032963527, "time_solve_models.TimeSolveDFN.time_solve_model": 1637032968198, "time_solve_models.TimeSolveSPM.time_solve_model": 1637032991820, "time_solve_models.TimeSolveSPMe.time_solve_model": 1637033002414}, "ended_at": {"time_setup_models_and_sims.TimeBuildDFN.time_setup_DFN": 1637032946408, "time_setup_models_and_sims.TimeBuildDFNSimulation.time_setup_DFN_simulation": 1637032950577, "time_setup_models_and_sims.TimeBuildSPM.time_setup_SPM": 1637032954291, "time_setup_models_and_sims.TimeBuildSPMSimulation.time_setup_SPM_simulation": 1637032958760, "time_setup_models_and_sims.TimeBuildSPMe.time_setup_SPMe": 1637032963527, "time_setup_models_and_sims.TimeBuildSPMeSimulation.time_setup_SPMe_simulation": 1637032968197, "time_solve_models.TimeSolveDFN.time_solve_model": 1637032991819, "time_solve_models.TimeSolveSPM.time_solve_model": 1637033002413, "time_solve_models.TimeSolveSPMe.time_solve_model": 1637033016463}, "benchmark_version": {"time_setup_models_and_sims.TimeBuildDFN.time_setup_DFN": "5f322e51e6b7e66125ee6949bdf25746005db467e8ffcfdcb3ace170e92bbc3d", "time_setup_models_and_sims.TimeBuildDFNSimulation.time_setup_DFN_simulation": "8de44bc542fa7d4ba28a80f24414a9444b5436673aaebba674918f5f0bfd0ebb", "time_setup_models_and_sims.TimeBuildSPM.time_setup_SPM": "0d0b3f5c67fc2da9a5794c66b70af5a45a09558d1ee95f738745385adb84fbca", "time_setup_models_and_sims.TimeBuildSPMSimulation.time_setup_SPM_simulation": "161220a99418ce4487cc29325cbae897f28d0e44ae07e1dfbfaac2cbc53a4ff9", "time_setup_models_and_sims.TimeBuildSPMe.time_setup_SPMe": "6083f5ff944353395eb4b21c97b02af555fe6528de3cd5283f5e139943945235", "time_setup_models_and_sims.TimeBuildSPMeSimulation.time_setup_SPMe_simulation": "530563cb559427795e3648d9648df9250ae100b7721f69eec356bdda7798c55e", "time_solve_models.TimeSolveDFN.time_solve_model": "914137228e20e5900cec36b0d3865f1faa2f5d479c7d6c2539514791f9ec4430", "time_solve_models.TimeSolveSPM.time_solve_model": "ef1bb5f8d1ddfa59650e20438c4b252d73e5a062714848ce1d6d5269382bc598", "time_solve_models.TimeSolveSPMe.time_solve_model": "20672028872f4620ce85e909bae705d9490de441e926510b2b0e53ff0881d87b"}, "version": 1}