{"results": {"time_setup_models_and_sims.TimeBuildDFN.time_setup_DFN": {"result": [0.5700899190000115], "stats": [{"ci_99": [0.5477938399999971, 0.5835410870000146], "q_25": 0.5648776452500002, "q_75": 0.574703784999997, "min": 0.5477938399999971, "max": 0.5835410870000146, "mean": 0.568382178500002, "std": 0.009914986053463231, "repeat": 10, "number": 1}]}, "time_setup_models_and_sims.TimeBuildDFNSimulation.time_setup_DFN_simulation": {"result": [0.14636885849999715, 0.3631120764999878], "stats": [{"ci_99": [0.14027302700000632, 0.16762489300000993], "q_25": 0.14330229175000397, "q_75": 0.1518010129999965, "min": 0.14027302700000632, "max": 0.16762489300000993, "mean": 0.1488239232000012, "std": 0.0077684848222477855, "repeat": 10, "number": 1}, {"ci_99": [0.34967253400000686, 0.3877258839999911], "q_25": 0.35646163574998724, "q_75": 0.3694393320000131, "min": 0.34967253400000686, "max": 0.3877258839999911, "mean": 0.36453791129999613, "std": 0.011293588608445308, "repeat": 10, "number": 1}], "params": [["False", "True"]]}, "time_setup_models_and_sims.TimeBuildSPM.time_setup_SPM": {"result": [0.41996443850000276], "stats": [{"ci_99": [0.4085336310000116, 0.42656410099999675], "q_25": 0.413972510999983, "q_75": 0.42162172924998487, "min": 0.4085336310000116, "max": 0.42656410099999675, "mean": 0.4183041384999967, "std": 0.005878896860274838, "repeat": 10, "number": 1}]}, "time_setup_models_and_sims.TimeBuildSPMSimulation.time_setup_SPM_simulation": {"result": [0.17012183199999242, 0.3746824944999929], "stats": [{"ci_99": [0.16321111599998517, 0.1755682939999872], "q_25": 0.16581904250000434, "q_75": 0.17306627099999616, "min": 0.16321111599998517, "max": 0.1755682939999872, "mean": 0.16937824359999637, "std": 0.004170335173403881, "repeat": 10, "number": 1}, {"ci_99": [0.3606523409999909, 0.38642598699999553], "q_25": 0.3667654499999955, "q_75": 0.37910318825001355, "min": 0.3606523409999909, "max": 0.38642598699999553, "mean": 0.3738173647999957, "std": 0.00799848889538957, "repeat": 10, "number": 1}], "params": [["False", "True"]]}, "time_setup_models_and_sims.TimeBuildSPMe.time_setup_SPMe": {"result": [0.5361354114999841], "stats": [{"ci_99": [0.5123747160000107, 0.5460722139999916], "q_25": 0.5253274175000016, "q_75": 0.5428148299999904, "min": 0.5123747160000107, "max": 0.5460722139999916, "mean": 0.5329975336999979, "std": 0.011400822812556182, "repeat": 10, "number": 1}]}, "time_setup_models_and_sims.TimeBuildSPMeSimulation.time_setup_SPMe_simulation": {"result": [0.1566480854999952, 0.37506081800000857], "stats": [{"ci_99": [0.1450769339999738, 0.1667434179999816], "q_25": 0.15257575500000797, "q_75": 0.16280293000001222, "min": 0.1450769339999738, "max": 0.1667434179999816, "mean": 0.1570545471999992, "std": 0.00713103575383541, "repeat": 10, "number": 1}, {"ci_99": [0.3576582510000037, 0.38743790199998784], "q_25": 0.3702684012500086, "q_75": 0.3803356157500062, "min": 0.3576582510000037, "max": 0.38743790199998784, "mean": 0.37442381470000613, "std": 0.008771639994120747, "repeat": 10, "number": 1}], "params": [["False", "True"]]}, "time_solve_models.TimeSolveDFN.time_solve_model": {"result": [0.5945431400000132, 0.7943836034999947], "stats": [{"ci_99": [0.5691606000000036, 0.6180992550000042], "q_25": 0.585533558249999, "q_75": 0.6100523387500161, "min": 0.5691606000000036, "max": 0.6180992550000042, "mean": 0.5959820710000059, "std": 0.015575733084329923, "repeat": 10, "number": 1}, {"ci_99": [0.7835467010000059, 0.8026983070000142], "q_25": 0.7912243474999983, "q_75": 0.7981747844999845, "min": 0.7835467010000059, "max": 0.8026983070000142, "mean": 0.7939625923999983, "std": 0.005675362809834052, "repeat": 10, "number": 1}], "params": [["True", "False"]]}, "time_solve_models.TimeSolveSPM.time_solve_model": {"result": [0.022297805999997422, 0.04666757949998157], "stats": [{"ci_99": [0.021518411000016613, 0.022689173999992818], "q_25": 0.021941811750004092, "q_75": 0.022559390750011232, "min": 0.021518411000016613, "max": 0.022689173999992818, "mean": 0.022212980400001924, "std": 0.0003971464187249193, "repeat": 10, "number": 1}, {"ci_99": [0.04466795100000809, 0.04795154900000398], "q_25": 0.045110887500015906, "q_75": 0.04770180425000348, "min": 0.04466795100000809, "max": 0.04795154900000398, "mean": 0.04642230950000226, "std": 0.0012709088790940014, "repeat": 10, "number": 1}], "params": [["True", "False"]]}, "time_solve_models.TimeSolveSPMe.time_solve_model": {"result": [0.032001245499998277, 0.07863664050000807], "stats": [{"ci_99": [0.029894774000013058, 0.032613791000017045], "q_25": 0.031204509249967316, "q_75": 0.032313198999986525, "min": 0.029894774000013058, "max": 0.032613791000017045, "mean": 0.03166885869999021, "std": 0.0009023684102355177, "repeat": 10, "number": 1}, {"ci_99": [0.07598975500002325, 0.08161968199999592], "q_25": 0.07726170375001118, "q_75": 0.08087606849997542, "min": 0.07598975500002325, "max": 0.08161968199999592, "mean": 0.07892741490000503, "std": 0.001969462739907194, "repeat": 10, "number": 1}], "params": [["True", "False"]]}}, "params": {"machine": "GitHubRunner", "python": "3.8"}, "requirements": {}, "commit_hash": "d69db284eed874fd7b066e57db4259d0fee98fe6", "date": 1636835649000, "env_name": "virtualenv-py3.8", "python": "3.8", "profiles": {}, "started_at": {"time_setup_models_and_sims.TimeBuildDFN.time_setup_DFN": 1636860101919, "time_setup_models_and_sims.TimeBuildDFNSimulation.time_setup_DFN_simulation": 1636860105738, "time_setup_models_and_sims.TimeBuildSPM.time_setup_SPM": 1636860109264, "time_setup_models_and_sims.TimeBuildSPMSimulation.time_setup_SPM_simulation": 1636860112078, "time_setup_models_and_sims.TimeBuildSPMe.time_setup_SPMe": 1636860115703, "time_setup_models_and_sims.TimeBuildSPMeSimulation.time_setup_SPMe_simulation": 1636860119271, "time_solve_models.TimeSolveDFN.time_solve_model": 1636860122895, "time_solve_models.TimeSolveSPM.time_solve_model": 1636860145793, "time_solve_models.TimeSolveSPMe.time_solve_model": 1636860153882}, "ended_at": {"time_setup_models_and_sims.TimeBuildDFN.time_setup_DFN": 1636860105738, "time_setup_models_and_sims.TimeBuildDFNSimulation.time_setup_DFN_simulation": 1636860109263, "time_setup_models_and_sims.TimeBuildSPM.time_setup_SPM": 1636860112078, "time_setup_models_and_sims.TimeBuildSPMSimulation.time_setup_SPM_simulation": 1636860115702, "time_setup_models_and_sims.TimeBuildSPMe.time_setup_SPMe": 1636860119270, "time_setup_models_and_sims.TimeBuildSPMeSimulation.time_setup_SPMe_simulation": 1636860122895, "time_solve_models.TimeSolveDFN.time_solve_model": 1636860145792, "time_solve_models.TimeSolveSPM.time_solve_model": 1636860153882, "time_solve_models.TimeSolveSPMe.time_solve_model": 1636860164531}, "benchmark_version": {"time_setup_models_and_sims.TimeBuildDFN.time_setup_DFN": "5f322e51e6b7e66125ee6949bdf25746005db467e8ffcfdcb3ace170e92bbc3d", "time_setup_models_and_sims.TimeBuildDFNSimulation.time_setup_DFN_simulation": "8de44bc542fa7d4ba28a80f24414a9444b5436673aaebba674918f5f0bfd0ebb", "time_setup_models_and_sims.TimeBuildSPM.time_setup_SPM": "0d0b3f5c67fc2da9a5794c66b70af5a45a09558d1ee95f738745385adb84fbca", "time_setup_models_and_sims.TimeBuildSPMSimulation.time_setup_SPM_simulation": "161220a99418ce4487cc29325cbae897f28d0e44ae07e1dfbfaac2cbc53a4ff9", "time_setup_models_and_sims.TimeBuildSPMe.time_setup_SPMe": "6083f5ff944353395eb4b21c97b02af555fe6528de3cd5283f5e139943945235", "time_setup_models_and_sims.TimeBuildSPMeSimulation.time_setup_SPMe_simulation": "530563cb559427795e3648d9648df9250ae100b7721f69eec356bdda7798c55e", "time_solve_models.TimeSolveDFN.time_solve_model": "914137228e20e5900cec36b0d3865f1faa2f5d479c7d6c2539514791f9ec4430", "time_solve_models.TimeSolveSPM.time_solve_model": "ef1bb5f8d1ddfa59650e20438c4b252d73e5a062714848ce1d6d5269382bc598", "time_solve_models.TimeSolveSPMe.time_solve_model": "20672028872f4620ce85e909bae705d9490de441e926510b2b0e53ff0881d87b"}, "version": 1}