{"results": {"time_setup_models_and_sims.TimeBuildDFN.time_setup_DFN": {"result": [0.7449698765000221], "stats": [{"ci_99": [0.7282869889999688, 0.7647341919999917], "q_25": 0.7376294062500008, "q_75": 0.7544678999999945, "min": 0.7282869889999688, "max": 0.7647341919999917, "mean": 0.7454610818999953, "std": 0.011937113644147068, "repeat": 10, "number": 1}]}, "time_setup_models_and_sims.TimeBuildDFNSimulation.time_setup_DFN_simulation": {"result": [0.18361356850000732, 0.4479260405000218], "stats": [{"ci_99": [0.16701929300000984, 0.19047897400000124], "q_25": 0.1743521527500178, "q_75": 0.1880775062499822, "min": 0.16701929300000984, "max": 0.19047897400000124, "mean": 0.18129684139999824, "std": 0.007887158896136682, "repeat": 10, "number": 1}, {"ci_99": [0.4344374400000106, 0.46159819199999674], "q_25": 0.4444293242500166, "q_75": 0.4530830999999935, "min": 0.4344374400000106, "max": 0.46159819199999674, "mean": 0.4483504292000049, "std": 0.00760969781490062, "repeat": 10, "number": 1}], "params": [["False", "True"]]}, "time_setup_models_and_sims.TimeBuildSPM.time_setup_SPM": {"result": [0.5291622680000074], "stats": [{"ci_99": [0.5198120550000169, 0.5526820430000043], "q_25": 0.5257852354999883, "q_75": 0.5370561780000003, "min": 0.5198120550000169, "max": 0.5526820430000043, "mean": 0.5328434493000003, "std": 0.010077815488476098, "repeat": 10, "number": 1}]}, "time_setup_models_and_sims.TimeBuildSPMSimulation.time_setup_SPM_simulation": {"result": [0.20499685450000982, 0.46480101200000945], "stats": [{"ci_99": [0.1950969920000034, 0.2159599329999935], "q_25": 0.20260458849998741, "q_75": 0.21248535849998973, "min": 0.1950969920000034, "max": 0.2159599329999935, "mean": 0.20676013579999902, "std": 0.00649954857600556, "repeat": 10, "number": 1}, {"ci_99": [0.44551484000004393, 0.5074668560000077], "q_25": 0.45132838949997733, "q_75": 0.4781199277500008, "min": 0.44551484000004393, "max": 0.5074668560000077, "mean": 0.467393234900004, "std": 0.018252399958018143, "repeat": 10, "number": 1}], "params": [["False", "True"]]}, "time_setup_models_and_sims.TimeBuildSPMe.time_setup_SPMe": {"result": [0.6856369255000061], "stats": [{"ci_99": [0.668790572000006, 0.7124649970000121], "q_25": 0.677696202249976, "q_75": 0.7008166667500149, "min": 0.668790572000006, "max": 0.7124649970000121, "mean": 0.6888408048000031, "std": 0.0150811802671702, "repeat": 10, "number": 1}]}, "time_setup_models_and_sims.TimeBuildSPMeSimulation.time_setup_SPMe_simulation": {"result": [0.19175165099998992, 0.4820828455000168], "stats": [{"ci_99": [0.1801453699999911, 0.20482332400001724], "q_25": 0.1836861497499882, "q_75": 0.19631089499999632, "min": 0.1801453699999911, "max": 0.20482332400001724, "mean": 0.19165378159999874, "std": 0.00844326159215777, "repeat": 10, "number": 1}, {"ci_99": [0.4639186879999784, 0.5024489679999817], "q_25": 0.47880174550003574, "q_75": 0.48702399374998606, "min": 0.4639186879999784, "max": 0.5024489679999817, "mean": 0.48280590070000073, "std": 0.009715944352549563, "repeat": 10, "number": 1}], "params": [["False", "True"]]}, "time_solve_models.TimeSolveDFN.time_solve_model": {"result": [0.5740257209999982, 0.7581382135000183], "stats": [{"ci_99": [0.565696872999979, 0.6292040399999905], "q_25": 0.5692310919999954, "q_75": 0.5902900450000175, "min": 0.565696872999979, "max": 0.6292040399999905, "mean": 0.5843071365555595, "std": 0.020575106234229392, "repeat": 9, "number": 1}, {"ci_99": [0.7339027459999556, 0.8015113079999878], "q_25": 0.7434261422500157, "q_75": 0.7663209547499861, "min": 0.7339027459999556, "max": 0.8015113079999878, "mean": 0.7591904398999987, "std": 0.019717271506231676, "repeat": 10, "number": 1}], "params": [["True", "False"]]}, "time_solve_models.TimeSolveSPM.time_solve_model": {"result": [0.026586094500032686, 0.05289354599997864], "stats": [{"ci_99": [0.024964232000002085, 0.0365649120000171], "q_25": 0.025810327000016287, "q_75": 0.027949058000004356, "min": 0.024964232000002085, "max": 0.0365649120000171, "mean": 0.027616018800011945, "std": 0.003220943322752007, "repeat": 10, "number": 1}, {"ci_99": [0.05045626200001152, 0.058613898999965386], "q_25": 0.051100812500010306, "q_75": 0.05424458249997599, "min": 0.05045626200001152, "max": 0.058613898999965386, "mean": 0.05327736479999316, "std": 0.002484008843146596, "repeat": 10, "number": 1}], "params": [["True", "False"]]}, "time_solve_models.TimeSolveSPMe.time_solve_model": {"result": [0.038393156999973144, 0.08668427599999973], "stats": [{"ci_99": [0.036227661999987504, 0.039247220999982346], "q_25": 0.03709130699999719, "q_75": 0.03876071324999941, "min": 0.036227661999987504, "max": 0.039247220999982346, "mean": 0.03800733569999011, "std": 0.001034075327653514, "repeat": 10, "number": 1}, {"ci_99": [0.08164525400002276, 0.0960435899999652], "q_25": 0.08540643349998334, "q_75": 0.08963131575001171, "min": 0.08164525400002276, "max": 0.0960435899999652, "mean": 0.08734130829999458, "std": 0.004100593484595158, "repeat": 10, "number": 1}], "params": [["True", "False"]]}}, "params": {"machine": "GitHubRunner", "python": "3.8"}, "requirements": {}, "commit_hash": "d69db284eed874fd7b066e57db4259d0fee98fe6", "date": 1636835649000, "env_name": "virtualenv-py3.8", "python": "3.8", "profiles": {}, "started_at": {"time_setup_models_and_sims.TimeBuildDFN.time_setup_DFN": 1636946553086, "time_setup_models_and_sims.TimeBuildDFNSimulation.time_setup_DFN_simulation": 1636946558054, "time_setup_models_and_sims.TimeBuildSPM.time_setup_SPM": 1636946562123, "time_setup_models_and_sims.TimeBuildSPMSimulation.time_setup_SPM_simulation": 1636946565687, "time_setup_models_and_sims.TimeBuildSPMe.time_setup_SPMe": 1636946570107, "time_setup_models_and_sims.TimeBuildSPMeSimulation.time_setup_SPMe_simulation": 1636946574622, "time_solve_models.TimeSolveDFN.time_solve_model": 1636946578941, "time_solve_models.TimeSolveSPM.time_solve_model": 1636946603668, "time_solve_models.TimeSolveSPMe.time_solve_model": 1636946613199}, "ended_at": {"time_setup_models_and_sims.TimeBuildDFN.time_setup_DFN": 1636946558054, "time_setup_models_and_sims.TimeBuildDFNSimulation.time_setup_DFN_simulation": 1636946562122, "time_setup_models_and_sims.TimeBuildSPM.time_setup_SPM": 1636946565687, "time_setup_models_and_sims.TimeBuildSPMSimulation.time_setup_SPM_simulation": 1636946570106, "time_setup_models_and_sims.TimeBuildSPMe.time_setup_SPMe": 1636946574622, "time_setup_models_and_sims.TimeBuildSPMeSimulation.time_setup_SPMe_simulation": 1636946578940, "time_solve_models.TimeSolveDFN.time_solve_model": 1636946603667, "time_solve_models.TimeSolveSPM.time_solve_model": 1636946613198, "time_solve_models.TimeSolveSPMe.time_solve_model": 1636946625892}, "benchmark_version": {"time_setup_models_and_sims.TimeBuildDFN.time_setup_DFN": "5f322e51e6b7e66125ee6949bdf25746005db467e8ffcfdcb3ace170e92bbc3d", "time_setup_models_and_sims.TimeBuildDFNSimulation.time_setup_DFN_simulation": "8de44bc542fa7d4ba28a80f24414a9444b5436673aaebba674918f5f0bfd0ebb", "time_setup_models_and_sims.TimeBuildSPM.time_setup_SPM": "0d0b3f5c67fc2da9a5794c66b70af5a45a09558d1ee95f738745385adb84fbca", "time_setup_models_and_sims.TimeBuildSPMSimulation.time_setup_SPM_simulation": "161220a99418ce4487cc29325cbae897f28d0e44ae07e1dfbfaac2cbc53a4ff9", "time_setup_models_and_sims.TimeBuildSPMe.time_setup_SPMe": "6083f5ff944353395eb4b21c97b02af555fe6528de3cd5283f5e139943945235", "time_setup_models_and_sims.TimeBuildSPMeSimulation.time_setup_SPMe_simulation": "530563cb559427795e3648d9648df9250ae100b7721f69eec356bdda7798c55e", "time_solve_models.TimeSolveDFN.time_solve_model": "914137228e20e5900cec36b0d3865f1faa2f5d479c7d6c2539514791f9ec4430", "time_solve_models.TimeSolveSPM.time_solve_model": "ef1bb5f8d1ddfa59650e20438c4b252d73e5a062714848ce1d6d5269382bc598", "time_solve_models.TimeSolveSPMe.time_solve_model": "20672028872f4620ce85e909bae705d9490de441e926510b2b0e53ff0881d87b"}, "version": 1}