{"results": {"time_setup_models_and_sims.TimeBuildDFN.time_setup_DFN": {"result": [1.2445095129999686], "stats": [{"ci_99": [1.1978224730000875, 1.2854905430000372], "q_25": 1.2090684812500285, "q_75": 1.2685519190000036, "min": 1.1978224730000875, "max": 1.2854905430000372, "mean": 1.241768036200017, "std": 0.03276370357528429, "repeat": 10, "number": 1}]}, "time_setup_models_and_sims.TimeBuildDFNSimulation.time_setup_DFN_simulation": {"result": [0.1466029784999705, 0.257945733500037], "stats": [{"ci_99": [0.1424567899999829, 0.1671622420000176], "q_25": 0.14559893200001284, "q_75": 0.1493193930000416, "min": 0.1424567899999829, "max": 0.1671622420000176, "mean": 0.1494707141000049, "std": 0.007190206610996822, "repeat": 10, "number": 1}, {"ci_99": [0.2455596009999681, 0.28715458800002125], "q_25": 0.2476512640000692, "q_75": 0.2731783969999526, "min": 0.2455596009999681, "max": 0.28715458800002125, "mean": 0.2618205653000132, "std": 0.014826048593919706, "repeat": 10, "number": 1}], "params": [["False", "True"]]}, "time_setup_models_and_sims.TimeBuildSPM.time_setup_SPM": {"result": [0.6877605785000469], "stats": [{"ci_99": [0.6376159330000064, 0.7296071130000428], "q_25": 0.658782566750034, "q_75": 0.697765904750014, "min": 0.6376159330000064, "max": 0.7296071130000428, "mean": 0.6833988456000271, "std": 0.02964042313888771, "repeat": 10, "number": 1}]}, "time_setup_models_and_sims.TimeBuildSPMSimulation.time_setup_SPM_simulation": {"result": [0.14595459549997258, 0.2185993470000085], "stats": [{"ci_99": [0.13873532900004193, 0.16192125200007013], "q_25": 0.14131184225004745, "q_75": 0.1502221474999601, "min": 0.13873532900004193, "max": 0.16192125200007013, "mean": 0.14683503569999629, "std": 0.0065676699150759585, "repeat": 10, "number": 1}, {"ci_99": [0.21448431299995718, 0.2298840050000308], "q_25": 0.2169247779999921, "q_75": 0.22041565250000872, "min": 0.21448431299995718, "max": 0.2298840050000308, "mean": 0.21928280619999896, "std": 0.004022170762706258, "repeat": 10, "number": 1}], "params": [["False", "True"]]}, "time_setup_models_and_sims.TimeBuildSPMe.time_setup_SPMe": {"result": [1.0176583984999752], "stats": [{"ci_99": [0.9762763039999527, 1.0509444719999692], "q_25": 1.0017969317499649, "q_75": 1.0402175022500444, "min": 0.9762763039999527, "max": 1.0509444719999692, "mean": 1.0196190560999867, "std": 0.023942863020585566, "repeat": 10, "number": 1}]}, "time_setup_models_and_sims.TimeBuildSPMeSimulation.time_setup_SPMe_simulation": {"result": [0.15515776750004306, 0.2751033849999658], "stats": [{"ci_99": [0.15016547900006572, 0.1681672110000818], "q_25": 0.15162546275001887, "q_75": 0.1604853132500068, "min": 0.15016547900006572, "max": 0.1681672110000818, "mean": 0.1569246904000238, "std": 0.006345139217946485, "repeat": 10, "number": 1}, {"ci_99": [0.265967379000017, 0.2978648839999778], "q_25": 0.27267970425003796, "q_75": 0.2873721459999672, "min": 0.265967379000017, "max": 0.2978648839999778, "mean": 0.2791911609999943, "std": 0.01008511992753679, "repeat": 10, "number": 1}], "params": [["False", "True"]]}, "time_solve_models.TimeSolveDFN.time_solve_model": {"result": [0.8604868685000042, 1.0154640994999795], "stats": [{"ci_99": [0.8475517164716968, 0.8831632339999942], "q_25": 0.8567162907500574, "q_75": 0.8649515165000139, "min": 0.8503310649999776, "max": 0.8831632339999942, "mean": 0.8627278666666788, "std": 0.01034566167123919, "repeat": 6, "number": 1}, {"ci_99": [0.9928938809999863, 1.0387795260000985], "q_25": 1.0040938434999873, "q_75": 1.0310396445000265, "min": 0.9928938809999863, "max": 1.0387795260000985, "mean": 1.0171188307500216, "std": 0.016189595679392457, "repeat": 8, "number": 1}], "params": [["True", "False"]]}, "time_solve_models.TimeSolveSPM.time_solve_model": {"result": [0.044892724000021644, 0.08109340149997024], "stats": [{"ci_99": [0.043803647000004275, 0.04913374499994916], "q_25": 0.0443923679999898, "q_75": 0.04591110749996119, "min": 0.043803647000004275, "max": 0.04913374499994916, "mean": 0.04546285089999173, "std": 0.0015946876463175958, "repeat": 10, "number": 1}, {"ci_99": [0.07488001599995187, 0.09022910099997716], "q_25": 0.07820352575004108, "q_75": 0.08347906299999863, "min": 0.07488001599995187, "max": 0.09022910099997716, "mean": 0.08125591759999225, "std": 0.004475832311170799, "repeat": 10, "number": 1}], "params": [["True", "False"]]}, "time_solve_models.TimeSolveSPMe.time_solve_model": {"result": [0.06262262600000668, 0.12333913300000177], "stats": [{"ci_99": [0.05992309500004467, 0.07036188400002175], "q_25": 0.06216151625002908, "q_75": 0.06418785025007878, "min": 0.05992309500004467, "max": 0.07036188400002175, "mean": 0.06370200150003029, "std": 0.00286355104375007, "repeat": 10, "number": 1}, {"ci_99": [0.11894604299993716, 0.13588633599999866], "q_25": 0.12124739175007448, "q_75": 0.1265618392499448, "min": 0.11894604299993716, "max": 0.13588633599999866, "mean": 0.12446863029999804, "std": 0.004669222356440531, "repeat": 10, "number": 1}], "params": [["True", "False"]]}}, "params": {"machine": "GitHubRunner", "python": "3.8"}, "requirements": {}, "commit_hash": "d74083d1c3c7781fc9669a7ae2ad3f634063a1e5", "date": 1612803244000, "env_name": "virtualenv-py3.8", "python": "3.8", "profiles": {}, "started_at": {"time_setup_models_and_sims.TimeBuildDFN.time_setup_DFN": 1613141810174, "time_setup_models_and_sims.TimeBuildDFNSimulation.time_setup_DFN_simulation": 1613141818055, "time_setup_models_and_sims.TimeBuildSPM.time_setup_SPM": 1613141820771, "time_setup_models_and_sims.TimeBuildSPMSimulation.time_setup_SPM_simulation": 1613141825288, "time_setup_models_and_sims.TimeBuildSPMe.time_setup_SPMe": 1613141827755, "time_setup_models_and_sims.TimeBuildSPMeSimulation.time_setup_SPMe_simulation": 1613141834277, "time_solve_models.TimeSolveDFN.time_solve_model": 1613141837143, "time_solve_models.TimeSolveSPM.time_solve_model": 1613141863633, "time_solve_models.TimeSolveSPMe.time_solve_model": 1613141875977}, "ended_at": {"time_setup_models_and_sims.TimeBuildDFN.time_setup_DFN": 1613141818055, "time_setup_models_and_sims.TimeBuildDFNSimulation.time_setup_DFN_simulation": 1613141820771, "time_setup_models_and_sims.TimeBuildSPM.time_setup_SPM": 1613141825288, "time_setup_models_and_sims.TimeBuildSPMSimulation.time_setup_SPM_simulation": 1613141827754, "time_setup_models_and_sims.TimeBuildSPMe.time_setup_SPMe": 1613141834277, "time_setup_models_and_sims.TimeBuildSPMeSimulation.time_setup_SPMe_simulation": 1613141837143, "time_solve_models.TimeSolveDFN.time_solve_model": 1613141863633, "time_solve_models.TimeSolveSPM.time_solve_model": 1613141875976, "time_solve_models.TimeSolveSPMe.time_solve_model": 1613141893637}, "benchmark_version": {"time_setup_models_and_sims.TimeBuildDFN.time_setup_DFN": "5f322e51e6b7e66125ee6949bdf25746005db467e8ffcfdcb3ace170e92bbc3d", "time_setup_models_and_sims.TimeBuildDFNSimulation.time_setup_DFN_simulation": "8de44bc542fa7d4ba28a80f24414a9444b5436673aaebba674918f5f0bfd0ebb", "time_setup_models_and_sims.TimeBuildSPM.time_setup_SPM": "0d0b3f5c67fc2da9a5794c66b70af5a45a09558d1ee95f738745385adb84fbca", "time_setup_models_and_sims.TimeBuildSPMSimulation.time_setup_SPM_simulation": "161220a99418ce4487cc29325cbae897f28d0e44ae07e1dfbfaac2cbc53a4ff9", "time_setup_models_and_sims.TimeBuildSPMe.time_setup_SPMe": "6083f5ff944353395eb4b21c97b02af555fe6528de3cd5283f5e139943945235", "time_setup_models_and_sims.TimeBuildSPMeSimulation.time_setup_SPMe_simulation": "530563cb559427795e3648d9648df9250ae100b7721f69eec356bdda7798c55e", "time_solve_models.TimeSolveDFN.time_solve_model": "914137228e20e5900cec36b0d3865f1faa2f5d479c7d6c2539514791f9ec4430", "time_solve_models.TimeSolveSPM.time_solve_model": "ef1bb5f8d1ddfa59650e20438c4b252d73e5a062714848ce1d6d5269382bc598", "time_solve_models.TimeSolveSPMe.time_solve_model": "20672028872f4620ce85e909bae705d9490de441e926510b2b0e53ff0881d87b"}, "version": 1}