{"results": {"time_setup_models_and_sims.TimeBuildDFN.time_setup_DFN": {"result": [0.9683526044998416], "stats": [{"ci_99": [0.9187496889999238, 0.9844960639998135], "q_25": 0.936296224250043, "q_75": 0.975677823749777, "min": 0.9187496889999238, "max": 0.9844960639998135, "mean": 0.9586515346998794, "std": 0.023091167798288282, "repeat": 10, "number": 1}]}, "time_setup_models_and_sims.TimeBuildDFNSimulation.time_setup_DFN_simulation": {"result": [0.11790382849994785, 0.20027872799983015], "stats": [{"ci_99": [0.11522728099998858, 0.13405193899984624], "q_25": 0.1171048662499743, "q_75": 0.12469884500001172, "min": 0.11522728099998858, "max": 0.13405193899984624, "mean": 0.12101996279996001, "std": 0.005615869488957705, "repeat": 10, "number": 1}, {"ci_99": [0.1925377039997329, 0.22245632100020885], "q_25": 0.196087002250124, "q_75": 0.21031317450007236, "min": 0.1925377039997329, "max": 0.22245632100020885, "mean": 0.20330534959996385, "std": 0.009127912537086978, "repeat": 10, "number": 1}], "params": [["False", "True"]]}, "time_setup_models_and_sims.TimeBuildSPM.time_setup_SPM": {"result": [0.7224959199999148], "stats": [{"ci_99": [0.6597414599996227, 0.7440589640000326], "q_25": 0.6957754977499917, "q_75": 0.7303618122501234, "min": 0.6597414599996227, "max": 0.7440589640000326, "mean": 0.7108262475999709, "std": 0.028356471415977386, "repeat": 10, "number": 1}]}, "time_setup_models_and_sims.TimeBuildSPMSimulation.time_setup_SPM_simulation": {"result": [0.2993224824998606, 0.35161067400008506], "stats": [{"ci_99": [0.28161169800000607, 0.3138073259997327], "q_25": 0.293341720250055, "q_75": 0.30636665225006254, "min": 0.28161169800000607, "max": 0.3138073259997327, "mean": 0.2989956169999687, "std": 0.010492462454546065, "repeat": 10, "number": 1}, {"ci_99": [0.3350590189998002, 0.3912311750000299], "q_25": 0.34463491799994017, "q_75": 0.3611456039999439, "min": 0.3350590189998002, "max": 0.3912311750000299, "mean": 0.35434588750001694, "std": 0.015578032042835789, "repeat": 10, "number": 1}], "params": [["False", "True"]]}, "time_setup_models_and_sims.TimeBuildSPMe.time_setup_SPMe": {"result": [0.8198198505000391], "stats": [{"ci_99": [0.7929612540001472, 0.8659425640000791], "q_25": 0.8084127609997722, "q_75": 0.8398164664998831, "min": 0.7929612540001472, "max": 0.8659425640000791, "mean": 0.8252898066999933, "std": 0.02309791614232923, "repeat": 10, "number": 1}]}, "time_setup_models_and_sims.TimeBuildSPMeSimulation.time_setup_SPMe_simulation": {"result": [0.15466917349999676, 0.2326421019999998], "stats": [{"ci_99": [0.143380728000011, 0.1656253310000011], "q_25": 0.14472751224997182, "q_75": 0.15863804325016417, "min": 0.143380728000011, "max": 0.1656253310000011, "mean": 0.15276204069998583, "std": 0.007595324504531933, "repeat": 10, "number": 1}, {"ci_99": [0.2287514499998906, 0.24213054000028933], "q_25": 0.2317780717498863, "q_75": 0.2362557165001249, "min": 0.2287514499998906, "max": 0.24213054000028933, "mean": 0.23413547510006083, "std": 0.004146502397756826, "repeat": 10, "number": 1}], "params": [["False", "True"]]}, "time_solve_models.TimeSolveDFN.time_solve_model": {"result": [0.9144299575000332, 1.1546462599999359], "stats": [{"ci_99": [0.8882168479715509, 0.986252831999991], "q_25": 0.9092423689999123, "q_75": 0.9367614090002689, "min": 0.9067916250000962, "max": 0.986252831999991, "mean": 0.9289371285000622, "std": 0.028411222043924288, "repeat": 6, "number": 1}, {"ci_99": [1.139853912000035, 1.1918217930001447], "q_25": 1.147646581000231, "q_75": 1.1759139082498677, "min": 1.139853912000035, "max": 1.1918217930001447, "mean": 1.1609819102500296, "std": 0.017187853641169627, "repeat": 8, "number": 1}], "params": [["True", "False"]]}, "time_solve_models.TimeSolveSPM.time_solve_model": {"result": [0.052802791499971136, 0.10122823849974338], "stats": [{"ci_99": [0.04833616499990967, 0.06825975599986123], "q_25": 0.049280195250048564, "q_75": 0.05459664900013195, "min": 0.04833616499990967, "max": 0.06825975599986123, "mean": 0.05347660920001544, "std": 0.00554591615467683, "repeat": 10, "number": 1}, {"ci_99": [0.09586676299977626, 0.11058379699989018], "q_25": 0.09767881824996039, "q_75": 0.10524643074973028, "min": 0.09586676299977626, "max": 0.11058379699989018, "mean": 0.10214712799984227, "std": 0.004838925466231739, "repeat": 10, "number": 1}], "params": [["True", "False"]]}, "time_solve_models.TimeSolveSPMe.time_solve_model": {"result": [0.07271069100011118, 0.14867365299983248], "stats": [{"ci_99": [0.06743824200020754, 0.07778203800035044], "q_25": 0.06995107674993051, "q_75": 0.07412104425009147, "min": 0.06743824200020754, "max": 0.07778203800035044, "mean": 0.07232861780007624, "std": 0.0028975351807437135, "repeat": 10, "number": 1}, {"ci_99": [0.14264874999980748, 0.16098803200020484], "q_25": 0.1442591815001606, "q_75": 0.156817947750028, "min": 0.14264874999980748, "max": 0.16098803200020484, "mean": 0.15063863119994494, "std": 0.006887380323932891, "repeat": 10, "number": 1}], "params": [["True", "False"]]}}, "params": {"machine": "GitHubRunner", "python": "3.8"}, "requirements": {}, "commit_hash": "d90636a755b7b77bbc75ae7bc2728c8ee2fa730a", "date": 1611827617000, "env_name": "virtualenv-py3.8", "python": "3.8", "profiles": {}, "started_at": {"time_setup_models_and_sims.TimeBuildDFN.time_setup_DFN": 1613143164124, "time_setup_models_and_sims.TimeBuildDFNSimulation.time_setup_DFN_simulation": 1613143170247, "time_setup_models_and_sims.TimeBuildSPM.time_setup_SPM": 1613143172412, "time_setup_models_and_sims.TimeBuildSPMSimulation.time_setup_SPM_simulation": 1613143177080, "time_setup_models_and_sims.TimeBuildSPMe.time_setup_SPMe": 1613143181352, "time_setup_models_and_sims.TimeBuildSPMeSimulation.time_setup_SPMe_simulation": 1613143186622, "time_solve_models.TimeSolveDFN.time_solve_model": 1613143189188, "time_solve_models.TimeSolveSPM.time_solve_model": 1613143214021, "time_solve_models.TimeSolveSPMe.time_solve_model": 1613143226514}, "ended_at": {"time_setup_models_and_sims.TimeBuildDFN.time_setup_DFN": 1613143170246, "time_setup_models_and_sims.TimeBuildDFNSimulation.time_setup_DFN_simulation": 1613143172412, "time_setup_models_and_sims.TimeBuildSPM.time_setup_SPM": 1613143177080, "time_setup_models_and_sims.TimeBuildSPMSimulation.time_setup_SPM_simulation": 1613143181352, "time_setup_models_and_sims.TimeBuildSPMe.time_setup_SPMe": 1613143186622, "time_setup_models_and_sims.TimeBuildSPMeSimulation.time_setup_SPMe_simulation": 1613143189187, "time_solve_models.TimeSolveDFN.time_solve_model": 1613143214020, "time_solve_models.TimeSolveSPM.time_solve_model": 1613143226514, "time_solve_models.TimeSolveSPMe.time_solve_model": 1613143241516}, "benchmark_version": {"time_setup_models_and_sims.TimeBuildDFN.time_setup_DFN": "5f322e51e6b7e66125ee6949bdf25746005db467e8ffcfdcb3ace170e92bbc3d", "time_setup_models_and_sims.TimeBuildDFNSimulation.time_setup_DFN_simulation": "8de44bc542fa7d4ba28a80f24414a9444b5436673aaebba674918f5f0bfd0ebb", "time_setup_models_and_sims.TimeBuildSPM.time_setup_SPM": "0d0b3f5c67fc2da9a5794c66b70af5a45a09558d1ee95f738745385adb84fbca", "time_setup_models_and_sims.TimeBuildSPMSimulation.time_setup_SPM_simulation": "161220a99418ce4487cc29325cbae897f28d0e44ae07e1dfbfaac2cbc53a4ff9", "time_setup_models_and_sims.TimeBuildSPMe.time_setup_SPMe": "6083f5ff944353395eb4b21c97b02af555fe6528de3cd5283f5e139943945235", "time_setup_models_and_sims.TimeBuildSPMeSimulation.time_setup_SPMe_simulation": "530563cb559427795e3648d9648df9250ae100b7721f69eec356bdda7798c55e", "time_solve_models.TimeSolveDFN.time_solve_model": "914137228e20e5900cec36b0d3865f1faa2f5d479c7d6c2539514791f9ec4430", "time_solve_models.TimeSolveSPM.time_solve_model": "ef1bb5f8d1ddfa59650e20438c4b252d73e5a062714848ce1d6d5269382bc598", "time_solve_models.TimeSolveSPMe.time_solve_model": "20672028872f4620ce85e909bae705d9490de441e926510b2b0e53ff0881d87b"}, "version": 1}