{"results": {"time_setup_models_and_sims.TimeBuildDFN.time_setup_DFN": {"result": [0.48846743600000053], "stats": [{"ci_99": [0.46692771399999344, 0.5138593409999999], "q_25": 0.47720744249999214, "q_75": 0.496586778749986, "min": 0.46692771399999344, "max": 0.5138593409999999, "mean": 0.4881718125999967, "std": 0.013445368168459856, "repeat": 10, "number": 1}]}, "time_setup_models_and_sims.TimeBuildDFNSimulation.time_setup_DFN_simulation": {"result": [0.08912049300000291, 0.2138500070000049], "stats": [{"ci_99": [0.08371776100000261, 0.09719423399999982], "q_25": 0.08758039874999213, "q_75": 0.09161529549999159, "min": 0.08371776100000261, "max": 0.09719423399999982, "mean": 0.08996399809999929, "std": 0.0042646705351694625, "repeat": 10, "number": 1}, {"ci_99": [0.20126479399999653, 0.22355078399999684], "q_25": 0.21046262299999796, "q_75": 0.21630828400000723, "min": 0.20126479399999653, "max": 0.22355078399999684, "mean": 0.21364139590000236, "std": 0.006391198697304061, "repeat": 10, "number": 1}], "params": [["False", "True"]]}, "time_setup_models_and_sims.TimeBuildSPM.time_setup_SPM": {"result": [0.23858424049998916], "stats": [{"ci_99": [0.22970717300000842, 0.2547819709999999], "q_25": 0.23612020749999374, "q_75": 0.24435127750000873, "min": 0.22970717300000842, "max": 0.2547819709999999, "mean": 0.2405361904000017, "std": 0.007075921821075339, "repeat": 10, "number": 1}]}, "time_setup_models_and_sims.TimeBuildSPMSimulation.time_setup_SPM_simulation": {"result": [0.07518848249999621, 0.17520015850000448], "stats": [{"ci_99": [0.07224539599999957, 0.07601888299998905], "q_25": 0.0736530782499969, "q_75": 0.07553687224998384, "min": 0.07224539599999957, "max": 0.07601888299998905, "mean": 0.07464299119999396, "std": 0.0012543045067809004, "repeat": 10, "number": 1}, {"ci_99": [0.16842721199999744, 0.20685020799999165], "q_25": 0.17338998000000316, "q_75": 0.17634477974999285, "min": 0.16842721199999744, "max": 0.20685020799999165, "mean": 0.1775984018999978, "std": 0.010191384618873785, "repeat": 10, "number": 1}], "params": [["False", "True"]]}, "time_setup_models_and_sims.TimeBuildSPMe.time_setup_SPMe": {"result": [0.40191439349997893], "stats": [{"ci_99": [0.3745003200000099, 0.4153570420000108], "q_25": 0.39127052599999956, "q_75": 0.4055401237500149, "min": 0.3745003200000099, "max": 0.4153570420000108, "mean": 0.3984828016000009, "std": 0.011010163500512107, "repeat": 10, "number": 1}]}, "time_setup_models_and_sims.TimeBuildSPMeSimulation.time_setup_SPMe_simulation": {"result": [0.09545911149999142, 0.2348263515000184], "stats": [{"ci_99": [0.09361825500002396, 0.10446168300001091], "q_25": 0.09490815300000577, "q_75": 0.09709686099999715, "min": 0.09361825500002396, "max": 0.10446168300001091, "mean": 0.09647314550000204, "std": 0.0029213153363380033, "repeat": 10, "number": 1}, {"ci_99": [0.22924788400001717, 0.23871802100001105], "q_25": 0.2300836047499928, "q_75": 0.236814911499998, "min": 0.22924788400001717, "max": 0.23871802100001105, "mean": 0.2339108082000024, "std": 0.003468959955919317, "repeat": 10, "number": 1}], "params": [["False", "True"]]}, "time_solve_models.TimeSolveDFN.time_solve_model": {"result": [0.5837205110000099, 0.7565151274999948], "stats": [{"ci_99": [0.5605072449999966, 0.620902051999991], "q_25": 0.5711419987500079, "q_75": 0.5955473265000109, "min": 0.5605072449999966, "max": 0.620902051999991, "mean": 0.5857314628000012, "std": 0.01814931849820823, "repeat": 10, "number": 1}, {"ci_99": [0.7460160539999947, 0.7975770399999931], "q_25": 0.749667820500008, "q_75": 0.7608899180000108, "min": 0.7460160539999947, "max": 0.7975770399999931, "mean": 0.7589595283999984, "std": 0.014095056467950205, "repeat": 10, "number": 1}], "params": [["True", "False"]]}, "time_solve_models.TimeSolveSPM.time_solve_model": {"result": [0.021996033499988243, 0.04550012900000411], "stats": [{"ci_99": [0.01992962700001044, 0.023516602999990255], "q_25": 0.021740656249995993, "q_75": 0.02284215125000344, "min": 0.01992962700001044, "max": 0.023516602999990255, "mean": 0.022078038599994444, "std": 0.0009653062035127045, "repeat": 10, "number": 1}, {"ci_99": [0.04375873000000752, 0.0483961999999849], "q_25": 0.044918473499983236, "q_75": 0.04670023374999488, "min": 0.04375873000000752, "max": 0.0483961999999849, "mean": 0.04580816479999896, "std": 0.0015256113818803668, "repeat": 10, "number": 1}], "params": [["True", "False"]]}, "time_solve_models.TimeSolveSPMe.time_solve_model": {"result": [0.03293455700000436, 0.0777984750000229], "stats": [{"ci_99": [0.030513522000006787, 0.03598713899998529], "q_25": 0.03248645925000204, "q_75": 0.033725654249984416, "min": 0.030513522000006787, "max": 0.03598713899998529, "mean": 0.0331073058999948, "std": 0.001345777029006171, "repeat": 10, "number": 1}, {"ci_99": [0.07489398999999253, 0.08892758900000786], "q_25": 0.07563637175000082, "q_75": 0.08030025524998763, "min": 0.07489398999999253, "max": 0.08892758900000786, "mean": 0.07924207560000411, "std": 0.004790848948160442, "repeat": 10, "number": 1}], "params": [["True", "False"]]}}, "params": {"machine": "GitHubRunner", "python": "3.8"}, "requirements": {}, "commit_hash": "dc4ff98f272d1c90252cfc1d9820328bf201a483", "date": 1642903851000, "env_name": "virtualenv-py3.8", "python": "3.8", "profiles": {}, "started_at": {"time_setup_models_and_sims.TimeBuildDFN.time_setup_DFN": 1642994585408, "time_setup_models_and_sims.TimeBuildDFNSimulation.time_setup_DFN_simulation": 1642994588674, "time_setup_models_and_sims.TimeBuildSPM.time_setup_SPM": 1642994590893, "time_setup_models_and_sims.TimeBuildSPMSimulation.time_setup_SPM_simulation": 1642994592655, "time_setup_models_and_sims.TimeBuildSPMe.time_setup_SPMe": 1642994594672, "time_setup_models_and_sims.TimeBuildSPMeSimulation.time_setup_SPMe_simulation": 1642994597388, "time_solve_models.TimeSolveDFN.time_solve_model": 1642994599757, "time_solve_models.TimeSolveSPM.time_solve_model": 1642994620547, "time_solve_models.TimeSolveSPMe.time_solve_model": 1642994625976}, "ended_at": {"time_setup_models_and_sims.TimeBuildDFN.time_setup_DFN": 1642994588674, "time_setup_models_and_sims.TimeBuildDFNSimulation.time_setup_DFN_simulation": 1642994590892, "time_setup_models_and_sims.TimeBuildSPM.time_setup_SPM": 1642994592654, "time_setup_models_and_sims.TimeBuildSPMSimulation.time_setup_SPM_simulation": 1642994594671, "time_setup_models_and_sims.TimeBuildSPMe.time_setup_SPMe": 1642994597388, "time_setup_models_and_sims.TimeBuildSPMeSimulation.time_setup_SPMe_simulation": 1642994599756, "time_solve_models.TimeSolveDFN.time_solve_model": 1642994620546, "time_solve_models.TimeSolveSPM.time_solve_model": 1642994625975, "time_solve_models.TimeSolveSPMe.time_solve_model": 1642994634268}, "benchmark_version": {"time_setup_models_and_sims.TimeBuildDFN.time_setup_DFN": "5f322e51e6b7e66125ee6949bdf25746005db467e8ffcfdcb3ace170e92bbc3d", "time_setup_models_and_sims.TimeBuildDFNSimulation.time_setup_DFN_simulation": "8de44bc542fa7d4ba28a80f24414a9444b5436673aaebba674918f5f0bfd0ebb", "time_setup_models_and_sims.TimeBuildSPM.time_setup_SPM": "0d0b3f5c67fc2da9a5794c66b70af5a45a09558d1ee95f738745385adb84fbca", "time_setup_models_and_sims.TimeBuildSPMSimulation.time_setup_SPM_simulation": "161220a99418ce4487cc29325cbae897f28d0e44ae07e1dfbfaac2cbc53a4ff9", "time_setup_models_and_sims.TimeBuildSPMe.time_setup_SPMe": "6083f5ff944353395eb4b21c97b02af555fe6528de3cd5283f5e139943945235", "time_setup_models_and_sims.TimeBuildSPMeSimulation.time_setup_SPMe_simulation": "530563cb559427795e3648d9648df9250ae100b7721f69eec356bdda7798c55e", "time_solve_models.TimeSolveDFN.time_solve_model": "914137228e20e5900cec36b0d3865f1faa2f5d479c7d6c2539514791f9ec4430", "time_solve_models.TimeSolveSPM.time_solve_model": "ef1bb5f8d1ddfa59650e20438c4b252d73e5a062714848ce1d6d5269382bc598", "time_solve_models.TimeSolveSPMe.time_solve_model": "20672028872f4620ce85e909bae705d9490de441e926510b2b0e53ff0881d87b"}, "version": 1}