{"results": {"time_setup_models_and_sims.TimeBuildDFN.time_setup_DFN": {"result": [0.6734690269999959], "stats": [{"ci_99": [0.6608136880000046, 0.7425135689999962], "q_25": 0.6650431987499985, "q_75": 0.7020636560000035, "min": 0.6608136880000046, "max": 0.7425135689999962, "mean": 0.6868906407999973, "std": 0.027913590739301282, "repeat": 10, "number": 1}]}, "time_setup_models_and_sims.TimeBuildDFNSimulation.time_setup_DFN_simulation": {"result": [0.1213140625000051, 0.2922020824999976], "stats": [{"ci_99": [0.11837989599999332, 0.13349634200000082], "q_25": 0.1200237077500077, "q_75": 0.12470634425000071, "min": 0.11837989599999332, "max": 0.13349634200000082, "mean": 0.12285127600000294, "std": 0.004241043076684739, "repeat": 10, "number": 1}, {"ci_99": [0.28462247499999194, 0.304034377999983], "q_25": 0.2889068250000051, "q_75": 0.29491867425001317, "min": 0.28462247499999194, "max": 0.304034377999983, "mean": 0.2925738104000004, "std": 0.005413958841248168, "repeat": 10, "number": 1}], "params": [["False", "True"]]}, "time_setup_models_and_sims.TimeBuildSPM.time_setup_SPM": {"result": [0.3515923095000062], "stats": [{"ci_99": [0.3390279730000145, 0.359722521000009], "q_25": 0.3464787967499987, "q_75": 0.35346663625000474, "min": 0.3390279730000145, "max": 0.359722521000009, "mean": 0.3503928267000049, "std": 0.006291207628282303, "repeat": 10, "number": 1}]}, "time_setup_models_and_sims.TimeBuildSPMSimulation.time_setup_SPM_simulation": {"result": [0.10411681649999593, 0.24312875550000967], "stats": [{"ci_99": [0.09890018100000475, 0.11917201999997928], "q_25": 0.10200297749999976, "q_75": 0.10649083075000476, "min": 0.09890018100000475, "max": 0.11917201999997928, "mean": 0.10620927960000301, "std": 0.006586919610749624, "repeat": 10, "number": 1}, {"ci_99": [0.23661829899998565, 0.2651248249999867], "q_25": 0.24109728399999852, "q_75": 0.24477472574999126, "min": 0.23661829899998565, "max": 0.2651248249999867, "mean": 0.24453366579999739, "std": 0.0072995620617011476, "repeat": 10, "number": 1}], "params": [["False", "True"]]}, "time_setup_models_and_sims.TimeBuildSPMe.time_setup_SPMe": {"result": [0.5734389465000049], "stats": [{"ci_99": [0.5585356130000037, 0.6000513449999971], "q_25": 0.5709531822500011, "q_75": 0.5803212235000075, "min": 0.5585356130000037, "max": 0.6000513449999971, "mean": 0.576328219200002, "std": 0.01321871862507278, "repeat": 10, "number": 1}]}, "time_setup_models_and_sims.TimeBuildSPMeSimulation.time_setup_SPMe_simulation": {"result": [0.13219007300001806, 0.3260499675000119], "stats": [{"ci_99": [0.1271400749999998, 0.13914607600000295], "q_25": 0.12927308975000074, "q_75": 0.1329713970000057, "min": 0.1271400749999998, "max": 0.13914607600000295, "mean": 0.13209537180000552, "std": 0.003737088071492818, "repeat": 10, "number": 1}, {"ci_99": [0.31913035200000195, 0.3395771689999947], "q_25": 0.32214326299999385, "q_75": 0.3306200330000024, "min": 0.31913035200000195, "max": 0.3395771689999947, "mean": 0.3268772203000026, "std": 0.0058923600563696235, "repeat": 10, "number": 1}], "params": [["False", "True"]]}, "time_solve_models.TimeSolveDFN.time_solve_model": {"result": [0.6642855360000084, 0.892122588999996], "stats": [{"ci_99": [0.6446111569999857, 0.6740542919999939], "q_25": 0.6579222120000026, "q_75": 0.6701128720000042, "min": 0.6446111569999857, "max": 0.6740542919999939, "mean": 0.6628804436250029, "std": 0.009324902739461523, "repeat": 8, "number": 1}, {"ci_99": [0.8698478440000201, 0.9071980289999999], "q_25": 0.8857028497500039, "q_75": 0.8971667779999919, "min": 0.8698478440000201, "max": 0.9071980289999999, "mean": 0.8909138267000003, "std": 0.010432946464565707, "repeat": 10, "number": 1}], "params": [["True", "False"]]}, "time_solve_models.TimeSolveSPM.time_solve_model": {"result": [0.02969733550000342, 0.058582900000004656], "stats": [{"ci_99": [0.027614365000005137, 0.0329962069999965], "q_25": 0.029034584750000647, "q_75": 0.03078469750001034, "min": 0.027614365000005137, "max": 0.0329962069999965, "mean": 0.0298972942000006, "std": 0.0015285248641230616, "repeat": 10, "number": 1}, {"ci_99": [0.05612427199997683, 0.0606577010000251], "q_25": 0.05802900875000461, "q_75": 0.05884242600000533, "min": 0.05612427199997683, "max": 0.0606577010000251, "mean": 0.058488561400002935, "std": 0.0010800641245086407, "repeat": 10, "number": 1}], "params": [["True", "False"]]}, "time_solve_models.TimeSolveSPMe.time_solve_model": {"result": [0.042871396000009554, 0.1018310820000039], "stats": [{"ci_99": [0.040888560000013285, 0.04745721700001582], "q_25": 0.042470573500004605, "q_75": 0.04333263300001988, "min": 0.040888560000013285, "max": 0.04745721700001582, "mean": 0.043447647400006416, "std": 0.0018489639487515807, "repeat": 10, "number": 1}, {"ci_99": [0.09697744300001432, 0.10981974000000605], "q_25": 0.09895024149999898, "q_75": 0.10384467300000466, "min": 0.09697744300001432, "max": 0.10981974000000605, "mean": 0.10185311620000732, "std": 0.003852121649669573, "repeat": 10, "number": 1}], "params": [["True", "False"]]}}, "params": {"machine": "GitHubRunner", "python": "3.8"}, "requirements": {}, "commit_hash": "dc4ff98f272d1c90252cfc1d9820328bf201a483", "date": 1642903851000, "env_name": "virtualenv-py3.8", "python": "3.8", "profiles": {}, "started_at": {"time_setup_models_and_sims.TimeBuildDFN.time_setup_DFN": 1642908078896, "time_setup_models_and_sims.TimeBuildDFNSimulation.time_setup_DFN_simulation": 1642908083264, "time_setup_models_and_sims.TimeBuildSPM.time_setup_SPM": 1642908086233, "time_setup_models_and_sims.TimeBuildSPMSimulation.time_setup_SPM_simulation": 1642908088646, "time_setup_models_and_sims.TimeBuildSPMe.time_setup_SPMe": 1642908091113, "time_setup_models_and_sims.TimeBuildSPMeSimulation.time_setup_SPMe_simulation": 1642908094979, "time_solve_models.TimeSolveDFN.time_solve_model": 1642908098151, "time_solve_models.TimeSolveSPM.time_solve_model": 1642908120928, "time_solve_models.TimeSolveSPMe.time_solve_model": 1642908128111}, "ended_at": {"time_setup_models_and_sims.TimeBuildDFN.time_setup_DFN": 1642908083263, "time_setup_models_and_sims.TimeBuildDFNSimulation.time_setup_DFN_simulation": 1642908086232, "time_setup_models_and_sims.TimeBuildSPM.time_setup_SPM": 1642908088645, "time_setup_models_and_sims.TimeBuildSPMSimulation.time_setup_SPM_simulation": 1642908091112, "time_setup_models_and_sims.TimeBuildSPMe.time_setup_SPMe": 1642908094978, "time_setup_models_and_sims.TimeBuildSPMeSimulation.time_setup_SPMe_simulation": 1642908098150, "time_solve_models.TimeSolveDFN.time_solve_model": 1642908120928, "time_solve_models.TimeSolveSPM.time_solve_model": 1642908128110, "time_solve_models.TimeSolveSPMe.time_solve_model": 1642908139201}, "benchmark_version": {"time_setup_models_and_sims.TimeBuildDFN.time_setup_DFN": "5f322e51e6b7e66125ee6949bdf25746005db467e8ffcfdcb3ace170e92bbc3d", "time_setup_models_and_sims.TimeBuildDFNSimulation.time_setup_DFN_simulation": "8de44bc542fa7d4ba28a80f24414a9444b5436673aaebba674918f5f0bfd0ebb", "time_setup_models_and_sims.TimeBuildSPM.time_setup_SPM": "0d0b3f5c67fc2da9a5794c66b70af5a45a09558d1ee95f738745385adb84fbca", "time_setup_models_and_sims.TimeBuildSPMSimulation.time_setup_SPM_simulation": "161220a99418ce4487cc29325cbae897f28d0e44ae07e1dfbfaac2cbc53a4ff9", "time_setup_models_and_sims.TimeBuildSPMe.time_setup_SPMe": "6083f5ff944353395eb4b21c97b02af555fe6528de3cd5283f5e139943945235", "time_setup_models_and_sims.TimeBuildSPMeSimulation.time_setup_SPMe_simulation": "530563cb559427795e3648d9648df9250ae100b7721f69eec356bdda7798c55e", "time_solve_models.TimeSolveDFN.time_solve_model": "914137228e20e5900cec36b0d3865f1faa2f5d479c7d6c2539514791f9ec4430", "time_solve_models.TimeSolveSPM.time_solve_model": "ef1bb5f8d1ddfa59650e20438c4b252d73e5a062714848ce1d6d5269382bc598", "time_solve_models.TimeSolveSPMe.time_solve_model": "20672028872f4620ce85e909bae705d9490de441e926510b2b0e53ff0881d87b"}, "version": 1}