{"results": {"time_setup_models_and_sims.TimeBuildDFN.time_setup_DFN": {"result": [1.206032102500103], "stats": [{"ci_99": [1.1536119440006587, 1.2615982339993934], "q_25": 1.1917810422510229, "q_75": 1.2396601227501378, "min": 1.1536119440006587, "max": 1.2615982339993934, "mean": 1.2093705894001687, "std": 0.035136273156742164, "repeat": 10, "number": 1}]}, "time_setup_models_and_sims.TimeBuildDFNSimulation.time_setup_DFN_simulation": {"result": [0.30527198100026, 0.5628753580003831], "stats": [{"ci_99": [0.28509618699899875, 0.32505807900088257], "q_25": 0.29222686200046155, "q_75": 0.3077062209995347, "min": 0.28509618699899875, "max": 0.32505807900088257, "mean": 0.3021012380000684, "std": 0.011767112489094522, "repeat": 10, "number": 1}, {"ci_99": [0.5367968280006608, 0.5990360840005451], "q_25": 0.5506361547495544, "q_75": 0.5743736412505314, "min": 0.5367968280006608, "max": 0.5990360840005451, "mean": 0.5647166668999489, "std": 0.018468733194624838, "repeat": 10, "number": 1}], "params": [["False", "True"]]}, "time_setup_models_and_sims.TimeBuildSPM.time_setup_SPM": {"result": [0.8317919274995802], "stats": [{"ci_99": [0.7746558519993414, 0.9116955709996546], "q_25": 0.8186603527506122, "q_75": 0.8682082982504653, "min": 0.7746558519993414, "max": 0.9116955709996546, "mean": 0.8377714816999287, "std": 0.04081090181438097, "repeat": 10, "number": 1}]}, "time_setup_models_and_sims.TimeBuildSPMSimulation.time_setup_SPM_simulation": {"result": [0.3789290684999287, 0.7470711149999261], "stats": [{"ci_99": [0.36012263399970834, 0.4006682310009637], "q_25": 0.36251097199965443, "q_75": 0.3961649174989361, "min": 0.36012263399970834, "max": 0.4006682310009637, "mean": 0.37942482199996447, "std": 0.01647824417035435, "repeat": 10, "number": 1}, {"ci_99": [0.6936288599990803, 0.8082624130001932], "q_25": 0.720182403999388, "q_75": 0.7805795554991164, "min": 0.6936288599990803, "max": 0.8082624130001932, "mean": 0.748649119199763, "std": 0.036324664986945636, "repeat": 10, "number": 1}], "params": [["False", "True"]]}, "time_setup_models_and_sims.TimeBuildSPMe.time_setup_SPMe": {"result": [1.0106185714994353], "stats": [{"ci_99": [0.9584920910001529, 1.0834762249996857], "q_25": 0.9789806594999391, "q_75": 1.0552546635003637, "min": 0.9584920910001529, "max": 1.0834762249996857, "mean": 1.015447426999708, "std": 0.04309564916065072, "repeat": 10, "number": 1}]}, "time_setup_models_and_sims.TimeBuildSPMeSimulation.time_setup_SPMe_simulation": {"result": [0.30175275649889954, 0.6165939524998976], "stats": [{"ci_99": [0.2911401229994226, 0.33544424699903175], "q_25": 0.2995550137502505, "q_75": 0.3219868230003158, "min": 0.2911401229994226, "max": 0.33544424699903175, "mean": 0.3092540582994843, "std": 0.014257276218479619, "repeat": 10, "number": 1}, {"ci_99": [0.5717188809994695, 0.6396797649995278], "q_25": 0.586745190500551, "q_75": 0.6315049052486756, "min": 0.5717188809994695, "max": 0.6396797649995278, "mean": 0.6099466939997, "std": 0.024698688105077082, "repeat": 10, "number": 1}], "params": [["False", "True"]]}, "time_solve_models.TimeSolveDFN.time_solve_model": {"result": [1.41784318649934, 1.5774103269995976], "stats": [{"ci_99": [1.2723676873818568, 1.5359366626173052], "q_25": 1.384085821750432, "q_75": 1.437909539748489, "min": 1.3247427820006124, "max": 1.4561795449990314, "mean": 1.404152174999581, "std": 0.049442550803287945, "repeat": 4, "number": 1}, {"ci_99": [1.557709385347897, 1.5938038136514612], "q_25": 1.5677340550000736, "q_75": 1.5843349547499201, "min": 1.5588138619987149, "max": 1.5897532859999046, "mean": 1.5757565994996792, "std": 0.010900246488049888, "repeat": 6, "number": 1}], "params": [["True", "False"]]}, "time_solve_models.TimeSolveSPM.time_solve_model": {"result": [0.06663293499968859, 0.11511919100030354], "stats": [{"ci_99": [0.06334026100012125, 0.0720953259988164], "q_25": 0.06479662350011495, "q_75": 0.06872232549903856, "min": 0.06334026100012125, "max": 0.0720953259988164, "mean": 0.06700885869940976, "std": 0.0029456719895328515, "repeat": 10, "number": 1}, {"ci_99": [0.10477886300031969, 0.13102205700124614], "q_25": 0.10767728499968143, "q_75": 0.11969882374887675, "min": 0.10477886300031969, "max": 0.13102205700124614, "mean": 0.114811817699956, "std": 0.00778826642471235, "repeat": 10, "number": 1}], "params": [["True", "False"]]}, "time_solve_models.TimeSolveSPMe.time_solve_model": {"result": [0.1161389485005202, 0.192668054499336], "stats": [{"ci_99": [0.1060215719990083, 0.1277480310000101], "q_25": 0.10998270300069635, "q_75": 0.11813676050041977, "min": 0.1060215719990083, "max": 0.1277480310000101, "mean": 0.11504199920018436, "std": 0.005982155055638367, "repeat": 10, "number": 1}, {"ci_99": [0.17653008900015266, 0.20445979299984174], "q_25": 0.19083629175020178, "q_75": 0.19835402074977537, "min": 0.17653008900015266, "max": 0.20445979299984174, "mean": 0.19295285709977178, "std": 0.007621360051219972, "repeat": 10, "number": 1}], "params": [["True", "False"]]}}, "params": {"machine": "GitHubRunner", "python": "3.8"}, "requirements": {}, "commit_hash": "dd37a7f21fd5af29f8f333b3e6c3e66116d5eaa3", "date": 1596565518000, "env_name": "virtualenv-py3.8", "python": "3.8", "profiles": {}, "started_at": {"time_setup_models_and_sims.TimeBuildDFN.time_setup_DFN": 1613150262060, "time_setup_models_and_sims.TimeBuildDFNSimulation.time_setup_DFN_simulation": 1613150269636, "time_setup_models_and_sims.TimeBuildSPM.time_setup_SPM": 1613150275161, "time_setup_models_and_sims.TimeBuildSPMSimulation.time_setup_SPM_simulation": 1613150280280, "time_setup_models_and_sims.TimeBuildSPMe.time_setup_SPMe": 1613150287259, "time_setup_models_and_sims.TimeBuildSPMeSimulation.time_setup_SPMe_simulation": 1613150293532, "time_solve_models.TimeSolveDFN.time_solve_model": 1613150299507, "time_solve_models.TimeSolveSPM.time_solve_model": 1613150325194, "time_solve_models.TimeSolveSPMe.time_solve_model": 1613150339250}, "ended_at": {"time_setup_models_and_sims.TimeBuildDFN.time_setup_DFN": 1613150269635, "time_setup_models_and_sims.TimeBuildDFNSimulation.time_setup_DFN_simulation": 1613150275160, "time_setup_models_and_sims.TimeBuildSPM.time_setup_SPM": 1613150280280, "time_setup_models_and_sims.TimeBuildSPMSimulation.time_setup_SPM_simulation": 1613150287258, "time_setup_models_and_sims.TimeBuildSPMe.time_setup_SPMe": 1613150293531, "time_setup_models_and_sims.TimeBuildSPMeSimulation.time_setup_SPMe_simulation": 1613150299506, "time_solve_models.TimeSolveDFN.time_solve_model": 1613150325193, "time_solve_models.TimeSolveSPM.time_solve_model": 1613150339250, "time_solve_models.TimeSolveSPMe.time_solve_model": 1613150357160}, "benchmark_version": {"time_setup_models_and_sims.TimeBuildDFN.time_setup_DFN": "5f322e51e6b7e66125ee6949bdf25746005db467e8ffcfdcb3ace170e92bbc3d", "time_setup_models_and_sims.TimeBuildDFNSimulation.time_setup_DFN_simulation": "8de44bc542fa7d4ba28a80f24414a9444b5436673aaebba674918f5f0bfd0ebb", "time_setup_models_and_sims.TimeBuildSPM.time_setup_SPM": "0d0b3f5c67fc2da9a5794c66b70af5a45a09558d1ee95f738745385adb84fbca", "time_setup_models_and_sims.TimeBuildSPMSimulation.time_setup_SPM_simulation": "161220a99418ce4487cc29325cbae897f28d0e44ae07e1dfbfaac2cbc53a4ff9", "time_setup_models_and_sims.TimeBuildSPMe.time_setup_SPMe": "6083f5ff944353395eb4b21c97b02af555fe6528de3cd5283f5e139943945235", "time_setup_models_and_sims.TimeBuildSPMeSimulation.time_setup_SPMe_simulation": "530563cb559427795e3648d9648df9250ae100b7721f69eec356bdda7798c55e", "time_solve_models.TimeSolveDFN.time_solve_model": "914137228e20e5900cec36b0d3865f1faa2f5d479c7d6c2539514791f9ec4430", "time_solve_models.TimeSolveSPM.time_solve_model": "ef1bb5f8d1ddfa59650e20438c4b252d73e5a062714848ce1d6d5269382bc598", "time_solve_models.TimeSolveSPMe.time_solve_model": "20672028872f4620ce85e909bae705d9490de441e926510b2b0e53ff0881d87b"}, "version": 1}