{"results": {"time_setup_models_and_sims.TimeBuildDFN.time_setup_DFN": {"result": [0.5639467820000021], "stats": [{"ci_99": [0.5550914719999867, 0.5782587669999941], "q_25": 0.5596168305000049, "q_75": 0.5680894337500035, "min": 0.5550914719999867, "max": 0.5782587669999941, "mean": 0.564836744599998, "std": 0.006875273975181345, "repeat": 10, "number": 1}]}, "time_setup_models_and_sims.TimeBuildDFNSimulation.time_setup_DFN_simulation": {"result": [0.16502162900000883, 0.3895233384999983], "stats": [{"ci_99": [0.1600851819999889, 0.1715995939999857], "q_25": 0.16357322549998798, "q_75": 0.16686741199998778, "min": 0.1600851819999889, "max": 0.1715995939999857, "mean": 0.16522972119999793, "std": 0.002953075276532258, "repeat": 10, "number": 1}, {"ci_99": [0.37909302699998193, 0.4047664109999971], "q_25": 0.384675212249995, "q_75": 0.3947240105000063, "min": 0.37909302699998193, "max": 0.4047664109999971, "mean": 0.3901315062999998, "std": 0.007160444218765036, "repeat": 10, "number": 1}], "params": [["False", "True"]]}, "time_setup_models_and_sims.TimeBuildSPM.time_setup_SPM": {"result": [0.3877259614999957], "stats": [{"ci_99": [0.37898737899999446, 0.4030703250000158], "q_25": 0.3864101842499892, "q_75": 0.3934092932499951, "min": 0.37898737899999446, "max": 0.4030703250000158, "mean": 0.38986839079999525, "std": 0.0063201910342369095, "repeat": 10, "number": 1}]}, "time_setup_models_and_sims.TimeBuildSPMSimulation.time_setup_SPM_simulation": {"result": [0.20772370050001143, 0.44971837299999606], "stats": [{"ci_99": [0.19788354199999958, 0.21913077799999314], "q_25": 0.2037807085000125, "q_75": 0.21253757249999694, "min": 0.19788354199999958, "max": 0.21913077799999314, "mean": 0.20818888640000638, "std": 0.006016888770358452, "repeat": 10, "number": 1}, {"ci_99": [0.43668218900000966, 0.4655616450000082], "q_25": 0.44367844699999637, "q_75": 0.45701393900001364, "min": 0.43668218900000966, "max": 0.4655616450000082, "mean": 0.45012699780000104, "std": 0.008671162833193717, "repeat": 10, "number": 1}], "params": [["False", "True"]]}, "time_setup_models_and_sims.TimeBuildSPMe.time_setup_SPMe": {"result": [0.5090630340000075], "stats": [{"ci_99": [0.4999034340000037, 0.5207790259999854], "q_25": 0.5042307705000084, "q_75": 0.5125906539999932, "min": 0.4999034340000037, "max": 0.5207790259999854, "mean": 0.5088160158000022, "std": 0.005866632523877456, "repeat": 10, "number": 1}]}, "time_setup_models_and_sims.TimeBuildSPMeSimulation.time_setup_SPMe_simulation": {"result": [0.1919199450000093, 0.4481530085000003], "stats": [{"ci_99": [0.1859854410000139, 0.20224755499998537], "q_25": 0.18882105674997973, "q_75": 0.195726428499988, "min": 0.1859854410000139, "max": 0.20224755499998537, "mean": 0.1926217539999982, "std": 0.004808453547408077, "repeat": 10, "number": 1}, {"ci_99": [0.4402105340000162, 0.4664810250000073], "q_25": 0.44446838774999264, "q_75": 0.4609893520000128, "min": 0.4402105340000162, "max": 0.4664810250000073, "mean": 0.4518323283000029, "std": 0.009419731977202066, "repeat": 10, "number": 1}], "params": [["False", "True"]]}, "time_solve_models.TimeSolveDFN.time_solve_model": {"result": [0.5646116704999997, 0.756181564000002], "stats": [{"ci_99": [0.5454970220000064, 0.6028180539999823], "q_25": 0.554933024499995, "q_75": 0.5772806012500098, "min": 0.5454970220000064, "max": 0.6028180539999823, "mean": 0.5689514772000024, "std": 0.018279684362634975, "repeat": 10, "number": 1}, {"ci_99": [0.7361291279999875, 0.7791955349999853], "q_25": 0.7413316385000144, "q_75": 0.7598622519999978, "min": 0.7361291279999875, "max": 0.7791955349999853, "mean": 0.7532356743999997, "std": 0.012908003889029943, "repeat": 10, "number": 1}], "params": [["True", "False"]]}, "time_solve_models.TimeSolveSPM.time_solve_model": {"result": [0.021494415500015407, 0.04446294849999788], "stats": [{"ci_99": [0.02078425599998468, 0.023057085999994342], "q_25": 0.021098485999985428, "q_75": 0.021879245500002753, "min": 0.02078425599998468, "max": 0.023057085999994342, "mean": 0.02156750639999814, "std": 0.0006318614364238889, "repeat": 10, "number": 1}, {"ci_99": [0.04248359999999707, 0.045941166999995176], "q_25": 0.04398849325000498, "q_75": 0.04513563049999192, "min": 0.04248359999999707, "max": 0.045941166999995176, "mean": 0.044433425600001894, "std": 0.000998573736290814, "repeat": 10, "number": 1}], "params": [["True", "False"]]}, "time_solve_models.TimeSolveSPMe.time_solve_model": {"result": [0.03184049600000094, 0.0759975914999842], "stats": [{"ci_99": [0.03093916399998875, 0.033557018999999855], "q_25": 0.031388994250008295, "q_75": 0.03204418200000703, "min": 0.03093916399998875, "max": 0.033557018999999855, "mean": 0.0318402672000019, "std": 0.0007123605508515531, "repeat": 10, "number": 1}, {"ci_99": [0.07345090300000834, 0.07992459800001939], "q_25": 0.07513618450000337, "q_75": 0.07792643650000741, "min": 0.07345090300000834, "max": 0.07992459800001939, "mean": 0.07654335860000003, "std": 0.002121278027089487, "repeat": 10, "number": 1}], "params": [["True", "False"]]}}, "params": {"machine": "GitHubRunner", "python": "3.8"}, "requirements": {}, "commit_hash": "dd77becd1c4bdcebf1e181ce35c9f09bb23cd64e", "date": 1636402876000, "env_name": "virtualenv-py3.8", "python": "3.8", "profiles": {}, "started_at": {"time_setup_models_and_sims.TimeBuildDFN.time_setup_DFN": 1636428137458, "time_setup_models_and_sims.TimeBuildDFNSimulation.time_setup_DFN_simulation": 1636428141225, "time_setup_models_and_sims.TimeBuildSPM.time_setup_SPM": 1636428144897, "time_setup_models_and_sims.TimeBuildSPMSimulation.time_setup_SPM_simulation": 1636428147559, "time_setup_models_and_sims.TimeBuildSPMe.time_setup_SPMe": 1636428151880, "time_setup_models_and_sims.TimeBuildSPMeSimulation.time_setup_SPMe_simulation": 1636428155344, "time_solve_models.TimeSolveDFN.time_solve_model": 1636428159466, "time_solve_models.TimeSolveSPM.time_solve_model": 1636428181436, "time_solve_models.TimeSolveSPMe.time_solve_model": 1636428189320}, "ended_at": {"time_setup_models_and_sims.TimeBuildDFN.time_setup_DFN": 1636428141224, "time_setup_models_and_sims.TimeBuildDFNSimulation.time_setup_DFN_simulation": 1636428144896, "time_setup_models_and_sims.TimeBuildSPM.time_setup_SPM": 1636428147558, "time_setup_models_and_sims.TimeBuildSPMSimulation.time_setup_SPM_simulation": 1636428151879, "time_setup_models_and_sims.TimeBuildSPMe.time_setup_SPMe": 1636428155344, "time_setup_models_and_sims.TimeBuildSPMeSimulation.time_setup_SPMe_simulation": 1636428159465, "time_solve_models.TimeSolveDFN.time_solve_model": 1636428181436, "time_solve_models.TimeSolveSPM.time_solve_model": 1636428189319, "time_solve_models.TimeSolveSPMe.time_solve_model": 1636428199659}, "benchmark_version": {"time_setup_models_and_sims.TimeBuildDFN.time_setup_DFN": "5f322e51e6b7e66125ee6949bdf25746005db467e8ffcfdcb3ace170e92bbc3d", "time_setup_models_and_sims.TimeBuildDFNSimulation.time_setup_DFN_simulation": "8de44bc542fa7d4ba28a80f24414a9444b5436673aaebba674918f5f0bfd0ebb", "time_setup_models_and_sims.TimeBuildSPM.time_setup_SPM": "0d0b3f5c67fc2da9a5794c66b70af5a45a09558d1ee95f738745385adb84fbca", "time_setup_models_and_sims.TimeBuildSPMSimulation.time_setup_SPM_simulation": "161220a99418ce4487cc29325cbae897f28d0e44ae07e1dfbfaac2cbc53a4ff9", "time_setup_models_and_sims.TimeBuildSPMe.time_setup_SPMe": "6083f5ff944353395eb4b21c97b02af555fe6528de3cd5283f5e139943945235", "time_setup_models_and_sims.TimeBuildSPMeSimulation.time_setup_SPMe_simulation": "530563cb559427795e3648d9648df9250ae100b7721f69eec356bdda7798c55e", "time_solve_models.TimeSolveDFN.time_solve_model": "914137228e20e5900cec36b0d3865f1faa2f5d479c7d6c2539514791f9ec4430", "time_solve_models.TimeSolveSPM.time_solve_model": "ef1bb5f8d1ddfa59650e20438c4b252d73e5a062714848ce1d6d5269382bc598", "time_solve_models.TimeSolveSPMe.time_solve_model": "20672028872f4620ce85e909bae705d9490de441e926510b2b0e53ff0881d87b"}, "version": 1}