{"results": {"time_setup_models_and_sims.TimeBuildDFN.time_setup_DFN": {"result": [0.9202184615000988], "stats": [{"ci_99": [0.8804901590001464, 0.9841432949997397], "q_25": 0.9016927622506046, "q_75": 0.9481463575000362, "min": 0.8804901590001464, "max": 0.9841432949997397, "mean": 0.9261559787000806, "std": 0.03174638754070375, "repeat": 10, "number": 1}]}, "time_setup_models_and_sims.TimeBuildDFNSimulation.time_setup_DFN_simulation": {"result": [0.08899613099993076, 0.17583294399992155], "stats": [{"ci_99": [0.08402679699975124, 0.09984170999996422], "q_25": 0.08725219324992395, "q_75": 0.09189087474942426, "min": 0.08402679699975124, "max": 0.09984170999996422, "mean": 0.09025468999980149, "std": 0.004815297884061449, "repeat": 10, "number": 1}, {"ci_99": [0.16060374199969374, 0.20441365300030157], "q_25": 0.16639602700024625, "q_75": 0.19517921174974617, "min": 0.16060374199969374, "max": 0.20441365300030157, "mean": 0.17984462539989182, "std": 0.015194559573516803, "repeat": 10, "number": 1}], "params": [["False", "True"]]}, "time_setup_models_and_sims.TimeBuildSPM.time_setup_SPM": {"result": [0.7026480810004614], "stats": [{"ci_99": [0.6761566049999601, 0.7377970420002384], "q_25": 0.6895616945000711, "q_75": 0.7151569829995879, "min": 0.6761566049999601, "max": 0.7377970420002384, "mean": 0.7026127610000004, "std": 0.01801583261094186, "repeat": 10, "number": 1}]}, "time_setup_models_and_sims.TimeBuildSPMSimulation.time_setup_SPM_simulation": {"result": [0.25799097899971457, 0.4775230340001144], "stats": [{"ci_99": [0.22585499700016953, 0.2861853330005033], "q_25": 0.23756480525003099, "q_75": 0.2764496887500627, "min": 0.22585499700016953, "max": 0.2861853330005033, "mean": 0.25657897900000537, "std": 0.020807359833806542, "repeat": 10, "number": 1}, {"ci_99": [0.4488897890005319, 0.537289215999408], "q_25": 0.45806975000027705, "q_75": 0.4844089497503319, "min": 0.4488897890005319, "max": 0.537289215999408, "mean": 0.4791890957999385, "std": 0.025893518438844142, "repeat": 10, "number": 1}], "params": [["False", "True"]]}, "time_setup_models_and_sims.TimeBuildSPMe.time_setup_SPMe": {"result": [0.7561519075002252], "stats": [{"ci_99": [0.7240942420003194, 0.8437816919995385], "q_25": 0.7522482424999453, "q_75": 0.7730800209999416, "min": 0.7240942420003194, "max": 0.8437816919995385, "mean": 0.7705026492999423, "std": 0.035944502935200975, "repeat": 10, "number": 1}]}, "time_setup_models_and_sims.TimeBuildSPMeSimulation.time_setup_SPMe_simulation": {"result": [0.1126969994998035, 0.19908381000004738], "stats": [{"ci_99": [0.09398096699987946, 0.12030055399918638], "q_25": 0.10833354049987065, "q_75": 0.11539086550010325, "min": 0.09398096699987946, "max": 0.12030055399918638, "mean": 0.11092796559978524, "std": 0.007278209429115267, "repeat": 10, "number": 1}, {"ci_99": [0.18398040600004606, 0.21967315199981385], "q_25": 0.19313219175000995, "q_75": 0.21328340750005736, "min": 0.18398040600004606, "max": 0.21967315199981385, "mean": 0.2022832026999822, "std": 0.012100373599448863, "repeat": 10, "number": 1}], "params": [["False", "True"]]}, "time_solve_models.TimeSolveDFN.time_solve_model": {"result": [0.975530119999803, 1.1969350190001933], "stats": [{"ci_99": [0.9376801629865905, 1.0372218600004999], "q_25": 0.9627362317498864, "q_75": 0.9835049544994945, "min": 0.9450528770003075, "max": 1.0372218600004999, "mean": 0.9796616353332865, "std": 0.02888966946578349, "repeat": 6, "number": 1}, {"ci_99": [1.165542127999288, 1.2386525430001711], "q_25": 1.1824133000002348, "q_75": 1.2160552699997424, "min": 1.165542127999288, "max": 1.2386525430001711, "mean": 1.1991325708750082, "std": 0.022698510163332755, "repeat": 8, "number": 1}], "params": [["True", "False"]]}, "time_solve_models.TimeSolveSPM.time_solve_model": {"result": [0.057198004500151, 0.10246347399970546], "stats": [{"ci_99": [0.05503858999963995, 0.06179503800012753], "q_25": 0.05613342099991314, "q_75": 0.05797270875018512, "min": 0.05503858999963995, "max": 0.06179503800012753, "mean": 0.05761292730003333, "std": 0.0021695505484267794, "repeat": 10, "number": 1}, {"ci_99": [0.09720638900034828, 0.1099876790003691], "q_25": 0.10050028600016958, "q_75": 0.10631827450060882, "min": 0.09720638900034828, "max": 0.1099876790003691, "mean": 0.10333469030010747, "std": 0.004138854390844814, "repeat": 10, "number": 1}], "params": [["True", "False"]]}, "time_solve_models.TimeSolveSPMe.time_solve_model": {"result": [0.07892755850025424, 0.16238869700009673], "stats": [{"ci_99": [0.07534633399973245, 0.08470390000002226], "q_25": 0.0773582232498029, "q_75": 0.08176702675018532, "min": 0.07534633399973245, "max": 0.08470390000002226, "mean": 0.07967233320005107, "std": 0.002929684863609664, "repeat": 10, "number": 1}, {"ci_99": [0.14744844399956492, 0.17103670999949827], "q_25": 0.15818636824997157, "q_75": 0.16656012725002256, "min": 0.14744844399956492, "max": 0.17103670999949827, "mean": 0.16087460610006019, "std": 0.0077737468363442905, "repeat": 10, "number": 1}], "params": [["True", "False"]]}}, "params": {"machine": "GitHubRunner", "python": "3.8"}, "requirements": {}, "commit_hash": "dd8e5ebf85dc4324e163adad274ccb56c88f3698", "date": 1604421094000, "env_name": "virtualenv-py3.8", "python": "3.8", "profiles": {}, "started_at": {"time_setup_models_and_sims.TimeBuildDFN.time_setup_DFN": 1613146899735, "time_setup_models_and_sims.TimeBuildDFNSimulation.time_setup_DFN_simulation": 1613146905606, "time_setup_models_and_sims.TimeBuildSPM.time_setup_SPM": 1613146907469, "time_setup_models_and_sims.TimeBuildSPMSimulation.time_setup_SPM_simulation": 1613146911936, "time_setup_models_and_sims.TimeBuildSPMe.time_setup_SPMe": 1613146916860, "time_setup_models_and_sims.TimeBuildSPMeSimulation.time_setup_SPMe_simulation": 1613146921829, "time_solve_models.TimeSolveDFN.time_solve_model": 1613146924095, "time_solve_models.TimeSolveSPM.time_solve_model": 1613146948422, "time_solve_models.TimeSolveSPMe.time_solve_model": 1613146959963}, "ended_at": {"time_setup_models_and_sims.TimeBuildDFN.time_setup_DFN": 1613146905605, "time_setup_models_and_sims.TimeBuildDFNSimulation.time_setup_DFN_simulation": 1613146907469, "time_setup_models_and_sims.TimeBuildSPM.time_setup_SPM": 1613146911936, "time_setup_models_and_sims.TimeBuildSPMSimulation.time_setup_SPM_simulation": 1613146916859, "time_setup_models_and_sims.TimeBuildSPMe.time_setup_SPMe": 1613146921829, "time_setup_models_and_sims.TimeBuildSPMeSimulation.time_setup_SPMe_simulation": 1613146924094, "time_solve_models.TimeSolveDFN.time_solve_model": 1613146948421, "time_solve_models.TimeSolveSPM.time_solve_model": 1613146959963, "time_solve_models.TimeSolveSPMe.time_solve_model": 1613146974063}, "benchmark_version": {"time_setup_models_and_sims.TimeBuildDFN.time_setup_DFN": "5f322e51e6b7e66125ee6949bdf25746005db467e8ffcfdcb3ace170e92bbc3d", "time_setup_models_and_sims.TimeBuildDFNSimulation.time_setup_DFN_simulation": "8de44bc542fa7d4ba28a80f24414a9444b5436673aaebba674918f5f0bfd0ebb", "time_setup_models_and_sims.TimeBuildSPM.time_setup_SPM": "0d0b3f5c67fc2da9a5794c66b70af5a45a09558d1ee95f738745385adb84fbca", "time_setup_models_and_sims.TimeBuildSPMSimulation.time_setup_SPM_simulation": "161220a99418ce4487cc29325cbae897f28d0e44ae07e1dfbfaac2cbc53a4ff9", "time_setup_models_and_sims.TimeBuildSPMe.time_setup_SPMe": "6083f5ff944353395eb4b21c97b02af555fe6528de3cd5283f5e139943945235", "time_setup_models_and_sims.TimeBuildSPMeSimulation.time_setup_SPMe_simulation": "530563cb559427795e3648d9648df9250ae100b7721f69eec356bdda7798c55e", "time_solve_models.TimeSolveDFN.time_solve_model": "914137228e20e5900cec36b0d3865f1faa2f5d479c7d6c2539514791f9ec4430", "time_solve_models.TimeSolveSPM.time_solve_model": "ef1bb5f8d1ddfa59650e20438c4b252d73e5a062714848ce1d6d5269382bc598", "time_solve_models.TimeSolveSPMe.time_solve_model": "20672028872f4620ce85e909bae705d9490de441e926510b2b0e53ff0881d87b"}, "version": 1}