{"results": {"time_setup_models_and_sims.TimeBuildDFN.time_setup_DFN": {"result": [1.1639767115002542], "stats": [{"ci_99": [1.1175594899996213, 1.2428291760006687], "q_25": 1.1369915727495936, "q_75": 1.1836832724998203, "min": 1.1175594899996213, "max": 1.2428291760006687, "mean": 1.1678556501998174, "std": 0.04055134583288893, "repeat": 10, "number": 1}]}, "time_setup_models_and_sims.TimeBuildDFNSimulation.time_setup_DFN_simulation": {"result": [0.27359443550085416, 0.5487679440002466], "stats": [{"ci_99": [0.262649247999434, 0.3018553530000645], "q_25": 0.27095392150022235, "q_75": 0.27480501599893614, "min": 0.262649247999434, "max": 0.3018553530000645, "mean": 0.2747668142999828, "std": 0.00989291243916181, "repeat": 10, "number": 1}, {"ci_99": [0.5292247249999491, 0.6122115399994073], "q_25": 0.5453702935010369, "q_75": 0.571510132250296, "min": 0.5292247249999491, "max": 0.6122115399994073, "mean": 0.5583971833002579, "std": 0.023994732533090993, "repeat": 10, "number": 1}], "params": [["False", "True"]]}, "time_setup_models_and_sims.TimeBuildSPM.time_setup_SPM": {"result": [0.8155457644998023], "stats": [{"ci_99": [0.7725596620002761, 0.8669703270006721], "q_25": 0.7785325227496287, "q_75": 0.8406686597513726, "min": 0.7725596620002761, "max": 0.8669703270006721, "mean": 0.8128486239002086, "std": 0.03230587285297001, "repeat": 10, "number": 1}]}, "time_setup_models_and_sims.TimeBuildSPMSimulation.time_setup_SPM_simulation": {"result": [0.3723021760006304, 0.7708718465000857], "stats": [{"ci_99": [0.353413819000707, 0.40781032300037623], "q_25": 0.3700280684997779, "q_75": 0.3944180272505946, "min": 0.353413819000707, "max": 0.40781032300037623, "mean": 0.380255726800533, "std": 0.01712510886959729, "repeat": 10, "number": 1}, {"ci_99": [0.7195009629995184, 0.804392995998569], "q_25": 0.7661153520002699, "q_75": 0.7800009305005915, "min": 0.7195009629995184, "max": 0.804392995998569, "mean": 0.7679107575002491, "std": 0.026530829800301886, "repeat": 10, "number": 1}], "params": [["False", "True"]]}, "time_setup_models_and_sims.TimeBuildSPMe.time_setup_SPMe": {"result": [0.9961349005006923], "stats": [{"ci_99": [0.9619253679993562, 1.04623685200022], "q_25": 0.9858044627499112, "q_75": 1.013400565750544, "min": 0.9619253679993562, "max": 1.04623685200022, "mean": 0.9985718090001683, "std": 0.02306313272899659, "repeat": 10, "number": 1}]}, "time_setup_models_and_sims.TimeBuildSPMeSimulation.time_setup_SPMe_simulation": {"result": [0.28722963349991915, 0.5860716524994132], "stats": [{"ci_99": [0.28379161399971053, 0.31922267799927795], "q_25": 0.28617285400105175, "q_75": 0.3030255697508437, "min": 0.28379161399971053, "max": 0.31922267799927795, "mean": 0.2949185808000038, "std": 0.01200095244748959, "repeat": 10, "number": 1}, {"ci_99": [0.572995942999114, 0.6369721439987188], "q_25": 0.5774124755002958, "q_75": 0.625760428999456, "min": 0.572995942999114, "max": 0.6369721439987188, "mean": 0.5996567535994473, "std": 0.025015231869734582, "repeat": 10, "number": 1}], "params": [["False", "True"]]}, "time_solve_models.TimeSolveDFN.time_solve_model": {"result": [1.371373151001535, 1.6394349410011273], "stats": [{"ci_99": [1.3310491367037804, 1.3980152240963315], "q_25": 1.3507168929991167, "q_75": 1.3784037999994325, "min": 1.3397906690006494, "max": 1.3823763889995462, "mean": 1.3645321804000559, "std": 0.016496308932120226, "repeat": 5, "number": 1}, {"ci_99": [1.566559552000399, 1.6709413614256556], "q_25": 1.6232347210006992, "q_75": 1.6486693094998373, "min": 1.566559552000399, "max": 1.6549201359994186, "mean": 1.628321941667006, "std": 0.029929141431251974, "repeat": 6, "number": 1}], "params": [["True", "False"]]}, "time_solve_models.TimeSolveSPM.time_solve_model": {"result": [0.06319051900027262, 0.11398824700063415], "stats": [{"ci_99": [0.06219546200009063, 0.07113552900045761], "q_25": 0.06270876400003544, "q_75": 0.06547920949969921, "min": 0.06219546200009063, "max": 0.07113552900045761, "mean": 0.0646024589001172, "std": 0.0027632173335472784, "repeat": 10, "number": 1}, {"ci_99": [0.10419067000111681, 0.13710071300010895], "q_25": 0.10822460224972019, "q_75": 0.12104597000052308, "min": 0.10419067000111681, "max": 0.13710071300010895, "mean": 0.11572442730030161, "std": 0.009624943757197805, "repeat": 10, "number": 1}], "params": [["True", "False"]]}, "time_solve_models.TimeSolveSPMe.time_solve_model": {"result": [0.11058962150036677, 0.18513612049991934], "stats": [{"ci_99": [0.10319706599875644, 0.11771837000014784], "q_25": 0.10592973250004434, "q_75": 0.11434012325025833, "min": 0.10319706599875644, "max": 0.11771837000014784, "mean": 0.11062844949992723, "std": 0.005075706506216267, "repeat": 10, "number": 1}, {"ci_99": [0.16832264299955568, 0.19912687000032747], "q_25": 0.17966358174953712, "q_75": 0.19239772825130785, "min": 0.16832264299955568, "max": 0.19912687000032747, "mean": 0.1856616445000327, "std": 0.009705098242397249, "repeat": 10, "number": 1}], "params": [["True", "False"]]}}, "params": {"machine": "GitHubRunner", "python": "3.8"}, "requirements": {}, "commit_hash": "e010a6bd97f54c88fcd8111ae7699faa512f6b3f", "date": 1598552996000, "env_name": "virtualenv-py3.8", "python": "3.8", "profiles": {}, "started_at": {"time_setup_models_and_sims.TimeBuildDFN.time_setup_DFN": 1613149860028, "time_setup_models_and_sims.TimeBuildDFNSimulation.time_setup_DFN_simulation": 1613149867404, "time_setup_models_and_sims.TimeBuildSPM.time_setup_SPM": 1613149872778, "time_setup_models_and_sims.TimeBuildSPMSimulation.time_setup_SPM_simulation": 1613149878098, "time_setup_models_and_sims.TimeBuildSPMe.time_setup_SPMe": 1613149885278, "time_setup_models_and_sims.TimeBuildSPMeSimulation.time_setup_SPMe_simulation": 1613149891650, "time_solve_models.TimeSolveDFN.time_solve_model": 1613149897274, "time_solve_models.TimeSolveSPM.time_solve_model": 1613149926919, "time_solve_models.TimeSolveSPMe.time_solve_model": 1613149940716}, "ended_at": {"time_setup_models_and_sims.TimeBuildDFN.time_setup_DFN": 1613149867403, "time_setup_models_and_sims.TimeBuildDFNSimulation.time_setup_DFN_simulation": 1613149872778, "time_setup_models_and_sims.TimeBuildSPM.time_setup_SPM": 1613149878098, "time_setup_models_and_sims.TimeBuildSPMSimulation.time_setup_SPM_simulation": 1613149885278, "time_setup_models_and_sims.TimeBuildSPMe.time_setup_SPMe": 1613149891650, "time_setup_models_and_sims.TimeBuildSPMeSimulation.time_setup_SPMe_simulation": 1613149897274, "time_solve_models.TimeSolveDFN.time_solve_model": 1613149926919, "time_solve_models.TimeSolveSPM.time_solve_model": 1613149940715, "time_solve_models.TimeSolveSPMe.time_solve_model": 1613149958283}, "benchmark_version": {"time_setup_models_and_sims.TimeBuildDFN.time_setup_DFN": "5f322e51e6b7e66125ee6949bdf25746005db467e8ffcfdcb3ace170e92bbc3d", "time_setup_models_and_sims.TimeBuildDFNSimulation.time_setup_DFN_simulation": "8de44bc542fa7d4ba28a80f24414a9444b5436673aaebba674918f5f0bfd0ebb", "time_setup_models_and_sims.TimeBuildSPM.time_setup_SPM": "0d0b3f5c67fc2da9a5794c66b70af5a45a09558d1ee95f738745385adb84fbca", "time_setup_models_and_sims.TimeBuildSPMSimulation.time_setup_SPM_simulation": "161220a99418ce4487cc29325cbae897f28d0e44ae07e1dfbfaac2cbc53a4ff9", "time_setup_models_and_sims.TimeBuildSPMe.time_setup_SPMe": "6083f5ff944353395eb4b21c97b02af555fe6528de3cd5283f5e139943945235", "time_setup_models_and_sims.TimeBuildSPMeSimulation.time_setup_SPMe_simulation": "530563cb559427795e3648d9648df9250ae100b7721f69eec356bdda7798c55e", "time_solve_models.TimeSolveDFN.time_solve_model": "914137228e20e5900cec36b0d3865f1faa2f5d479c7d6c2539514791f9ec4430", "time_solve_models.TimeSolveSPM.time_solve_model": "ef1bb5f8d1ddfa59650e20438c4b252d73e5a062714848ce1d6d5269382bc598", "time_solve_models.TimeSolveSPMe.time_solve_model": "20672028872f4620ce85e909bae705d9490de441e926510b2b0e53ff0881d87b"}, "version": 1}