{"results": {"time_setup_models_and_sims.TimeBuildDFN.time_setup_DFN": {"result": [1.022132389500257], "stats": [{"ci_99": [0.9783177730005264, 1.0760390799987363], "q_25": 0.9909616140002981, "q_75": 1.0466650417511119, "min": 0.9783177730005264, "max": 1.0760390799987363, "mean": 1.0235173798000687, "std": 0.03415742138331501, "repeat": 10, "number": 1}]}, "time_setup_models_and_sims.TimeBuildDFNSimulation.time_setup_DFN_simulation": {"result": [0.09897616549915256, 0.18178971399993316], "stats": [{"ci_99": [0.09468538500004797, 0.10177303599994048], "q_25": 0.09629027099890664, "q_75": 0.10124453224989338, "min": 0.09468538500004797, "max": 0.10177303599994048, "mean": 0.09862423319955269, "std": 0.0026238457300433904, "repeat": 10, "number": 1}, {"ci_99": [0.1769017789993086, 0.18631684699903417], "q_25": 0.17922269625023546, "q_75": 0.1852897142503025, "min": 0.1769017789993086, "max": 0.18631684699903417, "mean": 0.18188782509987506, "std": 0.00341192263223303, "repeat": 10, "number": 1}], "params": [["False", "True"]]}, "time_setup_models_and_sims.TimeBuildSPM.time_setup_SPM": {"result": [0.6950846255003853], "stats": [{"ci_99": [0.672531161999359, 0.7324847960007901], "q_25": 0.6811464492498089, "q_75": 0.7071861379995426, "min": 0.672531161999359, "max": 0.7324847960007901, "mean": 0.6958518008999818, "std": 0.01851341550297098, "repeat": 10, "number": 1}]}, "time_setup_models_and_sims.TimeBuildSPMSimulation.time_setup_SPM_simulation": {"result": [0.2530877799999871, 0.4502654054995219], "stats": [{"ci_99": [0.23415659300007974, 0.2677545360002114], "q_25": 0.23919425425037844, "q_75": 0.25764873775051456, "min": 0.23415659300007974, "max": 0.2677545360002114, "mean": 0.2506479722998847, "std": 0.011171959577195753, "repeat": 10, "number": 1}, {"ci_99": [0.44217049699909694, 0.4842281009987346], "q_25": 0.4463115767503041, "q_75": 0.47093252975037103, "min": 0.44217049699909694, "max": 0.4842281009987346, "mean": 0.45763156869979865, "std": 0.015111352949794496, "repeat": 10, "number": 1}], "params": [["False", "True"]]}, "time_setup_models_and_sims.TimeBuildSPMe.time_setup_SPMe": {"result": [0.8601073794998229], "stats": [{"ci_99": [0.8123829920004937, 0.8934747599996626], "q_25": 0.8390167444999861, "q_75": 0.87443155425035, "min": 0.8123829920004937, "max": 0.8934747599996626, "mean": 0.8567488118000256, "std": 0.02358846347727041, "repeat": 10, "number": 1}]}, "time_setup_models_and_sims.TimeBuildSPMeSimulation.time_setup_SPMe_simulation": {"result": [0.12660333899930265, 0.238327973500418], "stats": [{"ci_99": [0.11797129599835898, 0.13658268700055487], "q_25": 0.12173153925095903, "q_75": 0.12887660649948884, "min": 0.11797129599835898, "max": 0.13658268700055487, "mean": 0.12599297369997658, "std": 0.005218532265874434, "repeat": 10, "number": 1}, {"ci_99": [0.23159205999945698, 0.2561893530000816], "q_25": 0.23611922250074713, "q_75": 0.24230026975010333, "min": 0.23159205999945698, "max": 0.2561893530000816, "mean": 0.24100892690021283, "std": 0.007590696932485549, "repeat": 10, "number": 1}], "params": [["False", "True"]]}, "time_solve_models.TimeSolveDFN.time_solve_model": {"result": [1.2795584810000946, 1.484158743500302], "stats": [{"ci_99": [1.2371121291349714, 1.3493583718652262], "q_25": 1.2651172867504101, "q_75": 1.3224936114997945, "min": 1.258564652000132, "max": 1.3446210120000615, "mean": 1.2932352505000988, "std": 0.03392909698297467, "repeat": 6, "number": 1}, {"ci_99": [1.4447705450002104, 1.5197833880010876], "q_25": 1.4683700452505946, "q_75": 1.501133208000283, "min": 1.4447705450002104, "max": 1.5197833880010876, "mean": 1.484616709875354, "std": 0.024977717360208526, "repeat": 8, "number": 1}], "params": [["True", "False"]]}, "time_solve_models.TimeSolveSPM.time_solve_model": {"result": [0.07020556999941618, 0.11519790300008026], "stats": [{"ci_99": [0.06408028599980753, 0.08427413900062675], "q_25": 0.06809147324975129, "q_75": 0.07302515250057695, "min": 0.06408028599980753, "max": 0.08427413900062675, "mean": 0.07107233610004186, "std": 0.005284723466621109, "repeat": 10, "number": 1}, {"ci_99": [0.10683630899984564, 0.12464380100027483], "q_25": 0.11145900600013192, "q_75": 0.12024602575002064, "min": 0.10683630899984564, "max": 0.12464380100027483, "mean": 0.11555500520025816, "std": 0.005511639381978975, "repeat": 10, "number": 1}], "params": [["True", "False"]]}, "time_solve_models.TimeSolveSPMe.time_solve_model": {"result": [0.11481739950068004, 0.18056408649863442], "stats": [{"ci_99": [0.10362608500145143, 0.12269762800133321], "q_25": 0.10881209899935129, "q_75": 0.11635286675073075, "min": 0.10362608500145143, "max": 0.12269762800133321, "mean": 0.1134842497003774, "std": 0.005997369289245664, "repeat": 10, "number": 1}, {"ci_99": [0.1747340220008482, 0.19972674400014512], "q_25": 0.17564173900063906, "q_75": 0.1890144824997151, "min": 0.1747340220008482, "max": 0.19972674400014512, "mean": 0.18306605419984406, "std": 0.00808955888212052, "repeat": 10, "number": 1}], "params": [["True", "False"]]}}, "params": {"machine": "GitHubRunner", "python": "3.8"}, "requirements": {}, "commit_hash": "eeccaa9fd51d844ac8e4203b302f319ab71943d9", "date": 1590678005000, "env_name": "virtualenv-py3.8", "python": "3.8", "profiles": {}, "started_at": {"time_setup_models_and_sims.TimeBuildDFN.time_setup_DFN": 1613153331237, "time_setup_models_and_sims.TimeBuildDFNSimulation.time_setup_DFN_simulation": 1613153337710, "time_setup_models_and_sims.TimeBuildSPM.time_setup_SPM": 1613153339623, "time_setup_models_and_sims.TimeBuildSPMSimulation.time_setup_SPM_simulation": 1613153344192, "time_setup_models_and_sims.TimeBuildSPMe.time_setup_SPMe": 1613153348764, "time_setup_models_and_sims.TimeBuildSPMeSimulation.time_setup_SPMe_simulation": 1613153354285, "time_solve_models.TimeSolveDFN.time_solve_model": 1613153356750, "time_solve_models.TimeSolveSPM.time_solve_model": 1613153385900, "time_solve_models.TimeSolveSPMe.time_solve_model": 1613153398195}, "ended_at": {"time_setup_models_and_sims.TimeBuildDFN.time_setup_DFN": 1613153337709, "time_setup_models_and_sims.TimeBuildDFNSimulation.time_setup_DFN_simulation": 1613153339623, "time_setup_models_and_sims.TimeBuildSPM.time_setup_SPM": 1613153344192, "time_setup_models_and_sims.TimeBuildSPMSimulation.time_setup_SPM_simulation": 1613153348763, "time_setup_models_and_sims.TimeBuildSPMe.time_setup_SPMe": 1613153354284, "time_setup_models_and_sims.TimeBuildSPMeSimulation.time_setup_SPMe_simulation": 1613153356749, "time_solve_models.TimeSolveDFN.time_solve_model": 1613153385899, "time_solve_models.TimeSolveSPM.time_solve_model": 1613153398195, "time_solve_models.TimeSolveSPMe.time_solve_model": 1613153413497}, "benchmark_version": {"time_setup_models_and_sims.TimeBuildDFN.time_setup_DFN": "5f322e51e6b7e66125ee6949bdf25746005db467e8ffcfdcb3ace170e92bbc3d", "time_setup_models_and_sims.TimeBuildDFNSimulation.time_setup_DFN_simulation": "8de44bc542fa7d4ba28a80f24414a9444b5436673aaebba674918f5f0bfd0ebb", "time_setup_models_and_sims.TimeBuildSPM.time_setup_SPM": "0d0b3f5c67fc2da9a5794c66b70af5a45a09558d1ee95f738745385adb84fbca", "time_setup_models_and_sims.TimeBuildSPMSimulation.time_setup_SPM_simulation": "161220a99418ce4487cc29325cbae897f28d0e44ae07e1dfbfaac2cbc53a4ff9", "time_setup_models_and_sims.TimeBuildSPMe.time_setup_SPMe": "6083f5ff944353395eb4b21c97b02af555fe6528de3cd5283f5e139943945235", "time_setup_models_and_sims.TimeBuildSPMeSimulation.time_setup_SPMe_simulation": "530563cb559427795e3648d9648df9250ae100b7721f69eec356bdda7798c55e", "time_solve_models.TimeSolveDFN.time_solve_model": "914137228e20e5900cec36b0d3865f1faa2f5d479c7d6c2539514791f9ec4430", "time_solve_models.TimeSolveSPM.time_solve_model": "ef1bb5f8d1ddfa59650e20438c4b252d73e5a062714848ce1d6d5269382bc598", "time_solve_models.TimeSolveSPMe.time_solve_model": "20672028872f4620ce85e909bae705d9490de441e926510b2b0e53ff0881d87b"}, "version": 1}