{"results": {"time_setup_models_and_sims.TimeBuildDFN.time_setup_DFN": {"result": [0.780065766000007], "stats": [{"ci_99": [0.740850144999996, 0.8095097070000037], "q_25": 0.7732062945000067, "q_75": 0.7869486612500083, "min": 0.740850144999996, "max": 0.8095097070000037, "mean": 0.7787333693000023, "std": 0.016645994823496175, "repeat": 10, "number": 1}]}, "time_setup_models_and_sims.TimeBuildDFNSimulation.time_setup_DFN_simulation": {"result": [0.23450894700000902, 0.5678321179999983], "stats": [{"ci_99": [0.22899000699999306, 0.26665031999999655], "q_25": 0.23098908550000274, "q_75": 0.24646055225001007, "min": 0.22899000699999306, "max": 0.26665031999999655, "mean": 0.24051228580000128, "std": 0.011991386287531436, "repeat": 10, "number": 1}, {"ci_99": [0.5534794200000022, 0.5842426490000037], "q_25": 0.5549297807500011, "q_75": 0.5779373037500015, "min": 0.5534794200000022, "max": 0.5842426490000037, "mean": 0.5676108429000024, "std": 0.012112309016424119, "repeat": 10, "number": 1}], "params": [["False", "True"]]}, "time_setup_models_and_sims.TimeBuildSPM.time_setup_SPM": {"result": [0.4709954885000087], "stats": [{"ci_99": [0.4666643019999981, 0.5046301100000079], "q_25": 0.46758822999999694, "q_75": 0.48290970950000656, "min": 0.4666643019999981, "max": 0.5046301100000079, "mean": 0.4762670189000019, "std": 0.011936223490063477, "repeat": 10, "number": 1}]}, "time_setup_models_and_sims.TimeBuildSPMSimulation.time_setup_SPM_simulation": {"result": [0.2203953624999926, 0.5101585410000098], "stats": [{"ci_99": [0.21376018099999783, 0.2373897840000012], "q_25": 0.21517152699999542, "q_75": 0.2237741802499862, "min": 0.21376018099999783, "max": 0.2373897840000012, "mean": 0.22124992929999648, "std": 0.007106684572539308, "repeat": 10, "number": 1}, {"ci_99": [0.49593894299999874, 0.5492438870000029], "q_25": 0.5087144089999853, "q_75": 0.5144303252499967, "min": 0.49593894299999874, "max": 0.5492438870000029, "mean": 0.5131501317000001, "std": 0.013673048459373258, "repeat": 10, "number": 1}], "params": [["False", "True"]]}, "time_setup_models_and_sims.TimeBuildSPMe.time_setup_SPMe": {"result": [0.6694255309999875], "stats": [{"ci_99": [0.65466748099999, 0.7162857410000072], "q_25": 0.6621495912500031, "q_75": 0.6824531135000029, "min": 0.65466748099999, "max": 0.7162857410000072, "mean": 0.6750411788999984, "std": 0.017691588251209044, "repeat": 10, "number": 1}]}, "time_setup_models_and_sims.TimeBuildSPMeSimulation.time_setup_SPMe_simulation": {"result": [0.24609595399999762, 0.5824341305000047], "stats": [{"ci_99": [0.23738315100001728, 0.2625884420000091], "q_25": 0.23968181675001432, "q_75": 0.2550183067500029, "min": 0.23738315100001728, "max": 0.2625884420000091, "mean": 0.2478971733000023, "std": 0.008537789429177703, "repeat": 10, "number": 1}, {"ci_99": [0.5683741590000011, 0.609938642000003], "q_25": 0.5742541270000174, "q_75": 0.5881413069999795, "min": 0.5683741590000011, "max": 0.609938642000003, "mean": 0.5841712204999994, "std": 0.013010744300407266, "repeat": 10, "number": 1}], "params": [["False", "True"]]}, "time_solve_models.TimeSolveDFN.time_solve_model": {"result": [0.5706657334999932, 0.7609891105000202], "stats": [{"ci_99": [0.5554878860000088, 0.5923154189999877], "q_25": 0.5672441744999901, "q_75": 0.5754183022500143, "min": 0.5554878860000088, "max": 0.5923154189999877, "mean": 0.5710532229999956, "std": 0.009762350099867374, "repeat": 10, "number": 1}, {"ci_99": [0.7451534870000103, 0.8223602430000199], "q_25": 0.7496264610000196, "q_75": 0.7770935602500018, "min": 0.7451534870000103, "max": 0.8223602430000199, "mean": 0.7670038704000121, "std": 0.02261747663634762, "repeat": 10, "number": 1}], "params": [["True", "False"]]}, "time_solve_models.TimeSolveSPM.time_solve_model": {"result": [0.027702237999989165, 0.05635115149999592], "stats": [{"ci_99": [0.026421894999998585, 0.04027759699999933], "q_25": 0.026959048249985074, "q_75": 0.02850075975001687, "min": 0.026421894999998585, "max": 0.04027759699999933, "mean": 0.029084600099997714, "std": 0.003926588838379784, "repeat": 10, "number": 1}, {"ci_99": [0.05373199600001044, 0.05733505800000671], "q_25": 0.055257420749995845, "q_75": 0.05667141724999425, "min": 0.05373199600001044, "max": 0.05733505800000671, "mean": 0.05590376039999967, "std": 0.0011060080883815505, "repeat": 10, "number": 1}], "params": [["True", "False"]]}, "time_solve_models.TimeSolveSPMe.time_solve_model": {"result": [0.04320274549999681, 0.08918890999999007], "stats": [{"ci_99": [0.04126000200000135, 0.05605481099999565], "q_25": 0.04282793924999595, "q_75": 0.04633096025000327, "min": 0.04126000200000135, "max": 0.05605481099999565, "mean": 0.04597492350000039, "std": 0.005174352848053056, "repeat": 10, "number": 1}, {"ci_99": [0.08615843000001178, 0.09991004500000145], "q_25": 0.08800814375000243, "q_75": 0.09387934025000533, "min": 0.08615843000001178, "max": 0.09991004500000145, "mean": 0.09102415579999956, "std": 0.0042822791210316135, "repeat": 10, "number": 1}], "params": [["True", "False"]]}}, "params": {"machine": "GitHubRunner", "python": "3.8"}, "requirements": {}, "commit_hash": "ef21abec4fc240b1ad9d046f345f572ea1d879f0", "date": 1627589854000, "env_name": "virtualenv-py3.8", "python": "3.8", "profiles": {}, "started_at": {"time_setup_models_and_sims.TimeBuildDFN.time_setup_DFN": 1627615378187, "time_setup_models_and_sims.TimeBuildDFNSimulation.time_setup_DFN_simulation": 1627615383305, "time_setup_models_and_sims.TimeBuildSPM.time_setup_SPM": 1627615388377, "time_setup_models_and_sims.TimeBuildSPMSimulation.time_setup_SPM_simulation": 1627615391542, "time_setup_models_and_sims.TimeBuildSPMe.time_setup_SPMe": 1627615396261, "time_setup_models_and_sims.TimeBuildSPMeSimulation.time_setup_SPMe_simulation": 1627615400777, "time_solve_models.TimeSolveDFN.time_solve_model": 1627615406049, "time_solve_models.TimeSolveSPM.time_solve_model": 1627615431426, "time_solve_models.TimeSolveSPMe.time_solve_model": 1627615440709}, "ended_at": {"time_setup_models_and_sims.TimeBuildDFN.time_setup_DFN": 1627615383304, "time_setup_models_and_sims.TimeBuildDFNSimulation.time_setup_DFN_simulation": 1627615388376, "time_setup_models_and_sims.TimeBuildSPM.time_setup_SPM": 1627615391542, "time_setup_models_and_sims.TimeBuildSPMSimulation.time_setup_SPM_simulation": 1627615396261, "time_setup_models_and_sims.TimeBuildSPMe.time_setup_SPMe": 1627615400777, "time_setup_models_and_sims.TimeBuildSPMeSimulation.time_setup_SPMe_simulation": 1627615406049, "time_solve_models.TimeSolveDFN.time_solve_model": 1627615431425, "time_solve_models.TimeSolveSPM.time_solve_model": 1627615440708, "time_solve_models.TimeSolveSPMe.time_solve_model": 1627615453601}, "benchmark_version": {"time_setup_models_and_sims.TimeBuildDFN.time_setup_DFN": "5f322e51e6b7e66125ee6949bdf25746005db467e8ffcfdcb3ace170e92bbc3d", "time_setup_models_and_sims.TimeBuildDFNSimulation.time_setup_DFN_simulation": "8de44bc542fa7d4ba28a80f24414a9444b5436673aaebba674918f5f0bfd0ebb", "time_setup_models_and_sims.TimeBuildSPM.time_setup_SPM": "0d0b3f5c67fc2da9a5794c66b70af5a45a09558d1ee95f738745385adb84fbca", "time_setup_models_and_sims.TimeBuildSPMSimulation.time_setup_SPM_simulation": "161220a99418ce4487cc29325cbae897f28d0e44ae07e1dfbfaac2cbc53a4ff9", "time_setup_models_and_sims.TimeBuildSPMe.time_setup_SPMe": "6083f5ff944353395eb4b21c97b02af555fe6528de3cd5283f5e139943945235", "time_setup_models_and_sims.TimeBuildSPMeSimulation.time_setup_SPMe_simulation": "530563cb559427795e3648d9648df9250ae100b7721f69eec356bdda7798c55e", "time_solve_models.TimeSolveDFN.time_solve_model": "914137228e20e5900cec36b0d3865f1faa2f5d479c7d6c2539514791f9ec4430", "time_solve_models.TimeSolveSPM.time_solve_model": "ef1bb5f8d1ddfa59650e20438c4b252d73e5a062714848ce1d6d5269382bc598", "time_solve_models.TimeSolveSPMe.time_solve_model": "20672028872f4620ce85e909bae705d9490de441e926510b2b0e53ff0881d87b"}, "version": 1}