{"results": {"time_setup_models_and_sims.TimeBuildDFN.time_setup_DFN": {"result": [0.784878736500005], "stats": [{"ci_99": [0.7541873300000077, 0.8037178170000061], "q_25": 0.7757524132499967, "q_75": 0.7968195324999989, "min": 0.7541873300000077, "max": 0.8037178170000061, "mean": 0.7840943056000029, "std": 0.014677732658616053, "repeat": 10, "number": 1}]}, "time_setup_models_and_sims.TimeBuildDFNSimulation.time_setup_DFN_simulation": {"result": [0.2495390325000102, 0.5749928744999977], "stats": [{"ci_99": [0.23407156899999393, 0.25989511700001344], "q_25": 0.2408556117499998, "q_75": 0.2518818587500071, "min": 0.23407156899999393, "max": 0.25989511700001344, "mean": 0.24734584380000085, "std": 0.007692645427312542, "repeat": 10, "number": 1}, {"ci_99": [0.5505416299999979, 0.6275341759999833], "q_25": 0.5678132307499943, "q_75": 0.5849700885000146, "min": 0.5505416299999979, "max": 0.6275341759999833, "mean": 0.5784887789000009, "std": 0.019550586036883675, "repeat": 10, "number": 1}], "params": [["False", "True"]]}, "time_setup_models_and_sims.TimeBuildSPM.time_setup_SPM": {"result": [0.47456948599999293], "stats": [{"ci_99": [0.46531494900000325, 0.4997609640000178], "q_25": 0.47106723175000553, "q_75": 0.4928397835000098, "min": 0.46531494900000325, "max": 0.4997609640000178, "mean": 0.4803190802000046, "std": 0.01235656113133535, "repeat": 10, "number": 1}]}, "time_setup_models_and_sims.TimeBuildSPMSimulation.time_setup_SPM_simulation": {"result": [0.23040756550000197, 0.5366377375000013], "stats": [{"ci_99": [0.21791588400000705, 0.26891500400000723], "q_25": 0.2264228722499908, "q_75": 0.23615586199998972, "min": 0.21791588400000705, "max": 0.26891500400000723, "mean": 0.23386849389999612, "std": 0.013528342016914415, "repeat": 10, "number": 1}, {"ci_99": [0.5097817930000019, 0.5701795610000033], "q_25": 0.5301175725000036, "q_75": 0.548278417749998, "min": 0.5097817930000019, "max": 0.5701795610000033, "mean": 0.5371899740999992, "std": 0.01752292025775238, "repeat": 10, "number": 1}], "params": [["False", "True"]]}, "time_setup_models_and_sims.TimeBuildSPMe.time_setup_SPMe": {"result": [0.6893648144999958], "stats": [{"ci_99": [0.6447949509999944, 0.70322610300002], "q_25": 0.6801199672499934, "q_75": 0.696777510749996, "min": 0.6447949509999944, "max": 0.70322610300002, "mean": 0.6838543498999996, "std": 0.019420355084681075, "repeat": 10, "number": 1}]}, "time_setup_models_and_sims.TimeBuildSPMeSimulation.time_setup_SPMe_simulation": {"result": [0.25361120099999823, 0.6073524045000056], "stats": [{"ci_99": [0.24733983600000897, 0.26466501000001585], "q_25": 0.2518852034999952, "q_75": 0.25817079500000517, "min": 0.24733983600000897, "max": 0.26466501000001585, "mean": 0.2549029967000024, "std": 0.005072022186855801, "repeat": 10, "number": 1}, {"ci_99": [0.5930116179999914, 0.618217890000011], "q_25": 0.6011395404999931, "q_75": 0.6165977677499939, "min": 0.5930116179999914, "max": 0.618217890000011, "mean": 0.6076979042999995, "std": 0.008943190286614576, "repeat": 10, "number": 1}], "params": [["False", "True"]]}, "time_solve_models.TimeSolveDFN.time_solve_model": {"result": [0.609308494000004, 0.7787533179999997], "stats": [{"ci_99": [0.5996301180000216, 0.6285050310000031], "q_25": 0.6026451680000093, "q_75": 0.6129597345000093, "min": 0.5996301180000216, "max": 0.6285050310000031, "mean": 0.6097024953750108, "std": 0.008852629921577503, "repeat": 8, "number": 1}, {"ci_99": [0.7572423599999922, 0.815174600000006], "q_25": 0.7685716982499997, "q_75": 0.7940802962499944, "min": 0.7572423599999922, "max": 0.815174600000006, "mean": 0.7820560930999989, "std": 0.017675009501201988, "repeat": 10, "number": 1}], "params": [["True", "False"]]}, "time_solve_models.TimeSolveSPM.time_solve_model": {"result": [0.02881100500000855, 0.0544899154999996], "stats": [{"ci_99": [0.02743075600000111, 0.030495555000015884], "q_25": 0.02815885874998969, "q_75": 0.029941626249993192, "min": 0.02743075600000111, "max": 0.030495555000015884, "mean": 0.028946905100002595, "std": 0.0010538006517213168, "repeat": 10, "number": 1}, {"ci_99": [0.051460816000002296, 0.05842791399999214], "q_25": 0.052474697250012525, "q_75": 0.05659920825000597, "min": 0.051460816000002296, "max": 0.05842791399999214, "mean": 0.054559105500004534, "std": 0.0024060629709777128, "repeat": 10, "number": 1}], "params": [["True", "False"]]}, "time_solve_models.TimeSolveSPMe.time_solve_model": {"result": [0.04594148099999984, 0.0987231019999939], "stats": [{"ci_99": [0.04134103699999514, 0.052166823000050044], "q_25": 0.04408305900000897, "q_75": 0.04790275375003006, "min": 0.04134103699999514, "max": 0.052166823000050044, "mean": 0.046017961400008286, "std": 0.0030374193430488397, "repeat": 10, "number": 1}, {"ci_99": [0.09106856599998991, 0.10707014199999776], "q_25": 0.0946353107499931, "q_75": 0.10177435024996839, "min": 0.09106856599998991, "max": 0.10707014199999776, "mean": 0.0982783747999946, "std": 0.004819291812876116, "repeat": 10, "number": 1}], "params": [["True", "False"]]}}, "params": {"machine": "GitHubRunner", "python": "3.8"}, "requirements": {}, "commit_hash": "ef21abec4fc240b1ad9d046f345f572ea1d879f0", "date": 1627589854000, "env_name": "virtualenv-py3.8", "python": "3.8", "profiles": {}, "started_at": {"time_setup_models_and_sims.TimeBuildDFN.time_setup_DFN": 1627701792028, "time_setup_models_and_sims.TimeBuildDFNSimulation.time_setup_DFN_simulation": 1627701797199, "time_setup_models_and_sims.TimeBuildSPM.time_setup_SPM": 1627701802622, "time_setup_models_and_sims.TimeBuildSPMSimulation.time_setup_SPM_simulation": 1627701805886, "time_setup_models_and_sims.TimeBuildSPMe.time_setup_SPMe": 1627701810962, "time_setup_models_and_sims.TimeBuildSPMeSimulation.time_setup_SPMe_simulation": 1627701815478, "time_solve_models.TimeSolveDFN.time_solve_model": 1627701821002, "time_solve_models.TimeSolveSPM.time_solve_model": 1627701844628, "time_solve_models.TimeSolveSPMe.time_solve_model": 1627701854062}, "ended_at": {"time_setup_models_and_sims.TimeBuildDFN.time_setup_DFN": 1627701797199, "time_setup_models_and_sims.TimeBuildDFNSimulation.time_setup_DFN_simulation": 1627701802621, "time_setup_models_and_sims.TimeBuildSPM.time_setup_SPM": 1627701805885, "time_setup_models_and_sims.TimeBuildSPMSimulation.time_setup_SPM_simulation": 1627701810961, "time_setup_models_and_sims.TimeBuildSPMe.time_setup_SPMe": 1627701815478, "time_setup_models_and_sims.TimeBuildSPMeSimulation.time_setup_SPMe_simulation": 1627701821001, "time_solve_models.TimeSolveDFN.time_solve_model": 1627701844627, "time_solve_models.TimeSolveSPM.time_solve_model": 1627701854061, "time_solve_models.TimeSolveSPMe.time_solve_model": 1627701867359}, "benchmark_version": {"time_setup_models_and_sims.TimeBuildDFN.time_setup_DFN": "5f322e51e6b7e66125ee6949bdf25746005db467e8ffcfdcb3ace170e92bbc3d", "time_setup_models_and_sims.TimeBuildDFNSimulation.time_setup_DFN_simulation": "8de44bc542fa7d4ba28a80f24414a9444b5436673aaebba674918f5f0bfd0ebb", "time_setup_models_and_sims.TimeBuildSPM.time_setup_SPM": "0d0b3f5c67fc2da9a5794c66b70af5a45a09558d1ee95f738745385adb84fbca", "time_setup_models_and_sims.TimeBuildSPMSimulation.time_setup_SPM_simulation": "161220a99418ce4487cc29325cbae897f28d0e44ae07e1dfbfaac2cbc53a4ff9", "time_setup_models_and_sims.TimeBuildSPMe.time_setup_SPMe": "6083f5ff944353395eb4b21c97b02af555fe6528de3cd5283f5e139943945235", "time_setup_models_and_sims.TimeBuildSPMeSimulation.time_setup_SPMe_simulation": "530563cb559427795e3648d9648df9250ae100b7721f69eec356bdda7798c55e", "time_solve_models.TimeSolveDFN.time_solve_model": "914137228e20e5900cec36b0d3865f1faa2f5d479c7d6c2539514791f9ec4430", "time_solve_models.TimeSolveSPM.time_solve_model": "ef1bb5f8d1ddfa59650e20438c4b252d73e5a062714848ce1d6d5269382bc598", "time_solve_models.TimeSolveSPMe.time_solve_model": "20672028872f4620ce85e909bae705d9490de441e926510b2b0e53ff0881d87b"}, "version": 1}