{"results": {"time_setup_models_and_sims.TimeBuildDFN.time_setup_DFN": {"result": [0.5856682930000261], "stats": [{"ci_99": [0.5724934609999934, 0.5944426180000164], "q_25": 0.5751919735000044, "q_75": 0.5908317974999875, "min": 0.5724934609999934, "max": 0.5944426180000164, "mean": 0.5836429046000035, "std": 0.008073186111769966, "repeat": 10, "number": 1}]}, "time_setup_models_and_sims.TimeBuildDFNSimulation.time_setup_DFN_simulation": {"result": [0.18738264049999032, 0.43730920199998025], "stats": [{"ci_99": [0.17968276199999877, 0.19059137900001133], "q_25": 0.1859845504999953, "q_75": 0.18957858199998157, "min": 0.17968276199999877, "max": 0.19059137900001133, "mean": 0.1869705539999927, "std": 0.0032049142930334795, "repeat": 10, "number": 1}, {"ci_99": [0.42977760799999487, 0.4432310189999953], "q_25": 0.4344969292500096, "q_75": 0.4404709579999775, "min": 0.42977760799999487, "max": 0.4432310189999953, "mean": 0.4370805091999898, "std": 0.004229390528228773, "repeat": 10, "number": 1}], "params": [["False", "True"]]}, "time_setup_models_and_sims.TimeBuildSPM.time_setup_SPM": {"result": [0.36284334900001625], "stats": [{"ci_99": [0.348616805000006, 0.36999804299995276], "q_25": 0.35875612249999733, "q_75": 0.36588723774997334, "min": 0.348616805000006, "max": 0.36999804299995276, "mean": 0.3618416461999999, "std": 0.005932115414902928, "repeat": 10, "number": 1}]}, "time_setup_models_and_sims.TimeBuildSPMSimulation.time_setup_SPM_simulation": {"result": [0.18345570149999446, 0.4090748929999961], "stats": [{"ci_99": [0.17819993700001646, 0.1861188099999822], "q_25": 0.18200106924999204, "q_75": 0.18429286825000446, "min": 0.17819993700001646, "max": 0.1861188099999822, "mean": 0.18286165870000276, "std": 0.002361616127072266, "repeat": 10, "number": 1}, {"ci_99": [0.4056203889999779, 0.4262509530000216], "q_25": 0.4081746119999963, "q_75": 0.4121023344999841, "min": 0.4056203889999779, "max": 0.4262509530000216, "mean": 0.41217833039999335, "std": 0.006841199724986287, "repeat": 10, "number": 1}], "params": [["False", "True"]]}, "time_setup_models_and_sims.TimeBuildSPMe.time_setup_SPMe": {"result": [0.5145454799999811], "stats": [{"ci_99": [0.5075538920000042, 0.5203030399999875], "q_25": 0.5117193094999806, "q_75": 0.5158765659999887, "min": 0.5075538920000042, "max": 0.5203030399999875, "mean": 0.5141517431999887, "std": 0.0035180132621280527, "repeat": 10, "number": 1}]}, "time_setup_models_and_sims.TimeBuildSPMeSimulation.time_setup_SPMe_simulation": {"result": [0.19749927200001594, 0.463188472000013], "stats": [{"ci_99": [0.196197527000038, 0.20203665899998668], "q_25": 0.19665492424999798, "q_75": 0.19882448375000195, "min": 0.196197527000038, "max": 0.20203665899998668, "mean": 0.19797272230000545, "std": 0.0017204545763735894, "repeat": 10, "number": 1}, {"ci_99": [0.443131582999996, 0.47189014799999995], "q_25": 0.45483500774999186, "q_75": 0.46780725624998354, "min": 0.443131582999996, "max": 0.47189014799999995, "mean": 0.4603101002999949, "std": 0.009250080176775251, "repeat": 10, "number": 1}], "params": [["False", "True"]]}, "time_solve_models.TimeSolveDFN.time_solve_model": {"result": [0.5907779140000002, 0.7817322854999986], "stats": [{"ci_99": [0.5806415320000156, 0.6027709859999959], "q_25": 0.5894254149999938, "q_75": 0.5928643352500131, "min": 0.5806415320000156, "max": 0.6027709859999959, "mean": 0.590724322600002, "std": 0.0054828717427241195, "repeat": 10, "number": 1}, {"ci_99": [0.7619827930000156, 0.7900665819999517], "q_25": 0.7792228830000028, "q_75": 0.7829264207499733, "min": 0.7619827930000156, "max": 0.7900665819999517, "mean": 0.779640317999997, "std": 0.008193529141394146, "repeat": 10, "number": 1}], "params": [["True", "False"]]}, "time_solve_models.TimeSolveSPM.time_solve_model": {"result": [0.022923484500012137, 0.04687434699999926], "stats": [{"ci_99": [0.02184346199999254, 0.02370000500002334], "q_25": 0.02229387450000786, "q_75": 0.023315336500004946, "min": 0.02184346199999254, "max": 0.02370000500002334, "mean": 0.022831543600005944, "std": 0.0005835849916906896, "repeat": 10, "number": 1}, {"ci_99": [0.04567666600001985, 0.04778626800003849], "q_25": 0.04621403975002636, "q_75": 0.04750248000001989, "min": 0.04567666600001985, "max": 0.04778626800003849, "mean": 0.0468034446000047, "std": 0.0007597854382157628, "repeat": 10, "number": 1}], "params": [["True", "False"]]}, "time_solve_models.TimeSolveSPMe.time_solve_model": {"result": [0.03639625249999767, 0.08244821300002059], "stats": [{"ci_99": [0.03460502900003348, 0.03686347699999715], "q_25": 0.03515152049999415, "q_75": 0.03658182524996789, "min": 0.03460502900003348, "max": 0.03686347699999715, "mean": 0.03592328259999818, "std": 0.0008172366804965877, "repeat": 10, "number": 1}, {"ci_99": [0.07970047999998542, 0.08335322199997108], "q_25": 0.08163686074999532, "q_75": 0.08289434450000499, "min": 0.07970047999998542, "max": 0.08335322199997108, "mean": 0.08216693560000295, "std": 0.0010762725715855374, "repeat": 10, "number": 1}], "params": [["True", "False"]]}}, "params": {"machine": "GitHubRunner", "python": "3.8"}, "requirements": {}, "commit_hash": "ef21abec4fc240b1ad9d046f345f572ea1d879f0", "date": 1627589854000, "env_name": "virtualenv-py3.8", "python": "3.8", "profiles": {}, "started_at": {"time_setup_models_and_sims.TimeBuildDFN.time_setup_DFN": 1627788156152, "time_setup_models_and_sims.TimeBuildDFNSimulation.time_setup_DFN_simulation": 1627788160067, "time_setup_models_and_sims.TimeBuildSPM.time_setup_SPM": 1627788164191, "time_setup_models_and_sims.TimeBuildSPMSimulation.time_setup_SPM_simulation": 1627788166704, "time_setup_models_and_sims.TimeBuildSPMe.time_setup_SPMe": 1627788170625, "time_setup_models_and_sims.TimeBuildSPMeSimulation.time_setup_SPMe_simulation": 1627788174139, "time_solve_models.TimeSolveDFN.time_solve_model": 1627788178463, "time_solve_models.TimeSolveSPM.time_solve_model": 1627788201498, "time_solve_models.TimeSolveSPMe.time_solve_model": 1627788208876}, "ended_at": {"time_setup_models_and_sims.TimeBuildDFN.time_setup_DFN": 1627788160067, "time_setup_models_and_sims.TimeBuildDFNSimulation.time_setup_DFN_simulation": 1627788164189, "time_setup_models_and_sims.TimeBuildSPM.time_setup_SPM": 1627788166703, "time_setup_models_and_sims.TimeBuildSPMSimulation.time_setup_SPM_simulation": 1627788170624, "time_setup_models_and_sims.TimeBuildSPMe.time_setup_SPMe": 1627788174139, "time_setup_models_and_sims.TimeBuildSPMeSimulation.time_setup_SPMe_simulation": 1627788178462, "time_solve_models.TimeSolveDFN.time_solve_model": 1627788201497, "time_solve_models.TimeSolveSPM.time_solve_model": 1627788208875, "time_solve_models.TimeSolveSPMe.time_solve_model": 1627788219172}, "benchmark_version": {"time_setup_models_and_sims.TimeBuildDFN.time_setup_DFN": "5f322e51e6b7e66125ee6949bdf25746005db467e8ffcfdcb3ace170e92bbc3d", "time_setup_models_and_sims.TimeBuildDFNSimulation.time_setup_DFN_simulation": "8de44bc542fa7d4ba28a80f24414a9444b5436673aaebba674918f5f0bfd0ebb", "time_setup_models_and_sims.TimeBuildSPM.time_setup_SPM": "0d0b3f5c67fc2da9a5794c66b70af5a45a09558d1ee95f738745385adb84fbca", "time_setup_models_and_sims.TimeBuildSPMSimulation.time_setup_SPM_simulation": "161220a99418ce4487cc29325cbae897f28d0e44ae07e1dfbfaac2cbc53a4ff9", "time_setup_models_and_sims.TimeBuildSPMe.time_setup_SPMe": "6083f5ff944353395eb4b21c97b02af555fe6528de3cd5283f5e139943945235", "time_setup_models_and_sims.TimeBuildSPMeSimulation.time_setup_SPMe_simulation": "530563cb559427795e3648d9648df9250ae100b7721f69eec356bdda7798c55e", "time_solve_models.TimeSolveDFN.time_solve_model": "914137228e20e5900cec36b0d3865f1faa2f5d479c7d6c2539514791f9ec4430", "time_solve_models.TimeSolveSPM.time_solve_model": "ef1bb5f8d1ddfa59650e20438c4b252d73e5a062714848ce1d6d5269382bc598", "time_solve_models.TimeSolveSPMe.time_solve_model": "20672028872f4620ce85e909bae705d9490de441e926510b2b0e53ff0881d87b"}, "version": 1}