{"results": {"time_setup_models_and_sims.TimeBuildDFN.time_setup_DFN": {"result": [0.4906675275000012], "stats": [{"ci_99": [0.4847327330000155, 0.4977686590000019], "q_25": 0.4884526377500009, "q_75": 0.4958854239999937, "min": 0.4847327330000155, "max": 0.4977686590000019, "mean": 0.4914483927999996, "std": 0.004416396682103203, "repeat": 10, "number": 1}]}, "time_setup_models_and_sims.TimeBuildDFNSimulation.time_setup_DFN_simulation": {"result": [0.14098416949999404, 0.3399976319999922], "stats": [{"ci_99": [0.13924644900001226, 0.14327629699999989], "q_25": 0.13955388324998808, "q_75": 0.1423215587499982, "min": 0.13924644900001226, "max": 0.14327629699999989, "mean": 0.14104532099999573, "std": 0.0015336743918160883, "repeat": 10, "number": 1}, {"ci_99": [0.33522916600000485, 0.34386209200000906], "q_25": 0.33641767874999573, "q_75": 0.3432381082499987, "min": 0.33522916600000485, "max": 0.34386209200000906, "mean": 0.3397801204999979, "std": 0.0035297296920297977, "repeat": 10, "number": 1}], "params": [["False", "True"]]}, "time_setup_models_and_sims.TimeBuildSPM.time_setup_SPM": {"result": [0.2959606330000071], "stats": [{"ci_99": [0.29251299899999594, 0.30222907599997484], "q_25": 0.29330298274999933, "q_75": 0.29924949524999533, "min": 0.29251299899999594, "max": 0.30222907599997484, "mean": 0.2966169256000001, "std": 0.003595269609474273, "repeat": 10, "number": 1}]}, "time_setup_models_and_sims.TimeBuildSPMSimulation.time_setup_SPM_simulation": {"result": [0.1350827515000077, 0.30754937150000217], "stats": [{"ci_99": [0.13237134700000297, 0.13726604199999315], "q_25": 0.1329451542499953, "q_75": 0.1358103820000025, "min": 0.13237134700000297, "max": 0.13726604199999315, "mean": 0.13466116540000145, "std": 0.0017228270325560628, "repeat": 10, "number": 1}, {"ci_99": [0.3030463599999962, 0.31143853899999385], "q_25": 0.303924185750013, "q_75": 0.3108747095000055, "min": 0.3030463599999962, "max": 0.31143853899999385, "mean": 0.30738207100000636, "std": 0.0036024237316105282, "repeat": 10, "number": 1}], "params": [["False", "True"]]}, "time_setup_models_and_sims.TimeBuildSPMe.time_setup_SPMe": {"result": [0.4219147830000054], "stats": [{"ci_99": [0.4200217480000106, 0.4224321370000155], "q_25": 0.42097344299999406, "q_75": 0.4221606884999929, "min": 0.4200217480000106, "max": 0.4224321370000155, "mean": 0.42152077140000016, "std": 0.0008530306230088132, "repeat": 10, "number": 1}]}, "time_setup_models_and_sims.TimeBuildSPMeSimulation.time_setup_SPMe_simulation": {"result": [0.14351798450000786, 0.3501912545000039], "stats": [{"ci_99": [0.14266313900000682, 0.144211925999997], "q_25": 0.14297743474998725, "q_75": 0.14401602474999464, "min": 0.14266313900000682, "max": 0.144211925999997, "mean": 0.14349386380000057, "std": 0.0005589695215302954, "repeat": 10, "number": 1}, {"ci_99": [0.3482770770000059, 0.35189858900000104], "q_25": 0.348943203999994, "q_75": 0.35072705125000425, "min": 0.3482770770000059, "max": 0.35189858900000104, "mean": 0.34999194310000237, "std": 0.0011859420704351791, "repeat": 10, "number": 1}], "params": [["False", "True"]]}, "time_solve_models.TimeSolveDFN.time_solve_model": {"result": [0.5077497719999826, 0.6723839309999988], "stats": [{"ci_99": [0.5037138309999989, 0.5101352559999839], "q_25": 0.5073297670000017, "q_75": 0.509185146749985, "min": 0.5037138309999989, "max": 0.5101352559999839, "mean": 0.5078748621999949, "std": 0.0017694395969882718, "repeat": 10, "number": 1}, {"ci_99": [0.6657847030000141, 0.6751935249999974], "q_25": 0.67034982025001, "q_75": 0.6732721542500002, "min": 0.6657847030000141, "max": 0.6751935249999974, "mean": 0.6716730014000006, "std": 0.0027747521949831886, "repeat": 10, "number": 1}], "params": [["True", "False"]]}, "time_solve_models.TimeSolveSPM.time_solve_model": {"result": [0.01984469100001718, 0.04125298499999985], "stats": [{"ci_99": [0.019769169999989344, 0.01990127199999847], "q_25": 0.01983926099998712, "q_75": 0.01985311049998728, "min": 0.019769169999989344, "max": 0.01990127199999847, "mean": 0.019842960799996943, "std": 3.281895240011456e-05, "repeat": 10, "number": 1}, {"ci_99": [0.040945359999994935, 0.04190241400002037], "q_25": 0.041079537999998195, "q_75": 0.041568984249998664, "min": 0.040945359999994935, "max": 0.04190241400002037, "mean": 0.04132558590000599, "std": 0.0002956711096518268, "repeat": 10, "number": 1}], "params": [["True", "False"]]}, "time_solve_models.TimeSolveSPMe.time_solve_model": {"result": [0.03148009100000593, 0.07297220200000254], "stats": [{"ci_99": [0.03131492599999319, 0.03168935700000475], "q_25": 0.031380008250017966, "q_75": 0.03159738800000156, "min": 0.03131492599999319, "max": 0.03168935700000475, "mean": 0.0314891168000031, "std": 0.00012894402804861386, "repeat": 10, "number": 1}, {"ci_99": [0.07265234799999121, 0.07462789799998859], "q_25": 0.07286091299999953, "q_75": 0.07342163024998172, "min": 0.07265234799999121, "max": 0.07462789799998859, "mean": 0.0732576365999961, "std": 0.0006169212584445878, "repeat": 10, "number": 1}], "params": [["True", "False"]]}}, "params": {"machine": "GitHubRunner", "python": "3.8"}, "requirements": {}, "commit_hash": "ef4f516a3fba111d730f4a82239dfaa245c1f430", "date": 1627511666000, "env_name": "virtualenv-py3.8", "python": "3.8", "profiles": {}, "started_at": {"time_setup_models_and_sims.TimeBuildDFN.time_setup_DFN": 1627528983385, "time_setup_models_and_sims.TimeBuildDFNSimulation.time_setup_DFN_simulation": 1627528986650, "time_setup_models_and_sims.TimeBuildSPM.time_setup_SPM": 1627528989817, "time_setup_models_and_sims.TimeBuildSPMSimulation.time_setup_SPM_simulation": 1627528991827, "time_setup_models_and_sims.TimeBuildSPMe.time_setup_SPMe": 1627528994744, "time_setup_models_and_sims.TimeBuildSPMeSimulation.time_setup_SPMe_simulation": 1627528997606, "time_solve_models.TimeSolveDFN.time_solve_model": 1627529000824, "time_solve_models.TimeSolveSPM.time_solve_model": 1627529020287, "time_solve_models.TimeSolveSPMe.time_solve_model": 1627529026564}, "ended_at": {"time_setup_models_and_sims.TimeBuildDFN.time_setup_DFN": 1627528986649, "time_setup_models_and_sims.TimeBuildDFNSimulation.time_setup_DFN_simulation": 1627528989816, "time_setup_models_and_sims.TimeBuildSPM.time_setup_SPM": 1627528991827, "time_setup_models_and_sims.TimeBuildSPMSimulation.time_setup_SPM_simulation": 1627528994743, "time_setup_models_and_sims.TimeBuildSPMe.time_setup_SPMe": 1627528997606, "time_setup_models_and_sims.TimeBuildSPMeSimulation.time_setup_SPMe_simulation": 1627529000823, "time_solve_models.TimeSolveDFN.time_solve_model": 1627529020287, "time_solve_models.TimeSolveSPM.time_solve_model": 1627529026563, "time_solve_models.TimeSolveSPMe.time_solve_model": 1627529035347}, "benchmark_version": {"time_setup_models_and_sims.TimeBuildDFN.time_setup_DFN": "5f322e51e6b7e66125ee6949bdf25746005db467e8ffcfdcb3ace170e92bbc3d", "time_setup_models_and_sims.TimeBuildDFNSimulation.time_setup_DFN_simulation": "8de44bc542fa7d4ba28a80f24414a9444b5436673aaebba674918f5f0bfd0ebb", "time_setup_models_and_sims.TimeBuildSPM.time_setup_SPM": "0d0b3f5c67fc2da9a5794c66b70af5a45a09558d1ee95f738745385adb84fbca", "time_setup_models_and_sims.TimeBuildSPMSimulation.time_setup_SPM_simulation": "161220a99418ce4487cc29325cbae897f28d0e44ae07e1dfbfaac2cbc53a4ff9", "time_setup_models_and_sims.TimeBuildSPMe.time_setup_SPMe": "6083f5ff944353395eb4b21c97b02af555fe6528de3cd5283f5e139943945235", "time_setup_models_and_sims.TimeBuildSPMeSimulation.time_setup_SPMe_simulation": "530563cb559427795e3648d9648df9250ae100b7721f69eec356bdda7798c55e", "time_solve_models.TimeSolveDFN.time_solve_model": "914137228e20e5900cec36b0d3865f1faa2f5d479c7d6c2539514791f9ec4430", "time_solve_models.TimeSolveSPM.time_solve_model": "ef1bb5f8d1ddfa59650e20438c4b252d73e5a062714848ce1d6d5269382bc598", "time_solve_models.TimeSolveSPMe.time_solve_model": "20672028872f4620ce85e909bae705d9490de441e926510b2b0e53ff0881d87b"}, "version": 1}