{"results": {"time_setup_models_and_sims.TimeBuildDFN.time_setup_DFN": {"result": [1.0370076139997764], "stats": [{"ci_99": [0.9706263810003293, 1.0601729310001247], "q_25": 0.9810747542496756, "q_75": 1.05057573699969, "min": 0.9706263810003293, "max": 1.0601729310001247, "mean": 1.0196763676000047, "std": 0.036089501263818935, "repeat": 10, "number": 1}]}, "time_setup_models_and_sims.TimeBuildDFNSimulation.time_setup_DFN_simulation": {"result": [0.09863592000056087, 0.19211515099959797], "stats": [{"ci_99": [0.09062626000013552, 0.10222614600024826], "q_25": 0.09448693899958016, "q_75": 0.09894254649998402, "min": 0.09062626000013552, "max": 0.10222614600024826, "mean": 0.0971061682999789, "std": 0.003853865489041955, "repeat": 10, "number": 1}, {"ci_99": [0.17475687499972992, 0.20318578099977458], "q_25": 0.1773568695002723, "q_75": 0.1980714702494879, "min": 0.17475687499972992, "max": 0.20318578099977458, "mean": 0.18918964989989034, "std": 0.010763144433240097, "repeat": 10, "number": 1}], "params": [["False", "True"]]}, "time_setup_models_and_sims.TimeBuildSPM.time_setup_SPM": {"result": [0.6826498275004269], "stats": [{"ci_99": [0.637650852000661, 0.7219382649982435], "q_25": 0.6654750547486401, "q_75": 0.701030087750496, "min": 0.637650852000661, "max": 0.7219382649982435, "mean": 0.681744522599729, "std": 0.026483131402118918, "repeat": 10, "number": 1}]}, "time_setup_models_and_sims.TimeBuildSPMSimulation.time_setup_SPM_simulation": {"result": [0.22844196599999123, 0.4400128595007118], "stats": [{"ci_99": [0.22272172399971168, 0.2544402559997252], "q_25": 0.22719905700023446, "q_75": 0.23450496000077692, "min": 0.22272172399971168, "max": 0.2544402559997252, "mean": 0.23161853950005024, "std": 0.008725477900163002, "repeat": 10, "number": 1}, {"ci_99": [0.4224128810001275, 0.47273984700041183], "q_25": 0.428163747749295, "q_75": 0.4573713102495276, "min": 0.4224128810001275, "max": 0.47273984700041183, "mean": 0.44336443369993506, "std": 0.01714704627189426, "repeat": 10, "number": 1}], "params": [["False", "True"]]}, "time_setup_models_and_sims.TimeBuildSPMe.time_setup_SPMe": {"result": [0.8171356610000657], "stats": [{"ci_99": [0.7954980029990111, 0.8906275970002753], "q_25": 0.8137876092500846, "q_75": 0.8269157552499564, "min": 0.7954980029990111, "max": 0.8906275970002753, "mean": 0.8258306729001561, "std": 0.027176634225511063, "repeat": 10, "number": 1}]}, "time_setup_models_and_sims.TimeBuildSPMeSimulation.time_setup_SPMe_simulation": {"result": [0.11887561649928102, 0.24300662249970628], "stats": [{"ci_99": [0.11334932699901401, 0.13740980199872865], "q_25": 0.11575231925007756, "q_75": 0.12798155774999032, "min": 0.11334932699901401, "max": 0.13740980199872865, "mean": 0.12202309979948041, "std": 0.007956785999658801, "repeat": 10, "number": 1}, {"ci_99": [0.21999720400162914, 0.25905358900126885], "q_25": 0.2310165097492245, "q_75": 0.24495308700079477, "min": 0.21999720400162914, "max": 0.25905358900126885, "mean": 0.2398125190002247, "std": 0.012024855410492743, "repeat": 10, "number": 1}], "params": [["False", "True"]]}, "time_solve_models.TimeSolveDFN.time_solve_model": {"result": [1.3272353290003593, 1.5144011955007954], "stats": [{"ci_99": [1.2465145678548066, 1.376504127144894], "q_25": 1.2741599407495414, "q_75": 1.336093391000304, "min": 1.2569303679993027, "max": 1.3621408359995257, "mean": 1.3115093474998503, "std": 0.040088590856957984, "repeat": 6, "number": 1}, {"ci_99": [1.4535883970002033, 1.564117003001229], "q_25": 1.4929742125000303, "q_75": 1.5282630922497447, "min": 1.4535883970002033, "max": 1.564117003001229, "mean": 1.510121861500238, "std": 0.03212141780375858, "repeat": 8, "number": 1}], "params": [["True", "False"]]}, "time_solve_models.TimeSolveSPM.time_solve_model": {"result": [0.07119541950032726, 0.1184110630001669], "stats": [{"ci_99": [0.06312025999977777, 0.07580515300105617], "q_25": 0.06794432050037358, "q_75": 0.07270795499971427, "min": 0.06312025999977777, "max": 0.07580515300105617, "mean": 0.07022816210010205, "std": 0.003881938303629981, "repeat": 10, "number": 1}, {"ci_99": [0.10743578300025547, 0.13426077900112432], "q_25": 0.11288287250090434, "q_75": 0.12632709550098298, "min": 0.10743578300025547, "max": 0.13426077900112432, "mean": 0.11989890400036529, "std": 0.008875700589227748, "repeat": 10, "number": 1}], "params": [["True", "False"]]}, "time_solve_models.TimeSolveSPMe.time_solve_model": {"result": [0.11309012450055889, 0.17700464100016688], "stats": [{"ci_99": [0.1048693650009227, 0.12060407900025893], "q_25": 0.10932984674946056, "q_75": 0.11643247425126901, "min": 0.1048693650009227, "max": 0.12060407900025893, "mean": 0.11264358120060933, "std": 0.0048212703801593995, "repeat": 10, "number": 1}, {"ci_99": [0.17284925999956613, 0.19546902500042052], "q_25": 0.17493815050147532, "q_75": 0.18688148700039164, "min": 0.17284925999956613, "max": 0.19546902500042052, "mean": 0.1811119605003114, "std": 0.007968057471453507, "repeat": 10, "number": 1}], "params": [["True", "False"]]}}, "params": {"machine": "GitHubRunner", "python": "3.8"}, "requirements": {}, "commit_hash": "f1c16840b165212ea1113aec68d8bbfd466e20da", "date": 1588728517000, "env_name": "virtualenv-py3.8", "python": "3.8", "profiles": {}, "started_at": {"time_setup_models_and_sims.TimeBuildDFN.time_setup_DFN": 1613154704558, "time_setup_models_and_sims.TimeBuildDFNSimulation.time_setup_DFN_simulation": 1613154710982, "time_setup_models_and_sims.TimeBuildSPM.time_setup_SPM": 1613154712945, "time_setup_models_and_sims.TimeBuildSPMSimulation.time_setup_SPM_simulation": 1613154717363, "time_setup_models_and_sims.TimeBuildSPMe.time_setup_SPMe": 1613154721785, "time_setup_models_and_sims.TimeBuildSPMeSimulation.time_setup_SPMe_simulation": 1613154727053, "time_solve_models.TimeSolveDFN.time_solve_model": 1613154729468, "time_solve_models.TimeSolveSPM.time_solve_model": 1613154759109, "time_solve_models.TimeSolveSPMe.time_solve_model": 1613154770901}, "ended_at": {"time_setup_models_and_sims.TimeBuildDFN.time_setup_DFN": 1613154710981, "time_setup_models_and_sims.TimeBuildDFNSimulation.time_setup_DFN_simulation": 1613154712945, "time_setup_models_and_sims.TimeBuildSPM.time_setup_SPM": 1613154717363, "time_setup_models_and_sims.TimeBuildSPMSimulation.time_setup_SPM_simulation": 1613154721784, "time_setup_models_and_sims.TimeBuildSPMe.time_setup_SPMe": 1613154727053, "time_setup_models_and_sims.TimeBuildSPMeSimulation.time_setup_SPMe_simulation": 1613154729468, "time_solve_models.TimeSolveDFN.time_solve_model": 1613154759109, "time_solve_models.TimeSolveSPM.time_solve_model": 1613154770901, "time_solve_models.TimeSolveSPMe.time_solve_model": 1613154786004}, "benchmark_version": {"time_setup_models_and_sims.TimeBuildDFN.time_setup_DFN": "5f322e51e6b7e66125ee6949bdf25746005db467e8ffcfdcb3ace170e92bbc3d", "time_setup_models_and_sims.TimeBuildDFNSimulation.time_setup_DFN_simulation": "8de44bc542fa7d4ba28a80f24414a9444b5436673aaebba674918f5f0bfd0ebb", "time_setup_models_and_sims.TimeBuildSPM.time_setup_SPM": "0d0b3f5c67fc2da9a5794c66b70af5a45a09558d1ee95f738745385adb84fbca", "time_setup_models_and_sims.TimeBuildSPMSimulation.time_setup_SPM_simulation": "161220a99418ce4487cc29325cbae897f28d0e44ae07e1dfbfaac2cbc53a4ff9", "time_setup_models_and_sims.TimeBuildSPMe.time_setup_SPMe": "6083f5ff944353395eb4b21c97b02af555fe6528de3cd5283f5e139943945235", "time_setup_models_and_sims.TimeBuildSPMeSimulation.time_setup_SPMe_simulation": "530563cb559427795e3648d9648df9250ae100b7721f69eec356bdda7798c55e", "time_solve_models.TimeSolveDFN.time_solve_model": "914137228e20e5900cec36b0d3865f1faa2f5d479c7d6c2539514791f9ec4430", "time_solve_models.TimeSolveSPM.time_solve_model": "ef1bb5f8d1ddfa59650e20438c4b252d73e5a062714848ce1d6d5269382bc598", "time_solve_models.TimeSolveSPMe.time_solve_model": "20672028872f4620ce85e909bae705d9490de441e926510b2b0e53ff0881d87b"}, "version": 1}