{"results": {"time_setup_models_and_sims.TimeBuildDFN.time_setup_DFN": {"result": [1.227379520999989], "stats": [{"ci_99": [1.1601955649999809, 1.2880658960000346], "q_25": 1.2044793420000133, "q_75": 1.240159126249992, "min": 1.1601955649999809, "max": 1.2880658960000346, "mean": 1.2253131078000024, "std": 0.03495842008822987, "repeat": 10, "number": 1}]}, "time_setup_models_and_sims.TimeBuildDFNSimulation.time_setup_DFN_simulation": {"result": [0.14547475149998945, 0.26830672100001607], "stats": [{"ci_99": [0.14184163699997043, 0.16197087299997293], "q_25": 0.14365952600002174, "q_75": 0.15771279625001, "min": 0.14184163699997043, "max": 0.16197087299997293, "mean": 0.1499266416000012, "std": 0.00781545208178214, "repeat": 10, "number": 1}, {"ci_99": [0.24607200899998816, 0.2717704519999984], "q_25": 0.2617869372500081, "q_75": 0.2707815484999827, "min": 0.24607200899998816, "max": 0.2717704519999984, "mean": 0.26425122990000316, "std": 0.00881035906393511, "repeat": 10, "number": 1}], "params": [["False", "True"]]}, "time_setup_models_and_sims.TimeBuildSPM.time_setup_SPM": {"result": [0.6999311549999732], "stats": [{"ci_99": [0.6437890159999711, 0.7340930120000166], "q_25": 0.6659430437500191, "q_75": 0.7210180987499939, "min": 0.6437890159999711, "max": 0.7340930120000166, "mean": 0.6939731354999935, "std": 0.029853779572715962, "repeat": 10, "number": 1}]}, "time_setup_models_and_sims.TimeBuildSPMSimulation.time_setup_SPM_simulation": {"result": [0.15144442749999598, 0.23211791899998957], "stats": [{"ci_99": [0.139337519000037, 0.15501849500003573], "q_25": 0.14257058175002157, "q_75": 0.15264583350000294, "min": 0.139337519000037, "max": 0.15501849500003573, "mean": 0.1483490201000109, "std": 0.005672352991260621, "repeat": 10, "number": 1}, {"ci_99": [0.2156449029999976, 0.25839381299999786], "q_25": 0.22602321574998996, "q_75": 0.24423322099998757, "min": 0.2156449029999976, "max": 0.25839381299999786, "mean": 0.2349697416999959, "std": 0.012214991618594077, "repeat": 10, "number": 1}], "params": [["False", "True"]]}, "time_setup_models_and_sims.TimeBuildSPMe.time_setup_SPMe": {"result": [1.0304051975000164], "stats": [{"ci_99": [0.9679510050000317, 1.0556124899999872], "q_25": 1.0137353579999626, "q_75": 1.0431569542499801, "min": 0.9679510050000317, "max": 1.0556124899999872, "mean": 1.0248263408999947, "std": 0.025664033897518927, "repeat": 10, "number": 1}]}, "time_setup_models_and_sims.TimeBuildSPMeSimulation.time_setup_SPMe_simulation": {"result": [0.1687934200000143, 0.2804932909999991], "stats": [{"ci_99": [0.15965158499994914, 0.17687516400002323], "q_25": 0.16489837725001166, "q_75": 0.17466347450000796, "min": 0.15965158499994914, "max": 0.17687516400002323, "mean": 0.1688916319000043, "std": 0.005963467584520471, "repeat": 10, "number": 1}, {"ci_99": [0.26510216899998795, 0.2965706319999981], "q_25": 0.2670885707500048, "q_75": 0.2893046902499776, "min": 0.26510216899998795, "max": 0.2965706319999981, "mean": 0.2794601066999974, "std": 0.012063767063330894, "repeat": 10, "number": 1}], "params": [["False", "True"]]}, "time_solve_models.TimeSolveDFN.time_solve_model": {"result": [0.8676753065000185, 1.025620122499987], "stats": [{"ci_99": [0.8328831568110756, 0.9022682168556106], "q_25": 0.8513587235000131, "q_75": 0.8834534344999696, "min": 0.8380533210000181, "max": 0.8974175140000398, "mean": 0.8675756868333432, "std": 0.02084245113530209, "repeat": 6, "number": 1}, {"ci_99": [0.9897246790000054, 1.0455426689999854], "q_25": 1.023636046749985, "q_75": 1.0346107132499895, "min": 0.9897246790000054, "max": 1.0455426689999854, "mean": 1.025692148124989, "std": 0.015617043653385716, "repeat": 8, "number": 1}], "params": [["True", "False"]]}, "time_solve_models.TimeSolveSPM.time_solve_model": {"result": [0.04720548150001491, 0.0790385984999773], "stats": [{"ci_99": [0.044248154000001705, 0.05098691500000996], "q_25": 0.04532596700001079, "q_75": 0.049574257000003286, "min": 0.044248154000001705, "max": 0.05098691500000996, "mean": 0.04743412260000355, "std": 0.0024135838272948845, "repeat": 10, "number": 1}, {"ci_99": [0.07520451099998127, 0.08450269299999036], "q_25": 0.07765918049999243, "q_75": 0.08191813624999611, "min": 0.07520451099998127, "max": 0.08450269299999036, "mean": 0.079403180099996, "std": 0.0030318880066766076, "repeat": 10, "number": 1}], "params": [["True", "False"]]}, "time_solve_models.TimeSolveSPMe.time_solve_model": {"result": [0.06493714200001932, 0.12476470799998651], "stats": [{"ci_99": [0.060268006999990575, 0.07287174999999024], "q_25": 0.06400408075000996, "q_75": 0.06807046750000723, "min": 0.060268006999990575, "max": 0.07287174999999024, "mean": 0.06589280440000493, "std": 0.003647461358735436, "repeat": 10, "number": 1}, {"ci_99": [0.11654485299999351, 0.13582183500000156], "q_25": 0.12178104774999099, "q_75": 0.12892063149999444, "min": 0.11654485299999351, "max": 0.13582183500000156, "mean": 0.12520442379999394, "std": 0.005438447358971825, "repeat": 10, "number": 1}], "params": [["True", "False"]]}}, "params": {"machine": "GitHubRunner", "python": "3.8"}, "requirements": {}, "commit_hash": "f424535a32ee24918b99f03733fb1986966d0573", "date": 1613068335000, "env_name": "virtualenv-py3.8", "python": "3.8", "profiles": {}, "started_at": {"time_setup_models_and_sims.TimeBuildDFN.time_setup_DFN": 1613141463009, "time_setup_models_and_sims.TimeBuildDFNSimulation.time_setup_DFN_simulation": 1613141470739, "time_setup_models_and_sims.TimeBuildSPM.time_setup_SPM": 1613141473405, "time_setup_models_and_sims.TimeBuildSPMSimulation.time_setup_SPM_simulation": 1613141477822, "time_setup_models_and_sims.TimeBuildSPMe.time_setup_SPMe": 1613141480237, "time_setup_models_and_sims.TimeBuildSPMeSimulation.time_setup_SPMe_simulation": 1613141486862, "time_solve_models.TimeSolveDFN.time_solve_model": 1613141489779, "time_solve_models.TimeSolveSPM.time_solve_model": 1613141515913, "time_solve_models.TimeSolveSPMe.time_solve_model": 1613141528256}, "ended_at": {"time_setup_models_and_sims.TimeBuildDFN.time_setup_DFN": 1613141470739, "time_setup_models_and_sims.TimeBuildDFNSimulation.time_setup_DFN_simulation": 1613141473404, "time_setup_models_and_sims.TimeBuildSPM.time_setup_SPM": 1613141477822, "time_setup_models_and_sims.TimeBuildSPMSimulation.time_setup_SPM_simulation": 1613141480237, "time_setup_models_and_sims.TimeBuildSPMe.time_setup_SPMe": 1613141486862, "time_setup_models_and_sims.TimeBuildSPMeSimulation.time_setup_SPMe_simulation": 1613141489778, "time_solve_models.TimeSolveDFN.time_solve_model": 1613141515912, "time_solve_models.TimeSolveSPM.time_solve_model": 1613141528255, "time_solve_models.TimeSolveSPMe.time_solve_model": 1613141546116}, "benchmark_version": {"time_setup_models_and_sims.TimeBuildDFN.time_setup_DFN": "5f322e51e6b7e66125ee6949bdf25746005db467e8ffcfdcb3ace170e92bbc3d", "time_setup_models_and_sims.TimeBuildDFNSimulation.time_setup_DFN_simulation": "8de44bc542fa7d4ba28a80f24414a9444b5436673aaebba674918f5f0bfd0ebb", "time_setup_models_and_sims.TimeBuildSPM.time_setup_SPM": "0d0b3f5c67fc2da9a5794c66b70af5a45a09558d1ee95f738745385adb84fbca", "time_setup_models_and_sims.TimeBuildSPMSimulation.time_setup_SPM_simulation": "161220a99418ce4487cc29325cbae897f28d0e44ae07e1dfbfaac2cbc53a4ff9", "time_setup_models_and_sims.TimeBuildSPMe.time_setup_SPMe": "6083f5ff944353395eb4b21c97b02af555fe6528de3cd5283f5e139943945235", "time_setup_models_and_sims.TimeBuildSPMeSimulation.time_setup_SPMe_simulation": "530563cb559427795e3648d9648df9250ae100b7721f69eec356bdda7798c55e", "time_solve_models.TimeSolveDFN.time_solve_model": "914137228e20e5900cec36b0d3865f1faa2f5d479c7d6c2539514791f9ec4430", "time_solve_models.TimeSolveSPM.time_solve_model": "ef1bb5f8d1ddfa59650e20438c4b252d73e5a062714848ce1d6d5269382bc598", "time_solve_models.TimeSolveSPMe.time_solve_model": "20672028872f4620ce85e909bae705d9490de441e926510b2b0e53ff0881d87b"}, "version": 1}