{"results": {"time_setup_models_and_sims.TimeBuildDFN.time_setup_DFN": {"result": [0.46166968549999865], "stats": [{"ci_99": [0.45958150200002024, 0.46363836200001174], "q_25": 0.46047111324999435, "q_75": 0.4622113702500066, "min": 0.45958150200002024, "max": 0.46363836200001174, "mean": 0.4614177922000039, "std": 0.0011808316615648257, "repeat": 10, "number": 1}]}, "time_setup_models_and_sims.TimeBuildDFNSimulation.time_setup_DFN_simulation": {"result": [0.11360844400000047, 0.18432822649999991], "stats": [{"ci_99": [0.11285380000001055, 0.11963238399999909], "q_25": 0.11314848700000013, "q_75": 0.11434886775000308, "min": 0.11285380000001055, "max": 0.11963238399999909, "mean": 0.11425760420000017, "std": 0.0019096640822654828, "repeat": 10, "number": 1}, {"ci_99": [0.18348357699997564, 0.185109077000007], "q_25": 0.1838581055000006, "q_75": 0.18490563599999632, "min": 0.18348357699997564, "max": 0.185109077000007, "mean": 0.18436064439999597, "std": 0.0005742301106415928, "repeat": 10, "number": 1}], "params": [["False", "True"]]}, "time_setup_models_and_sims.TimeBuildSPM.time_setup_SPM": {"result": [0.26688179099999587], "stats": [{"ci_99": [0.2665096059999996, 0.26785178500000484], "q_25": 0.26657196049999143, "q_75": 0.2673669327500008, "min": 0.2665096059999996, "max": 0.26785178500000484, "mean": 0.2670145741999974, "std": 0.0004716139108404411, "repeat": 10, "number": 1}]}, "time_setup_models_and_sims.TimeBuildSPMSimulation.time_setup_SPM_simulation": {"result": [0.10872789199999744, 0.1619104744999973], "stats": [{"ci_99": [0.10806907899998919, 0.11033472300002245], "q_25": 0.10844803924999624, "q_75": 0.10969653400000468, "min": 0.10806907899998919, "max": 0.11033472300002245, "mean": 0.1090242367000002, "std": 0.0007489052480977822, "repeat": 10, "number": 1}, {"ci_99": [0.16114909999998872, 0.162658332999996], "q_25": 0.16139723025001018, "q_75": 0.16213985024999644, "min": 0.16114909999998872, "max": 0.162658332999996, "mean": 0.16182222699999899, "std": 0.0004584005106414575, "repeat": 10, "number": 1}], "params": [["False", "True"]]}, "time_setup_models_and_sims.TimeBuildSPMe.time_setup_SPMe": {"result": [0.39630636800000474], "stats": [{"ci_99": [0.39237876400000005, 0.3981934340000066], "q_25": 0.3958205565000057, "q_75": 0.3966119272499995, "min": 0.39237876400000005, "max": 0.3981934340000066, "mean": 0.3961033502000035, "std": 0.0014478894924227282, "repeat": 10, "number": 1}]}, "time_setup_models_and_sims.TimeBuildSPMeSimulation.time_setup_SPMe_simulation": {"result": [0.11895056399999504, 0.1961491325000111], "stats": [{"ci_99": [0.11829574899999784, 0.12007372700000474], "q_25": 0.11870594274999746, "q_75": 0.11950113849999866, "min": 0.11829574899999784, "max": 0.12007372700000474, "mean": 0.1191047571999988, "std": 0.000586766367024919, "repeat": 10, "number": 1}, {"ci_99": [0.1951407259999769, 0.19744924699999444], "q_25": 0.1958071827500092, "q_75": 0.1967092395000023, "min": 0.1951407259999769, "max": 0.19744924699999444, "mean": 0.19619927520000147, "std": 0.0006853601650264626, "repeat": 10, "number": 1}], "params": [["False", "True"]]}, "time_solve_models.TimeSolveDFN.time_solve_model": {"result": [0.5356909445000042, 0.6989858889999994], "stats": [{"ci_99": [0.5293145910000021, 0.5409212420000244], "q_25": 0.5343704400000107, "q_75": 0.5371036742499982, "min": 0.5293145910000021, "max": 0.5409212420000244, "mean": 0.5355621263000074, "std": 0.002823426857426347, "repeat": 10, "number": 1}, {"ci_99": [0.6927148100000124, 0.7055474899999865], "q_25": 0.697957606249993, "q_75": 0.7008400234999925, "min": 0.6927148100000124, "max": 0.7055474899999865, "mean": 0.6989875102999974, "std": 0.0033558091434183817, "repeat": 10, "number": 1}], "params": [["True", "False"]]}, "time_solve_models.TimeSolveSPM.time_solve_model": {"result": [0.020281807000017693, 0.041298620999995705], "stats": [{"ci_99": [0.02013978299999053, 0.020447431999997434], "q_25": 0.02015515800001566, "q_75": 0.02037200575001208, "min": 0.02013978299999053, "max": 0.020447431999997434, "mean": 0.020274347000005834, "std": 0.00011046553447330206, "repeat": 10, "number": 1}, {"ci_99": [0.04097917500001813, 0.04154117100000576], "q_25": 0.041184802000010734, "q_75": 0.041439269499988995, "min": 0.04097917500001813, "max": 0.04154117100000576, "mean": 0.04128808200000265, "std": 0.00017273493447866965, "repeat": 10, "number": 1}], "params": [["True", "False"]]}, "time_solve_models.TimeSolveSPMe.time_solve_model": {"result": [0.030327552999992236, 0.07357820949998484], "stats": [{"ci_99": [0.02766142400000149, 0.03203817200000003], "q_25": 0.028569683750014008, "q_75": 0.03190431999998111, "min": 0.02766142400000149, "max": 0.03203817200000003, "mean": 0.03013093079999578, "std": 0.0018149033830980722, "repeat": 10, "number": 1}, {"ci_99": [0.07299684599999523, 0.07438196900000094], "q_25": 0.07305203700001073, "q_75": 0.07366410649999722, "min": 0.07299684599999523, "max": 0.07438196900000094, "mean": 0.07349280729999919, "std": 0.0004320941902335159, "repeat": 10, "number": 1}], "params": [["True", "False"]]}}, "params": {"machine": "GitHubRunner", "python": "3.8"}, "requirements": {}, "commit_hash": "f5b1e98e7fc07c558925d87505b75d79efa4237f", "date": 1620165090000, "env_name": "virtualenv-py3.8", "python": "3.8", "profiles": {}, "started_at": {"time_setup_models_and_sims.TimeBuildDFN.time_setup_DFN": 1620185191000, "time_setup_models_and_sims.TimeBuildDFNSimulation.time_setup_DFN_simulation": 1620185194062, "time_setup_models_and_sims.TimeBuildSPM.time_setup_SPM": 1620185196075, "time_setup_models_and_sims.TimeBuildSPMSimulation.time_setup_SPM_simulation": 1620185197933, "time_setup_models_and_sims.TimeBuildSPMe.time_setup_SPMe": 1620185199795, "time_setup_models_and_sims.TimeBuildSPMeSimulation.time_setup_SPMe_simulation": 1620185202456, "time_solve_models.TimeSolveDFN.time_solve_model": 1620185204569, "time_solve_models.TimeSolveSPM.time_solve_model": 1620185224130, "time_solve_models.TimeSolveSPMe.time_solve_model": 1620185229903}, "ended_at": {"time_setup_models_and_sims.TimeBuildDFN.time_setup_DFN": 1620185194062, "time_setup_models_and_sims.TimeBuildDFNSimulation.time_setup_DFN_simulation": 1620185196074, "time_setup_models_and_sims.TimeBuildSPM.time_setup_SPM": 1620185197933, "time_setup_models_and_sims.TimeBuildSPMSimulation.time_setup_SPM_simulation": 1620185199795, "time_setup_models_and_sims.TimeBuildSPMe.time_setup_SPMe": 1620185202456, "time_setup_models_and_sims.TimeBuildSPMeSimulation.time_setup_SPMe_simulation": 1620185204568, "time_solve_models.TimeSolveDFN.time_solve_model": 1620185224129, "time_solve_models.TimeSolveSPM.time_solve_model": 1620185229902, "time_solve_models.TimeSolveSPMe.time_solve_model": 1620185237730}, "benchmark_version": {"time_setup_models_and_sims.TimeBuildDFN.time_setup_DFN": "5f322e51e6b7e66125ee6949bdf25746005db467e8ffcfdcb3ace170e92bbc3d", "time_setup_models_and_sims.TimeBuildDFNSimulation.time_setup_DFN_simulation": "8de44bc542fa7d4ba28a80f24414a9444b5436673aaebba674918f5f0bfd0ebb", "time_setup_models_and_sims.TimeBuildSPM.time_setup_SPM": "0d0b3f5c67fc2da9a5794c66b70af5a45a09558d1ee95f738745385adb84fbca", "time_setup_models_and_sims.TimeBuildSPMSimulation.time_setup_SPM_simulation": "161220a99418ce4487cc29325cbae897f28d0e44ae07e1dfbfaac2cbc53a4ff9", "time_setup_models_and_sims.TimeBuildSPMe.time_setup_SPMe": "6083f5ff944353395eb4b21c97b02af555fe6528de3cd5283f5e139943945235", "time_setup_models_and_sims.TimeBuildSPMeSimulation.time_setup_SPMe_simulation": "530563cb559427795e3648d9648df9250ae100b7721f69eec356bdda7798c55e", "time_solve_models.TimeSolveDFN.time_solve_model": "914137228e20e5900cec36b0d3865f1faa2f5d479c7d6c2539514791f9ec4430", "time_solve_models.TimeSolveSPM.time_solve_model": "ef1bb5f8d1ddfa59650e20438c4b252d73e5a062714848ce1d6d5269382bc598", "time_solve_models.TimeSolveSPMe.time_solve_model": "20672028872f4620ce85e909bae705d9490de441e926510b2b0e53ff0881d87b"}, "version": 1}