{"results": {"time_setup_models_and_sims.TimeBuildDFN.time_setup_DFN": {"result": [1.2052312549999442], "stats": [{"ci_99": [1.1528996619999816, 1.2429074350002338], "q_25": 1.1854764702502507, "q_75": 1.2197030975003145, "min": 1.1528996619999816, "max": 1.2429074350002338, "mean": 1.200914378500147, "std": 0.028318107409440116, "repeat": 10, "number": 1}]}, "time_setup_models_and_sims.TimeBuildDFNSimulation.time_setup_DFN_simulation": {"result": [0.2874218875003862, 0.5738032574995486], "stats": [{"ci_99": [0.27779728600035014, 0.3109112130005087], "q_25": 0.28054715149983167, "q_75": 0.3043832605001171, "min": 0.27779728600035014, "max": 0.3109112130005087, "mean": 0.29191561140014527, "std": 0.012541214853917107, "repeat": 10, "number": 1}, {"ci_99": [0.5650898419999066, 0.6125297970002066], "q_25": 0.572282280249965, "q_75": 0.5870177962499383, "min": 0.5650898419999066, "max": 0.6125297970002066, "mean": 0.5806767282998407, "std": 0.01418266152589101, "repeat": 10, "number": 1}], "params": [["False", "True"]]}, "time_setup_models_and_sims.TimeBuildSPM.time_setup_SPM": {"result": [0.8184752114998446], "stats": [{"ci_99": [0.7852794930004166, 0.8623131089998424], "q_25": 0.7918034025003635, "q_75": 0.8346642734998113, "min": 0.7852794930004166, "max": 0.8623131089998424, "mean": 0.817896638000002, "std": 0.025955669806369264, "repeat": 10, "number": 1}]}, "time_setup_models_and_sims.TimeBuildSPMSimulation.time_setup_SPM_simulation": {"result": [0.3848264725002082, 0.7443354545002876], "stats": [{"ci_99": [0.3703704520003157, 0.4115884580005513], "q_25": 0.37136135374930745, "q_75": 0.4037347282501287, "min": 0.3703704520003157, "max": 0.4115884580005513, "mean": 0.3876471740000852, "std": 0.016081659883468394, "repeat": 10, "number": 1}, {"ci_99": [0.7171393259995966, 0.7995250939993639], "q_25": 0.7284761609996622, "q_75": 0.7795898662502623, "min": 0.7171393259995966, "max": 0.7995250939993639, "mean": 0.7541069176999372, "std": 0.02889078375954162, "repeat": 10, "number": 1}], "params": [["False", "True"]]}, "time_setup_models_and_sims.TimeBuildSPMe.time_setup_SPMe": {"result": [1.0222976115001075], "stats": [{"ci_99": [0.9772428530004618, 1.0819318320000093], "q_25": 1.0169623009994666, "q_75": 1.0273010539999632, "min": 0.9772428530004618, "max": 1.0819318320000093, "mean": 1.0265220561998831, "std": 0.02685576349311532, "repeat": 10, "number": 1}]}, "time_setup_models_and_sims.TimeBuildSPMeSimulation.time_setup_SPMe_simulation": {"result": [0.3038032754998312, 0.6062499890003892], "stats": [{"ci_99": [0.2915255830002934, 0.33320647299933626], "q_25": 0.2956102092500714, "q_75": 0.3050319690003107, "min": 0.2915255830002934, "max": 0.33320647299933626, "mean": 0.30368223400000716, "std": 0.011537195255301504, "repeat": 10, "number": 1}, {"ci_99": [0.5934637030004524, 0.6469289000006029], "q_25": 0.5983972147496388, "q_75": 0.6260094267497607, "min": 0.5934637030004524, "max": 0.6469289000006029, "mean": 0.6125623258000814, "std": 0.017414206203317975, "repeat": 10, "number": 1}], "params": [["False", "True"]]}, "time_solve_models.TimeSolveDFN.time_solve_model": {"result": [1.3670959360006236, 1.6114399829994], "stats": [{"ci_99": [1.3284164513082592, 1.4231441370002358], "q_25": 1.3647431049994339, "q_75": 1.3771355059998314, "min": 1.343942653999875, "max": 1.4231441370002358, "mean": 1.3752122675999998, "std": 0.026284709962383464, "repeat": 5, "number": 1}, {"ci_99": [1.5619355892515991, 1.665168831000301], "q_25": 1.5917589644996042, "q_75": 1.6241164004993607, "min": 1.5656113949999053, "max": 1.665168831000301, "mean": 1.611200114999671, "std": 0.03127969658596808, "repeat": 6, "number": 1}], "params": [["True", "False"]]}, "time_solve_models.TimeSolveSPM.time_solve_model": {"result": [0.06351297150013124, 0.10902350949982065], "stats": [{"ci_99": [0.062498761999449925, 0.07152593000046181], "q_25": 0.06274936424961197, "q_75": 0.06628899424981682, "min": 0.062498761999449925, "max": 0.07152593000046181, "mean": 0.06485560179989988, "std": 0.0028866730046439564, "repeat": 10, "number": 1}, {"ci_99": [0.10404397599995718, 0.12045449100060068], "q_25": 0.10541563549963939, "q_75": 0.11398246850012583, "min": 0.10404397599995718, "max": 0.12045449100060068, "mean": 0.11019124809990899, "std": 0.005223494482998754, "repeat": 10, "number": 1}], "params": [["True", "False"]]}, "time_solve_models.TimeSolveSPMe.time_solve_model": {"result": [0.10667714149985841, 0.18817685149997487], "stats": [{"ci_99": [0.1030544679997547, 0.11677367099946423], "q_25": 0.10513785200009806, "q_75": 0.11237736025032063, "min": 0.1030544679997547, "max": 0.11677367099946423, "mean": 0.10858768600000986, "std": 0.004512807899579008, "repeat": 10, "number": 1}, {"ci_99": [0.17284777700024279, 0.21074785699966014], "q_25": 0.1804998195002554, "q_75": 0.19692607950014462, "min": 0.17284777700024279, "max": 0.21074785699966014, "mean": 0.19011029990015232, "std": 0.012103598597566281, "repeat": 10, "number": 1}], "params": [["True", "False"]]}}, "params": {"machine": "GitHubRunner", "python": "3.8"}, "requirements": {}, "commit_hash": "f60f45cd15e041ba3490bd7808a78c3c86a0a169", "date": 1603128687000, "env_name": "virtualenv-py3.8", "python": "3.8", "profiles": {}, "started_at": {"time_setup_models_and_sims.TimeBuildDFN.time_setup_DFN": 1613148044717, "time_setup_models_and_sims.TimeBuildDFNSimulation.time_setup_DFN_simulation": 1613148052244, "time_setup_models_and_sims.TimeBuildSPM.time_setup_SPM": 1613148057819, "time_setup_models_and_sims.TimeBuildSPMSimulation.time_setup_SPM_simulation": 1613148063039, "time_setup_models_and_sims.TimeBuildSPMe.time_setup_SPMe": 1613148070219, "time_setup_models_and_sims.TimeBuildSPMeSimulation.time_setup_SPMe_simulation": 1613148076741, "time_solve_models.TimeSolveDFN.time_solve_model": 1613148082618, "time_solve_models.TimeSolveSPM.time_solve_model": 1613148108204, "time_solve_models.TimeSolveSPMe.time_solve_model": 1613148122261}, "ended_at": {"time_setup_models_and_sims.TimeBuildDFN.time_setup_DFN": 1613148052244, "time_setup_models_and_sims.TimeBuildDFNSimulation.time_setup_DFN_simulation": 1613148057818, "time_setup_models_and_sims.TimeBuildSPM.time_setup_SPM": 1613148063038, "time_setup_models_and_sims.TimeBuildSPMSimulation.time_setup_SPM_simulation": 1613148070218, "time_setup_models_and_sims.TimeBuildSPMe.time_setup_SPMe": 1613148076741, "time_setup_models_and_sims.TimeBuildSPMeSimulation.time_setup_SPMe_simulation": 1613148082617, "time_solve_models.TimeSolveDFN.time_solve_model": 1613148108202, "time_solve_models.TimeSolveSPM.time_solve_model": 1613148122260, "time_solve_models.TimeSolveSPMe.time_solve_model": 1613148140171}, "benchmark_version": {"time_setup_models_and_sims.TimeBuildDFN.time_setup_DFN": "5f322e51e6b7e66125ee6949bdf25746005db467e8ffcfdcb3ace170e92bbc3d", "time_setup_models_and_sims.TimeBuildDFNSimulation.time_setup_DFN_simulation": "8de44bc542fa7d4ba28a80f24414a9444b5436673aaebba674918f5f0bfd0ebb", "time_setup_models_and_sims.TimeBuildSPM.time_setup_SPM": "0d0b3f5c67fc2da9a5794c66b70af5a45a09558d1ee95f738745385adb84fbca", "time_setup_models_and_sims.TimeBuildSPMSimulation.time_setup_SPM_simulation": "161220a99418ce4487cc29325cbae897f28d0e44ae07e1dfbfaac2cbc53a4ff9", "time_setup_models_and_sims.TimeBuildSPMe.time_setup_SPMe": "6083f5ff944353395eb4b21c97b02af555fe6528de3cd5283f5e139943945235", "time_setup_models_and_sims.TimeBuildSPMeSimulation.time_setup_SPMe_simulation": "530563cb559427795e3648d9648df9250ae100b7721f69eec356bdda7798c55e", "time_solve_models.TimeSolveDFN.time_solve_model": "914137228e20e5900cec36b0d3865f1faa2f5d479c7d6c2539514791f9ec4430", "time_solve_models.TimeSolveSPM.time_solve_model": "ef1bb5f8d1ddfa59650e20438c4b252d73e5a062714848ce1d6d5269382bc598", "time_solve_models.TimeSolveSPMe.time_solve_model": "20672028872f4620ce85e909bae705d9490de441e926510b2b0e53ff0881d87b"}, "version": 1}