{"results": {"time_setup_models_and_sims.TimeBuildDFN.time_setup_DFN": {"result": [0.5486161464999952], "stats": [{"ci_99": [0.5377503759999627, 0.5540128710000545], "q_25": 0.5458152409999997, "q_75": 0.5519920279999724, "min": 0.5377503759999627, "max": 0.5540128710000545, "mean": 0.5479334173999973, "std": 0.00479788408605269, "repeat": 10, "number": 1}]}, "time_setup_models_and_sims.TimeBuildDFNSimulation.time_setup_DFN_simulation": {"result": [0.14326397900001098, 0.22864495250001937], "stats": [{"ci_99": [0.1367162650000182, 0.1469776249999768], "q_25": 0.1411645849999701, "q_75": 0.14504557275000707, "min": 0.1367162650000182, "max": 0.1469776249999768, "mean": 0.14255074980000018, "std": 0.003282153349014597, "repeat": 10, "number": 1}, {"ci_99": [0.22374687799998583, 0.24026932100002796], "q_25": 0.22808626375001495, "q_75": 0.22972109600002, "min": 0.22374687799998583, "max": 0.24026932100002796, "mean": 0.22977241960001038, "std": 0.004199147126600257, "repeat": 10, "number": 1}], "params": [["False", "True"]]}, "time_setup_models_and_sims.TimeBuildSPM.time_setup_SPM": {"result": [0.32115461599997275], "stats": [{"ci_99": [0.3109663089999799, 0.3327672839999991], "q_25": 0.3179076464999895, "q_75": 0.3236914985000112, "min": 0.3109663089999799, "max": 0.3327672839999991, "mean": 0.3214162579999936, "std": 0.006556954503924154, "repeat": 10, "number": 1}]}, "time_setup_models_and_sims.TimeBuildSPMSimulation.time_setup_SPM_simulation": {"result": [0.140344773000038, 0.2156910475000018], "stats": [{"ci_99": [0.1320238589999576, 0.15967788799997606], "q_25": 0.1368725702500342, "q_75": 0.14183562475001565, "min": 0.1320238589999576, "max": 0.15967788799997606, "mean": 0.14069368310001096, "std": 0.007255371155162908, "repeat": 10, "number": 1}, {"ci_99": [0.20465157299997827, 0.22031433000000789], "q_25": 0.21005036649997066, "q_75": 0.21694639374996427, "min": 0.20465157299997827, "max": 0.22031433000000789, "mean": 0.21359545829999432, "std": 0.005158414858837489, "repeat": 10, "number": 1}], "params": [["False", "True"]]}, "time_setup_models_and_sims.TimeBuildSPMe.time_setup_SPMe": {"result": [0.4702521034999734], "stats": [{"ci_99": [0.4535927879999804, 0.4822234580000213], "q_25": 0.4688849204999883, "q_75": 0.4796005999999835, "min": 0.4535927879999804, "max": 0.4822234580000213, "mean": 0.4721790642999906, "std": 0.00814198280407062, "repeat": 10, "number": 1}]}, "time_setup_models_and_sims.TimeBuildSPMeSimulation.time_setup_SPMe_simulation": {"result": [0.14541812499999196, 0.24748739750000937], "stats": [{"ci_99": [0.13990135399996007, 0.15160860100002083], "q_25": 0.14412774475002266, "q_75": 0.14789154375000635, "min": 0.13990135399996007, "max": 0.15160860100002083, "mean": 0.14580516389999615, "std": 0.0030543265998471663, "repeat": 10, "number": 1}, {"ci_99": [0.23871249299997999, 0.25532509200002096], "q_25": 0.24440508000002126, "q_75": 0.2527979345000091, "min": 0.23871249299997999, "max": 0.25532509200002096, "mean": 0.24776568130001236, "std": 0.005365016619624431, "repeat": 10, "number": 1}], "params": [["False", "True"]]}, "time_solve_models.TimeSolveDFN.time_solve_model": {"result": [0.582121243500012, 0.7775995304999981], "stats": [{"ci_99": [0.5738442769999779, 0.5913290239999469], "q_25": 0.577173923250001, "q_75": 0.5877233277499982, "min": 0.5738442769999779, "max": 0.5913290239999469, "mean": 0.582578890100001, "std": 0.005986533893583049, "repeat": 10, "number": 1}, {"ci_99": [0.750108044000001, 0.7911084339999661], "q_25": 0.7642759725000019, "q_75": 0.7804164339999744, "min": 0.750108044000001, "max": 0.7911084339999661, "mean": 0.772739768799994, "std": 0.013187270293200696, "repeat": 10, "number": 1}], "params": [["True", "False"]]}, "time_solve_models.TimeSolveSPM.time_solve_model": {"result": [0.02205347649999112, 0.046056762999967304], "stats": [{"ci_99": [0.020959162999986347, 0.022987185999966187], "q_25": 0.02170234474998267, "q_75": 0.022805285749996074, "min": 0.020959162999986347, "max": 0.022987185999966187, "mean": 0.022134566499994436, "std": 0.0006846196914643539, "repeat": 10, "number": 1}, {"ci_99": [0.0429262390000531, 0.04787809599997672], "q_25": 0.04549692075001133, "q_75": 0.046781431999988854, "min": 0.0429262390000531, "max": 0.04787809599997672, "mean": 0.04583106970000017, "std": 0.0015357355548366446, "repeat": 10, "number": 1}], "params": [["True", "False"]]}, "time_solve_models.TimeSolveSPMe.time_solve_model": {"result": [0.03591373750001026, 0.08365988399998514], "stats": [{"ci_99": [0.03397100799998043, 0.03716744599995536], "q_25": 0.03504513324996594, "q_75": 0.03675382574995467, "min": 0.03397100799998043, "max": 0.03716744599995536, "mean": 0.03582874639997726, "std": 0.0010322339850574263, "repeat": 10, "number": 1}, {"ci_99": [0.08147771199998033, 0.0857947300000319], "q_25": 0.08236077025000554, "q_75": 0.08469767625000202, "min": 0.08147771199998033, "max": 0.0857947300000319, "mean": 0.0835759875000008, "std": 0.0013706441875879433, "repeat": 10, "number": 1}], "params": [["True", "False"]]}}, "params": {"machine": "GitHubRunner", "python": "3.8"}, "requirements": {}, "commit_hash": "f6cb07aa40ec406ba9eba3f90c09ccf0c5feb539", "date": 1623191999000, "env_name": "virtualenv-py3.8", "python": "3.8", "profiles": {}, "started_at": {"time_setup_models_and_sims.TimeBuildDFN.time_setup_DFN": 1623382109094, "time_setup_models_and_sims.TimeBuildDFNSimulation.time_setup_DFN_simulation": 1623382112763, "time_setup_models_and_sims.TimeBuildSPM.time_setup_SPM": 1623382115280, "time_setup_models_and_sims.TimeBuildSPMSimulation.time_setup_SPM_simulation": 1623382117542, "time_setup_models_and_sims.TimeBuildSPMe.time_setup_SPMe": 1623382120011, "time_setup_models_and_sims.TimeBuildSPMeSimulation.time_setup_SPMe_simulation": 1623382123278, "time_solve_models.TimeSolveDFN.time_solve_model": 1623382125954, "time_solve_models.TimeSolveSPM.time_solve_model": 1623382148039, "time_solve_models.TimeSolveSPMe.time_solve_model": 1623382154873}, "ended_at": {"time_setup_models_and_sims.TimeBuildDFN.time_setup_DFN": 1623382112762, "time_setup_models_and_sims.TimeBuildDFNSimulation.time_setup_DFN_simulation": 1623382115279, "time_setup_models_and_sims.TimeBuildSPM.time_setup_SPM": 1623382117541, "time_setup_models_and_sims.TimeBuildSPMSimulation.time_setup_SPM_simulation": 1623382120010, "time_setup_models_and_sims.TimeBuildSPMe.time_setup_SPMe": 1623382123277, "time_setup_models_and_sims.TimeBuildSPMeSimulation.time_setup_SPMe_simulation": 1623382125953, "time_solve_models.TimeSolveDFN.time_solve_model": 1623382148038, "time_solve_models.TimeSolveSPM.time_solve_model": 1623382154872, "time_solve_models.TimeSolveSPMe.time_solve_model": 1623382164615}, "benchmark_version": {"time_setup_models_and_sims.TimeBuildDFN.time_setup_DFN": "5f322e51e6b7e66125ee6949bdf25746005db467e8ffcfdcb3ace170e92bbc3d", "time_setup_models_and_sims.TimeBuildDFNSimulation.time_setup_DFN_simulation": "8de44bc542fa7d4ba28a80f24414a9444b5436673aaebba674918f5f0bfd0ebb", "time_setup_models_and_sims.TimeBuildSPM.time_setup_SPM": "0d0b3f5c67fc2da9a5794c66b70af5a45a09558d1ee95f738745385adb84fbca", "time_setup_models_and_sims.TimeBuildSPMSimulation.time_setup_SPM_simulation": "161220a99418ce4487cc29325cbae897f28d0e44ae07e1dfbfaac2cbc53a4ff9", "time_setup_models_and_sims.TimeBuildSPMe.time_setup_SPMe": "6083f5ff944353395eb4b21c97b02af555fe6528de3cd5283f5e139943945235", "time_setup_models_and_sims.TimeBuildSPMeSimulation.time_setup_SPMe_simulation": "530563cb559427795e3648d9648df9250ae100b7721f69eec356bdda7798c55e", "time_solve_models.TimeSolveDFN.time_solve_model": "914137228e20e5900cec36b0d3865f1faa2f5d479c7d6c2539514791f9ec4430", "time_solve_models.TimeSolveSPM.time_solve_model": "ef1bb5f8d1ddfa59650e20438c4b252d73e5a062714848ce1d6d5269382bc598", "time_solve_models.TimeSolveSPMe.time_solve_model": "20672028872f4620ce85e909bae705d9490de441e926510b2b0e53ff0881d87b"}, "version": 1}