{"results": {"time_setup_models_and_sims.TimeBuildDFN.time_setup_DFN": {"result": [0.6499445714999865], "stats": [{"ci_99": [0.6212277980000067, 0.6798821560000192], "q_25": 0.6274357525000198, "q_75": 0.6680624182500168, "min": 0.6212277980000067, "max": 0.6798821560000192, "mean": 0.6495487776000118, "std": 0.021371483809123615, "repeat": 10, "number": 1}]}, "time_setup_models_and_sims.TimeBuildDFNSimulation.time_setup_DFN_simulation": {"result": [0.15730840249997868, 0.26260235550000743], "stats": [{"ci_99": [0.14744297699996878, 0.17242875599998797], "q_25": 0.15215234524997356, "q_75": 0.1591520517499987, "min": 0.14744297699996878, "max": 0.17242875599998797, "mean": 0.1571931779999943, "std": 0.0069258493122250275, "repeat": 10, "number": 1}, {"ci_99": [0.2493103259999998, 0.27923549700000194], "q_25": 0.25488647399998854, "q_75": 0.27442315849999943, "min": 0.2493103259999998, "max": 0.27923549700000194, "mean": 0.2639342455000076, "std": 0.010711686356659632, "repeat": 10, "number": 1}], "params": [["False", "True"]]}, "time_setup_models_and_sims.TimeBuildSPM.time_setup_SPM": {"result": [0.38305302999998503], "stats": [{"ci_99": [0.3684918390000007, 0.3979090299999939], "q_25": 0.3751620514999985, "q_75": 0.3895657069999885, "min": 0.3684918390000007, "max": 0.3979090299999939, "mean": 0.38270730519999463, "std": 0.009273874092654377, "repeat": 10, "number": 1}]}, "time_setup_models_and_sims.TimeBuildSPMSimulation.time_setup_SPM_simulation": {"result": [0.15048975499999528, 0.2338819254999862], "stats": [{"ci_99": [0.13989598199998454, 0.1646285950000106], "q_25": 0.14290961924999124, "q_75": 0.1532497022499939, "min": 0.13989598199998454, "max": 0.1646285950000106, "mean": 0.14967686649999337, "std": 0.007503426698527147, "repeat": 10, "number": 1}, {"ci_99": [0.21995301500004416, 0.2603345829999739], "q_25": 0.2268256689999788, "q_75": 0.24494927875001338, "min": 0.21995301500004416, "max": 0.2603345829999739, "mean": 0.23618751859999634, "std": 0.011909104068888253, "repeat": 10, "number": 1}], "params": [["False", "True"]]}, "time_setup_models_and_sims.TimeBuildSPMe.time_setup_SPMe": {"result": [0.5600284779999924], "stats": [{"ci_99": [0.529357645999994, 0.59558398300004], "q_25": 0.5498051284999832, "q_75": 0.5789511130000022, "min": 0.529357645999994, "max": 0.59558398300004, "mean": 0.5630302692999976, "std": 0.019546062223361887, "repeat": 10, "number": 1}]}, "time_setup_models_and_sims.TimeBuildSPMeSimulation.time_setup_SPMe_simulation": {"result": [0.1612676315000101, 0.2892581305000306], "stats": [{"ci_99": [0.14862276899998506, 0.17835383099998126], "q_25": 0.15433634100001825, "q_75": 0.1645854945000167, "min": 0.14862276899998506, "max": 0.17835383099998126, "mean": 0.16170002470000214, "std": 0.009357699642483171, "repeat": 10, "number": 1}, {"ci_99": [0.2701343559999714, 0.32593784400000914], "q_25": 0.2758900074999815, "q_75": 0.29741189300001736, "min": 0.2701343559999714, "max": 0.32593784400000914, "mean": 0.2907686202000036, "std": 0.017020836006357027, "repeat": 10, "number": 1}], "params": [["False", "True"]]}, "time_solve_models.TimeSolveDFN.time_solve_model": {"result": [0.5585930290000078, 0.7234129210000049], "stats": [{"ci_99": [0.5440040949999911, 0.6141009190000091], "q_25": 0.5494945785000169, "q_75": 0.5690629879999847, "min": 0.5440040949999911, "max": 0.6141009190000091, "mean": 0.5633833678000087, "std": 0.019882578091934975, "repeat": 10, "number": 1}, {"ci_99": [0.7108578379999813, 0.7554782299999943], "q_25": 0.7144035782499998, "q_75": 0.7314545357500037, "min": 0.7108578379999813, "max": 0.7554782299999943, "mean": 0.7274869069999965, "std": 0.015519884642914273, "repeat": 10, "number": 1}], "params": [["True", "False"]]}, "time_solve_models.TimeSolveSPM.time_solve_model": {"result": [0.02732261650001533, 0.05306442000002676], "stats": [{"ci_99": [0.025275586000020667, 0.0308774279999966], "q_25": 0.02601936725001508, "q_75": 0.028288013999983264, "min": 0.025275586000020667, "max": 0.0308774279999966, "mean": 0.027484527800004342, "std": 0.0017031565506313772, "repeat": 10, "number": 1}, {"ci_99": [0.049947368999994524, 0.05813509099999692], "q_25": 0.05089902550001568, "q_75": 0.0551430587499766, "min": 0.049947368999994524, "max": 0.05813509099999692, "mean": 0.05327612780000095, "std": 0.002537035452418985, "repeat": 10, "number": 1}], "params": [["True", "False"]]}, "time_solve_models.TimeSolveSPMe.time_solve_model": {"result": [0.042880128999996714, 0.09159114800002044], "stats": [{"ci_99": [0.03935028900002635, 0.046032367000009344], "q_25": 0.04210998524999354, "q_75": 0.044716924500022515, "min": 0.03935028900002635, "max": 0.046032367000009344, "mean": 0.043049820100003446, "std": 0.0020439619181447724, "repeat": 10, "number": 1}, {"ci_99": [0.08557433000004266, 0.09772826999994777], "q_25": 0.08939947874998211, "q_75": 0.09278144424996526, "min": 0.08557433000004266, "max": 0.09772826999994777, "mean": 0.09127173639998887, "std": 0.0035019359902086575, "repeat": 10, "number": 1}], "params": [["True", "False"]]}}, "params": {"machine": "GitHubRunner", "python": "3.8"}, "requirements": {}, "commit_hash": "f6cb07aa40ec406ba9eba3f90c09ccf0c5feb539", "date": 1623191999000, "env_name": "virtualenv-py3.8", "python": "3.8", "profiles": {}, "started_at": {"time_setup_models_and_sims.TimeBuildDFN.time_setup_DFN": 1623296347701, "time_setup_models_and_sims.TimeBuildDFNSimulation.time_setup_DFN_simulation": 1623296352068, "time_setup_models_and_sims.TimeBuildSPM.time_setup_SPM": 1623296354939, "time_setup_models_and_sims.TimeBuildSPMSimulation.time_setup_SPM_simulation": 1623296357549, "time_setup_models_and_sims.TimeBuildSPMe.time_setup_SPMe": 1623296360062, "time_setup_models_and_sims.TimeBuildSPMeSimulation.time_setup_SPMe_simulation": 1623296363826, "time_solve_models.TimeSolveDFN.time_solve_model": 1623296366841, "time_solve_models.TimeSolveSPM.time_solve_model": 1623296390059, "time_solve_models.TimeSolveSPMe.time_solve_model": 1623296397936}, "ended_at": {"time_setup_models_and_sims.TimeBuildDFN.time_setup_DFN": 1623296352067, "time_setup_models_and_sims.TimeBuildDFNSimulation.time_setup_DFN_simulation": 1623296354938, "time_setup_models_and_sims.TimeBuildSPM.time_setup_SPM": 1623296357549, "time_setup_models_and_sims.TimeBuildSPMSimulation.time_setup_SPM_simulation": 1623296360062, "time_setup_models_and_sims.TimeBuildSPMe.time_setup_SPMe": 1623296363825, "time_setup_models_and_sims.TimeBuildSPMeSimulation.time_setup_SPMe_simulation": 1623296366840, "time_solve_models.TimeSolveDFN.time_solve_model": 1623296390058, "time_solve_models.TimeSolveSPM.time_solve_model": 1623296397936, "time_solve_models.TimeSolveSPMe.time_solve_model": 1623296409222}, "benchmark_version": {"time_setup_models_and_sims.TimeBuildDFN.time_setup_DFN": "5f322e51e6b7e66125ee6949bdf25746005db467e8ffcfdcb3ace170e92bbc3d", "time_setup_models_and_sims.TimeBuildDFNSimulation.time_setup_DFN_simulation": "8de44bc542fa7d4ba28a80f24414a9444b5436673aaebba674918f5f0bfd0ebb", "time_setup_models_and_sims.TimeBuildSPM.time_setup_SPM": "0d0b3f5c67fc2da9a5794c66b70af5a45a09558d1ee95f738745385adb84fbca", "time_setup_models_and_sims.TimeBuildSPMSimulation.time_setup_SPM_simulation": "161220a99418ce4487cc29325cbae897f28d0e44ae07e1dfbfaac2cbc53a4ff9", "time_setup_models_and_sims.TimeBuildSPMe.time_setup_SPMe": "6083f5ff944353395eb4b21c97b02af555fe6528de3cd5283f5e139943945235", "time_setup_models_and_sims.TimeBuildSPMeSimulation.time_setup_SPMe_simulation": "530563cb559427795e3648d9648df9250ae100b7721f69eec356bdda7798c55e", "time_solve_models.TimeSolveDFN.time_solve_model": "914137228e20e5900cec36b0d3865f1faa2f5d479c7d6c2539514791f9ec4430", "time_solve_models.TimeSolveSPM.time_solve_model": "ef1bb5f8d1ddfa59650e20438c4b252d73e5a062714848ce1d6d5269382bc598", "time_solve_models.TimeSolveSPMe.time_solve_model": "20672028872f4620ce85e909bae705d9490de441e926510b2b0e53ff0881d87b"}, "version": 1}