{"results": {"time_setup_models_and_sims.TimeBuildDFN.time_setup_DFN": {"result": [0.5416868865000026], "stats": [{"ci_99": [0.5238383820000081, 0.5502902659999904], "q_25": 0.5306164494999734, "q_75": 0.5438651022500096, "min": 0.5238383820000081, "max": 0.5502902659999904, "mean": 0.5381727386999898, "std": 0.008362583702316065, "repeat": 10, "number": 1}]}, "time_setup_models_and_sims.TimeBuildDFNSimulation.time_setup_DFN_simulation": {"result": [0.14245540150000124, 0.23982932900000264], "stats": [{"ci_99": [0.1398822180000252, 0.14952134999998634], "q_25": 0.14157086775000494, "q_75": 0.1454137375000073, "min": 0.1398822180000252, "max": 0.14952134999998634, "mean": 0.14351423630000112, "std": 0.00284555050371146, "repeat": 10, "number": 1}, {"ci_99": [0.233147482999982, 0.24373923699999978], "q_25": 0.23524711199999615, "q_75": 0.24251724674996922, "min": 0.233147482999982, "max": 0.24373923699999978, "mean": 0.23889199659999463, "std": 0.003919134097093998, "repeat": 10, "number": 1}], "params": [["False", "True"]]}, "time_setup_models_and_sims.TimeBuildSPM.time_setup_SPM": {"result": [0.3164593324999885], "stats": [{"ci_99": [0.3111099590000208, 0.32139898799999855], "q_25": 0.3151779557500305, "q_75": 0.3180584764999992, "min": 0.3111099590000208, "max": 0.32139898799999855, "mean": 0.3163977455000008, "std": 0.0027164667821091737, "repeat": 10, "number": 1}]}, "time_setup_models_and_sims.TimeBuildSPMSimulation.time_setup_SPM_simulation": {"result": [0.1330788694999967, 0.2061965690000136], "stats": [{"ci_99": [0.13080499099999088, 0.13819588699999485], "q_25": 0.13213908399998786, "q_75": 0.1358401545000305, "min": 0.13080499099999088, "max": 0.13819588699999485, "mean": 0.13386990020000553, "std": 0.0024538509863366413, "repeat": 10, "number": 1}, {"ci_99": [0.20336827700003823, 0.20957826899996235], "q_25": 0.20432428975000505, "q_75": 0.20829830225000023, "min": 0.20336827700003823, "max": 0.20957826899996235, "mean": 0.20631934090000073, "std": 0.002246608982022358, "repeat": 10, "number": 1}], "params": [["False", "True"]]}, "time_setup_models_and_sims.TimeBuildSPMe.time_setup_SPMe": {"result": [0.4692667429999915], "stats": [{"ci_99": [0.453873595999994, 0.4746429660000331], "q_25": 0.46149719324999694, "q_75": 0.471887723750001, "min": 0.453873595999994, "max": 0.4746429660000331, "mean": 0.46646890239999833, "std": 0.006761282331237802, "repeat": 10, "number": 1}]}, "time_setup_models_and_sims.TimeBuildSPMeSimulation.time_setup_SPMe_simulation": {"result": [0.1504475399999876, 0.24906325750001201], "stats": [{"ci_99": [0.1472176149999882, 0.15200117999995655], "q_25": 0.14811510200001976, "q_75": 0.15111898850001637, "min": 0.1472176149999882, "max": 0.15200117999995655, "mean": 0.14982625109999503, "std": 0.0016784425731418283, "repeat": 10, "number": 1}, {"ci_99": [0.24504692300001807, 0.2690447479999989], "q_25": 0.24814879025001346, "q_75": 0.25222325125002953, "min": 0.24504692300001807, "max": 0.2690447479999989, "mean": 0.2513361136000071, "std": 0.006319922550460191, "repeat": 10, "number": 1}], "params": [["False", "True"]]}, "time_solve_models.TimeSolveDFN.time_solve_model": {"result": [0.5871959479999873, 0.771591151999985], "stats": [{"ci_99": [0.5759025780000115, 0.5917832589999534], "q_25": 0.5848991754999844, "q_75": 0.5902414489999899, "min": 0.5759025780000115, "max": 0.5917832589999534, "mean": 0.5867568194999876, "std": 0.004410832267518388, "repeat": 10, "number": 1}, {"ci_99": [0.7643181529999765, 0.7874729299999785], "q_25": 0.7698489552499836, "q_75": 0.7790944034999825, "min": 0.7643181529999765, "max": 0.7874729299999785, "mean": 0.773727431899988, "std": 0.007017169605921771, "repeat": 10, "number": 1}], "params": [["True", "False"]]}, "time_solve_models.TimeSolveSPM.time_solve_model": {"result": [0.022044351499971526, 0.04558012300000769], "stats": [{"ci_99": [0.020977485999992496, 0.022919312999988506], "q_25": 0.02155372, "q_75": 0.022229229499998837, "min": 0.020977485999992496, "max": 0.022919312999988506, "mean": 0.021975690599992957, "std": 0.0005748995330823164, "repeat": 10, "number": 1}, {"ci_99": [0.04367719700002226, 0.04695494300000291], "q_25": 0.04477411350002569, "q_75": 0.0459201779999745, "min": 0.04367719700002226, "max": 0.04695494300000291, "mean": 0.04537704080000822, "std": 0.0009813411878601835, "repeat": 10, "number": 1}], "params": [["True", "False"]]}, "time_solve_models.TimeSolveSPMe.time_solve_model": {"result": [0.035798939500011784, 0.08293353550001825], "stats": [{"ci_99": [0.03415776800000003, 0.0359867930000064], "q_25": 0.03462757400001237, "q_75": 0.03590674124998827, "min": 0.03415776800000003, "max": 0.0359867930000064, "mean": 0.03532781339999928, "std": 0.0006956490187607339, "repeat": 10, "number": 1}, {"ci_99": [0.081381414999953, 0.08928072100002282], "q_25": 0.08178254400003482, "q_75": 0.08375464625001428, "min": 0.081381414999953, "max": 0.08928072100002282, "mean": 0.08340610160000779, "std": 0.0022514140861492862, "repeat": 10, "number": 1}], "params": [["True", "False"]]}}, "params": {"machine": "GitHubRunner", "python": "3.8"}, "requirements": {}, "commit_hash": "f6cb07aa40ec406ba9eba3f90c09ccf0c5feb539", "date": 1623191999000, "env_name": "virtualenv-py3.8", "python": "3.8", "profiles": {}, "started_at": {"time_setup_models_and_sims.TimeBuildDFN.time_setup_DFN": 1623210383396, "time_setup_models_and_sims.TimeBuildDFNSimulation.time_setup_DFN_simulation": 1623210386962, "time_setup_models_and_sims.TimeBuildSPM.time_setup_SPM": 1623210389581, "time_setup_models_and_sims.TimeBuildSPMSimulation.time_setup_SPM_simulation": 1623210391794, "time_setup_models_and_sims.TimeBuildSPMe.time_setup_SPMe": 1623210394059, "time_setup_models_and_sims.TimeBuildSPMeSimulation.time_setup_SPMe_simulation": 1623210397173, "time_solve_models.TimeSolveDFN.time_solve_model": 1623210399840, "time_solve_models.TimeSolveSPM.time_solve_model": 1623210421870, "time_solve_models.TimeSolveSPMe.time_solve_model": 1623210428653}, "ended_at": {"time_setup_models_and_sims.TimeBuildDFN.time_setup_DFN": 1623210386962, "time_setup_models_and_sims.TimeBuildDFNSimulation.time_setup_DFN_simulation": 1623210389579, "time_setup_models_and_sims.TimeBuildSPM.time_setup_SPM": 1623210391794, "time_setup_models_and_sims.TimeBuildSPMSimulation.time_setup_SPM_simulation": 1623210394059, "time_setup_models_and_sims.TimeBuildSPMe.time_setup_SPMe": 1623210397173, "time_setup_models_and_sims.TimeBuildSPMeSimulation.time_setup_SPMe_simulation": 1623210399839, "time_solve_models.TimeSolveDFN.time_solve_model": 1623210421870, "time_solve_models.TimeSolveSPM.time_solve_model": 1623210428652, "time_solve_models.TimeSolveSPMe.time_solve_model": 1623210438448}, "benchmark_version": {"time_setup_models_and_sims.TimeBuildDFN.time_setup_DFN": "5f322e51e6b7e66125ee6949bdf25746005db467e8ffcfdcb3ace170e92bbc3d", "time_setup_models_and_sims.TimeBuildDFNSimulation.time_setup_DFN_simulation": "8de44bc542fa7d4ba28a80f24414a9444b5436673aaebba674918f5f0bfd0ebb", "time_setup_models_and_sims.TimeBuildSPM.time_setup_SPM": "0d0b3f5c67fc2da9a5794c66b70af5a45a09558d1ee95f738745385adb84fbca", "time_setup_models_and_sims.TimeBuildSPMSimulation.time_setup_SPM_simulation": "161220a99418ce4487cc29325cbae897f28d0e44ae07e1dfbfaac2cbc53a4ff9", "time_setup_models_and_sims.TimeBuildSPMe.time_setup_SPMe": "6083f5ff944353395eb4b21c97b02af555fe6528de3cd5283f5e139943945235", "time_setup_models_and_sims.TimeBuildSPMeSimulation.time_setup_SPMe_simulation": "530563cb559427795e3648d9648df9250ae100b7721f69eec356bdda7798c55e", "time_solve_models.TimeSolveDFN.time_solve_model": "914137228e20e5900cec36b0d3865f1faa2f5d479c7d6c2539514791f9ec4430", "time_solve_models.TimeSolveSPM.time_solve_model": "ef1bb5f8d1ddfa59650e20438c4b252d73e5a062714848ce1d6d5269382bc598", "time_solve_models.TimeSolveSPMe.time_solve_model": "20672028872f4620ce85e909bae705d9490de441e926510b2b0e53ff0881d87b"}, "version": 1}