{"results": {"time_setup_models_and_sims.TimeBuildDFN.time_setup_DFN": {"result": [0.46091873550000173], "stats": [{"ci_99": [0.4582959589999973, 0.46504882099999634], "q_25": 0.4599916762499845, "q_75": 0.4614826159999943, "min": 0.4582959589999973, "max": 0.46504882099999634, "mean": 0.4608367937999958, "std": 0.0017859065366736789, "repeat": 10, "number": 1}]}, "time_setup_models_and_sims.TimeBuildDFNSimulation.time_setup_DFN_simulation": {"result": [0.11429123499999605, 0.1846860320000019], "stats": [{"ci_99": [0.11348305500000322, 0.115419849999995], "q_25": 0.11403278499998848, "q_75": 0.11450420775000225, "min": 0.11348305500000322, "max": 0.115419849999995, "mean": 0.11427008909999614, "std": 0.000537413488955195, "repeat": 10, "number": 1}, {"ci_99": [0.18368287100000202, 0.18725371400000768], "q_25": 0.18426909974999717, "q_75": 0.1850184347499848, "min": 0.18368287100000202, "max": 0.18725371400000768, "mean": 0.18484448279999838, "std": 0.0009308679078279507, "repeat": 10, "number": 1}], "params": [["False", "True"]]}, "time_setup_models_and_sims.TimeBuildSPM.time_setup_SPM": {"result": [0.2689857409999874], "stats": [{"ci_99": [0.26696024500000703, 0.2721071220000084], "q_25": 0.2684031397499993, "q_75": 0.26947811825001367, "min": 0.26696024500000703, "max": 0.2721071220000084, "mean": 0.2690295875000032, "std": 0.001268356693795492, "repeat": 10, "number": 1}]}, "time_setup_models_and_sims.TimeBuildSPMSimulation.time_setup_SPM_simulation": {"result": [0.10926004999999606, 0.16306355549999552], "stats": [{"ci_99": [0.10851361100000645, 0.1119593669999972], "q_25": 0.10885246199999088, "q_75": 0.10986909124999755, "min": 0.10851361100000645, "max": 0.1119593669999972, "mean": 0.10964864909999505, "std": 0.001069567510274096, "repeat": 10, "number": 1}, {"ci_99": [0.1623821130000067, 0.16604666000000634], "q_25": 0.16275551974999658, "q_75": 0.163753698499999, "min": 0.1623821130000067, "max": 0.16604666000000634, "mean": 0.1634003301000007, "std": 0.001037579220784643, "repeat": 10, "number": 1}], "params": [["False", "True"]]}, "time_setup_models_and_sims.TimeBuildSPMe.time_setup_SPMe": {"result": [0.39558529600000725], "stats": [{"ci_99": [0.393169314000005, 0.402795239999989], "q_25": 0.39547867724999364, "q_75": 0.39640061800000126, "min": 0.393169314000005, "max": 0.402795239999989, "mean": 0.39613523440000054, "std": 0.0024363978074623855, "repeat": 10, "number": 1}]}, "time_setup_models_and_sims.TimeBuildSPMeSimulation.time_setup_SPMe_simulation": {"result": [0.11953160650000427, 0.19686923250000632], "stats": [{"ci_99": [0.11874784999999122, 0.12039946600000917], "q_25": 0.11908442874999636, "q_75": 0.11978258349999749, "min": 0.11874784999999122, "max": 0.12039946600000917, "mean": 0.11949966679999875, "std": 0.0004823052698665161, "repeat": 10, "number": 1}, {"ci_99": [0.19648395600000867, 0.20224156899999457], "q_25": 0.1967092439999938, "q_75": 0.19760011225000085, "min": 0.19648395600000867, "max": 0.20224156899999457, "mean": 0.1978683545999999, "std": 0.001965212875607569, "repeat": 10, "number": 1}], "params": [["False", "True"]]}, "time_solve_models.TimeSolveDFN.time_solve_model": {"result": [0.5073133675000108, 0.6709472949999906], "stats": [{"ci_99": [0.5030577009999888, 0.5101339039999857], "q_25": 0.5068455594999932, "q_75": 0.5084386464999966, "min": 0.5030577009999888, "max": 0.5101339039999857, "mean": 0.507116187699998, "std": 0.0021507916652595705, "repeat": 10, "number": 1}, {"ci_99": [0.6683635490000199, 0.6733311189999966], "q_25": 0.6692640382499953, "q_75": 0.6723882742500003, "min": 0.6683635490000199, "max": 0.6733311189999966, "mean": 0.6708538493000006, "std": 0.001766421899488366, "repeat": 10, "number": 1}], "params": [["True", "False"]]}, "time_solve_models.TimeSolveSPM.time_solve_model": {"result": [0.020008132000015166, 0.04089882500000641], "stats": [{"ci_99": [0.019975555000002032, 0.020086057000000324], "q_25": 0.019980230750004324, "q_75": 0.020042685000007054, "min": 0.019975555000002032, "max": 0.020086057000000324, "mean": 0.020014917200003878, "std": 3.7128727030635816e-05, "repeat": 10, "number": 1}, {"ci_99": [0.0407866179999985, 0.04279494799999384], "q_25": 0.04087182174999526, "q_75": 0.041036423750000495, "min": 0.0407866179999985, "max": 0.04279494799999384, "mean": 0.0412116953999984, "std": 0.0006486831049868522, "repeat": 10, "number": 1}], "params": [["True", "False"]]}, "time_solve_models.TimeSolveSPMe.time_solve_model": {"result": [0.03148277849999914, 0.07269067450000932], "stats": [{"ci_99": [0.03130744999998569, 0.03179095499999107], "q_25": 0.0313939644999941, "q_75": 0.03157214350000359, "min": 0.03130744999998569, "max": 0.03179095499999107, "mean": 0.03149714889999729, "std": 0.00013541587288405215, "repeat": 10, "number": 1}, {"ci_99": [0.07251707399998963, 0.07296773999999573], "q_25": 0.07259075425000105, "q_75": 0.0727799947500074, "min": 0.07251707399998963, "max": 0.07296773999999573, "mean": 0.07270312880000063, "std": 0.00013189817383071767, "repeat": 10, "number": 1}], "params": [["True", "False"]]}}, "params": {"machine": "GitHubRunner", "python": "3.8"}, "requirements": {}, "commit_hash": "f7bb791e8b9fba15c0fca20109cd82be6f003d5c", "date": 1620234416000, "env_name": "virtualenv-py3.8", "python": "3.8", "profiles": {}, "started_at": {"time_setup_models_and_sims.TimeBuildDFN.time_setup_DFN": 1620703791416, "time_setup_models_and_sims.TimeBuildDFNSimulation.time_setup_DFN_simulation": 1620703794478, "time_setup_models_and_sims.TimeBuildSPM.time_setup_SPM": 1620703796545, "time_setup_models_and_sims.TimeBuildSPMSimulation.time_setup_SPM_simulation": 1620703798404, "time_setup_models_and_sims.TimeBuildSPMe.time_setup_SPMe": 1620703800268, "time_setup_models_and_sims.TimeBuildSPMeSimulation.time_setup_SPMe_simulation": 1620703802928, "time_solve_models.TimeSolveDFN.time_solve_model": 1620703805041, "time_solve_models.TimeSolveSPM.time_solve_model": 1620703824000, "time_solve_models.TimeSolveSPMe.time_solve_model": 1620703829773}, "ended_at": {"time_setup_models_and_sims.TimeBuildDFN.time_setup_DFN": 1620703794478, "time_setup_models_and_sims.TimeBuildDFNSimulation.time_setup_DFN_simulation": 1620703796544, "time_setup_models_and_sims.TimeBuildSPM.time_setup_SPM": 1620703798404, "time_setup_models_and_sims.TimeBuildSPMSimulation.time_setup_SPM_simulation": 1620703800267, "time_setup_models_and_sims.TimeBuildSPMe.time_setup_SPMe": 1620703802928, "time_setup_models_and_sims.TimeBuildSPMeSimulation.time_setup_SPMe_simulation": 1620703805040, "time_solve_models.TimeSolveDFN.time_solve_model": 1620703823999, "time_solve_models.TimeSolveSPM.time_solve_model": 1620703829773, "time_solve_models.TimeSolveSPMe.time_solve_model": 1620703838053}, "benchmark_version": {"time_setup_models_and_sims.TimeBuildDFN.time_setup_DFN": "5f322e51e6b7e66125ee6949bdf25746005db467e8ffcfdcb3ace170e92bbc3d", "time_setup_models_and_sims.TimeBuildDFNSimulation.time_setup_DFN_simulation": "8de44bc542fa7d4ba28a80f24414a9444b5436673aaebba674918f5f0bfd0ebb", "time_setup_models_and_sims.TimeBuildSPM.time_setup_SPM": "0d0b3f5c67fc2da9a5794c66b70af5a45a09558d1ee95f738745385adb84fbca", "time_setup_models_and_sims.TimeBuildSPMSimulation.time_setup_SPM_simulation": "161220a99418ce4487cc29325cbae897f28d0e44ae07e1dfbfaac2cbc53a4ff9", "time_setup_models_and_sims.TimeBuildSPMe.time_setup_SPMe": "6083f5ff944353395eb4b21c97b02af555fe6528de3cd5283f5e139943945235", "time_setup_models_and_sims.TimeBuildSPMeSimulation.time_setup_SPMe_simulation": "530563cb559427795e3648d9648df9250ae100b7721f69eec356bdda7798c55e", "time_solve_models.TimeSolveDFN.time_solve_model": "914137228e20e5900cec36b0d3865f1faa2f5d479c7d6c2539514791f9ec4430", "time_solve_models.TimeSolveSPM.time_solve_model": "ef1bb5f8d1ddfa59650e20438c4b252d73e5a062714848ce1d6d5269382bc598", "time_solve_models.TimeSolveSPMe.time_solve_model": "20672028872f4620ce85e909bae705d9490de441e926510b2b0e53ff0881d87b"}, "version": 1}