{"results": {"time_setup_models_and_sims.TimeBuildDFN.time_setup_DFN": {"result": [0.624070243999995], "stats": [{"ci_99": [0.6097620840000104, 0.6350018020000334], "q_25": 0.6182991309999721, "q_75": 0.6328758292500254, "min": 0.6097620840000104, "max": 0.6350018020000334, "mean": 0.6245778808000011, "std": 0.00850045908742786, "repeat": 10, "number": 1}]}, "time_setup_models_and_sims.TimeBuildDFNSimulation.time_setup_DFN_simulation": {"result": [0.15275025450000612, 0.2460584319999839], "stats": [{"ci_99": [0.1491718380000293, 0.1610632250000208], "q_25": 0.15024339800002906, "q_75": 0.1570184689999934, "min": 0.1491718380000293, "max": 0.1610632250000208, "mean": 0.15380578910001647, "std": 0.004167855792604929, "repeat": 10, "number": 1}, {"ci_99": [0.23878984700002093, 0.25058202699995036], "q_25": 0.24278387425000858, "q_75": 0.24760498374998008, "min": 0.23878984700002093, "max": 0.25058202699995036, "mean": 0.2450379488999886, "std": 0.0038070848297265306, "repeat": 10, "number": 1}], "params": [["False", "True"]]}, "time_setup_models_and_sims.TimeBuildSPM.time_setup_SPM": {"result": [0.37054702050002675], "stats": [{"ci_99": [0.3526450410000166, 0.39993907200005197], "q_25": 0.36616712675002816, "q_75": 0.37618075524996186, "min": 0.3526450410000166, "max": 0.39993907200005197, "mean": 0.37293845770000755, "std": 0.012372790444608012, "repeat": 10, "number": 1}]}, "time_setup_models_and_sims.TimeBuildSPMSimulation.time_setup_SPM_simulation": {"result": [0.14899488449998444, 0.21597005799998215], "stats": [{"ci_99": [0.14134498800001438, 0.16745393100001138], "q_25": 0.14407589799996856, "q_75": 0.15136226249998685, "min": 0.14134498800001438, "max": 0.16745393100001138, "mean": 0.1492475327999955, "std": 0.007156916384186874, "repeat": 10, "number": 1}, {"ci_99": [0.20543556299998045, 0.2298740620000217], "q_25": 0.21045042574998263, "q_75": 0.22027279924999732, "min": 0.20543556299998045, "max": 0.2298740620000217, "mean": 0.2165029651999987, "std": 0.0074498736953022004, "repeat": 10, "number": 1}], "params": [["False", "True"]]}, "time_setup_models_and_sims.TimeBuildSPMe.time_setup_SPMe": {"result": [0.5358904385000187], "stats": [{"ci_99": [0.5250744449999729, 0.5550226020000082], "q_25": 0.5282479977500003, "q_75": 0.5436493367499793, "min": 0.5250744449999729, "max": 0.5550226020000082, "mean": 0.5371794404000013, "std": 0.01029713908129623, "repeat": 10, "number": 1}]}, "time_setup_models_and_sims.TimeBuildSPMeSimulation.time_setup_SPMe_simulation": {"result": [0.16146883749999574, 0.26079075899997406], "stats": [{"ci_99": [0.15510723500000267, 0.16534516199999416], "q_25": 0.15794335174994956, "q_75": 0.16423013025000444, "min": 0.15510723500000267, "max": 0.16534516199999416, "mean": 0.160766776499986, "std": 0.003742875031547741, "repeat": 10, "number": 1}, {"ci_99": [0.2550761800000032, 0.2718391340000039], "q_25": 0.2576397314999923, "q_75": 0.26517785249997416, "min": 0.2550761800000032, "max": 0.2718391340000039, "mean": 0.2616564027999971, "std": 0.005026850821331879, "repeat": 10, "number": 1}], "params": [["False", "True"]]}, "time_solve_models.TimeSolveDFN.time_solve_model": {"result": [0.6148283914999979, 0.8107758605000299], "stats": [{"ci_99": [0.6043296390000137, 0.6681283059999714], "q_25": 0.6100480442500213, "q_75": 0.636780009000006, "min": 0.6043296390000137, "max": 0.6681283059999714, "mean": 0.6252567578000026, "std": 0.021543647888485336, "repeat": 10, "number": 1}, {"ci_99": [0.7981669140000349, 0.8385689990000174], "q_25": 0.8029825340000372, "q_75": 0.8199643274999744, "min": 0.7981669140000349, "max": 0.8385689990000174, "mean": 0.8133718942000143, "std": 0.012618173690493489, "repeat": 10, "number": 1}], "params": [["True", "False"]]}, "time_solve_models.TimeSolveSPM.time_solve_model": {"result": [0.026847621500024843, 0.05268815850001829], "stats": [{"ci_99": [0.025242617999992945, 0.03498453499997822], "q_25": 0.02577593575001913, "q_75": 0.027632397000019182, "min": 0.025242617999992945, "max": 0.03498453499997822, "mean": 0.02775835050001092, "std": 0.0029911540145959956, "repeat": 10, "number": 1}, {"ci_99": [0.051186760000007325, 0.05527139299999817], "q_25": 0.051872282500013966, "q_75": 0.053710117750043196, "min": 0.051186760000007325, "max": 0.05527139299999817, "mean": 0.0528738151000141, "std": 0.0012563036835911007, "repeat": 10, "number": 1}], "params": [["True", "False"]]}, "time_solve_models.TimeSolveSPMe.time_solve_model": {"result": [0.041011580499997535, 0.09652773150000371], "stats": [{"ci_99": [0.03805583400003343, 0.04292109199997185], "q_25": 0.040713820500016595, "q_75": 0.04178435525001589, "min": 0.03805583400003343, "max": 0.04292109199997185, "mean": 0.04097478890000161, "std": 0.0012809394540669121, "repeat": 10, "number": 1}, {"ci_99": [0.08974241100003155, 0.10848822000002656], "q_25": 0.09518403800001352, "q_75": 0.09811818349997736, "min": 0.08974241100003155, "max": 0.10848822000002656, "mean": 0.09696888580000404, "std": 0.004845986625546719, "repeat": 10, "number": 1}], "params": [["True", "False"]]}}, "params": {"machine": "GitHubRunner", "python": "3.8"}, "requirements": {}, "commit_hash": "f7bb791e8b9fba15c0fca20109cd82be6f003d5c", "date": 1620234416000, "env_name": "virtualenv-py3.8", "python": "3.8", "profiles": {}, "started_at": {"time_setup_models_and_sims.TimeBuildDFN.time_setup_DFN": 1620444476801, "time_setup_models_and_sims.TimeBuildDFNSimulation.time_setup_DFN_simulation": 1620444480965, "time_setup_models_and_sims.TimeBuildSPM.time_setup_SPM": 1620444483629, "time_setup_models_and_sims.TimeBuildSPMSimulation.time_setup_SPM_simulation": 1620444486139, "time_setup_models_and_sims.TimeBuildSPMe.time_setup_SPMe": 1620444488602, "time_setup_models_and_sims.TimeBuildSPMeSimulation.time_setup_SPMe_simulation": 1620444492165, "time_solve_models.TimeSolveDFN.time_solve_model": 1620444494928, "time_solve_models.TimeSolveSPM.time_solve_model": 1620444518950, "time_solve_models.TimeSolveSPMe.time_solve_model": 1620444526577}, "ended_at": {"time_setup_models_and_sims.TimeBuildDFN.time_setup_DFN": 1620444480965, "time_setup_models_and_sims.TimeBuildDFNSimulation.time_setup_DFN_simulation": 1620444483628, "time_setup_models_and_sims.TimeBuildSPM.time_setup_SPM": 1620444486138, "time_setup_models_and_sims.TimeBuildSPMSimulation.time_setup_SPM_simulation": 1620444488601, "time_setup_models_and_sims.TimeBuildSPMe.time_setup_SPMe": 1620444492165, "time_setup_models_and_sims.TimeBuildSPMeSimulation.time_setup_SPMe_simulation": 1620444494928, "time_solve_models.TimeSolveDFN.time_solve_model": 1620444518949, "time_solve_models.TimeSolveSPM.time_solve_model": 1620444526577, "time_solve_models.TimeSolveSPMe.time_solve_model": 1620444537811}, "benchmark_version": {"time_setup_models_and_sims.TimeBuildDFN.time_setup_DFN": "5f322e51e6b7e66125ee6949bdf25746005db467e8ffcfdcb3ace170e92bbc3d", "time_setup_models_and_sims.TimeBuildDFNSimulation.time_setup_DFN_simulation": "8de44bc542fa7d4ba28a80f24414a9444b5436673aaebba674918f5f0bfd0ebb", "time_setup_models_and_sims.TimeBuildSPM.time_setup_SPM": "0d0b3f5c67fc2da9a5794c66b70af5a45a09558d1ee95f738745385adb84fbca", "time_setup_models_and_sims.TimeBuildSPMSimulation.time_setup_SPM_simulation": "161220a99418ce4487cc29325cbae897f28d0e44ae07e1dfbfaac2cbc53a4ff9", "time_setup_models_and_sims.TimeBuildSPMe.time_setup_SPMe": "6083f5ff944353395eb4b21c97b02af555fe6528de3cd5283f5e139943945235", "time_setup_models_and_sims.TimeBuildSPMeSimulation.time_setup_SPMe_simulation": "530563cb559427795e3648d9648df9250ae100b7721f69eec356bdda7798c55e", "time_solve_models.TimeSolveDFN.time_solve_model": "914137228e20e5900cec36b0d3865f1faa2f5d479c7d6c2539514791f9ec4430", "time_solve_models.TimeSolveSPM.time_solve_model": "ef1bb5f8d1ddfa59650e20438c4b252d73e5a062714848ce1d6d5269382bc598", "time_solve_models.TimeSolveSPMe.time_solve_model": "20672028872f4620ce85e909bae705d9490de441e926510b2b0e53ff0881d87b"}, "version": 1}