{"results": {"time_setup_models_and_sims.TimeBuildDFN.time_setup_DFN": {"result": [0.4683582245000082], "stats": [{"ci_99": [0.43962397600000713, 0.4863322010000388], "q_25": 0.46093748574998017, "q_75": 0.47219632100002684, "min": 0.43962397600000713, "max": 0.4863322010000388, "mean": 0.4673373154000046, "std": 0.01258864732737616, "repeat": 10, "number": 1}]}, "time_setup_models_and_sims.TimeBuildDFNSimulation.time_setup_DFN_simulation": {"result": [0.12042821549999871, 0.191234151499998], "stats": [{"ci_99": [0.1105369790000168, 0.1288237559999743], "q_25": 0.11267311974999927, "q_75": 0.12529334725002172, "min": 0.1105369790000168, "max": 0.1288237559999743, "mean": 0.11961956290000444, "std": 0.006689911912586339, "repeat": 10, "number": 1}, {"ci_99": [0.17488151699996024, 0.20332350399996812], "q_25": 0.18119020675000286, "q_75": 0.19685137100000816, "min": 0.17488151699996024, "max": 0.20332350399996812, "mean": 0.18968708699999298, "std": 0.009835855390148803, "repeat": 10, "number": 1}], "params": [["False", "True"]]}, "time_setup_models_and_sims.TimeBuildSPM.time_setup_SPM": {"result": [0.26483153949999405], "stats": [{"ci_99": [0.25314857000000757, 0.2807156449999866], "q_25": 0.25886965849997523, "q_75": 0.2706327002499904, "min": 0.25314857000000757, "max": 0.2807156449999866, "mean": 0.2648046543999897, "std": 0.008204621659138763, "repeat": 10, "number": 1}]}, "time_setup_models_and_sims.TimeBuildSPMSimulation.time_setup_SPM_simulation": {"result": [0.10926539549998893, 0.15728255199999808], "stats": [{"ci_99": [0.10220628799999076, 0.11735539500000414], "q_25": 0.10569868000000326, "q_75": 0.11130052924998779, "min": 0.10220628799999076, "max": 0.11735539500000414, "mean": 0.10891753309999216, "std": 0.004268294632337395, "repeat": 10, "number": 1}, {"ci_99": [0.15179478199996765, 0.17558396300000823], "q_25": 0.15600131399996542, "q_75": 0.16428051325002002, "min": 0.15179478199996765, "max": 0.17558396300000823, "mean": 0.1611070836999943, "std": 0.007585166328217977, "repeat": 10, "number": 1}], "params": [["False", "True"]]}, "time_setup_models_and_sims.TimeBuildSPMe.time_setup_SPMe": {"result": [0.3984358410000084], "stats": [{"ci_99": [0.385396505000017, 0.41565369899996085], "q_25": 0.39218899724997414, "q_75": 0.4097789689999871, "min": 0.385396505000017, "max": 0.41565369899996085, "mean": 0.39978770660000007, "std": 0.010253104116249275, "repeat": 10, "number": 1}]}, "time_setup_models_and_sims.TimeBuildSPMeSimulation.time_setup_SPMe_simulation": {"result": [0.12289005499999917, 0.19278690850001112], "stats": [{"ci_99": [0.1132088630000112, 0.1300970849999885], "q_25": 0.11791967825001848, "q_75": 0.1286452617500089, "min": 0.1132088630000112, "max": 0.1300970849999885, "mean": 0.12265617940001335, "std": 0.005901409567504258, "repeat": 10, "number": 1}, {"ci_99": [0.18687063099997658, 0.20824224099999356], "q_25": 0.19050208624999243, "q_75": 0.19890114624998034, "min": 0.18687063099997658, "max": 0.20824224099999356, "mean": 0.19470004109999195, "std": 0.006468468599147109, "repeat": 10, "number": 1}], "params": [["False", "True"]]}, "time_solve_models.TimeSolveDFN.time_solve_model": {"result": [0.5218928445000017, 0.7027041899999631], "stats": [{"ci_99": [0.5086174939999637, 0.5602029010000251], "q_25": 0.5156357774999947, "q_75": 0.5306891765000188, "min": 0.5086174939999637, "max": 0.5602029010000251, "mean": 0.5272858115999952, "std": 0.016809594117468258, "repeat": 10, "number": 1}, {"ci_99": [0.6788948679999862, 0.7283461829999851], "q_25": 0.700119067249986, "q_75": 0.7083030830000183, "min": 0.6788948679999862, "max": 0.7283461829999851, "mean": 0.7051234738999824, "std": 0.01381563104435885, "repeat": 10, "number": 1}], "params": [["True", "False"]]}, "time_solve_models.TimeSolveSPM.time_solve_model": {"result": [0.02054765500000144, 0.04187556249999602], "stats": [{"ci_99": [0.01884344300003704, 0.021848541999986537], "q_25": 0.01935935224996399, "q_75": 0.02099213424999391, "min": 0.01884344300003704, "max": 0.021848541999986537, "mean": 0.020318740099992284, "std": 0.000956713109287091, "repeat": 10, "number": 1}, {"ci_99": [0.039929232000019965, 0.047366524999972626], "q_25": 0.04041421525003841, "q_75": 0.0436385037499889, "min": 0.039929232000019965, "max": 0.047366524999972626, "mean": 0.04257429790000629, "std": 0.002574456981809979, "repeat": 10, "number": 1}], "params": [["True", "False"]]}, "time_solve_models.TimeSolveSPMe.time_solve_model": {"result": [0.03147892750001802, 0.07370776400003365], "stats": [{"ci_99": [0.030452307000018664, 0.03580365999999913], "q_25": 0.03112625625003318, "q_75": 0.03325061674999574, "min": 0.030452307000018664, "max": 0.03580365999999913, "mean": 0.03239773760001299, "std": 0.0017585972954191102, "repeat": 10, "number": 1}, {"ci_99": [0.07032074599999305, 0.08072623399999657], "q_25": 0.07241897375000406, "q_75": 0.0766938389999865, "min": 0.07032074599999305, "max": 0.08072623399999657, "mean": 0.074557890300008, "std": 0.0029374588715396326, "repeat": 10, "number": 1}], "params": [["True", "False"]]}}, "params": {"machine": "GitHubRunner", "python": "3.8"}, "requirements": {}, "commit_hash": "f7bb791e8b9fba15c0fca20109cd82be6f003d5c", "date": 1620234416000, "env_name": "virtualenv-py3.8", "python": "3.8", "profiles": {}, "started_at": {"time_setup_models_and_sims.TimeBuildDFN.time_setup_DFN": 1620530849683, "time_setup_models_and_sims.TimeBuildDFNSimulation.time_setup_DFN_simulation": 1620530852748, "time_setup_models_and_sims.TimeBuildSPM.time_setup_SPM": 1620530854915, "time_setup_models_and_sims.TimeBuildSPMSimulation.time_setup_SPM_simulation": 1620530856826, "time_setup_models_and_sims.TimeBuildSPMe.time_setup_SPMe": 1620530858641, "time_setup_models_and_sims.TimeBuildSPMeSimulation.time_setup_SPMe_simulation": 1620530861304, "time_solve_models.TimeSolveDFN.time_solve_model": 1620530863470, "time_solve_models.TimeSolveSPM.time_solve_model": 1620530883251, "time_solve_models.TimeSolveSPMe.time_solve_model": 1620530889032}, "ended_at": {"time_setup_models_and_sims.TimeBuildDFN.time_setup_DFN": 1620530852748, "time_setup_models_and_sims.TimeBuildDFNSimulation.time_setup_DFN_simulation": 1620530854913, "time_setup_models_and_sims.TimeBuildSPM.time_setup_SPM": 1620530856825, "time_setup_models_and_sims.TimeBuildSPMSimulation.time_setup_SPM_simulation": 1620530858640, "time_setup_models_and_sims.TimeBuildSPMe.time_setup_SPMe": 1620530861304, "time_setup_models_and_sims.TimeBuildSPMeSimulation.time_setup_SPMe_simulation": 1620530863469, "time_solve_models.TimeSolveDFN.time_solve_model": 1620530883250, "time_solve_models.TimeSolveSPM.time_solve_model": 1620530889031, "time_solve_models.TimeSolveSPMe.time_solve_model": 1620530897468}, "benchmark_version": {"time_setup_models_and_sims.TimeBuildDFN.time_setup_DFN": "5f322e51e6b7e66125ee6949bdf25746005db467e8ffcfdcb3ace170e92bbc3d", "time_setup_models_and_sims.TimeBuildDFNSimulation.time_setup_DFN_simulation": "8de44bc542fa7d4ba28a80f24414a9444b5436673aaebba674918f5f0bfd0ebb", "time_setup_models_and_sims.TimeBuildSPM.time_setup_SPM": "0d0b3f5c67fc2da9a5794c66b70af5a45a09558d1ee95f738745385adb84fbca", "time_setup_models_and_sims.TimeBuildSPMSimulation.time_setup_SPM_simulation": "161220a99418ce4487cc29325cbae897f28d0e44ae07e1dfbfaac2cbc53a4ff9", "time_setup_models_and_sims.TimeBuildSPMe.time_setup_SPMe": "6083f5ff944353395eb4b21c97b02af555fe6528de3cd5283f5e139943945235", "time_setup_models_and_sims.TimeBuildSPMeSimulation.time_setup_SPMe_simulation": "530563cb559427795e3648d9648df9250ae100b7721f69eec356bdda7798c55e", "time_solve_models.TimeSolveDFN.time_solve_model": "914137228e20e5900cec36b0d3865f1faa2f5d479c7d6c2539514791f9ec4430", "time_solve_models.TimeSolveSPM.time_solve_model": "ef1bb5f8d1ddfa59650e20438c4b252d73e5a062714848ce1d6d5269382bc598", "time_solve_models.TimeSolveSPMe.time_solve_model": "20672028872f4620ce85e909bae705d9490de441e926510b2b0e53ff0881d87b"}, "version": 1}