{"results": {"time_setup_models_and_sims.TimeBuildDFN.time_setup_DFN": {"result": [0.5422898705000136], "stats": [{"ci_99": [0.5392656299999885, 0.5453667099999961], "q_25": 0.5418646480000291, "q_75": 0.5429255339999912, "min": 0.5392656299999885, "max": 0.5453667099999961, "mean": 0.5422327097999983, "std": 0.0015225410543935457, "repeat": 10, "number": 1}]}, "time_setup_models_and_sims.TimeBuildDFNSimulation.time_setup_DFN_simulation": {"result": [0.13221179499998925, 0.21465662099998895], "stats": [{"ci_99": [0.1317586110000093, 0.134236589000011], "q_25": 0.13195764899998608, "q_75": 0.1328111587499876, "min": 0.1317586110000093, "max": 0.134236589000011, "mean": 0.13248365679999097, "std": 0.0007417227010297243, "repeat": 10, "number": 1}, {"ci_99": [0.21329947000003813, 0.214953980999951], "q_25": 0.21401363524998374, "q_75": 0.21484432250002783, "min": 0.21329947000003813, "max": 0.214953980999951, "mean": 0.21437515810000035, "std": 0.0005721123692171166, "repeat": 10, "number": 1}], "params": [["False", "True"]]}, "time_setup_models_and_sims.TimeBuildSPM.time_setup_SPM": {"result": [0.31433342200000425], "stats": [{"ci_99": [0.31198505800000476, 0.3576335580000318], "q_25": 0.3131684149999785, "q_75": 0.33283876999999507, "min": 0.31198505800000476, "max": 0.3576335580000318, "mean": 0.32407404689999453, "std": 0.014929256421941548, "repeat": 10, "number": 1}]}, "time_setup_models_and_sims.TimeBuildSPMSimulation.time_setup_SPM_simulation": {"result": [0.13142077599997037, 0.1883525425000414], "stats": [{"ci_99": [0.12506024499998603, 0.19559958999997207], "q_25": 0.12712973249999493, "q_75": 0.140887329000023, "min": 0.12506024499998603, "max": 0.19559958999997207, "mean": 0.13911300699999743, "std": 0.019977477298285997, "repeat": 10, "number": 1}, {"ci_99": [0.18772941800000353, 0.19536008799997262], "q_25": 0.18788692425002296, "q_75": 0.18989318625003193, "min": 0.18772941800000353, "max": 0.19536008799997262, "mean": 0.18932098820001214, "std": 0.0022380802248214136, "repeat": 10, "number": 1}], "params": [["False", "True"]]}, "time_setup_models_and_sims.TimeBuildSPMe.time_setup_SPMe": {"result": [0.46377406049998626], "stats": [{"ci_99": [0.46094133999997666, 0.4654173700000115], "q_25": 0.4625790190000174, "q_75": 0.4645392637499697, "min": 0.46094133999997666, "max": 0.4654173700000115, "mean": 0.46344335049999474, "std": 0.0013831047961925644, "repeat": 10, "number": 1}]}, "time_setup_models_and_sims.TimeBuildSPMeSimulation.time_setup_SPMe_simulation": {"result": [0.14363344849999748, 0.23067872350000584], "stats": [{"ci_99": [0.13854182500000434, 0.1720779330000255], "q_25": 0.13916230375001248, "q_75": 0.15637617124998826, "min": 0.13854182500000434, "max": 0.1720779330000255, "mean": 0.14847123170000032, "std": 0.011015452769868869, "repeat": 10, "number": 1}, {"ci_99": [0.22734601700000212, 0.261568608999994], "q_25": 0.22836424974998693, "q_75": 0.248654724000005, "min": 0.22734601700000212, "max": 0.261568608999994, "mean": 0.23903435779999996, "std": 0.013029159601723402, "repeat": 10, "number": 1}], "params": [["False", "True"]]}, "time_solve_models.TimeSolveDFN.time_solve_model": {"result": [0.6073477785000136, 0.8019236675000059], "stats": [{"ci_99": [0.602445839999973, 0.6119691110000076], "q_25": 0.6047884179999983, "q_75": 0.6098635234999961, "min": 0.602445839999973, "max": 0.6119691110000076, "mean": 0.6073938727999973, "std": 0.003186678094264703, "repeat": 10, "number": 1}, {"ci_99": [0.7943862710000076, 0.808890195999993], "q_25": 0.7991608029999924, "q_75": 0.8044228852500055, "min": 0.7943862710000076, "max": 0.808890195999993, "mean": 0.802049913500008, "std": 0.0042548254616040304, "repeat": 10, "number": 1}], "params": [["True", "False"]]}, "time_solve_models.TimeSolveSPM.time_solve_model": {"result": [0.02311735400002135, 0.04779796700000816], "stats": [{"ci_99": [0.02293375599998626, 0.023318850999999086], "q_25": 0.02307263225000611, "q_75": 0.023201775000018188, "min": 0.02293375599998626, "max": 0.023318850999999086, "mean": 0.023132113700006583, "std": 0.00010151877998011664, "repeat": 10, "number": 1}, {"ci_99": [0.047522923000030914, 0.04911641800003963], "q_25": 0.047633395250002764, "q_75": 0.04790079699999694, "min": 0.047522923000030914, "max": 0.04911641800003963, "mean": 0.04790312720001566, "std": 0.00043671352679413466, "repeat": 10, "number": 1}], "params": [["True", "False"]]}, "time_solve_models.TimeSolveSPMe.time_solve_model": {"result": [0.03706634749997306, 0.08572380500001486], "stats": [{"ci_99": [0.03683724500001517, 0.037262548999990486], "q_25": 0.036938270250004734, "q_75": 0.037165097750005316, "min": 0.03683724500001517, "max": 0.037262548999990486, "mean": 0.03705079689999593, "std": 0.00013764710876765278, "repeat": 10, "number": 1}, {"ci_99": [0.0854316360000098, 0.08619917099997565], "q_25": 0.08559109499998385, "q_75": 0.08594817149996459, "min": 0.0854316360000098, "max": 0.08619917099997565, "mean": 0.08577914379999925, "std": 0.00024717906487314173, "repeat": 10, "number": 1}], "params": [["True", "False"]]}}, "params": {"machine": "GitHubRunner", "python": "3.8"}, "requirements": {}, "commit_hash": "f7bb791e8b9fba15c0fca20109cd82be6f003d5c", "date": 1620234416000, "env_name": "virtualenv-py3.8", "python": "3.8", "profiles": {}, "started_at": {"time_setup_models_and_sims.TimeBuildDFN.time_setup_DFN": 1620271660414, "time_setup_models_and_sims.TimeBuildDFNSimulation.time_setup_DFN_simulation": 1620271664032, "time_setup_models_and_sims.TimeBuildSPM.time_setup_SPM": 1620271666348, "time_setup_models_and_sims.TimeBuildSPMSimulation.time_setup_SPM_simulation": 1620271668657, "time_setup_models_and_sims.TimeBuildSPMe.time_setup_SPMe": 1620271670926, "time_setup_models_and_sims.TimeBuildSPMeSimulation.time_setup_SPMe_simulation": 1620271674037, "time_solve_models.TimeSolveDFN.time_solve_model": 1620271676758, "time_solve_models.TimeSolveSPM.time_solve_model": 1620271699324, "time_solve_models.TimeSolveSPMe.time_solve_model": 1620271705996}, "ended_at": {"time_setup_models_and_sims.TimeBuildDFN.time_setup_DFN": 1620271664032, "time_setup_models_and_sims.TimeBuildDFNSimulation.time_setup_DFN_simulation": 1620271666347, "time_setup_models_and_sims.TimeBuildSPM.time_setup_SPM": 1620271668657, "time_setup_models_and_sims.TimeBuildSPMSimulation.time_setup_SPM_simulation": 1620271670925, "time_setup_models_and_sims.TimeBuildSPMe.time_setup_SPMe": 1620271674037, "time_setup_models_and_sims.TimeBuildSPMeSimulation.time_setup_SPMe_simulation": 1620271676757, "time_solve_models.TimeSolveDFN.time_solve_model": 1620271699323, "time_solve_models.TimeSolveSPM.time_solve_model": 1620271705996, "time_solve_models.TimeSolveSPMe.time_solve_model": 1620271715781}, "benchmark_version": {"time_setup_models_and_sims.TimeBuildDFN.time_setup_DFN": "5f322e51e6b7e66125ee6949bdf25746005db467e8ffcfdcb3ace170e92bbc3d", "time_setup_models_and_sims.TimeBuildDFNSimulation.time_setup_DFN_simulation": "8de44bc542fa7d4ba28a80f24414a9444b5436673aaebba674918f5f0bfd0ebb", "time_setup_models_and_sims.TimeBuildSPM.time_setup_SPM": "0d0b3f5c67fc2da9a5794c66b70af5a45a09558d1ee95f738745385adb84fbca", "time_setup_models_and_sims.TimeBuildSPMSimulation.time_setup_SPM_simulation": "161220a99418ce4487cc29325cbae897f28d0e44ae07e1dfbfaac2cbc53a4ff9", "time_setup_models_and_sims.TimeBuildSPMe.time_setup_SPMe": "6083f5ff944353395eb4b21c97b02af555fe6528de3cd5283f5e139943945235", "time_setup_models_and_sims.TimeBuildSPMeSimulation.time_setup_SPMe_simulation": "530563cb559427795e3648d9648df9250ae100b7721f69eec356bdda7798c55e", "time_solve_models.TimeSolveDFN.time_solve_model": "914137228e20e5900cec36b0d3865f1faa2f5d479c7d6c2539514791f9ec4430", "time_solve_models.TimeSolveSPM.time_solve_model": "ef1bb5f8d1ddfa59650e20438c4b252d73e5a062714848ce1d6d5269382bc598", "time_solve_models.TimeSolveSPMe.time_solve_model": "20672028872f4620ce85e909bae705d9490de441e926510b2b0e53ff0881d87b"}, "version": 1}