{"results": {"time_setup_models_and_sims.TimeBuildDFN.time_setup_DFN": {"result": [0.5013573774999998], "stats": [{"ci_99": [0.49807286099999715, 0.5046538910000038], "q_25": 0.5001302732499937, "q_75": 0.5028949279999964, "min": 0.49807286099999715, "max": 0.5046538910000038, "mean": 0.5014798979999995, "std": 0.0018845196325060981, "repeat": 10, "number": 1}]}, "time_setup_models_and_sims.TimeBuildDFNSimulation.time_setup_DFN_simulation": {"result": [0.14058068099998877, 0.33957059799999456], "stats": [{"ci_99": [0.13967305500000293, 0.14320421899998337], "q_25": 0.1402490387499995, "q_75": 0.1418440087499917, "min": 0.13967305500000293, "max": 0.14320421899998337, "mean": 0.14102516429999526, "std": 0.001148612022631927, "repeat": 10, "number": 1}, {"ci_99": [0.33868045900001675, 0.3415487810000002], "q_25": 0.3392148257499983, "q_75": 0.3396437042499869, "min": 0.33868045900001675, "max": 0.3415487810000002, "mean": 0.33961249769999996, "std": 0.0007206989213331796, "repeat": 10, "number": 1}], "params": [["False", "True"]]}, "time_setup_models_and_sims.TimeBuildSPM.time_setup_SPM": {"result": [0.30118426999999315], "stats": [{"ci_99": [0.29933295899999735, 0.30260658699998544], "q_25": 0.30083604549998455, "q_75": 0.30181908049999606, "min": 0.29933295899999735, "max": 0.30260658699998544, "mean": 0.3012733211999944, "std": 0.0008934378695353207, "repeat": 10, "number": 1}]}, "time_setup_models_and_sims.TimeBuildSPMSimulation.time_setup_SPM_simulation": {"result": [0.1354216124999965, 0.30796755849999613], "stats": [{"ci_99": [0.133927884000002, 0.13654544600001373], "q_25": 0.13483532349999194, "q_75": 0.1361397907500077, "min": 0.133927884000002, "max": 0.13654544600001373, "mean": 0.13541851339999766, "std": 0.0007957063014304078, "repeat": 10, "number": 1}, {"ci_99": [0.30578464100000247, 0.3104870500000061], "q_25": 0.3070818070000101, "q_75": 0.3099493712499992, "min": 0.30578464100000247, "max": 0.3104870500000061, "mean": 0.3082999244000007, "std": 0.0015789650217888263, "repeat": 10, "number": 1}], "params": [["False", "True"]]}, "time_setup_models_and_sims.TimeBuildSPMe.time_setup_SPMe": {"result": [0.4317864269999916], "stats": [{"ci_99": [0.42691502799999625, 0.43598361900001237], "q_25": 0.4303395497499807, "q_75": 0.43395362999998355, "min": 0.42691502799999625, "max": 0.43598361900001237, "mean": 0.4319189568999917, "std": 0.0027115421485882653, "repeat": 10, "number": 1}]}, "time_setup_models_and_sims.TimeBuildSPMeSimulation.time_setup_SPMe_simulation": {"result": [0.14437541499999895, 0.3530402935000012], "stats": [{"ci_99": [0.1435094269999979, 0.14569970900001294], "q_25": 0.14419924699998887, "q_75": 0.1448171852500053, "min": 0.1435094269999979, "max": 0.14569970900001294, "mean": 0.14451278639999998, "std": 0.0006040187836160838, "repeat": 10, "number": 1}, {"ci_99": [0.3509014200000138, 0.35414894699999877], "q_25": 0.3523357639999958, "q_75": 0.3537538735000183, "min": 0.3509014200000138, "max": 0.35414894699999877, "mean": 0.3528533576000058, "std": 0.001128684609243228, "repeat": 10, "number": 1}], "params": [["False", "True"]]}, "time_solve_models.TimeSolveDFN.time_solve_model": {"result": [0.5440338424999993, 0.7108075360000043], "stats": [{"ci_99": [0.5363251079999998, 0.5470862929999782], "q_25": 0.5431259200000085, "q_75": 0.5447598325000058, "min": 0.5363251079999998, "max": 0.5470862929999782, "mean": 0.5433182374999973, "std": 0.0028199213161637262, "repeat": 10, "number": 1}, {"ci_99": [0.7065427950000185, 0.7180396779999967], "q_25": 0.7094931634999924, "q_75": 0.7124178872500124, "min": 0.7065427950000185, "max": 0.7180396779999967, "mean": 0.7110052978000028, "std": 0.0030783214176900654, "repeat": 10, "number": 1}], "params": [["True", "False"]]}, "time_solve_models.TimeSolveSPM.time_solve_model": {"result": [0.02031568200000322, 0.04217819699999836], "stats": [{"ci_99": [0.020194005000007564, 0.020468133999997917], "q_25": 0.020257820999987075, "q_75": 0.02036818199999857, "min": 0.020194005000007564, "max": 0.020468133999997917, "mean": 0.020319141199999537, "std": 8.37138431161028e-05, "repeat": 10, "number": 1}, {"ci_99": [0.041697417999984054, 0.04248907600000962], "q_25": 0.04208400774999177, "q_75": 0.04232328449999301, "min": 0.041697417999984054, "max": 0.04248907600000962, "mean": 0.042157626999991746, "std": 0.00022722220396798816, "repeat": 10, "number": 1}], "params": [["True", "False"]]}, "time_solve_models.TimeSolveSPMe.time_solve_model": {"result": [0.03246981950000816, 0.07516479349999372], "stats": [{"ci_99": [0.03214922499998352, 0.03284346300000607], "q_25": 0.03236763999999681, "q_75": 0.03249605525001442, "min": 0.03214922499998352, "max": 0.03284346300000607, "mean": 0.03245269360000123, "std": 0.0001675505166449392, "repeat": 10, "number": 1}, {"ci_99": [0.07490222600000607, 0.07562396200000876], "q_25": 0.07504397699999998, "q_75": 0.07550560399999995, "min": 0.07490222600000607, "max": 0.07562396200000876, "mean": 0.07524471400000152, "std": 0.0002493860814764165, "repeat": 10, "number": 1}], "params": [["True", "False"]]}}, "params": {"machine": "GitHubRunner", "python": "3.8"}, "requirements": {}, "commit_hash": "f83f0a2c0876dc4ae0b9de2d760fcddd8d2d9ab1", "date": 1626359720000, "env_name": "virtualenv-py3.8", "python": "3.8", "profiles": {}, "started_at": {"time_setup_models_and_sims.TimeBuildDFN.time_setup_DFN": 1626664987635, "time_setup_models_and_sims.TimeBuildDFNSimulation.time_setup_DFN_simulation": 1626664991002, "time_setup_models_and_sims.TimeBuildSPM.time_setup_SPM": 1626664994171, "time_setup_models_and_sims.TimeBuildSPMSimulation.time_setup_SPM_simulation": 1626664996283, "time_setup_models_and_sims.TimeBuildSPMe.time_setup_SPMe": 1626664999251, "time_setup_models_and_sims.TimeBuildSPMeSimulation.time_setup_SPMe_simulation": 1626665002220, "time_solve_models.TimeSolveDFN.time_solve_model": 1626665005540, "time_solve_models.TimeSolveSPM.time_solve_model": 1626665026017, "time_solve_models.TimeSolveSPMe.time_solve_model": 1626665032397}, "ended_at": {"time_setup_models_and_sims.TimeBuildDFN.time_setup_DFN": 1626664991002, "time_setup_models_and_sims.TimeBuildDFNSimulation.time_setup_DFN_simulation": 1626664994171, "time_setup_models_and_sims.TimeBuildSPM.time_setup_SPM": 1626664996282, "time_setup_models_and_sims.TimeBuildSPMSimulation.time_setup_SPM_simulation": 1626664999251, "time_setup_models_and_sims.TimeBuildSPMe.time_setup_SPMe": 1626665002220, "time_setup_models_and_sims.TimeBuildSPMeSimulation.time_setup_SPMe_simulation": 1626665005539, "time_solve_models.TimeSolveDFN.time_solve_model": 1626665026016, "time_solve_models.TimeSolveSPM.time_solve_model": 1626665032396, "time_solve_models.TimeSolveSPMe.time_solve_model": 1626665041384}, "benchmark_version": {"time_setup_models_and_sims.TimeBuildDFN.time_setup_DFN": "5f322e51e6b7e66125ee6949bdf25746005db467e8ffcfdcb3ace170e92bbc3d", "time_setup_models_and_sims.TimeBuildDFNSimulation.time_setup_DFN_simulation": "8de44bc542fa7d4ba28a80f24414a9444b5436673aaebba674918f5f0bfd0ebb", "time_setup_models_and_sims.TimeBuildSPM.time_setup_SPM": "0d0b3f5c67fc2da9a5794c66b70af5a45a09558d1ee95f738745385adb84fbca", "time_setup_models_and_sims.TimeBuildSPMSimulation.time_setup_SPM_simulation": "161220a99418ce4487cc29325cbae897f28d0e44ae07e1dfbfaac2cbc53a4ff9", "time_setup_models_and_sims.TimeBuildSPMe.time_setup_SPMe": "6083f5ff944353395eb4b21c97b02af555fe6528de3cd5283f5e139943945235", "time_setup_models_and_sims.TimeBuildSPMeSimulation.time_setup_SPMe_simulation": "530563cb559427795e3648d9648df9250ae100b7721f69eec356bdda7798c55e", "time_solve_models.TimeSolveDFN.time_solve_model": "914137228e20e5900cec36b0d3865f1faa2f5d479c7d6c2539514791f9ec4430", "time_solve_models.TimeSolveSPM.time_solve_model": "ef1bb5f8d1ddfa59650e20438c4b252d73e5a062714848ce1d6d5269382bc598", "time_solve_models.TimeSolveSPMe.time_solve_model": "20672028872f4620ce85e909bae705d9490de441e926510b2b0e53ff0881d87b"}, "version": 1}