{"results": {"time_setup_models_and_sims.TimeBuildDFN.time_setup_DFN": {"result": [0.5634278109999968], "stats": [{"ci_99": [0.5418273740000075, 0.5767428630000495], "q_25": 0.5535110729999815, "q_75": 0.5704994552500224, "min": 0.5418273740000075, "max": 0.5767428630000495, "mean": 0.561457371000003, "std": 0.011671981755025231, "repeat": 10, "number": 1}]}, "time_setup_models_and_sims.TimeBuildDFNSimulation.time_setup_DFN_simulation": {"result": [0.15730172450000168, 0.3807930190000093], "stats": [{"ci_99": [0.1540565970000216, 0.16099382000001583], "q_25": 0.15541406600003427, "q_75": 0.16024830474997742, "min": 0.1540565970000216, "max": 0.16099382000001583, "mean": 0.15761655140000813, "std": 0.002490794587759315, "repeat": 10, "number": 1}, {"ci_99": [0.3748341370000219, 0.3896601220000093], "q_25": 0.37820491199997264, "q_75": 0.38765684100000897, "min": 0.3748341370000219, "max": 0.3896601220000093, "mean": 0.3824741412999998, "std": 0.00535344289657488, "repeat": 10, "number": 1}], "params": [["False", "True"]]}, "time_setup_models_and_sims.TimeBuildSPM.time_setup_SPM": {"result": [0.33990448850001087], "stats": [{"ci_99": [0.3259303140000043, 0.3439482020000071], "q_25": 0.3318149227499845, "q_75": 0.34242194000000836, "min": 0.3259303140000043, "max": 0.3439482020000071, "mean": 0.3374376381000019, "std": 0.006334986121913787, "repeat": 10, "number": 1}]}, "time_setup_models_and_sims.TimeBuildSPMSimulation.time_setup_SPM_simulation": {"result": [0.15080184949998454, 0.3466193000000146], "stats": [{"ci_99": [0.14383615200000577, 0.15386492600001134], "q_25": 0.15011843224999666, "q_75": 0.15245889050000017, "min": 0.14383615200000577, "max": 0.15386492600001134, "mean": 0.15066550049999705, "std": 0.0027401064762037504, "repeat": 10, "number": 1}, {"ci_99": [0.3242091220000134, 0.3513289480000026], "q_25": 0.3449086890000075, "q_75": 0.3481742830000272, "min": 0.3242091220000134, "max": 0.3513289480000026, "mean": 0.34317243070000814, "std": 0.009406200655883563, "repeat": 10, "number": 1}], "params": [["False", "True"]]}, "time_setup_models_and_sims.TimeBuildSPMe.time_setup_SPMe": {"result": [0.49513429900000006], "stats": [{"ci_99": [0.4818848489999823, 0.4976371489999565], "q_25": 0.4933886084999983, "q_75": 0.49695448175000223, "min": 0.4818848489999823, "max": 0.4976371489999565, "mean": 0.4940360727999916, "std": 0.004374606835996115, "repeat": 10, "number": 1}]}, "time_setup_models_and_sims.TimeBuildSPMeSimulation.time_setup_SPMe_simulation": {"result": [0.16363958699997738, 0.391487063999989], "stats": [{"ci_99": [0.1552156969999885, 0.1669117039999719], "q_25": 0.1598287662500013, "q_75": 0.16612761274998888, "min": 0.1552156969999885, "max": 0.1669117039999719, "mean": 0.16272666849998246, "std": 0.003852777056680948, "repeat": 10, "number": 1}, {"ci_99": [0.375660038999996, 0.40234026300001346], "q_25": 0.3895219612500114, "q_75": 0.39390147325001834, "min": 0.375660038999996, "max": 0.40234026300001346, "mean": 0.3908048431000054, "std": 0.0073237845987784485, "repeat": 10, "number": 1}], "params": [["False", "True"]]}, "time_solve_models.TimeSolveDFN.time_solve_model": {"result": [0.6038444284999969, 0.7965704450000146], "stats": [{"ci_99": [0.5626054329999874, 0.6095130119999794], "q_25": 0.5899873104999998, "q_75": 0.6079290727500037, "min": 0.5626054329999874, "max": 0.6095130119999794, "mean": 0.5973488937999946, "std": 0.014380296923714952, "repeat": 10, "number": 1}, {"ci_99": [0.7686876420000317, 0.8047669530000121], "q_25": 0.7930670325000051, "q_75": 0.8007514372500069, "min": 0.7686876420000317, "max": 0.8047669530000121, "mean": 0.7943170846000072, "std": 0.010064189616325249, "repeat": 10, "number": 1}], "params": [["True", "False"]]}, "time_solve_models.TimeSolveSPM.time_solve_model": {"result": [0.02312712000002648, 0.047914216000009446], "stats": [{"ci_99": [0.021753345000036006, 0.023585741000033522], "q_25": 0.023074020250021476, "q_75": 0.023194976500008124, "min": 0.021753345000036006, "max": 0.023585741000033522, "mean": 0.02304676570002471, "std": 0.0004734433445270023, "repeat": 10, "number": 1}, {"ci_99": [0.04733500200001117, 0.04840342500000361], "q_25": 0.047766567000010696, "q_75": 0.04799070400000005, "min": 0.04733500200001117, "max": 0.04840342500000361, "mean": 0.04790896590001239, "std": 0.0002958215055606182, "repeat": 10, "number": 1}], "params": [["True", "False"]]}, "time_solve_models.TimeSolveSPMe.time_solve_model": {"result": [0.03726434750001317, 0.08388025900001139], "stats": [{"ci_99": [0.03515074099999538, 0.037699766999992335], "q_25": 0.03713561949999189, "q_75": 0.037564861249990145, "min": 0.03515074099999538, "max": 0.037699766999992335, "mean": 0.037053557799993087, "std": 0.0007566333402272622, "repeat": 10, "number": 1}, {"ci_99": [0.07838640500000338, 0.08591672800002925], "q_25": 0.08224623875004511, "q_75": 0.08491544849997013, "min": 0.07838640500000338, "max": 0.08591672800002925, "mean": 0.08329553700000361, "std": 0.0021953037587227504, "repeat": 10, "number": 1}], "params": [["True", "False"]]}}, "params": {"machine": "GitHubRunner", "python": "3.8"}, "requirements": {}, "commit_hash": "f83f0a2c0876dc4ae0b9de2d760fcddd8d2d9ab1", "date": 1626359720000, "env_name": "virtualenv-py3.8", "python": "3.8", "profiles": {}, "started_at": {"time_setup_models_and_sims.TimeBuildDFN.time_setup_DFN": 1626837818376, "time_setup_models_and_sims.TimeBuildDFNSimulation.time_setup_DFN_simulation": 1626837822142, "time_setup_models_and_sims.TimeBuildSPM.time_setup_SPM": 1626837825662, "time_setup_models_and_sims.TimeBuildSPMSimulation.time_setup_SPM_simulation": 1626837827973, "time_setup_models_and_sims.TimeBuildSPMe.time_setup_SPMe": 1626837831242, "time_setup_models_and_sims.TimeBuildSPMeSimulation.time_setup_SPMe_simulation": 1626837834605, "time_solve_models.TimeSolveDFN.time_solve_model": 1626837838275, "time_solve_models.TimeSolveSPM.time_solve_model": 1626837861160, "time_solve_models.TimeSolveSPMe.time_solve_model": 1626837868293}, "ended_at": {"time_setup_models_and_sims.TimeBuildDFN.time_setup_DFN": 1626837822142, "time_setup_models_and_sims.TimeBuildDFNSimulation.time_setup_DFN_simulation": 1626837825661, "time_setup_models_and_sims.TimeBuildSPM.time_setup_SPM": 1626837827972, "time_setup_models_and_sims.TimeBuildSPMSimulation.time_setup_SPM_simulation": 1626837831241, "time_setup_models_and_sims.TimeBuildSPMe.time_setup_SPMe": 1626837834604, "time_setup_models_and_sims.TimeBuildSPMeSimulation.time_setup_SPMe_simulation": 1626837838274, "time_solve_models.TimeSolveDFN.time_solve_model": 1626837861160, "time_solve_models.TimeSolveSPM.time_solve_model": 1626837868292, "time_solve_models.TimeSolveSPMe.time_solve_model": 1626837878383}, "benchmark_version": {"time_setup_models_and_sims.TimeBuildDFN.time_setup_DFN": "5f322e51e6b7e66125ee6949bdf25746005db467e8ffcfdcb3ace170e92bbc3d", "time_setup_models_and_sims.TimeBuildDFNSimulation.time_setup_DFN_simulation": "8de44bc542fa7d4ba28a80f24414a9444b5436673aaebba674918f5f0bfd0ebb", "time_setup_models_and_sims.TimeBuildSPM.time_setup_SPM": "0d0b3f5c67fc2da9a5794c66b70af5a45a09558d1ee95f738745385adb84fbca", "time_setup_models_and_sims.TimeBuildSPMSimulation.time_setup_SPM_simulation": "161220a99418ce4487cc29325cbae897f28d0e44ae07e1dfbfaac2cbc53a4ff9", "time_setup_models_and_sims.TimeBuildSPMe.time_setup_SPMe": "6083f5ff944353395eb4b21c97b02af555fe6528de3cd5283f5e139943945235", "time_setup_models_and_sims.TimeBuildSPMeSimulation.time_setup_SPMe_simulation": "530563cb559427795e3648d9648df9250ae100b7721f69eec356bdda7798c55e", "time_solve_models.TimeSolveDFN.time_solve_model": "914137228e20e5900cec36b0d3865f1faa2f5d479c7d6c2539514791f9ec4430", "time_solve_models.TimeSolveSPM.time_solve_model": "ef1bb5f8d1ddfa59650e20438c4b252d73e5a062714848ce1d6d5269382bc598", "time_solve_models.TimeSolveSPMe.time_solve_model": "20672028872f4620ce85e909bae705d9490de441e926510b2b0e53ff0881d87b"}, "version": 1}