{"results": {"time_setup_models_and_sims.TimeBuildDFN.time_setup_DFN": {"result": [0.44763488499999937], "stats": [{"ci_99": [0.44430941600001006, 0.4513641629999938], "q_25": 0.4463818359999969, "q_75": 0.4492245179999941, "min": 0.44430941600001006, "max": 0.4513641629999938, "mean": 0.44770888709999923, "std": 0.0020573110113763864, "repeat": 10, "number": 1}]}, "time_setup_models_and_sims.TimeBuildDFNSimulation.time_setup_DFN_simulation": {"result": [0.13134828399999066, 0.3181988615000009], "stats": [{"ci_99": [0.12473023399999761, 0.14540926499998363], "q_25": 0.1249810617499989, "q_75": 0.13711470099998735, "min": 0.12473023399999761, "max": 0.14540926499998363, "mean": 0.13202978609999433, "std": 0.007268825741985378, "repeat": 10, "number": 1}, {"ci_99": [0.3008192820000062, 0.33356552499998315], "q_25": 0.30264974324999727, "q_75": 0.3324422950000141, "min": 0.3008192820000062, "max": 0.33356552499998315, "mean": 0.31762902700000095, "std": 0.015137556591064921, "repeat": 10, "number": 1}], "params": [["False", "True"]]}, "time_setup_models_and_sims.TimeBuildSPM.time_setup_SPM": {"result": [0.26901092199999965], "stats": [{"ci_99": [0.2668193569999886, 0.2701191349999874], "q_25": 0.26809618050000594, "q_75": 0.2695658322500094, "min": 0.2668193569999886, "max": 0.2701191349999874, "mean": 0.2687365983999996, "std": 0.0010765311502828009, "repeat": 10, "number": 1}]}, "time_setup_models_and_sims.TimeBuildSPMSimulation.time_setup_SPM_simulation": {"result": [0.12645667549999473, 0.2892554885000109], "stats": [{"ci_99": [0.11888838299999804, 0.13338116399998512], "q_25": 0.11969503825000061, "q_75": 0.13259708375000656, "min": 0.11888838299999804, "max": 0.13338116399998512, "mean": 0.1261475533999999, "std": 0.006518549190253142, "repeat": 10, "number": 1}, {"ci_99": [0.2730219980000044, 0.3041503480000074], "q_25": 0.2738157027499959, "q_75": 0.3040660977499954, "min": 0.2730219980000044, "max": 0.3041503480000074, "mean": 0.28894550760000187, "std": 0.01493224564634255, "repeat": 10, "number": 1}], "params": [["False", "True"]]}, "time_setup_models_and_sims.TimeBuildSPMe.time_setup_SPMe": {"result": [0.3916042224999927], "stats": [{"ci_99": [0.38901076199999807, 0.3938434819999941], "q_25": 0.39053458999999435, "q_75": 0.39189197425001154, "min": 0.38901076199999807, "max": 0.3938434819999941, "mean": 0.39138303439999617, "std": 0.0012576499391875556, "repeat": 10, "number": 1}]}, "time_setup_models_and_sims.TimeBuildSPMeSimulation.time_setup_SPMe_simulation": {"result": [0.13775994350000076, 0.3362277029999987], "stats": [{"ci_99": [0.13176037200000223, 0.14394171699998992], "q_25": 0.1327920285000026, "q_75": 0.14287528424999607, "min": 0.13176037200000223, "max": 0.14394171699998992, "mean": 0.13782713389999798, "std": 0.005282612153949679, "repeat": 10, "number": 1}, {"ci_99": [0.31848000799999454, 0.35137838200000715], "q_25": 0.32155950325000404, "q_75": 0.35020179899999704, "min": 0.31848000799999454, "max": 0.35137838200000715, "mean": 0.3356571295999998, "std": 0.014814357237300166, "repeat": 10, "number": 1}], "params": [["False", "True"]]}, "time_solve_models.TimeSolveDFN.time_solve_model": {"result": [0.4789250045000131, 0.6717234290000107], "stats": [{"ci_99": [0.47386765699999955, 0.48445452500001807], "q_25": 0.47619484524999933, "q_75": 0.48140456574999746, "min": 0.47386765699999955, "max": 0.48445452500001807, "mean": 0.4788864797000031, "std": 0.003301713740433578, "repeat": 10, "number": 1}, {"ci_99": [0.6224142100000165, 0.7193651320000072], "q_25": 0.6242403452500014, "q_75": 0.7119828825000027, "min": 0.6224142100000165, "max": 0.7193651320000072, "mean": 0.6696227395000023, "std": 0.043951976146794317, "repeat": 10, "number": 1}], "params": [["True", "False"]]}, "time_solve_models.TimeSolveSPM.time_solve_model": {"result": [0.020057375500002195, 0.04172816000000523], "stats": [{"ci_99": [0.01989303399997766, 0.020404715999973178], "q_25": 0.01999880999998993, "q_75": 0.020365965999985747, "min": 0.01989303399997766, "max": 0.020404715999973178, "mean": 0.020147805299990294, "std": 0.0001927538220649283, "repeat": 10, "number": 1}, {"ci_99": [0.04147888099998909, 0.042564341999991484], "q_25": 0.04168674575001319, "q_75": 0.04189999749998208, "min": 0.04147888099998909, "max": 0.042564341999991484, "mean": 0.041825490399997986, "std": 0.0002891771642146789, "repeat": 10, "number": 1}], "params": [["True", "False"]]}, "time_solve_models.TimeSolveSPMe.time_solve_model": {"result": [0.03193025400000238, 0.07385087100000476], "stats": [{"ci_99": [0.031698903000005885, 0.03213198299999931], "q_25": 0.031796346749999316, "q_75": 0.03203967875001723, "min": 0.031698903000005885, "max": 0.03213198299999931, "mean": 0.031920609500005526, "std": 0.0001481938262809282, "repeat": 10, "number": 1}, {"ci_99": [0.07334556500001099, 0.07500998099999379], "q_25": 0.07358346775000513, "q_75": 0.07414434925000535, "min": 0.07334556500001099, "max": 0.07500998099999379, "mean": 0.07390792260000296, "std": 0.0004627525560494013, "repeat": 10, "number": 1}], "params": [["True", "False"]]}}, "params": {"machine": "GitHubRunner", "python": "3.8"}, "requirements": {}, "commit_hash": "f83f0a2c0876dc4ae0b9de2d760fcddd8d2d9ab1", "date": 1626359720000, "env_name": "virtualenv-py3.8", "python": "3.8", "profiles": {}, "started_at": {"time_setup_models_and_sims.TimeBuildDFN.time_setup_DFN": 1626751367629, "time_setup_models_and_sims.TimeBuildDFNSimulation.time_setup_DFN_simulation": 1626751370643, "time_setup_models_and_sims.TimeBuildSPM.time_setup_SPM": 1626751373761, "time_setup_models_and_sims.TimeBuildSPMSimulation.time_setup_SPM_simulation": 1626751375620, "time_setup_models_and_sims.TimeBuildSPMe.time_setup_SPMe": 1626751378538, "time_setup_models_and_sims.TimeBuildSPMeSimulation.time_setup_SPMe_simulation": 1626751381200, "time_solve_models.TimeSolveDFN.time_solve_model": 1626751384468, "time_solve_models.TimeSolveSPM.time_solve_model": 1626751402684, "time_solve_models.TimeSolveSPMe.time_solve_model": 1626751408961}, "ended_at": {"time_setup_models_and_sims.TimeBuildDFN.time_setup_DFN": 1626751370643, "time_setup_models_and_sims.TimeBuildDFNSimulation.time_setup_DFN_simulation": 1626751373760, "time_setup_models_and_sims.TimeBuildSPM.time_setup_SPM": 1626751375620, "time_setup_models_and_sims.TimeBuildSPMSimulation.time_setup_SPM_simulation": 1626751378537, "time_setup_models_and_sims.TimeBuildSPMe.time_setup_SPMe": 1626751381200, "time_setup_models_and_sims.TimeBuildSPMeSimulation.time_setup_SPMe_simulation": 1626751384468, "time_solve_models.TimeSolveDFN.time_solve_model": 1626751402684, "time_solve_models.TimeSolveSPM.time_solve_model": 1626751408960, "time_solve_models.TimeSolveSPMe.time_solve_model": 1626751417845}, "benchmark_version": {"time_setup_models_and_sims.TimeBuildDFN.time_setup_DFN": "5f322e51e6b7e66125ee6949bdf25746005db467e8ffcfdcb3ace170e92bbc3d", "time_setup_models_and_sims.TimeBuildDFNSimulation.time_setup_DFN_simulation": "8de44bc542fa7d4ba28a80f24414a9444b5436673aaebba674918f5f0bfd0ebb", "time_setup_models_and_sims.TimeBuildSPM.time_setup_SPM": "0d0b3f5c67fc2da9a5794c66b70af5a45a09558d1ee95f738745385adb84fbca", "time_setup_models_and_sims.TimeBuildSPMSimulation.time_setup_SPM_simulation": "161220a99418ce4487cc29325cbae897f28d0e44ae07e1dfbfaac2cbc53a4ff9", "time_setup_models_and_sims.TimeBuildSPMe.time_setup_SPMe": "6083f5ff944353395eb4b21c97b02af555fe6528de3cd5283f5e139943945235", "time_setup_models_and_sims.TimeBuildSPMeSimulation.time_setup_SPMe_simulation": "530563cb559427795e3648d9648df9250ae100b7721f69eec356bdda7798c55e", "time_solve_models.TimeSolveDFN.time_solve_model": "914137228e20e5900cec36b0d3865f1faa2f5d479c7d6c2539514791f9ec4430", "time_solve_models.TimeSolveSPM.time_solve_model": "ef1bb5f8d1ddfa59650e20438c4b252d73e5a062714848ce1d6d5269382bc598", "time_solve_models.TimeSolveSPMe.time_solve_model": "20672028872f4620ce85e909bae705d9490de441e926510b2b0e53ff0881d87b"}, "version": 1}