{"results": {"time_setup_models_and_sims.TimeBuildDFN.time_setup_DFN": {"result": [0.4509767910000022], "stats": [{"ci_99": [0.4489366109999935, 0.45658461900001157], "q_25": 0.4498918202500093, "q_75": 0.45287033325000436, "min": 0.4489366109999935, "max": 0.45658461900001157, "mean": 0.45180397630000185, "std": 0.0024583864079772196, "repeat": 10, "number": 1}]}, "time_setup_models_and_sims.TimeBuildDFNSimulation.time_setup_DFN_simulation": {"result": [0.1268546224999909, 0.30882158349997724], "stats": [{"ci_99": [0.12615166100002284, 0.12797335600001247], "q_25": 0.12672948750001467, "q_75": 0.12730594674999907, "min": 0.12615166100002284, "max": 0.12797335600001247, "mean": 0.1270000183000036, "std": 0.0004938407694736814, "repeat": 10, "number": 1}, {"ci_99": [0.30722105600000305, 0.31252625200002626], "q_25": 0.3075242354999972, "q_75": 0.3110387007499895, "min": 0.30722105600000305, "max": 0.31252625200002626, "mean": 0.30933055369999635, "std": 0.0018763175972004078, "repeat": 10, "number": 1}], "params": [["False", "True"]]}, "time_setup_models_and_sims.TimeBuildSPM.time_setup_SPM": {"result": [0.27148609350000186], "stats": [{"ci_99": [0.26957561000000396, 0.2749178079999979], "q_25": 0.2704410217500097, "q_75": 0.27338918175000515, "min": 0.26957561000000396, "max": 0.2749178079999979, "mean": 0.27184865090000015, "std": 0.0017755538996736327, "repeat": 10, "number": 1}]}, "time_setup_models_and_sims.TimeBuildSPMSimulation.time_setup_SPM_simulation": {"result": [0.12219812300000399, 0.27800721749999013], "stats": [{"ci_99": [0.1207659890000059, 0.12318686300000081], "q_25": 0.12126988100000347, "q_75": 0.12249335000000627, "min": 0.1207659890000059, "max": 0.12318686300000081, "mean": 0.12194299260000604, "std": 0.0007547784044413897, "repeat": 10, "number": 1}, {"ci_99": [0.2771425580000084, 0.2796063479999873], "q_25": 0.2777017727499853, "q_75": 0.27843209249999035, "min": 0.2771425580000084, "max": 0.2796063479999873, "mean": 0.2781018386999932, "std": 0.0006498657328211542, "repeat": 10, "number": 1}], "params": [["False", "True"]]}, "time_setup_models_and_sims.TimeBuildSPMe.time_setup_SPMe": {"result": [0.3913855714999954], "stats": [{"ci_99": [0.38785342099998843, 0.39277938300000415], "q_25": 0.39029434074998903, "q_75": 0.3917794282499898, "min": 0.38785342099998843, "max": 0.39277938300000415, "mean": 0.39092472619999513, "std": 0.0013398535404923332, "repeat": 10, "number": 1}]}, "time_setup_models_and_sims.TimeBuildSPMeSimulation.time_setup_SPMe_simulation": {"result": [0.1312981829999984, 0.3220302255000007], "stats": [{"ci_99": [0.13066549499998814, 0.13209237599997437], "q_25": 0.13119769899998346, "q_75": 0.13149149350000044, "min": 0.13066549499998814, "max": 0.13209237599997437, "mean": 0.13132826409999154, "std": 0.0004189335781831769, "repeat": 10, "number": 1}, {"ci_99": [0.3175441940000212, 0.32497012300001415], "q_25": 0.3200295039999972, "q_75": 0.32273264425001, "min": 0.3175441940000212, "max": 0.32497012300001415, "mean": 0.321460093500005, "std": 0.002074804510677667, "repeat": 10, "number": 1}], "params": [["False", "True"]]}, "time_solve_models.TimeSolveDFN.time_solve_model": {"result": [0.4751722410000099, 0.622471767499988], "stats": [{"ci_99": [0.47145661600001176, 0.4761736080000105], "q_25": 0.4743205047500183, "q_75": 0.4756477187500039, "min": 0.47145661600001176, "max": 0.4761736080000105, "mean": 0.4745840475000108, "std": 0.0015766875440319315, "repeat": 10, "number": 1}, {"ci_99": [0.6190590239999949, 0.6305536169999755], "q_25": 0.6208502599999974, "q_75": 0.625463030000013, "min": 0.6190590239999949, "max": 0.6305536169999755, "mean": 0.6235343401999984, "std": 0.003609230796063128, "repeat": 10, "number": 1}], "params": [["True", "False"]]}, "time_solve_models.TimeSolveSPM.time_solve_model": {"result": [0.01820786550000264, 0.03744749250002144], "stats": [{"ci_99": [0.018100790999994842, 0.018450994000005494], "q_25": 0.018131852999999865, "q_75": 0.018341740749988844, "min": 0.018100790999994842, "max": 0.018450994000005494, "mean": 0.018236735899995436, "std": 0.00012031066821217992, "repeat": 10, "number": 1}, {"ci_99": [0.03728438999999639, 0.0382490020000148], "q_25": 0.03732121675000144, "q_75": 0.0375626197499912, "min": 0.03728438999999639, "max": 0.0382490020000148, "mean": 0.03751340370000378, "std": 0.000275359420211188, "repeat": 10, "number": 1}], "params": [["True", "False"]]}, "time_solve_models.TimeSolveSPMe.time_solve_model": {"result": [0.028979639000013435, 0.06655054249998216], "stats": [{"ci_99": [0.028622298000016144, 0.029075194000000693], "q_25": 0.028857551500017564, "q_75": 0.029028556500016123, "min": 0.028622298000016144, "max": 0.029075194000000693, "mean": 0.02892614650000951, "std": 0.00014205107708692107, "repeat": 10, "number": 1}, {"ci_99": [0.06576467299998967, 0.06706499100002361], "q_25": 0.06632249375000754, "q_75": 0.06681008150000167, "min": 0.06576467299998967, "max": 0.06706499100002361, "mean": 0.06650181279999856, "std": 0.00037799443166710396, "repeat": 10, "number": 1}], "params": [["True", "False"]]}}, "params": {"machine": "GitHubRunner", "python": "3.8"}, "requirements": {}, "commit_hash": "f83f0a2c0876dc4ae0b9de2d760fcddd8d2d9ab1", "date": 1626359720000, "env_name": "virtualenv-py3.8", "python": "3.8", "profiles": {}, "started_at": {"time_setup_models_and_sims.TimeBuildDFN.time_setup_DFN": 1626578543160, "time_setup_models_and_sims.TimeBuildDFNSimulation.time_setup_DFN_simulation": 1626578546225, "time_setup_models_and_sims.TimeBuildSPM.time_setup_SPM": 1626578549142, "time_setup_models_and_sims.TimeBuildSPMSimulation.time_setup_SPM_simulation": 1626578551053, "time_setup_models_and_sims.TimeBuildSPMe.time_setup_SPMe": 1626578553719, "time_setup_models_and_sims.TimeBuildSPMeSimulation.time_setup_SPMe_simulation": 1626578556381, "time_solve_models.TimeSolveDFN.time_solve_model": 1626578559398, "time_solve_models.TimeSolveSPM.time_solve_model": 1626578577562, "time_solve_models.TimeSolveSPMe.time_solve_model": 1626578583287}, "ended_at": {"time_setup_models_and_sims.TimeBuildDFN.time_setup_DFN": 1626578546224, "time_setup_models_and_sims.TimeBuildDFNSimulation.time_setup_DFN_simulation": 1626578549141, "time_setup_models_and_sims.TimeBuildSPM.time_setup_SPM": 1626578551053, "time_setup_models_and_sims.TimeBuildSPMSimulation.time_setup_SPM_simulation": 1626578553718, "time_setup_models_and_sims.TimeBuildSPMe.time_setup_SPMe": 1626578556381, "time_setup_models_and_sims.TimeBuildSPMeSimulation.time_setup_SPMe_simulation": 1626578559397, "time_solve_models.TimeSolveDFN.time_solve_model": 1626578577562, "time_solve_models.TimeSolveSPM.time_solve_model": 1626578583287, "time_solve_models.TimeSolveSPMe.time_solve_model": 1626578591418}, "benchmark_version": {"time_setup_models_and_sims.TimeBuildDFN.time_setup_DFN": "5f322e51e6b7e66125ee6949bdf25746005db467e8ffcfdcb3ace170e92bbc3d", "time_setup_models_and_sims.TimeBuildDFNSimulation.time_setup_DFN_simulation": "8de44bc542fa7d4ba28a80f24414a9444b5436673aaebba674918f5f0bfd0ebb", "time_setup_models_and_sims.TimeBuildSPM.time_setup_SPM": "0d0b3f5c67fc2da9a5794c66b70af5a45a09558d1ee95f738745385adb84fbca", "time_setup_models_and_sims.TimeBuildSPMSimulation.time_setup_SPM_simulation": "161220a99418ce4487cc29325cbae897f28d0e44ae07e1dfbfaac2cbc53a4ff9", "time_setup_models_and_sims.TimeBuildSPMe.time_setup_SPMe": "6083f5ff944353395eb4b21c97b02af555fe6528de3cd5283f5e139943945235", "time_setup_models_and_sims.TimeBuildSPMeSimulation.time_setup_SPMe_simulation": "530563cb559427795e3648d9648df9250ae100b7721f69eec356bdda7798c55e", "time_solve_models.TimeSolveDFN.time_solve_model": "914137228e20e5900cec36b0d3865f1faa2f5d479c7d6c2539514791f9ec4430", "time_solve_models.TimeSolveSPM.time_solve_model": "ef1bb5f8d1ddfa59650e20438c4b252d73e5a062714848ce1d6d5269382bc598", "time_solve_models.TimeSolveSPMe.time_solve_model": "20672028872f4620ce85e909bae705d9490de441e926510b2b0e53ff0881d87b"}, "version": 1}