{"results": {"time_setup_models_and_sims.TimeBuildDFN.time_setup_DFN": {"result": [0.535928457499999], "stats": [{"ci_99": [0.5255320679999897, 0.5502000230000021], "q_25": 0.534000081250003, "q_75": 0.5398838804999997, "min": 0.5255320679999897, "max": 0.5502000230000021, "mean": 0.5368038024999962, "std": 0.006702238747670783, "repeat": 10, "number": 1}]}, "time_setup_models_and_sims.TimeBuildDFNSimulation.time_setup_DFN_simulation": {"result": [0.14879409349999406, 0.3618645545000021], "stats": [{"ci_99": [0.1474855630000036, 0.15280206200000634], "q_25": 0.14820035999999703, "q_75": 0.15023812774999357, "min": 0.1474855630000036, "max": 0.15280206200000634, "mean": 0.14934846590000034, "std": 0.0015362514817443928, "repeat": 10, "number": 1}, {"ci_99": [0.3534573950000066, 0.36481539000000396], "q_25": 0.3584883487499866, "q_75": 0.36277446099999366, "min": 0.3534573950000066, "max": 0.36481539000000396, "mean": 0.3605883637999995, "std": 0.003215487843685866, "repeat": 10, "number": 1}], "params": [["False", "True"]]}, "time_setup_models_and_sims.TimeBuildSPM.time_setup_SPM": {"result": [0.3217322950000039], "stats": [{"ci_99": [0.31725636499999155, 0.32786563399999125], "q_25": 0.32020606000000384, "q_75": 0.3224353615000055, "min": 0.31725636499999155, "max": 0.32786563399999125, "mean": 0.3221339981, "std": 0.003191250841371152, "repeat": 10, "number": 1}]}, "time_setup_models_and_sims.TimeBuildSPMSimulation.time_setup_SPM_simulation": {"result": [0.1432954824999939, 0.32954559549999374], "stats": [{"ci_99": [0.14159529600001974, 0.1565185299999996], "q_25": 0.14199726049999128, "q_75": 0.14425909875000187, "min": 0.14159529600001974, "max": 0.1565185299999996, "mean": 0.144441360899998, "std": 0.004205656736253681, "repeat": 10, "number": 1}, {"ci_99": [0.32384852699999556, 0.33557422399999837], "q_25": 0.3279636800000034, "q_75": 0.332596850750015, "min": 0.32384852699999556, "max": 0.33557422399999837, "mean": 0.32997325410000117, "std": 0.0032941768902570523, "repeat": 10, "number": 1}], "params": [["False", "True"]]}, "time_setup_models_and_sims.TimeBuildSPMe.time_setup_SPMe": {"result": [0.465972837999999], "stats": [{"ci_99": [0.45771042200001943, 0.47124368400000094], "q_25": 0.46290150375001105, "q_75": 0.46864310700000544, "min": 0.45771042200001943, "max": 0.47124368400000094, "mean": 0.46566615090000313, "std": 0.004139138819442464, "repeat": 10, "number": 1}]}, "time_setup_models_and_sims.TimeBuildSPMeSimulation.time_setup_SPMe_simulation": {"result": [0.1554966789999952, 0.3881434149999876], "stats": [{"ci_99": [0.15251916200000437, 0.1579380439999909], "q_25": 0.15388883399999287, "q_75": 0.15676698774999664, "min": 0.15251916200000437, "max": 0.1579380439999909, "mean": 0.15526245649999454, "std": 0.0017979838608779615, "repeat": 10, "number": 1}, {"ci_99": [0.37315571700000305, 0.39937184599997977], "q_25": 0.3777521372500061, "q_75": 0.3910987732499933, "min": 0.37315571700000305, "max": 0.39937184599997977, "mean": 0.385697818099996, "std": 0.00821865748635888, "repeat": 10, "number": 1}], "params": [["False", "True"]]}, "time_solve_models.TimeSolveDFN.time_solve_model": {"result": [0.5749398074999874, 0.7567886769999888], "stats": [{"ci_99": [0.5656562820000204, 0.6008990999999924], "q_25": 0.5709975862499945, "q_75": 0.5884395624999854, "min": 0.5656562820000204, "max": 0.6008990999999924, "mean": 0.5794570292999964, "std": 0.011144895116465724, "repeat": 10, "number": 1}, {"ci_99": [0.7493764970000143, 0.7685153939999907], "q_25": 0.7516610497499912, "q_75": 0.7587207884999856, "min": 0.7493764970000143, "max": 0.7685153939999907, "mean": 0.7561506971999961, "std": 0.005471430797380094, "repeat": 10, "number": 1}], "params": [["True", "False"]]}, "time_solve_models.TimeSolveSPM.time_solve_model": {"result": [0.022124536500001568, 0.04614398850000612], "stats": [{"ci_99": [0.021854111000010334, 0.024116730000002917], "q_25": 0.021931943500000273, "q_75": 0.023184263750025025, "min": 0.021854111000010334, "max": 0.024116730000002917, "mean": 0.022551947000008, "std": 0.0007618498621728626, "repeat": 10, "number": 1}, {"ci_99": [0.045270754999990004, 0.056291014999999334], "q_25": 0.04580824399998562, "q_75": 0.048459428500002844, "min": 0.045270754999990004, "max": 0.056291014999999334, "mean": 0.0476287904000003, "std": 0.003173096669648766, "repeat": 10, "number": 1}], "params": [["True", "False"]]}, "time_solve_models.TimeSolveSPMe.time_solve_model": {"result": [0.035679775999994945, 0.08401791650000234], "stats": [{"ci_99": [0.03460222900000076, 0.03842778999998586], "q_25": 0.03480249399999025, "q_75": 0.03655288674998047, "min": 0.03460222900000076, "max": 0.03842778999998586, "mean": 0.03590136059999054, "std": 0.0012247743314013086, "repeat": 10, "number": 1}, {"ci_99": [0.07997669400000973, 0.10490193399999725], "q_25": 0.08194493400000624, "q_75": 0.08548049850000439, "min": 0.07997669400000973, "max": 0.10490193399999725, "mean": 0.08550448370000083, "std": 0.00674053269860864, "repeat": 10, "number": 1}], "params": [["True", "False"]]}}, "params": {"machine": "GitHubRunner", "python": "3.8"}, "requirements": {}, "commit_hash": "f83f0a2c0876dc4ae0b9de2d760fcddd8d2d9ab1", "date": 1626359720000, "env_name": "virtualenv-py3.8", "python": "3.8", "profiles": {}, "started_at": {"time_setup_models_and_sims.TimeBuildDFN.time_setup_DFN": 1626405777299, "time_setup_models_and_sims.TimeBuildDFNSimulation.time_setup_DFN_simulation": 1626405780878, "time_setup_models_and_sims.TimeBuildSPM.time_setup_SPM": 1626405784252, "time_setup_models_and_sims.TimeBuildSPMSimulation.time_setup_SPM_simulation": 1626405786464, "time_setup_models_and_sims.TimeBuildSPMe.time_setup_SPMe": 1626405789584, "time_setup_models_and_sims.TimeBuildSPMeSimulation.time_setup_SPMe_simulation": 1626405792750, "time_solve_models.TimeSolveDFN.time_solve_model": 1626405796372, "time_solve_models.TimeSolveSPM.time_solve_model": 1626405818208, "time_solve_models.TimeSolveSPMe.time_solve_model": 1626405825240}, "ended_at": {"time_setup_models_and_sims.TimeBuildDFN.time_setup_DFN": 1626405780878, "time_setup_models_and_sims.TimeBuildDFNSimulation.time_setup_DFN_simulation": 1626405784250, "time_setup_models_and_sims.TimeBuildSPM.time_setup_SPM": 1626405786464, "time_setup_models_and_sims.TimeBuildSPMSimulation.time_setup_SPM_simulation": 1626405789584, "time_setup_models_and_sims.TimeBuildSPMe.time_setup_SPMe": 1626405792750, "time_setup_models_and_sims.TimeBuildSPMeSimulation.time_setup_SPMe_simulation": 1626405796371, "time_solve_models.TimeSolveDFN.time_solve_model": 1626405818207, "time_solve_models.TimeSolveSPM.time_solve_model": 1626405825240, "time_solve_models.TimeSolveSPMe.time_solve_model": 1626405835082}, "benchmark_version": {"time_setup_models_and_sims.TimeBuildDFN.time_setup_DFN": "5f322e51e6b7e66125ee6949bdf25746005db467e8ffcfdcb3ace170e92bbc3d", "time_setup_models_and_sims.TimeBuildDFNSimulation.time_setup_DFN_simulation": "8de44bc542fa7d4ba28a80f24414a9444b5436673aaebba674918f5f0bfd0ebb", "time_setup_models_and_sims.TimeBuildSPM.time_setup_SPM": "0d0b3f5c67fc2da9a5794c66b70af5a45a09558d1ee95f738745385adb84fbca", "time_setup_models_and_sims.TimeBuildSPMSimulation.time_setup_SPM_simulation": "161220a99418ce4487cc29325cbae897f28d0e44ae07e1dfbfaac2cbc53a4ff9", "time_setup_models_and_sims.TimeBuildSPMe.time_setup_SPMe": "6083f5ff944353395eb4b21c97b02af555fe6528de3cd5283f5e139943945235", "time_setup_models_and_sims.TimeBuildSPMeSimulation.time_setup_SPMe_simulation": "530563cb559427795e3648d9648df9250ae100b7721f69eec356bdda7798c55e", "time_solve_models.TimeSolveDFN.time_solve_model": "914137228e20e5900cec36b0d3865f1faa2f5d479c7d6c2539514791f9ec4430", "time_solve_models.TimeSolveSPM.time_solve_model": "ef1bb5f8d1ddfa59650e20438c4b252d73e5a062714848ce1d6d5269382bc598", "time_solve_models.TimeSolveSPMe.time_solve_model": "20672028872f4620ce85e909bae705d9490de441e926510b2b0e53ff0881d87b"}, "version": 1}