{"results": {"time_setup_models_and_sims.TimeBuildDFN.time_setup_DFN": {"result": [0.9278156794998722], "stats": [{"ci_99": [0.8963803450001251, 1.0028907460000482], "q_25": 0.9216957840000077, "q_75": 0.9604064142500874, "min": 0.8963803450001251, "max": 1.0028907460000482, "mean": 0.9396845425000265, "std": 0.030251820647476942, "repeat": 10, "number": 1}]}, "time_setup_models_and_sims.TimeBuildDFNSimulation.time_setup_DFN_simulation": {"result": [0.12425154699997165, 0.20528331349999007], "stats": [{"ci_99": [0.11469949999991513, 0.13539430200012248], "q_25": 0.11814914174999558, "q_75": 0.12777399200007267, "min": 0.11469949999991513, "max": 0.13539430200012248, "mean": 0.12395690520002063, "std": 0.006510016254913607, "repeat": 10, "number": 1}, {"ci_99": [0.19154820100015968, 0.21305971400011003], "q_25": 0.1987644644999591, "q_75": 0.21025076425001998, "min": 0.19154820100015968, "max": 0.21305971400011003, "mean": 0.20385314080001535, "std": 0.007591742085897413, "repeat": 10, "number": 1}], "params": [["False", "True"]]}, "time_setup_models_and_sims.TimeBuildSPM.time_setup_SPM": {"result": [0.7047847004999994], "stats": [{"ci_99": [0.6540291179999258, 0.721302433999881], "q_25": 0.6794445919999816, "q_75": 0.7151225865000015, "min": 0.6540291179999258, "max": 0.721302433999881, "mean": 0.6952831364999611, "std": 0.024071096581906946, "repeat": 10, "number": 1}]}, "time_setup_models_and_sims.TimeBuildSPMSimulation.time_setup_SPM_simulation": {"result": [0.28896300250005424, 0.3422488370000565], "stats": [{"ci_99": [0.26953159499998947, 0.3036653720000686], "q_25": 0.27307594175010763, "q_75": 0.2937294842500364, "min": 0.26953159499998947, "max": 0.3036653720000686, "mean": 0.2856234852000398, "std": 0.011705355807478198, "repeat": 10, "number": 1}, {"ci_99": [0.3316677159998562, 0.3720045249999657], "q_25": 0.3356158235000066, "q_75": 0.35837005500002306, "min": 0.3316677159998562, "max": 0.3720045249999657, "mean": 0.3476544773000114, "std": 0.01411612083396714, "repeat": 10, "number": 1}], "params": [["False", "True"]]}, "time_setup_models_and_sims.TimeBuildSPMe.time_setup_SPMe": {"result": [0.8134075075000737], "stats": [{"ci_99": [0.7691815799998949, 0.8463680190000105], "q_25": 0.7942109857500554, "q_75": 0.8297268962499516, "min": 0.7691815799998949, "max": 0.8463680190000105, "mean": 0.811793248500021, "std": 0.02630846143517311, "repeat": 10, "number": 1}]}, "time_setup_models_and_sims.TimeBuildSPMeSimulation.time_setup_SPMe_simulation": {"result": [0.15338864349996584, 0.24154471050007942], "stats": [{"ci_99": [0.1428821389999939, 0.16296134999993228], "q_25": 0.14572293575008644, "q_75": 0.15787081649995116, "min": 0.1428821389999939, "max": 0.16296134999993228, "mean": 0.15235299149999265, "std": 0.0068200537901396095, "repeat": 10, "number": 1}, {"ci_99": [0.22687978299995848, 0.24908788800007642], "q_25": 0.2364866807498629, "q_75": 0.24382646049997447, "min": 0.22687978299995848, "max": 0.24908788800007642, "mean": 0.2398701157000005, "std": 0.006371188986239708, "repeat": 10, "number": 1}], "params": [["False", "True"]]}, "time_solve_models.TimeSolveDFN.time_solve_model": {"result": [0.9359633565001104, 1.1733715310000434], "stats": [{"ci_99": [0.9014215654203239, 0.9746555352465381], "q_25": 0.9205827590000126, "q_75": 0.9551088520001372, "min": 0.9101390040000297, "max": 0.9692190080002092, "mean": 0.938038550333431, "std": 0.021446083092207163, "repeat": 6, "number": 1}, {"ci_99": [1.1226616950000334, 1.2054724199999782], "q_25": 1.1547798594999108, "q_75": 1.1966780882498824, "min": 1.1226616950000334, "max": 1.2054724199999782, "mean": 1.172101673749978, "std": 0.026124374187856785, "repeat": 8, "number": 1}], "params": [["True", "False"]]}, "time_solve_models.TimeSolveSPM.time_solve_model": {"result": [0.05143066649998218, 0.09924251349991664], "stats": [{"ci_99": [0.04824975099995754, 0.06275652599993009], "q_25": 0.04960343099997999, "q_75": 0.05460270824994495, "min": 0.04824975099995754, "max": 0.06275652599993009, "mean": 0.052688822899972364, "std": 0.004291234298654475, "repeat": 10, "number": 1}, {"ci_99": [0.09562919700010752, 0.10361493400000654], "q_25": 0.09683039899994128, "q_75": 0.10300208425002211, "min": 0.09562919700010752, "max": 0.10361493400000654, "mean": 0.09967886579997867, "std": 0.002995904705775524, "repeat": 10, "number": 1}], "params": [["True", "False"]]}, "time_solve_models.TimeSolveSPMe.time_solve_model": {"result": [0.07303492749997531, 0.15389177750012095], "stats": [{"ci_99": [0.06925485700003264, 0.08164871999997558], "q_25": 0.07046709075007129, "q_75": 0.07644776874997206, "min": 0.06925485700003264, "max": 0.08164871999997558, "mean": 0.07379263140001058, "std": 0.003925494004872107, "repeat": 10, "number": 1}, {"ci_99": [0.14116972700003316, 0.16158613699985835], "q_25": 0.14913638349997882, "q_75": 0.15695418749999135, "min": 0.14116972700003316, "max": 0.16158613699985835, "mean": 0.1526502640999979, "std": 0.0066679079326087305, "repeat": 10, "number": 1}], "params": [["True", "False"]]}}, "params": {"machine": "GitHubRunner", "python": "3.8"}, "requirements": {}, "commit_hash": "fa076b8a571379410c42f4dced7f8ddbecb51338", "date": 1612210558000, "env_name": "virtualenv-py3.8", "python": "3.8", "profiles": {}, "started_at": {"time_setup_models_and_sims.TimeBuildDFN.time_setup_DFN": 1613143003911, "time_setup_models_and_sims.TimeBuildDFNSimulation.time_setup_DFN_simulation": 1613143009833, "time_setup_models_and_sims.TimeBuildSPM.time_setup_SPM": 1613143012048, "time_setup_models_and_sims.TimeBuildSPMSimulation.time_setup_SPM_simulation": 1613143016616, "time_setup_models_and_sims.TimeBuildSPMe.time_setup_SPMe": 1613143020737, "time_setup_models_and_sims.TimeBuildSPMeSimulation.time_setup_SPMe_simulation": 1613143025910, "time_solve_models.TimeSolveDFN.time_solve_model": 1613143028578, "time_solve_models.TimeSolveSPM.time_solve_model": 1613143052958, "time_solve_models.TimeSolveSPMe.time_solve_model": 1613143065200}, "ended_at": {"time_setup_models_and_sims.TimeBuildDFN.time_setup_DFN": 1613143009832, "time_setup_models_and_sims.TimeBuildDFNSimulation.time_setup_DFN_simulation": 1613143012047, "time_setup_models_and_sims.TimeBuildSPM.time_setup_SPM": 1613143016615, "time_setup_models_and_sims.TimeBuildSPMSimulation.time_setup_SPM_simulation": 1613143020737, "time_setup_models_and_sims.TimeBuildSPMe.time_setup_SPMe": 1613143025910, "time_setup_models_and_sims.TimeBuildSPMeSimulation.time_setup_SPMe_simulation": 1613143028577, "time_solve_models.TimeSolveDFN.time_solve_model": 1613143052957, "time_solve_models.TimeSolveSPM.time_solve_model": 1613143065200, "time_solve_models.TimeSolveSPMe.time_solve_model": 1613143080202}, "benchmark_version": {"time_setup_models_and_sims.TimeBuildDFN.time_setup_DFN": "5f322e51e6b7e66125ee6949bdf25746005db467e8ffcfdcb3ace170e92bbc3d", "time_setup_models_and_sims.TimeBuildDFNSimulation.time_setup_DFN_simulation": "8de44bc542fa7d4ba28a80f24414a9444b5436673aaebba674918f5f0bfd0ebb", "time_setup_models_and_sims.TimeBuildSPM.time_setup_SPM": "0d0b3f5c67fc2da9a5794c66b70af5a45a09558d1ee95f738745385adb84fbca", "time_setup_models_and_sims.TimeBuildSPMSimulation.time_setup_SPM_simulation": "161220a99418ce4487cc29325cbae897f28d0e44ae07e1dfbfaac2cbc53a4ff9", "time_setup_models_and_sims.TimeBuildSPMe.time_setup_SPMe": "6083f5ff944353395eb4b21c97b02af555fe6528de3cd5283f5e139943945235", "time_setup_models_and_sims.TimeBuildSPMeSimulation.time_setup_SPMe_simulation": "530563cb559427795e3648d9648df9250ae100b7721f69eec356bdda7798c55e", "time_solve_models.TimeSolveDFN.time_solve_model": "914137228e20e5900cec36b0d3865f1faa2f5d479c7d6c2539514791f9ec4430", "time_solve_models.TimeSolveSPM.time_solve_model": "ef1bb5f8d1ddfa59650e20438c4b252d73e5a062714848ce1d6d5269382bc598", "time_solve_models.TimeSolveSPMe.time_solve_model": "20672028872f4620ce85e909bae705d9490de441e926510b2b0e53ff0881d87b"}, "version": 1}