{"results": {"time_setup_models_and_sims.TimeBuildDFN.time_setup_DFN": {"result": [0.943841629499957], "stats": [{"ci_99": [0.9053912309996122, 1.006309174999842], "q_25": 0.9300664024999605, "q_75": 0.9631833330000745, "min": 0.9053912309996122, "max": 1.006309174999842, "mean": 0.9491974027999277, "std": 0.027772253218887422, "repeat": 10, "number": 1}]}, "time_setup_models_and_sims.TimeBuildDFNSimulation.time_setup_DFN_simulation": {"result": [0.12528799350002373, 0.20250559199985219], "stats": [{"ci_99": [0.1171820900003695, 0.13102747200036902], "q_25": 0.12056851149998238, "q_75": 0.12807748000011543, "min": 0.1171820900003695, "max": 0.13102747200036902, "mean": 0.1244215556000654, "std": 0.004534668904171656, "repeat": 10, "number": 1}, {"ci_99": [0.1910136340002282, 0.2103597489999629], "q_25": 0.1970042414997124, "q_75": 0.20844610150004428, "min": 0.1910136340002282, "max": 0.2103597489999629, "mean": 0.20232795579991034, "std": 0.006451892770479825, "repeat": 10, "number": 1}], "params": [["False", "True"]]}, "time_setup_models_and_sims.TimeBuildSPM.time_setup_SPM": {"result": [0.6944874029998118], "stats": [{"ci_99": [0.6665024540002378, 0.711202785000296], "q_25": 0.6822092982500862, "q_75": 0.6952455404999682, "min": 0.6665024540002378, "max": 0.711202785000296, "mean": 0.6891745418000482, "std": 0.012176572853314697, "repeat": 10, "number": 1}]}, "time_setup_models_and_sims.TimeBuildSPMSimulation.time_setup_SPM_simulation": {"result": [0.2966629525001281, 0.3659731610000563], "stats": [{"ci_99": [0.2858390809997218, 0.32835203200011165], "q_25": 0.28986338399977285, "q_75": 0.30116463650006153, "min": 0.2858390809997218, "max": 0.32835203200011165, "mean": 0.2993839784999636, "std": 0.0127374581049667, "repeat": 10, "number": 1}, {"ci_99": [0.34317341799987844, 0.38207176600008097], "q_25": 0.3498437319998402, "q_75": 0.37097949925009743, "min": 0.34317341799987844, "max": 0.38207176600008097, "mean": 0.3628247127999657, "std": 0.013057628262386687, "repeat": 10, "number": 1}], "params": [["False", "True"]]}, "time_setup_models_and_sims.TimeBuildSPMe.time_setup_SPMe": {"result": [0.8013945804998457], "stats": [{"ci_99": [0.7809131270000762, 0.8610662040000534], "q_25": 0.7907017982500975, "q_75": 0.8183214910002334, "min": 0.7809131270000762, "max": 0.8610662040000534, "mean": 0.8079409594000027, "std": 0.02257661695398461, "repeat": 10, "number": 1}]}, "time_setup_models_and_sims.TimeBuildSPMeSimulation.time_setup_SPMe_simulation": {"result": [0.14655066499994973, 0.23771310250026545], "stats": [{"ci_99": [0.14254393800001708, 0.14840327199999592], "q_25": 0.14436213049998514, "q_75": 0.14768206774999726, "min": 0.14254393800001708, "max": 0.14840327199999592, "mean": 0.1459019910999814, "std": 0.002016248440801423, "repeat": 10, "number": 1}, {"ci_99": [0.22556283699987034, 0.25222739399987404], "q_25": 0.22838165050029602, "q_75": 0.23981864274992404, "min": 0.22556283699987034, "max": 0.25222739399987404, "mean": 0.23570928100002675, "std": 0.007858255580448077, "repeat": 10, "number": 1}], "params": [["False", "True"]]}, "time_solve_models.TimeSolveDFN.time_solve_model": {"result": [1.4410395960001097, 1.665442469000027], "stats": [{"ci_99": [1.4148355988070094, 1.482635873000163], "q_25": 1.432326234750235, "q_75": 1.4459288534998223, "min": 1.4189238919998388, "max": 1.482635873000163, "mean": 1.4434365573333707, "std": 0.01977419161492619, "repeat": 6, "number": 1}, {"ci_99": [1.6295666331240088, 1.6964119190001838], "q_25": 1.6433755605000897, "q_75": 1.6726636960001997, "min": 1.631098662000113, "max": 1.6964119190001838, "mean": 1.6607187947144146, "std": 0.02163004368784625, "repeat": 7, "number": 1}], "params": [["True", "False"]]}, "time_solve_models.TimeSolveSPM.time_solve_model": {"result": [0.0658544874997915, 0.11835359600013362], "stats": [{"ci_99": [0.06388547700044, 0.07588754799962771], "q_25": 0.06512150875005318, "q_75": 0.06812679949985068, "min": 0.06388547700044, "max": 0.07588754799962771, "mean": 0.06735698620000222, "std": 0.003488514773243296, "repeat": 10, "number": 1}, {"ci_99": [0.11376956599997357, 0.1298376599997937], "q_25": 0.11539497699982348, "q_75": 0.12243724724999083, "min": 0.11376956599997357, "max": 0.1298376599997937, "mean": 0.11993311500000345, "std": 0.00549341352387503, "repeat": 10, "number": 1}], "params": [["True", "False"]]}, "time_solve_models.TimeSolveSPMe.time_solve_model": {"result": [0.10310655800003588, 0.18130841800007147], "stats": [{"ci_99": [0.09793897300005483, 0.11007884899981946], "q_25": 0.101209517249913, "q_75": 0.10527754500014908, "min": 0.09793897300005483, "max": 0.11007884899981946, "mean": 0.10353661829994962, "std": 0.003346069793961266, "repeat": 10, "number": 1}, {"ci_99": [0.1754269260000001, 0.185497684999973], "q_25": 0.18050576149983044, "q_75": 0.18303532849984094, "min": 0.1754269260000001, "max": 0.185497684999973, "mean": 0.18109440309995078, "std": 0.0032188714508385413, "repeat": 10, "number": 1}], "params": [["True", "False"]]}}, "params": {"machine": "GitHubRunner", "python": "3.8"}, "requirements": {}, "commit_hash": "faa3167dbcb6cf621f1727c4132d321359d0f24d", "date": 1609747185000, "env_name": "virtualenv-py3.8", "python": "3.8", "profiles": {}, "started_at": {"time_setup_models_and_sims.TimeBuildDFN.time_setup_DFN": 1613144498364, "time_setup_models_and_sims.TimeBuildDFNSimulation.time_setup_DFN_simulation": 1613144504235, "time_setup_models_and_sims.TimeBuildSPM.time_setup_SPM": 1613144506451, "time_setup_models_and_sims.TimeBuildSPMSimulation.time_setup_SPM_simulation": 1613144510918, "time_setup_models_and_sims.TimeBuildSPMe.time_setup_SPMe": 1613144515141, "time_setup_models_and_sims.TimeBuildSPMeSimulation.time_setup_SPMe_simulation": 1613144520311, "time_solve_models.TimeSolveDFN.time_solve_model": 1613144522883, "time_solve_models.TimeSolveSPM.time_solve_model": 1613144551077, "time_solve_models.TimeSolveSPMe.time_solve_model": 1613144563723}, "ended_at": {"time_setup_models_and_sims.TimeBuildDFN.time_setup_DFN": 1613144504235, "time_setup_models_and_sims.TimeBuildDFNSimulation.time_setup_DFN_simulation": 1613144506450, "time_setup_models_and_sims.TimeBuildSPM.time_setup_SPM": 1613144510917, "time_setup_models_and_sims.TimeBuildSPMSimulation.time_setup_SPM_simulation": 1613144515140, "time_setup_models_and_sims.TimeBuildSPMe.time_setup_SPMe": 1613144520311, "time_setup_models_and_sims.TimeBuildSPMeSimulation.time_setup_SPMe_simulation": 1613144522882, "time_solve_models.TimeSolveDFN.time_solve_model": 1613144551076, "time_solve_models.TimeSolveSPM.time_solve_model": 1613144563722, "time_solve_models.TimeSolveSPMe.time_solve_model": 1613144578834}, "benchmark_version": {"time_setup_models_and_sims.TimeBuildDFN.time_setup_DFN": "5f322e51e6b7e66125ee6949bdf25746005db467e8ffcfdcb3ace170e92bbc3d", "time_setup_models_and_sims.TimeBuildDFNSimulation.time_setup_DFN_simulation": "8de44bc542fa7d4ba28a80f24414a9444b5436673aaebba674918f5f0bfd0ebb", "time_setup_models_and_sims.TimeBuildSPM.time_setup_SPM": "0d0b3f5c67fc2da9a5794c66b70af5a45a09558d1ee95f738745385adb84fbca", "time_setup_models_and_sims.TimeBuildSPMSimulation.time_setup_SPM_simulation": "161220a99418ce4487cc29325cbae897f28d0e44ae07e1dfbfaac2cbc53a4ff9", "time_setup_models_and_sims.TimeBuildSPMe.time_setup_SPMe": "6083f5ff944353395eb4b21c97b02af555fe6528de3cd5283f5e139943945235", "time_setup_models_and_sims.TimeBuildSPMeSimulation.time_setup_SPMe_simulation": "530563cb559427795e3648d9648df9250ae100b7721f69eec356bdda7798c55e", "time_solve_models.TimeSolveDFN.time_solve_model": "914137228e20e5900cec36b0d3865f1faa2f5d479c7d6c2539514791f9ec4430", "time_solve_models.TimeSolveSPM.time_solve_model": "ef1bb5f8d1ddfa59650e20438c4b252d73e5a062714848ce1d6d5269382bc598", "time_solve_models.TimeSolveSPMe.time_solve_model": "20672028872f4620ce85e909bae705d9490de441e926510b2b0e53ff0881d87b"}, "version": 1}