{"results": {"time_setup_models_and_sims.TimeBuildDFN.time_setup_DFN": {"result": [0.5094120830000008], "stats": [{"ci_99": [0.5031170549999899, 0.5131139599999983], "q_25": 0.5053334372500018, "q_75": 0.5120843204999943, "min": 0.5031170549999899, "max": 0.5131139599999983, "mean": 0.5086944322999983, "std": 0.0037010866037789653, "repeat": 10, "number": 1}]}, "time_setup_models_and_sims.TimeBuildDFNSimulation.time_setup_DFN_simulation": {"result": [0.1158571094999985, 0.28302309099996137], "stats": [{"ci_99": [0.11237465499999644, 0.11836298999998007], "q_25": 0.11339330900001698, "q_75": 0.11731122750001077, "min": 0.11237465499999644, "max": 0.11836298999998007, "mean": 0.11544413760000224, "std": 0.00209300691460221, "repeat": 10, "number": 1}, {"ci_99": [0.27913761500002465, 0.28610520199998746], "q_25": 0.2808428212499763, "q_75": 0.28361621425000294, "min": 0.27913761500002465, "max": 0.28610520199998746, "mean": 0.28258082859998696, "std": 0.0021653933035938053, "repeat": 10, "number": 1}], "params": [["False", "True"]]}, "time_setup_models_and_sims.TimeBuildSPM.time_setup_SPM": {"result": [0.3123264820000031], "stats": [{"ci_99": [0.30936204599998973, 0.3162664469999754], "q_25": 0.3103322437499685, "q_75": 0.3136948392499903, "min": 0.30936204599998973, "max": 0.3162664469999754, "mean": 0.3124002603999941, "std": 0.0022743851491223805, "repeat": 10, "number": 1}]}, "time_setup_models_and_sims.TimeBuildSPMSimulation.time_setup_SPM_simulation": {"result": [0.14102572999999552, 0.3149840279999978], "stats": [{"ci_99": [0.13575499399996716, 0.14288651099997196], "q_25": 0.13665299049999646, "q_75": 0.14252565325003275, "min": 0.13575499399996716, "max": 0.14288651099997196, "mean": 0.13973844380000172, "std": 0.0029360924622101265, "repeat": 10, "number": 1}, {"ci_99": [0.3092149849999828, 0.31742717800000264], "q_25": 0.31014421200002573, "q_75": 0.315385999249969, "min": 0.3092149849999828, "max": 0.31742717800000264, "mean": 0.3134159282999974, "std": 0.0030451033242263207, "repeat": 10, "number": 1}], "params": [["False", "True"]]}, "time_setup_models_and_sims.TimeBuildSPMe.time_setup_SPMe": {"result": [0.4420814400000097], "stats": [{"ci_99": [0.44040896500001736, 0.4468881370000304], "q_25": 0.44140192924999155, "q_75": 0.44467972574999237, "min": 0.44040896500001736, "max": 0.4468881370000304, "mean": 0.44289930100000563, "std": 0.0021553475660856226, "repeat": 10, "number": 1}]}, "time_setup_models_and_sims.TimeBuildSPMeSimulation.time_setup_SPMe_simulation": {"result": [0.13065503550001267, 0.3214790090000008], "stats": [{"ci_99": [0.1276251389999743, 0.13405656600002658], "q_25": 0.12825212974996703, "q_75": 0.1318313882500064, "min": 0.1276251389999743, "max": 0.13405656600002658, "mean": 0.1305075429999988, "std": 0.002256624365858425, "repeat": 10, "number": 1}, {"ci_99": [0.31690714500001604, 0.32445823900002324], "q_25": 0.3178074592500053, "q_75": 0.32194405900001755, "min": 0.31690714500001604, "max": 0.32445823900002324, "mean": 0.32044646479999983, "std": 0.00245867693561166, "repeat": 10, "number": 1}], "params": [["False", "True"]]}, "time_solve_models.TimeSolveDFN.time_solve_model": {"result": [0.5145392235000372, 0.673992147000007], "stats": [{"ci_99": [0.5100727080000524, 0.5162373360000174], "q_25": 0.5123366402499556, "q_75": 0.514814380499999, "min": 0.5100727080000524, "max": 0.5162373360000174, "mean": 0.5137895043000128, "std": 0.0018980865391519971, "repeat": 10, "number": 1}, {"ci_99": [0.6679394239999965, 0.6802683870000124], "q_25": 0.6703236082500297, "q_75": 0.677059352000029, "min": 0.6679394239999965, "max": 0.6802683870000124, "mean": 0.6739338064000094, "std": 0.003990465254740737, "repeat": 10, "number": 1}], "params": [["True", "False"]]}, "time_solve_models.TimeSolveSPM.time_solve_model": {"result": [0.019560698999981696, 0.04121331999999711], "stats": [{"ci_99": [0.019469728999979452, 0.01967304999999442], "q_25": 0.01952919774998918, "q_75": 0.019603072000023758, "min": 0.019469728999979452, "max": 0.01967304999999442, "mean": 0.019566946199989842, "std": 5.953145247473826e-05, "repeat": 10, "number": 1}, {"ci_99": [0.04102242199996908, 0.04148772700000336], "q_25": 0.041124170000003346, "q_75": 0.04137362524998878, "min": 0.04102242199996908, "max": 0.04148772700000336, "mean": 0.04123836229999256, "std": 0.0001628738546324485, "repeat": 10, "number": 1}], "params": [["True", "False"]]}, "time_solve_models.TimeSolveSPMe.time_solve_model": {"result": [0.028812060999968025, 0.07185940100001176], "stats": [{"ci_99": [0.0287259990000166, 0.029011265999997704], "q_25": 0.028766993250016526, "q_75": 0.028904550000007134, "min": 0.0287259990000166, "max": 0.029011265999997704, "mean": 0.02884205080000015, "std": 9.90621113190587e-05, "repeat": 10, "number": 1}, {"ci_99": [0.07149398999996492, 0.07251350300003878], "q_25": 0.07168988125000908, "q_75": 0.07207328600001972, "min": 0.07149398999996492, "max": 0.07251350300003878, "mean": 0.07189224730000773, "std": 0.0002938993059904607, "repeat": 10, "number": 1}], "params": [["True", "False"]]}}, "params": {"machine": "GitHubRunner", "python": "3.8"}, "requirements": {}, "commit_hash": "fb6ebaa12900d227d3a247afdb7acfa9f5b7c62d", "date": 1640879206000, "env_name": "virtualenv-py3.8", "python": "3.8", "profiles": {}, "started_at": {"time_setup_models_and_sims.TimeBuildDFN.time_setup_DFN": 1641093739679, "time_setup_models_and_sims.TimeBuildDFNSimulation.time_setup_DFN_simulation": 1641093743197, "time_setup_models_and_sims.TimeBuildSPM.time_setup_SPM": 1641093746114, "time_setup_models_and_sims.TimeBuildSPMSimulation.time_setup_SPM_simulation": 1641093748375, "time_setup_models_and_sims.TimeBuildSPMe.time_setup_SPMe": 1641093751695, "time_setup_models_and_sims.TimeBuildSPMeSimulation.time_setup_SPMe_simulation": 1641093754809, "time_solve_models.TimeSolveDFN.time_solve_model": 1641093758029, "time_solve_models.TimeSolveSPM.time_solve_model": 1641093777948, "time_solve_models.TimeSolveSPMe.time_solve_model": 1641093784528}, "ended_at": {"time_setup_models_and_sims.TimeBuildDFN.time_setup_DFN": 1641093743197, "time_setup_models_and_sims.TimeBuildDFNSimulation.time_setup_DFN_simulation": 1641093746113, "time_setup_models_and_sims.TimeBuildSPM.time_setup_SPM": 1641093748375, "time_setup_models_and_sims.TimeBuildSPMSimulation.time_setup_SPM_simulation": 1641093751695, "time_setup_models_and_sims.TimeBuildSPMe.time_setup_SPMe": 1641093754808, "time_setup_models_and_sims.TimeBuildSPMeSimulation.time_setup_SPMe_simulation": 1641093758028, "time_solve_models.TimeSolveDFN.time_solve_model": 1641093777947, "time_solve_models.TimeSolveSPM.time_solve_model": 1641093784527, "time_solve_models.TimeSolveSPMe.time_solve_model": 1641093793713}, "benchmark_version": {"time_setup_models_and_sims.TimeBuildDFN.time_setup_DFN": "5f322e51e6b7e66125ee6949bdf25746005db467e8ffcfdcb3ace170e92bbc3d", "time_setup_models_and_sims.TimeBuildDFNSimulation.time_setup_DFN_simulation": "8de44bc542fa7d4ba28a80f24414a9444b5436673aaebba674918f5f0bfd0ebb", "time_setup_models_and_sims.TimeBuildSPM.time_setup_SPM": "0d0b3f5c67fc2da9a5794c66b70af5a45a09558d1ee95f738745385adb84fbca", "time_setup_models_and_sims.TimeBuildSPMSimulation.time_setup_SPM_simulation": "161220a99418ce4487cc29325cbae897f28d0e44ae07e1dfbfaac2cbc53a4ff9", "time_setup_models_and_sims.TimeBuildSPMe.time_setup_SPMe": "6083f5ff944353395eb4b21c97b02af555fe6528de3cd5283f5e139943945235", "time_setup_models_and_sims.TimeBuildSPMeSimulation.time_setup_SPMe_simulation": "530563cb559427795e3648d9648df9250ae100b7721f69eec356bdda7798c55e", "time_solve_models.TimeSolveDFN.time_solve_model": "914137228e20e5900cec36b0d3865f1faa2f5d479c7d6c2539514791f9ec4430", "time_solve_models.TimeSolveSPM.time_solve_model": "ef1bb5f8d1ddfa59650e20438c4b252d73e5a062714848ce1d6d5269382bc598", "time_solve_models.TimeSolveSPMe.time_solve_model": "20672028872f4620ce85e909bae705d9490de441e926510b2b0e53ff0881d87b"}, "version": 1}