{"results": {"time_setup_models_and_sims.TimeBuildDFN.time_setup_DFN": {"result": [0.7636377015000164], "stats": [{"ci_99": [0.7286310149999622, 0.792113301000029], "q_25": 0.7452532559999838, "q_75": 0.7769884195000003, "min": 0.7286310149999622, "max": 0.792113301000029, "mean": 0.7616628955000067, "std": 0.020959990849261482, "repeat": 10, "number": 1}]}, "time_setup_models_and_sims.TimeBuildDFNSimulation.time_setup_DFN_simulation": {"result": [0.16181650900000477, 0.38638542099999995], "stats": [{"ci_99": [0.14348696299998664, 0.1746223409999743], "q_25": 0.1531117170000016, "q_75": 0.16494508974999178, "min": 0.14348696299998664, "max": 0.1746223409999743, "mean": 0.16004968679999934, "std": 0.009972188639571949, "repeat": 10, "number": 1}, {"ci_99": [0.3805301790000044, 0.41209276899996894], "q_25": 0.38214106650001156, "q_75": 0.4047751375000104, "min": 0.3805301790000044, "max": 0.41209276899996894, "mean": 0.39283344250000596, "std": 0.012149628480564098, "repeat": 10, "number": 1}], "params": [["False", "True"]]}, "time_setup_models_and_sims.TimeBuildSPM.time_setup_SPM": {"result": [0.4625068379999959], "stats": [{"ci_99": [0.43337914699998237, 0.4795956049999859], "q_25": 0.4529391767500215, "q_75": 0.47304337075000547, "min": 0.43337914699998237, "max": 0.4795956049999859, "mean": 0.46064465889999723, "std": 0.015082987919313603, "repeat": 10, "number": 1}]}, "time_setup_models_and_sims.TimeBuildSPMSimulation.time_setup_SPM_simulation": {"result": [0.19514705399996046, 0.4306293715000322], "stats": [{"ci_99": [0.1782908700000121, 0.20510940799999844], "q_25": 0.18702925224998523, "q_75": 0.19887420800000655, "min": 0.1782908700000121, "max": 0.20510940799999844, "mean": 0.1926003423999873, "std": 0.008362396478379611, "repeat": 10, "number": 1}, {"ci_99": [0.41868093300001874, 0.4484016260000203], "q_25": 0.4211896589999924, "q_75": 0.4375422619999938, "min": 0.41868093300001874, "max": 0.4484016260000203, "mean": 0.4305449915000111, "std": 0.009587786540140452, "repeat": 10, "number": 1}], "params": [["False", "True"]]}, "time_setup_models_and_sims.TimeBuildSPMe.time_setup_SPMe": {"result": [0.645573082999988], "stats": [{"ci_99": [0.6161620729999981, 0.6755203479999636], "q_25": 0.6347427402500188, "q_75": 0.6574408067499604, "min": 0.6161620729999981, "max": 0.6755203479999636, "mean": 0.6452995110999893, "std": 0.016392912413193565, "repeat": 10, "number": 1}]}, "time_setup_models_and_sims.TimeBuildSPMeSimulation.time_setup_SPMe_simulation": {"result": [0.18259279849999643, 0.4606705099999999], "stats": [{"ci_99": [0.17651699999998982, 0.20010371700004725], "q_25": 0.17859445675003371, "q_75": 0.18885743299999547, "min": 0.17651699999998982, "max": 0.20010371700004725, "mean": 0.18473491860000876, "std": 0.00732051310315909, "repeat": 10, "number": 1}, {"ci_99": [0.43275059100000135, 0.5020602259999691], "q_25": 0.45780482199999994, "q_75": 0.4780072034999989, "min": 0.43275059100000135, "max": 0.5020602259999691, "mean": 0.4665447425000025, "std": 0.019245799951742783, "repeat": 10, "number": 1}], "params": [["False", "True"]]}, "time_solve_models.TimeSolveDFN.time_solve_model": {"result": [0.6139883219999547, 0.7869186890000037], "stats": [{"ci_99": [0.543123487999992, 0.6597485120000215], "q_25": 0.5887560070000291, "q_75": 0.6344390579999981, "min": 0.543123487999992, "max": 0.6597485120000215, "mean": 0.6112305253333261, "std": 0.03621297346626415, "repeat": 9, "number": 1}, {"ci_99": [0.7129553350000037, 0.8304299050000168], "q_25": 0.7736916142499837, "q_75": 0.7918395199999964, "min": 0.7129553350000037, "max": 0.8304299050000168, "mean": 0.7827923961000011, "std": 0.03152417496984019, "repeat": 10, "number": 1}], "params": [["True", "False"]]}, "time_solve_models.TimeSolveSPM.time_solve_model": {"result": [0.02827997349999123, 0.056119284000004654], "stats": [{"ci_99": [0.026080688000035934, 0.031106863999980305], "q_25": 0.026822201499982157, "q_75": 0.029614791750020686, "min": 0.026080688000035934, "max": 0.031106863999980305, "mean": 0.02835507359999383, "std": 0.0016970230543684706, "repeat": 10, "number": 1}, {"ci_99": [0.05173559299998942, 0.06016680099997984], "q_25": 0.05352435825000157, "q_75": 0.0580652177499843, "min": 0.05173559299998942, "max": 0.06016680099997984, "mean": 0.05582801789999507, "std": 0.0027220296670610903, "repeat": 10, "number": 1}], "params": [["True", "False"]]}, "time_solve_models.TimeSolveSPMe.time_solve_model": {"result": [0.04038611400002878, 0.0951933135000047], "stats": [{"ci_99": [0.03874972300002355, 0.04356452899997976], "q_25": 0.039883014000011485, "q_75": 0.04075478824999834, "min": 0.03874972300002355, "max": 0.04356452899997976, "mean": 0.04058089470000255, "std": 0.0013617952674447843, "repeat": 10, "number": 1}, {"ci_99": [0.08615672700000232, 0.10577435300001525], "q_25": 0.09147763925001584, "q_75": 0.0989750570000183, "min": 0.08615672700000232, "max": 0.10577435300001525, "mean": 0.09565246450001155, "std": 0.005940119644551312, "repeat": 10, "number": 1}], "params": [["True", "False"]]}}, "params": {"machine": "GitHubRunner", "python": "3.8"}, "requirements": {}, "commit_hash": "fb6ebaa12900d227d3a247afdb7acfa9f5b7c62d", "date": 1640879206000, "env_name": "virtualenv-py3.8", "python": "3.8", "profiles": {}, "started_at": {"time_setup_models_and_sims.TimeBuildDFN.time_setup_DFN": 1641180188054, "time_setup_models_and_sims.TimeBuildDFNSimulation.time_setup_DFN_simulation": 1641180193072, "time_setup_models_and_sims.TimeBuildSPM.time_setup_SPM": 1641180196890, "time_setup_models_and_sims.TimeBuildSPMSimulation.time_setup_SPM_simulation": 1641180200102, "time_setup_models_and_sims.TimeBuildSPMe.time_setup_SPMe": 1641180204372, "time_setup_models_and_sims.TimeBuildSPMeSimulation.time_setup_SPMe_simulation": 1641180208787, "time_solve_models.TimeSolveDFN.time_solve_model": 1641180213107, "time_solve_models.TimeSolveSPM.time_solve_model": 1641180236987, "time_solve_models.TimeSolveSPMe.time_solve_model": 1641180246472}, "ended_at": {"time_setup_models_and_sims.TimeBuildDFN.time_setup_DFN": 1641180193071, "time_setup_models_and_sims.TimeBuildDFNSimulation.time_setup_DFN_simulation": 1641180196889, "time_setup_models_and_sims.TimeBuildSPM.time_setup_SPM": 1641180200102, "time_setup_models_and_sims.TimeBuildSPMSimulation.time_setup_SPM_simulation": 1641180204371, "time_setup_models_and_sims.TimeBuildSPMe.time_setup_SPMe": 1641180208787, "time_setup_models_and_sims.TimeBuildSPMeSimulation.time_setup_SPMe_simulation": 1641180213106, "time_solve_models.TimeSolveDFN.time_solve_model": 1641180236986, "time_solve_models.TimeSolveSPM.time_solve_model": 1641180246472, "time_solve_models.TimeSolveSPMe.time_solve_model": 1641180260019}, "benchmark_version": {"time_setup_models_and_sims.TimeBuildDFN.time_setup_DFN": "5f322e51e6b7e66125ee6949bdf25746005db467e8ffcfdcb3ace170e92bbc3d", "time_setup_models_and_sims.TimeBuildDFNSimulation.time_setup_DFN_simulation": "8de44bc542fa7d4ba28a80f24414a9444b5436673aaebba674918f5f0bfd0ebb", "time_setup_models_and_sims.TimeBuildSPM.time_setup_SPM": "0d0b3f5c67fc2da9a5794c66b70af5a45a09558d1ee95f738745385adb84fbca", "time_setup_models_and_sims.TimeBuildSPMSimulation.time_setup_SPM_simulation": "161220a99418ce4487cc29325cbae897f28d0e44ae07e1dfbfaac2cbc53a4ff9", "time_setup_models_and_sims.TimeBuildSPMe.time_setup_SPMe": "6083f5ff944353395eb4b21c97b02af555fe6528de3cd5283f5e139943945235", "time_setup_models_and_sims.TimeBuildSPMeSimulation.time_setup_SPMe_simulation": "530563cb559427795e3648d9648df9250ae100b7721f69eec356bdda7798c55e", "time_solve_models.TimeSolveDFN.time_solve_model": "914137228e20e5900cec36b0d3865f1faa2f5d479c7d6c2539514791f9ec4430", "time_solve_models.TimeSolveSPM.time_solve_model": "ef1bb5f8d1ddfa59650e20438c4b252d73e5a062714848ce1d6d5269382bc598", "time_solve_models.TimeSolveSPMe.time_solve_model": "20672028872f4620ce85e909bae705d9490de441e926510b2b0e53ff0881d87b"}, "version": 1}