{"results": {"time_setup_models_and_sims.TimeBuildDFN.time_setup_DFN": {"result": [0.5074190799999769], "stats": [{"ci_99": [0.5042245400000525, 0.5148612360000016], "q_25": 0.5049366637499872, "q_75": 0.5121226047499903, "min": 0.5042245400000525, "max": 0.5148612360000016, "mean": 0.5086581719000037, "std": 0.004152678278525904, "repeat": 10, "number": 1}]}, "time_setup_models_and_sims.TimeBuildDFNSimulation.time_setup_DFN_simulation": {"result": [0.11743735149997292, 0.28503208349997067], "stats": [{"ci_99": [0.11253009500001099, 0.11941705899999988], "q_25": 0.11373026174996426, "q_75": 0.11840922550001665, "min": 0.11253009500001099, "max": 0.11941705899999988, "mean": 0.11638060579999206, "std": 0.0025759439763506447, "repeat": 10, "number": 1}, {"ci_99": [0.2826272519999975, 0.28747651600002655], "q_25": 0.28341334349998704, "q_75": 0.28650329675001274, "min": 0.2826272519999975, "max": 0.28747651600002655, "mean": 0.28492859239999574, "std": 0.001739145503906348, "repeat": 10, "number": 1}], "params": [["False", "True"]]}, "time_setup_models_and_sims.TimeBuildSPM.time_setup_SPM": {"result": [0.31310730699999567], "stats": [{"ci_99": [0.3101126680000448, 0.31626144699998804], "q_25": 0.3116189874999975, "q_75": 0.3146181765000051, "min": 0.3101126680000448, "max": 0.31626144699998804, "mean": 0.3131488174000083, "std": 0.002113887695098337, "repeat": 10, "number": 1}]}, "time_setup_models_and_sims.TimeBuildSPMSimulation.time_setup_SPM_simulation": {"result": [0.14265544349999004, 0.3181328259999816], "stats": [{"ci_99": [0.13705287700003055, 0.14492687099999557], "q_25": 0.1379258152499716, "q_75": 0.1439721100000213, "min": 0.13705287700003055, "max": 0.14492687099999557, "mean": 0.14128065740000578, "std": 0.0030379697990504544, "repeat": 10, "number": 1}, {"ci_99": [0.31468963700001495, 0.32097000099997786], "q_25": 0.31536796149998736, "q_75": 0.3190837852499726, "min": 0.31468963700001495, "max": 0.32097000099997786, "mean": 0.3175653960999796, "std": 0.002065287334046379, "repeat": 10, "number": 1}], "params": [["False", "True"]]}, "time_setup_models_and_sims.TimeBuildSPMe.time_setup_SPMe": {"result": [0.4458812735000208], "stats": [{"ci_99": [0.44071915400002126, 0.4523355150000157], "q_25": 0.4423114527500047, "q_75": 0.4473308844999906, "min": 0.44071915400002126, "max": 0.4523355150000157, "mean": 0.44575553360000414, "std": 0.0037514796323964883, "repeat": 10, "number": 1}]}, "time_setup_models_and_sims.TimeBuildSPMeSimulation.time_setup_SPMe_simulation": {"result": [0.1319310460000338, 0.32439745050001534], "stats": [{"ci_99": [0.12894944900000382, 0.1363643619999948], "q_25": 0.12961558024997544, "q_75": 0.13364278400001695, "min": 0.12894944900000382, "max": 0.1363643619999948, "mean": 0.13190519560000666, "std": 0.0024377763345855546, "repeat": 10, "number": 1}, {"ci_99": [0.31995130100000324, 0.3265193700000282], "q_25": 0.3214379644999923, "q_75": 0.32559846750000077, "min": 0.31995130100000324, "max": 0.3265193700000282, "mean": 0.3236019312000053, "std": 0.0023782476454773105, "repeat": 10, "number": 1}], "params": [["False", "True"]]}, "time_solve_models.TimeSolveDFN.time_solve_model": {"result": [0.5098156729999914, 0.6708439905000034], "stats": [{"ci_99": [0.5038276059999589, 0.5156162469999686], "q_25": 0.5087898267500179, "q_75": 0.512281548499999, "min": 0.5038276059999589, "max": 0.5156162469999686, "mean": 0.5102576483999997, "std": 0.0034308371208936245, "repeat": 10, "number": 1}, {"ci_99": [0.6643048380000209, 0.6761130599999774], "q_25": 0.6667272122499952, "q_75": 0.6720937139999847, "min": 0.6643048380000209, "max": 0.6761130599999774, "mean": 0.6698811263999971, "std": 0.0034079851291264605, "repeat": 10, "number": 1}], "params": [["True", "False"]]}, "time_solve_models.TimeSolveSPM.time_solve_model": {"result": [0.019489625499971908, 0.04095616699999027], "stats": [{"ci_99": [0.019411725999987084, 0.019686321999984102], "q_25": 0.01947442300000546, "q_75": 0.019557596750019002, "min": 0.019411725999987084, "max": 0.019686321999984102, "mean": 0.019515763399994057, "std": 8.206218698015938e-05, "repeat": 10, "number": 1}, {"ci_99": [0.04082375600000887, 0.04142201799999157], "q_25": 0.0408752562500041, "q_75": 0.041108862499996235, "min": 0.04082375600000887, "max": 0.04142201799999157, "mean": 0.04101275679999503, "std": 0.00017924427998212015, "repeat": 10, "number": 1}], "params": [["True", "False"]]}, "time_solve_models.TimeSolveSPMe.time_solve_model": {"result": [0.028850742000003038, 0.07149281950000841], "stats": [{"ci_99": [0.02864712499996358, 0.029024594000020443], "q_25": 0.028759004499988805, "q_75": 0.028914144999987457, "min": 0.02864712499996358, "max": 0.029024594000020443, "mean": 0.02883705069999678, "std": 0.0001173149753661889, "repeat": 10, "number": 1}, {"ci_99": [0.07119320900000048, 0.07211561899998742], "q_25": 0.07133567399999663, "q_75": 0.0716507082499902, "min": 0.07119320900000048, "max": 0.07211561899998742, "mean": 0.07153189339999813, "std": 0.0002839950595611285, "repeat": 10, "number": 1}], "params": [["True", "False"]]}}, "params": {"machine": "GitHubRunner", "python": "3.8"}, "requirements": {}, "commit_hash": "fb6ebaa12900d227d3a247afdb7acfa9f5b7c62d", "date": 1640879206000, "env_name": "virtualenv-py3.8", "python": "3.8", "profiles": {}, "started_at": {"time_setup_models_and_sims.TimeBuildDFN.time_setup_DFN": 1641352961562, "time_setup_models_and_sims.TimeBuildDFNSimulation.time_setup_DFN_simulation": 1641352965079, "time_setup_models_and_sims.TimeBuildSPM.time_setup_SPM": 1641352967996, "time_setup_models_and_sims.TimeBuildSPMSimulation.time_setup_SPM_simulation": 1641352970308, "time_setup_models_and_sims.TimeBuildSPMe.time_setup_SPMe": 1641352973627, "time_setup_models_and_sims.TimeBuildSPMeSimulation.time_setup_SPMe_simulation": 1641352976791, "time_solve_models.TimeSolveDFN.time_solve_model": 1641352980109, "time_solve_models.TimeSolveSPM.time_solve_model": 1641353000081, "time_solve_models.TimeSolveSPMe.time_solve_model": 1641353006710}, "ended_at": {"time_setup_models_and_sims.TimeBuildDFN.time_setup_DFN": 1641352965079, "time_setup_models_and_sims.TimeBuildDFNSimulation.time_setup_DFN_simulation": 1641352967995, "time_setup_models_and_sims.TimeBuildSPM.time_setup_SPM": 1641352970308, "time_setup_models_and_sims.TimeBuildSPMSimulation.time_setup_SPM_simulation": 1641352973626, "time_setup_models_and_sims.TimeBuildSPMe.time_setup_SPMe": 1641352976791, "time_setup_models_and_sims.TimeBuildSPMeSimulation.time_setup_SPMe_simulation": 1641352980109, "time_solve_models.TimeSolveDFN.time_solve_model": 1641353000080, "time_solve_models.TimeSolveSPM.time_solve_model": 1641353006710, "time_solve_models.TimeSolveSPMe.time_solve_model": 1641353015896}, "benchmark_version": {"time_setup_models_and_sims.TimeBuildDFN.time_setup_DFN": "5f322e51e6b7e66125ee6949bdf25746005db467e8ffcfdcb3ace170e92bbc3d", "time_setup_models_and_sims.TimeBuildDFNSimulation.time_setup_DFN_simulation": "8de44bc542fa7d4ba28a80f24414a9444b5436673aaebba674918f5f0bfd0ebb", "time_setup_models_and_sims.TimeBuildSPM.time_setup_SPM": "0d0b3f5c67fc2da9a5794c66b70af5a45a09558d1ee95f738745385adb84fbca", "time_setup_models_and_sims.TimeBuildSPMSimulation.time_setup_SPM_simulation": "161220a99418ce4487cc29325cbae897f28d0e44ae07e1dfbfaac2cbc53a4ff9", "time_setup_models_and_sims.TimeBuildSPMe.time_setup_SPMe": "6083f5ff944353395eb4b21c97b02af555fe6528de3cd5283f5e139943945235", "time_setup_models_and_sims.TimeBuildSPMeSimulation.time_setup_SPMe_simulation": "530563cb559427795e3648d9648df9250ae100b7721f69eec356bdda7798c55e", "time_solve_models.TimeSolveDFN.time_solve_model": "914137228e20e5900cec36b0d3865f1faa2f5d479c7d6c2539514791f9ec4430", "time_solve_models.TimeSolveSPM.time_solve_model": "ef1bb5f8d1ddfa59650e20438c4b252d73e5a062714848ce1d6d5269382bc598", "time_solve_models.TimeSolveSPMe.time_solve_model": "20672028872f4620ce85e909bae705d9490de441e926510b2b0e53ff0881d87b"}, "version": 1}