{"results": {"time_setup_models_and_sims.TimeBuildDFN.time_setup_DFN": {"result": [0.5090347889999833], "stats": [{"ci_99": [0.5021810570000014, 0.5209201480000019], "q_25": 0.5063167720000052, "q_75": 0.5130764449999994, "min": 0.5021810570000014, "max": 0.5209201480000019, "mean": 0.5097831482999993, "std": 0.0054110349600307, "repeat": 10, "number": 1}]}, "time_setup_models_and_sims.TimeBuildDFNSimulation.time_setup_DFN_simulation": {"result": [0.11603250600000337, 0.2837716439999838], "stats": [{"ci_99": [0.11254780599999492, 0.11961498800000925], "q_25": 0.11309896625000704, "q_75": 0.11740248525000041, "min": 0.11254780599999492, "max": 0.11961498800000925, "mean": 0.11572202860000118, "std": 0.0025448949234049166, "repeat": 10, "number": 1}, {"ci_99": [0.28064837099998385, 0.28653399699999227], "q_25": 0.28199487999999917, "q_75": 0.28527388975000534, "min": 0.28064837099998385, "max": 0.28653399699999227, "mean": 0.28363502219999503, "std": 0.0019998280473674506, "repeat": 10, "number": 1}], "params": [["False", "True"]]}, "time_setup_models_and_sims.TimeBuildSPM.time_setup_SPM": {"result": [0.31294645400001286], "stats": [{"ci_99": [0.3088619030000075, 0.318740962999982], "q_25": 0.3112139734999957, "q_75": 0.3145606035000128, "min": 0.3088619030000075, "max": 0.318740962999982, "mean": 0.31304126680000477, "std": 0.0026211170372942333, "repeat": 10, "number": 1}]}, "time_setup_models_and_sims.TimeBuildSPMSimulation.time_setup_SPM_simulation": {"result": [0.1431342009999952, 0.3165582425000082], "stats": [{"ci_99": [0.13707090900001617, 0.14488964200000964], "q_25": 0.1376226642499958, "q_75": 0.14394116900000142, "min": 0.13707090900001617, "max": 0.14488964200000964, "mean": 0.14131002169999932, "std": 0.003189561024777665, "repeat": 10, "number": 1}, {"ci_99": [0.3123777870000026, 0.31896909900000026], "q_25": 0.3143427484999961, "q_75": 0.31824568374999984, "min": 0.3123777870000026, "max": 0.31896909900000026, "mean": 0.3162455139000002, "std": 0.0021799003984168614, "repeat": 10, "number": 1}], "params": [["False", "True"]]}, "time_setup_models_and_sims.TimeBuildSPMe.time_setup_SPMe": {"result": [0.4427555250000097], "stats": [{"ci_99": [0.4374430450000091, 0.4575081859999841], "q_25": 0.4410279714999845, "q_75": 0.44482918074999844, "min": 0.4374430450000091, "max": 0.4575081859999841, "mean": 0.4436038919000026, "std": 0.005364923646178805, "repeat": 10, "number": 1}]}, "time_setup_models_and_sims.TimeBuildSPMeSimulation.time_setup_SPMe_simulation": {"result": [0.1322624864999966, 0.3234571170000038], "stats": [{"ci_99": [0.12802523000001997, 0.13541641000000482], "q_25": 0.12957999525001185, "q_75": 0.13307483024999556, "min": 0.12802523000001997, "max": 0.13541641000000482, "mean": 0.13163713070000255, "std": 0.0024235895147505155, "repeat": 10, "number": 1}, {"ci_99": [0.3196268650000036, 0.3258315189999905], "q_25": 0.32095464525001205, "q_75": 0.32538198500001414, "min": 0.3196268650000036, "max": 0.3258315189999905, "mean": 0.3231522447000003, "std": 0.002255547172099596, "repeat": 10, "number": 1}], "params": [["False", "True"]]}, "time_solve_models.TimeSolveDFN.time_solve_model": {"result": [0.5125282274999989, 0.6732735354999875], "stats": [{"ci_99": [0.5056239379999852, 0.5169988359999991], "q_25": 0.5102853392500108, "q_75": 0.5156255560000034, "min": 0.5056239379999852, "max": 0.5169988359999991, "mean": 0.5123380414000025, "std": 0.003710430829398919, "repeat": 10, "number": 1}, {"ci_99": [0.6684337879999873, 0.6824109450000151], "q_25": 0.6718074439999953, "q_75": 0.6744649235000111, "min": 0.6684337879999873, "max": 0.6824109450000151, "mean": 0.6734842237999971, "std": 0.00371138907617682, "repeat": 10, "number": 1}], "params": [["True", "False"]]}, "time_solve_models.TimeSolveSPM.time_solve_model": {"result": [0.019442345999991062, 0.04108200600001055], "stats": [{"ci_99": [0.019350992999989103, 0.019559999999984257], "q_25": 0.01940737000001036, "q_75": 0.019474623000007796, "min": 0.019350992999989103, "max": 0.019559999999984257, "mean": 0.01944880659999626, "std": 6.041901962483025e-05, "repeat": 10, "number": 1}, {"ci_99": [0.04065605199997435, 0.041395657999999], "q_25": 0.0410005517500025, "q_75": 0.04121816600000727, "min": 0.04065605199997435, "max": 0.041395657999999, "mean": 0.041094136600000296, "std": 0.00020889134104113221, "repeat": 10, "number": 1}], "params": [["True", "False"]]}, "time_solve_models.TimeSolveSPMe.time_solve_model": {"result": [0.028866142500007186, 0.071802717500006], "stats": [{"ci_99": [0.02852387499999054, 0.029358758999990187], "q_25": 0.028715984250005988, "q_75": 0.02909205250001179, "min": 0.02852387499999054, "max": 0.029358758999990187, "mean": 0.02890124250000099, "std": 0.00027383774391155, "repeat": 10, "number": 1}, {"ci_99": [0.07137510699999439, 0.07218770900001914], "q_25": 0.07156799824999638, "q_75": 0.07192272675000311, "min": 0.07137510699999439, "max": 0.07218770900001914, "mean": 0.07178543779999984, "std": 0.00025582510531331547, "repeat": 10, "number": 1}], "params": [["True", "False"]]}}, "params": {"machine": "GitHubRunner", "python": "3.8"}, "requirements": {}, "commit_hash": "fb6ebaa12900d227d3a247afdb7acfa9f5b7c62d", "date": 1640879206000, "env_name": "virtualenv-py3.8", "python": "3.8", "profiles": {}, "started_at": {"time_setup_models_and_sims.TimeBuildDFN.time_setup_DFN": 1641007416920, "time_setup_models_and_sims.TimeBuildDFNSimulation.time_setup_DFN_simulation": 1641007420436, "time_setup_models_and_sims.TimeBuildSPM.time_setup_SPM": 1641007423354, "time_setup_models_and_sims.TimeBuildSPMSimulation.time_setup_SPM_simulation": 1641007425666, "time_setup_models_and_sims.TimeBuildSPMe.time_setup_SPMe": 1641007428985, "time_setup_models_and_sims.TimeBuildSPMeSimulation.time_setup_SPMe_simulation": 1641007432099, "time_solve_models.TimeSolveDFN.time_solve_model": 1641007435367, "time_solve_models.TimeSolveSPM.time_solve_model": 1641007455237, "time_solve_models.TimeSolveSPMe.time_solve_model": 1641007461815}, "ended_at": {"time_setup_models_and_sims.TimeBuildDFN.time_setup_DFN": 1641007420435, "time_setup_models_and_sims.TimeBuildDFNSimulation.time_setup_DFN_simulation": 1641007423353, "time_setup_models_and_sims.TimeBuildSPM.time_setup_SPM": 1641007425666, "time_setup_models_and_sims.TimeBuildSPMSimulation.time_setup_SPM_simulation": 1641007428985, "time_setup_models_and_sims.TimeBuildSPMe.time_setup_SPMe": 1641007432098, "time_setup_models_and_sims.TimeBuildSPMeSimulation.time_setup_SPMe_simulation": 1641007435366, "time_solve_models.TimeSolveDFN.time_solve_model": 1641007455237, "time_solve_models.TimeSolveSPM.time_solve_model": 1641007461815, "time_solve_models.TimeSolveSPMe.time_solve_model": 1641007471003}, "benchmark_version": {"time_setup_models_and_sims.TimeBuildDFN.time_setup_DFN": "5f322e51e6b7e66125ee6949bdf25746005db467e8ffcfdcb3ace170e92bbc3d", "time_setup_models_and_sims.TimeBuildDFNSimulation.time_setup_DFN_simulation": "8de44bc542fa7d4ba28a80f24414a9444b5436673aaebba674918f5f0bfd0ebb", "time_setup_models_and_sims.TimeBuildSPM.time_setup_SPM": "0d0b3f5c67fc2da9a5794c66b70af5a45a09558d1ee95f738745385adb84fbca", "time_setup_models_and_sims.TimeBuildSPMSimulation.time_setup_SPM_simulation": "161220a99418ce4487cc29325cbae897f28d0e44ae07e1dfbfaac2cbc53a4ff9", "time_setup_models_and_sims.TimeBuildSPMe.time_setup_SPMe": "6083f5ff944353395eb4b21c97b02af555fe6528de3cd5283f5e139943945235", "time_setup_models_and_sims.TimeBuildSPMeSimulation.time_setup_SPMe_simulation": "530563cb559427795e3648d9648df9250ae100b7721f69eec356bdda7798c55e", "time_solve_models.TimeSolveDFN.time_solve_model": "914137228e20e5900cec36b0d3865f1faa2f5d479c7d6c2539514791f9ec4430", "time_solve_models.TimeSolveSPM.time_solve_model": "ef1bb5f8d1ddfa59650e20438c4b252d73e5a062714848ce1d6d5269382bc598", "time_solve_models.TimeSolveSPMe.time_solve_model": "20672028872f4620ce85e909bae705d9490de441e926510b2b0e53ff0881d87b"}, "version": 1}