{"results": {"time_setup_models_and_sims.TimeBuildDFN.time_setup_DFN": {"result": [0.6555165715000086], "stats": [{"ci_99": [0.6080502739999929, 0.6805467740000068], "q_25": 0.6245535239999853, "q_75": 0.6757455229999962, "min": 0.6080502739999929, "max": 0.6805467740000068, "mean": 0.6495035848999976, "std": 0.027009114710130448, "repeat": 10, "number": 1}]}, "time_setup_models_and_sims.TimeBuildDFNSimulation.time_setup_DFN_simulation": {"result": [0.14740448699999575, 0.3582616270000045], "stats": [{"ci_99": [0.14329424999999674, 0.15939811399999826], "q_25": 0.14425557500000963, "q_75": 0.1517645997500061, "min": 0.14329424999999674, "max": 0.15939811399999826, "mean": 0.14912918180000076, "std": 0.005727093685367637, "repeat": 10, "number": 1}, {"ci_99": [0.3363549750000061, 0.3839788790000114], "q_25": 0.343236913749994, "q_75": 0.36508162775001196, "min": 0.3363549750000061, "max": 0.3839788790000114, "mean": 0.35736175530000336, "std": 0.01645033540257821, "repeat": 10, "number": 1}], "params": [["False", "True"]]}, "time_setup_models_and_sims.TimeBuildSPM.time_setup_SPM": {"result": [0.3865907929999963], "stats": [{"ci_99": [0.37037488500001814, 0.4076457689999984], "q_25": 0.3832674622500001, "q_75": 0.3934715012500014, "min": 0.37037488500001814, "max": 0.4076457689999984, "mean": 0.38850548210000396, "std": 0.009824539248300878, "repeat": 10, "number": 1}]}, "time_setup_models_and_sims.TimeBuildSPMSimulation.time_setup_SPM_simulation": {"result": [0.17451221249999094, 0.3942582919999893], "stats": [{"ci_99": [0.16862641800000233, 0.20811577500001022], "q_25": 0.17144645225001653, "q_75": 0.18029084300000875, "min": 0.16862641800000233, "max": 0.20811577500001022, "mean": 0.17810845650000431, "std": 0.010991847642338803, "repeat": 10, "number": 1}, {"ci_99": [0.37865522900000315, 0.42737389200001985], "q_25": 0.38352108149999253, "q_75": 0.3962846992500033, "min": 0.37865522900000315, "max": 0.42737389200001985, "mean": 0.39510698359999596, "std": 0.01466286498395799, "repeat": 10, "number": 1}], "params": [["False", "True"]]}, "time_setup_models_and_sims.TimeBuildSPMe.time_setup_SPMe": {"result": [0.542053187999997], "stats": [{"ci_99": [0.5297434489999944, 0.5701790960000039], "q_25": 0.5385272039999904, "q_75": 0.5511344900000026, "min": 0.5297434489999944, "max": 0.5701790960000039, "mean": 0.5451321046999993, "std": 0.011270997134164438, "repeat": 10, "number": 1}]}, "time_setup_models_and_sims.TimeBuildSPMeSimulation.time_setup_SPMe_simulation": {"result": [0.161676810000003, 0.38852859899999714], "stats": [{"ci_99": [0.15914076300001057, 0.17160543199997846], "q_25": 0.15968624625001127, "q_75": 0.16364207599999503, "min": 0.15914076300001057, "max": 0.17160543199997846, "mean": 0.16312044769999828, "std": 0.004478057983119274, "repeat": 10, "number": 1}, {"ci_99": [0.37258734499999946, 0.4109411249999937], "q_25": 0.38311166024998755, "q_75": 0.3938747579999955, "min": 0.37258734499999946, "max": 0.4109411249999937, "mean": 0.38838984959999434, "std": 0.010636286655664413, "repeat": 10, "number": 1}], "params": [["False", "True"]]}, "time_solve_models.TimeSolveDFN.time_solve_model": {"result": [0.6104696820000157, 0.8057929995000137], "stats": [{"ci_99": [0.6018629640000199, 0.6246138889999884], "q_25": 0.6073072364999987, "q_75": 0.6124376560000115, "min": 0.6018629640000199, "max": 0.6246138889999884, "mean": 0.6106717367000044, "std": 0.00584466710739616, "repeat": 10, "number": 1}, {"ci_99": [0.7930917369999975, 0.85361085400001], "q_25": 0.796145687500001, "q_75": 0.8238011532499954, "min": 0.7930917369999975, "max": 0.85361085400001, "mean": 0.8127634527000055, "std": 0.01952463348112181, "repeat": 10, "number": 1}], "params": [["True", "False"]]}, "time_solve_models.TimeSolveSPM.time_solve_model": {"result": [0.022485935000020163, 0.04766183400001012], "stats": [{"ci_99": [0.022363528999989057, 0.022712900000016134], "q_25": 0.022415928249998274, "q_75": 0.02251363350000446, "min": 0.022363528999989057, "max": 0.022712900000016134, "mean": 0.0224867812000042, "std": 9.425306327178429e-05, "repeat": 10, "number": 1}, {"ci_99": [0.04725745300001449, 0.04791140399998994], "q_25": 0.047412265000019715, "q_75": 0.04768528500000713, "min": 0.04725745300001449, "max": 0.04791140399998994, "mean": 0.047590918400010195, "std": 0.00020129388216719223, "repeat": 10, "number": 1}], "params": [["True", "False"]]}, "time_solve_models.TimeSolveSPMe.time_solve_model": {"result": [0.03354152350000561, 0.08410310399999332], "stats": [{"ci_99": [0.03325559899997188, 0.03384104500000262], "q_25": 0.033375101499999005, "q_75": 0.03374259174999139, "min": 0.03325559899997188, "max": 0.03384104500000262, "mean": 0.033556513400000654, "std": 0.00020282041926612, "repeat": 10, "number": 1}, {"ci_99": [0.08317087300000026, 0.08994760900000642], "q_25": 0.08332193724998405, "q_75": 0.0848451444999796, "min": 0.08317087300000026, "max": 0.08994760900000642, "mean": 0.08487792489999321, "std": 0.0021980544890976175, "repeat": 10, "number": 1}], "params": [["True", "False"]]}}, "params": {"machine": "GitHubRunner", "python": "3.8"}, "requirements": {}, "commit_hash": "fb6ebaa12900d227d3a247afdb7acfa9f5b7c62d", "date": 1640879206000, "env_name": "virtualenv-py3.8", "python": "3.8", "profiles": {}, "started_at": {"time_setup_models_and_sims.TimeBuildDFN.time_setup_DFN": 1640920979978, "time_setup_models_and_sims.TimeBuildDFNSimulation.time_setup_DFN_simulation": 1640920984197, "time_setup_models_and_sims.TimeBuildSPM.time_setup_SPM": 1640920987618, "time_setup_models_and_sims.TimeBuildSPMSimulation.time_setup_SPM_simulation": 1640920990282, "time_setup_models_and_sims.TimeBuildSPMe.time_setup_SPMe": 1640920994055, "time_setup_models_and_sims.TimeBuildSPMeSimulation.time_setup_SPMe_simulation": 1640920997772, "time_solve_models.TimeSolveDFN.time_solve_model": 1640921001445, "time_solve_models.TimeSolveSPM.time_solve_model": 1640921025168, "time_solve_models.TimeSolveSPMe.time_solve_model": 1640921032704}, "ended_at": {"time_setup_models_and_sims.TimeBuildDFN.time_setup_DFN": 1640920984197, "time_setup_models_and_sims.TimeBuildDFNSimulation.time_setup_DFN_simulation": 1640920987616, "time_setup_models_and_sims.TimeBuildSPM.time_setup_SPM": 1640920990282, "time_setup_models_and_sims.TimeBuildSPMSimulation.time_setup_SPM_simulation": 1640920994054, "time_setup_models_and_sims.TimeBuildSPMe.time_setup_SPMe": 1640920997771, "time_setup_models_and_sims.TimeBuildSPMeSimulation.time_setup_SPMe_simulation": 1640921001444, "time_solve_models.TimeSolveDFN.time_solve_model": 1640921025167, "time_solve_models.TimeSolveSPM.time_solve_model": 1640921032704, "time_solve_models.TimeSolveSPMe.time_solve_model": 1640921043391}, "benchmark_version": {"time_setup_models_and_sims.TimeBuildDFN.time_setup_DFN": "5f322e51e6b7e66125ee6949bdf25746005db467e8ffcfdcb3ace170e92bbc3d", "time_setup_models_and_sims.TimeBuildDFNSimulation.time_setup_DFN_simulation": "8de44bc542fa7d4ba28a80f24414a9444b5436673aaebba674918f5f0bfd0ebb", "time_setup_models_and_sims.TimeBuildSPM.time_setup_SPM": "0d0b3f5c67fc2da9a5794c66b70af5a45a09558d1ee95f738745385adb84fbca", "time_setup_models_and_sims.TimeBuildSPMSimulation.time_setup_SPM_simulation": "161220a99418ce4487cc29325cbae897f28d0e44ae07e1dfbfaac2cbc53a4ff9", "time_setup_models_and_sims.TimeBuildSPMe.time_setup_SPMe": "6083f5ff944353395eb4b21c97b02af555fe6528de3cd5283f5e139943945235", "time_setup_models_and_sims.TimeBuildSPMeSimulation.time_setup_SPMe_simulation": "530563cb559427795e3648d9648df9250ae100b7721f69eec356bdda7798c55e", "time_solve_models.TimeSolveDFN.time_solve_model": "914137228e20e5900cec36b0d3865f1faa2f5d479c7d6c2539514791f9ec4430", "time_solve_models.TimeSolveSPM.time_solve_model": "ef1bb5f8d1ddfa59650e20438c4b252d73e5a062714848ce1d6d5269382bc598", "time_solve_models.TimeSolveSPMe.time_solve_model": "20672028872f4620ce85e909bae705d9490de441e926510b2b0e53ff0881d87b"}, "version": 1}