{"results": {"time_setup_models_and_sims.TimeBuildDFN.time_setup_DFN": {"result": [0.5057062230000042], "stats": [{"ci_99": [0.5002870719999919, 0.5118129030000205], "q_25": 0.5015690232499992, "q_75": 0.5075111172499902, "min": 0.5002870719999919, "max": 0.5118129030000205, "mean": 0.5051128554000002, "std": 0.0036407106979947225, "repeat": 10, "number": 1}]}, "time_setup_models_and_sims.TimeBuildDFNSimulation.time_setup_DFN_simulation": {"result": [0.11677859299999227, 0.2835544250000055], "stats": [{"ci_99": [0.11267119799998682, 0.11895038199997998], "q_25": 0.11331891849997078, "q_75": 0.11800526374999976, "min": 0.11267119799998682, "max": 0.11895038199997998, "mean": 0.11593246209999108, "std": 0.0024000264695675667, "repeat": 10, "number": 1}, {"ci_99": [0.28001567799998384, 0.2892679459999954], "q_25": 0.28161288800000506, "q_75": 0.28566106124999635, "min": 0.28001567799998384, "max": 0.2892679459999954, "mean": 0.28396199469999883, "std": 0.0027742009957150942, "repeat": 10, "number": 1}], "params": [["False", "True"]]}, "time_setup_models_and_sims.TimeBuildSPM.time_setup_SPM": {"result": [0.30894448850003187], "stats": [{"ci_99": [0.3051077289999853, 0.3145405930000038], "q_25": 0.3077852877499865, "q_75": 0.3109746802499984, "min": 0.3051077289999853, "max": 0.3145405930000038, "mean": 0.30935635500000275, "std": 0.002702198722098835, "repeat": 10, "number": 1}]}, "time_setup_models_and_sims.TimeBuildSPMSimulation.time_setup_SPM_simulation": {"result": [0.14265985149998528, 0.3151652360000128], "stats": [{"ci_99": [0.13702647600001683, 0.14406671999995524], "q_25": 0.13828384349999112, "q_75": 0.14339581274998636, "min": 0.13702647600001683, "max": 0.14406671999995524, "mean": 0.1410743803999935, "std": 0.002762060440946059, "repeat": 10, "number": 1}, {"ci_99": [0.3109360619999961, 0.31756653299999016], "q_25": 0.31375228174997005, "q_75": 0.3167540169999654, "min": 0.3109360619999961, "max": 0.31756653299999016, "mean": 0.31494724539999197, "std": 0.0021058334753931347, "repeat": 10, "number": 1}], "params": [["False", "True"]]}, "time_setup_models_and_sims.TimeBuildSPMe.time_setup_SPMe": {"result": [0.4408457275000046], "stats": [{"ci_99": [0.4362685749999855, 0.4471468599999753], "q_25": 0.43743120274999114, "q_75": 0.4445668027500034, "min": 0.4362685749999855, "max": 0.4471468599999753, "mean": 0.4413223889999983, "std": 0.003962672644057956, "repeat": 10, "number": 1}]}, "time_setup_models_and_sims.TimeBuildSPMeSimulation.time_setup_SPMe_simulation": {"result": [0.1326576275000093, 0.322593095000002], "stats": [{"ci_99": [0.1282170810000025, 0.1369065939999814], "q_25": 0.12961721000000637, "q_75": 0.13360042675002148, "min": 0.1282170810000025, "max": 0.1369065939999814, "mean": 0.13209139070000903, "std": 0.002704980747873401, "repeat": 10, "number": 1}, {"ci_99": [0.31746845200001417, 0.3241027880000047], "q_25": 0.31973096950000013, "q_75": 0.32285373749998314, "min": 0.31746845200001417, "max": 0.3241027880000047, "mean": 0.3213431373999981, "std": 0.002310096311384157, "repeat": 10, "number": 1}], "params": [["False", "True"]]}, "time_solve_models.TimeSolveDFN.time_solve_model": {"result": [0.5116572819999874, 0.6708213114999921], "stats": [{"ci_99": [0.5101458670000056, 0.5148969360000137], "q_25": 0.5108986317499813, "q_75": 0.513088233249988, "min": 0.5101458670000056, "max": 0.5148969360000137, "mean": 0.5119770116999973, "std": 0.001423922518035658, "repeat": 10, "number": 1}, {"ci_99": [0.6693128519999618, 0.6755549419999625], "q_25": 0.6699493047499914, "q_75": 0.6723678974999814, "min": 0.6693128519999618, "max": 0.6755549419999625, "mean": 0.6714273095999885, "std": 0.001856016495943512, "repeat": 10, "number": 1}], "params": [["True", "False"]]}, "time_solve_models.TimeSolveSPM.time_solve_model": {"result": [0.018642893500015134, 0.03910798549998162], "stats": [{"ci_99": [0.01774705200000426, 0.019557858999974087], "q_25": 0.01788706200004242, "q_75": 0.019369681750021073, "min": 0.01774705200000426, "max": 0.019557858999974087, "mean": 0.018632508500013502, "std": 0.0007668188625581631, "repeat": 10, "number": 1}, {"ci_99": [0.036892624000017804, 0.04096934199998259], "q_25": 0.03712960225000472, "q_75": 0.040819214999999076, "min": 0.036892624000017804, "max": 0.04096934199998259, "mean": 0.038990024000003135, "std": 0.001864708690890849, "repeat": 10, "number": 1}], "params": [["True", "False"]]}, "time_solve_models.TimeSolveSPMe.time_solve_model": {"result": [0.028759208999986186, 0.07145550850000859], "stats": [{"ci_99": [0.028455952000001616, 0.02909441400004198], "q_25": 0.028638188750022664, "q_75": 0.02884137224999961, "min": 0.028455952000001616, "max": 0.02909441400004198, "mean": 0.02875591520000853, "std": 0.00017599463131720634, "repeat": 10, "number": 1}, {"ci_99": [0.07056777400003966, 0.07192733799996631], "q_25": 0.07089450274997944, "q_75": 0.07173053525001194, "min": 0.07056777400003966, "max": 0.07192733799996631, "mean": 0.07131246659999987, "std": 0.00046718306992200116, "repeat": 10, "number": 1}], "params": [["True", "False"]]}}, "params": {"machine": "GitHubRunner", "python": "3.8"}, "requirements": {}, "commit_hash": "fb6ebaa12900d227d3a247afdb7acfa9f5b7c62d", "date": 1640879206000, "env_name": "virtualenv-py3.8", "python": "3.8", "profiles": {}, "started_at": {"time_setup_models_and_sims.TimeBuildDFN.time_setup_DFN": 1641266539098, "time_setup_models_and_sims.TimeBuildDFNSimulation.time_setup_DFN_simulation": 1641266542614, "time_setup_models_and_sims.TimeBuildSPM.time_setup_SPM": 1641266545485, "time_setup_models_and_sims.TimeBuildSPMSimulation.time_setup_SPM_simulation": 1641266547695, "time_setup_models_and_sims.TimeBuildSPMe.time_setup_SPMe": 1641266550963, "time_setup_models_and_sims.TimeBuildSPMeSimulation.time_setup_SPMe_simulation": 1641266554076, "time_solve_models.TimeSolveDFN.time_solve_model": 1641266557295, "time_solve_models.TimeSolveSPM.time_solve_model": 1641266577115, "time_solve_models.TimeSolveSPMe.time_solve_model": 1641266583143}, "ended_at": {"time_setup_models_and_sims.TimeBuildDFN.time_setup_DFN": 1641266542613, "time_setup_models_and_sims.TimeBuildDFNSimulation.time_setup_DFN_simulation": 1641266545484, "time_setup_models_and_sims.TimeBuildSPM.time_setup_SPM": 1641266547695, "time_setup_models_and_sims.TimeBuildSPMSimulation.time_setup_SPM_simulation": 1641266550962, "time_setup_models_and_sims.TimeBuildSPMe.time_setup_SPMe": 1641266554076, "time_setup_models_and_sims.TimeBuildSPMeSimulation.time_setup_SPMe_simulation": 1641266557294, "time_solve_models.TimeSolveDFN.time_solve_model": 1641266577115, "time_solve_models.TimeSolveSPM.time_solve_model": 1641266583142, "time_solve_models.TimeSolveSPMe.time_solve_model": 1641266592227}, "benchmark_version": {"time_setup_models_and_sims.TimeBuildDFN.time_setup_DFN": "5f322e51e6b7e66125ee6949bdf25746005db467e8ffcfdcb3ace170e92bbc3d", "time_setup_models_and_sims.TimeBuildDFNSimulation.time_setup_DFN_simulation": "8de44bc542fa7d4ba28a80f24414a9444b5436673aaebba674918f5f0bfd0ebb", "time_setup_models_and_sims.TimeBuildSPM.time_setup_SPM": "0d0b3f5c67fc2da9a5794c66b70af5a45a09558d1ee95f738745385adb84fbca", "time_setup_models_and_sims.TimeBuildSPMSimulation.time_setup_SPM_simulation": "161220a99418ce4487cc29325cbae897f28d0e44ae07e1dfbfaac2cbc53a4ff9", "time_setup_models_and_sims.TimeBuildSPMe.time_setup_SPMe": "6083f5ff944353395eb4b21c97b02af555fe6528de3cd5283f5e139943945235", "time_setup_models_and_sims.TimeBuildSPMeSimulation.time_setup_SPMe_simulation": "530563cb559427795e3648d9648df9250ae100b7721f69eec356bdda7798c55e", "time_solve_models.TimeSolveDFN.time_solve_model": "914137228e20e5900cec36b0d3865f1faa2f5d479c7d6c2539514791f9ec4430", "time_solve_models.TimeSolveSPM.time_solve_model": "ef1bb5f8d1ddfa59650e20438c4b252d73e5a062714848ce1d6d5269382bc598", "time_solve_models.TimeSolveSPMe.time_solve_model": "20672028872f4620ce85e909bae705d9490de441e926510b2b0e53ff0881d87b"}, "version": 1}