{"results": {"time_setup_models_and_sims.TimeBuildDFN.time_setup_DFN": {"result": [0.8422519635000185], "stats": [{"ci_99": [0.8176544400000125, 0.8823589500000253], "q_25": 0.8286154630000055, "q_75": 0.8503105674999887, "min": 0.8176544400000125, "max": 0.8823589500000253, "mean": 0.8447466071000121, "std": 0.020835531350859735, "repeat": 10, "number": 1}]}, "time_setup_models_and_sims.TimeBuildDFNSimulation.time_setup_DFN_simulation": {"result": [0.25717079749998106, 0.6166858004999654], "stats": [{"ci_99": [0.2529178199999933, 0.2701377829999956], "q_25": 0.25425697350000576, "q_75": 0.2603139237499903, "min": 0.2529178199999933, "max": 0.2701377829999956, "mean": 0.258650145699994, "std": 0.005578481262721242, "repeat": 10, "number": 1}, {"ci_99": [0.5955958590000137, 0.6389640340000255], "q_25": 0.6025746964999854, "q_75": 0.6277939967500146, "min": 0.5955958590000137, "max": 0.6389640340000255, "mean": 0.6151200887999948, "std": 0.014588250794105383, "repeat": 10, "number": 1}], "params": [["False", "True"]]}, "time_setup_models_and_sims.TimeBuildSPM.time_setup_SPM": {"result": [0.5131563935000258], "stats": [{"ci_99": [0.49306040100003656, 0.5327210540000351], "q_25": 0.5028062525000223, "q_75": 0.5187481354999761, "min": 0.49306040100003656, "max": 0.5327210540000351, "mean": 0.5116654119000146, "std": 0.01154196249960274, "repeat": 10, "number": 1}]}, "time_setup_models_and_sims.TimeBuildSPMSimulation.time_setup_SPM_simulation": {"result": [0.2536405169999796, 0.5783883149999838], "stats": [{"ci_99": [0.24503020700001343, 0.27572810600003095], "q_25": 0.2500132562499999, "q_75": 0.2565308780000066, "min": 0.24503020700001343, "max": 0.27572810600003095, "mean": 0.25621572350000293, "std": 0.010073693331023639, "repeat": 10, "number": 1}, {"ci_99": [0.561432587000013, 0.5948372420000396], "q_25": 0.5738235387499913, "q_75": 0.5860064802500204, "min": 0.561432587000013, "max": 0.5948372420000396, "mean": 0.5794702073999985, "std": 0.010261397630356977, "repeat": 10, "number": 1}], "params": [["False", "True"]]}, "time_setup_models_and_sims.TimeBuildSPMe.time_setup_SPMe": {"result": [0.7387591590000113], "stats": [{"ci_99": [0.7191191100000083, 0.7523322280000002], "q_25": 0.7325573355000188, "q_75": 0.744919061499985, "min": 0.7191191100000083, "max": 0.7523322280000002, "mean": 0.7375412752000046, "std": 0.011030603619361033, "repeat": 10, "number": 1}]}, "time_setup_models_and_sims.TimeBuildSPMeSimulation.time_setup_SPMe_simulation": {"result": [0.2762796000000378, 0.6435182414999758], "stats": [{"ci_99": [0.2595700840000177, 0.28315207599996484], "q_25": 0.2634451829999733, "q_75": 0.27778276624999876, "min": 0.2595700840000177, "max": 0.28315207599996484, "mean": 0.2720656922999979, "std": 0.008512921686036796, "repeat": 10, "number": 1}, {"ci_99": [0.628612540000006, 0.6641746170000147], "q_25": 0.6379280820000162, "q_75": 0.6573622085000181, "min": 0.628612540000006, "max": 0.6641746170000147, "mean": 0.6461506946000043, "std": 0.011882375188455254, "repeat": 10, "number": 1}], "params": [["False", "True"]]}, "time_solve_models.TimeSolveDFN.time_solve_model": {"result": [0.7166506339999899, 0.927239034500019], "stats": [{"ci_99": [0.698477883999999, 0.7347261350000167], "q_25": 0.7069668637499973, "q_75": 0.7225754955000241, "min": 0.698477883999999, "max": 0.7347261350000167, "mean": 0.7158608032500027, "std": 0.011488038760195692, "repeat": 8, "number": 1}, {"ci_99": [0.9159920210000223, 0.9538066039999649], "q_25": 0.9229430372499934, "q_75": 0.941185764499977, "min": 0.9159920210000223, "max": 0.9538066039999649, "mean": 0.9316689741000005, "std": 0.012374298719591477, "repeat": 10, "number": 1}], "params": [["True", "False"]]}, "time_solve_models.TimeSolveSPM.time_solve_model": {"result": [0.03252106249999542, 0.06268103200000041], "stats": [{"ci_99": [0.031123295000043072, 0.035709244999964085], "q_25": 0.0317526392500298, "q_75": 0.03260397275001026, "min": 0.031123295000043072, "max": 0.035709244999964085, "mean": 0.032522840100000394, "std": 0.001195603777243382, "repeat": 10, "number": 1}, {"ci_99": [0.06110047399999985, 0.06326209600001675], "q_25": 0.062403030750019184, "q_75": 0.06278404450000608, "min": 0.06110047399999985, "max": 0.06326209600001675, "mean": 0.0625508739000054, "std": 0.0005735080395748754, "repeat": 10, "number": 1}], "params": [["True", "False"]]}, "time_solve_models.TimeSolveSPMe.time_solve_model": {"result": [0.04966391400003545, 0.10810109400000556], "stats": [{"ci_99": [0.04835089699997752, 0.053281861000016306], "q_25": 0.04911690699999838, "q_75": 0.050091495999978974, "min": 0.04835089699997752, "max": 0.053281861000016306, "mean": 0.049889727199996514, "std": 0.0013280526234647962, "repeat": 10, "number": 1}, {"ci_99": [0.10465919300003179, 0.10989486299996543], "q_25": 0.10763018349999243, "q_75": 0.10865660925000498, "min": 0.10465919300003179, "max": 0.10989486299996543, "mean": 0.10800170319999439, "std": 0.001369612857988007, "repeat": 10, "number": 1}], "params": [["True", "False"]]}}, "params": {"machine": "GitHubRunner", "python": "3.8"}, "requirements": {}, "commit_hash": "fcc552425d49280895a98f1edf6465383bca682b", "date": 1630512624000, "env_name": "virtualenv-py3.8", "python": "3.8", "profiles": {}, "started_at": {"time_setup_models_and_sims.TimeBuildDFN.time_setup_DFN": 1630898514958, "time_setup_models_and_sims.TimeBuildDFNSimulation.time_setup_DFN_simulation": 1630898520433, "time_setup_models_and_sims.TimeBuildSPM.time_setup_SPM": 1630898526012, "time_setup_models_and_sims.TimeBuildSPMSimulation.time_setup_SPM_simulation": 1630898529427, "time_setup_models_and_sims.TimeBuildSPMe.time_setup_SPMe": 1630898534753, "time_setup_models_and_sims.TimeBuildSPMeSimulation.time_setup_SPMe_simulation": 1630898539621, "time_solve_models.TimeSolveDFN.time_solve_model": 1630898545498, "time_solve_models.TimeSolveSPM.time_solve_model": 1630898572405, "time_solve_models.TimeSolveSPMe.time_solve_model": 1630898582694}, "ended_at": {"time_setup_models_and_sims.TimeBuildDFN.time_setup_DFN": 1630898520433, "time_setup_models_and_sims.TimeBuildDFNSimulation.time_setup_DFN_simulation": 1630898526011, "time_setup_models_and_sims.TimeBuildSPM.time_setup_SPM": 1630898529427, "time_setup_models_and_sims.TimeBuildSPMSimulation.time_setup_SPM_simulation": 1630898534752, "time_setup_models_and_sims.TimeBuildSPMe.time_setup_SPMe": 1630898539621, "time_setup_models_and_sims.TimeBuildSPMeSimulation.time_setup_SPMe_simulation": 1630898545497, "time_solve_models.TimeSolveDFN.time_solve_model": 1630898572404, "time_solve_models.TimeSolveSPM.time_solve_model": 1630898582694, "time_solve_models.TimeSolveSPMe.time_solve_model": 1630898597097}, "benchmark_version": {"time_setup_models_and_sims.TimeBuildDFN.time_setup_DFN": "5f322e51e6b7e66125ee6949bdf25746005db467e8ffcfdcb3ace170e92bbc3d", "time_setup_models_and_sims.TimeBuildDFNSimulation.time_setup_DFN_simulation": "8de44bc542fa7d4ba28a80f24414a9444b5436673aaebba674918f5f0bfd0ebb", "time_setup_models_and_sims.TimeBuildSPM.time_setup_SPM": "0d0b3f5c67fc2da9a5794c66b70af5a45a09558d1ee95f738745385adb84fbca", "time_setup_models_and_sims.TimeBuildSPMSimulation.time_setup_SPM_simulation": "161220a99418ce4487cc29325cbae897f28d0e44ae07e1dfbfaac2cbc53a4ff9", "time_setup_models_and_sims.TimeBuildSPMe.time_setup_SPMe": "6083f5ff944353395eb4b21c97b02af555fe6528de3cd5283f5e139943945235", "time_setup_models_and_sims.TimeBuildSPMeSimulation.time_setup_SPMe_simulation": "530563cb559427795e3648d9648df9250ae100b7721f69eec356bdda7798c55e", "time_solve_models.TimeSolveDFN.time_solve_model": "914137228e20e5900cec36b0d3865f1faa2f5d479c7d6c2539514791f9ec4430", "time_solve_models.TimeSolveSPM.time_solve_model": "ef1bb5f8d1ddfa59650e20438c4b252d73e5a062714848ce1d6d5269382bc598", "time_solve_models.TimeSolveSPMe.time_solve_model": "20672028872f4620ce85e909bae705d9490de441e926510b2b0e53ff0881d87b"}, "version": 1}