{"results": {"time_setup_models_and_sims.TimeBuildDFN.time_setup_DFN": {"result": [0.6076420649999932], "stats": [{"ci_99": [0.6005588559999921, 0.6376749830000108], "q_25": 0.6047538109999948, "q_75": 0.6108148220000018, "min": 0.6005588559999921, "max": 0.6376749830000108, "mean": 0.6101602749999984, "std": 0.009901695409417264, "repeat": 10, "number": 1}]}, "time_setup_models_and_sims.TimeBuildDFNSimulation.time_setup_DFN_simulation": {"result": [0.19227453600001354, 0.44868547650000323], "stats": [{"ci_99": [0.18964313799997967, 0.22839963399999874], "q_25": 0.19174736024999106, "q_75": 0.1926971080000044, "min": 0.18964313799997967, "max": 0.22839963399999874, "mean": 0.19549917160000235, "std": 0.011007054676898963, "repeat": 10, "number": 1}, {"ci_99": [0.4455274470000177, 0.4538626869999973], "q_25": 0.44841116174998774, "q_75": 0.4514104992500094, "min": 0.4455274470000177, "max": 0.4538626869999973, "mean": 0.4496232340000034, "std": 0.002564837189442366, "repeat": 10, "number": 1}], "params": [["False", "True"]]}, "time_setup_models_and_sims.TimeBuildSPM.time_setup_SPM": {"result": [0.389098886499994], "stats": [{"ci_99": [0.3716824400000007, 0.4115056050000021], "q_25": 0.3731630999999922, "q_75": 0.404870957, "min": 0.3716824400000007, "max": 0.4115056050000021, "mean": 0.38990115189999697, "std": 0.016851509221092003, "repeat": 10, "number": 1}]}, "time_setup_models_and_sims.TimeBuildSPMSimulation.time_setup_SPM_simulation": {"result": [0.18581141250000144, 0.41486579250000943], "stats": [{"ci_99": [0.1848582199999953, 0.18688329699998008], "q_25": 0.18545022600000038, "q_75": 0.18612102824998544, "min": 0.1848582199999953, "max": 0.18688329699998008, "mean": 0.18580330219999439, "std": 0.0005319825572119687, "repeat": 10, "number": 1}, {"ci_99": [0.4116710050000165, 0.41856907899997964], "q_25": 0.4136867054999982, "q_75": 0.41537254225000453, "min": 0.4116710050000165, "max": 0.41856907899997964, "mean": 0.4148027753000008, "std": 0.002149418046052537, "repeat": 10, "number": 1}], "params": [["False", "True"]]}, "time_setup_models_and_sims.TimeBuildSPMe.time_setup_SPMe": {"result": [0.5245068254999978], "stats": [{"ci_99": [0.5217680179999888, 0.5586526330000083], "q_25": 0.5231963355000033, "q_75": 0.5256469387500147, "min": 0.5217680179999888, "max": 0.5586526330000083, "mean": 0.5275289784999984, "std": 0.010472405642062834, "repeat": 10, "number": 1}]}, "time_setup_models_and_sims.TimeBuildSPMeSimulation.time_setup_SPMe_simulation": {"result": [0.20287409249998234, 0.4719971900000104], "stats": [{"ci_99": [0.1986463740000204, 0.2361944230000006], "q_25": 0.20124821800001058, "q_75": 0.2125782629999975, "min": 0.1986463740000204, "max": 0.2361944230000006, "mean": 0.20909340930000156, "std": 0.012491342954390442, "repeat": 10, "number": 1}, {"ci_99": [0.4680949730000066, 0.4752734200000077], "q_25": 0.47070741874999555, "q_75": 0.4739609082499996, "min": 0.4680949730000066, "max": 0.4752734200000077, "mean": 0.47199639270000093, "std": 0.002346814698775677, "repeat": 10, "number": 1}], "params": [["False", "True"]]}, "time_solve_models.TimeSolveDFN.time_solve_model": {"result": [0.6054314280000028, 0.7886692799999935], "stats": [{"ci_99": [0.6021987689999833, 0.6101640850000081], "q_25": 0.603256958749995, "q_75": 0.60661343175002, "min": 0.6021987689999833, "max": 0.6101640850000081, "mean": 0.6054752413000045, "std": 0.0024150656057195805, "repeat": 10, "number": 1}, {"ci_99": [0.7849724909999907, 0.7921477609999954], "q_25": 0.7867459247499937, "q_75": 0.7909754152499886, "min": 0.7849724909999907, "max": 0.7921477609999954, "mean": 0.7887321009999937, "std": 0.002486921807128514, "repeat": 10, "number": 1}], "params": [["True", "False"]]}, "time_solve_models.TimeSolveSPM.time_solve_model": {"result": [0.024085908500012465, 0.048683097999997926], "stats": [{"ci_99": [0.023944693000004236, 0.024524964000022464], "q_25": 0.02402058325001377, "q_75": 0.024148969999998826, "min": 0.023944693000004236, "max": 0.024524964000022464, "mean": 0.024121534100007124, "std": 0.00016100411626191987, "repeat": 10, "number": 1}, {"ci_99": [0.048154121000010264, 0.048919607000016185], "q_25": 0.04858259799999587, "q_75": 0.048741259000024684, "min": 0.048154121000010264, "max": 0.048919607000016185, "mean": 0.0486361052000035, "std": 0.00019724516866085454, "repeat": 10, "number": 1}], "params": [["True", "False"]]}, "time_solve_models.TimeSolveSPMe.time_solve_model": {"result": [0.03810266550000563, 0.08563336349999418], "stats": [{"ci_99": [0.03779069500001242, 0.03838532999998279], "q_25": 0.037985702749992356, "q_75": 0.03818374150001347, "min": 0.03779069500001242, "max": 0.03838532999998279, "mean": 0.03808331970000154, "std": 0.00016165077195629167, "repeat": 10, "number": 1}, {"ci_99": [0.08524312399998735, 0.0858012120000069], "q_25": 0.08546545549998541, "q_75": 0.08571148700000464, "min": 0.08524312399998735, "max": 0.0858012120000069, "mean": 0.08557263219999811, "std": 0.00018420906150780166, "repeat": 10, "number": 1}], "params": [["True", "False"]]}}, "params": {"machine": "GitHubRunner", "python": "3.8"}, "requirements": {}, "commit_hash": "fcc552425d49280895a98f1edf6465383bca682b", "date": 1630512624000, "env_name": "virtualenv-py3.8", "python": "3.8", "profiles": {}, "started_at": {"time_setup_models_and_sims.TimeBuildDFN.time_setup_DFN": 1630725695506, "time_setup_models_and_sims.TimeBuildDFNSimulation.time_setup_DFN_simulation": 1630725699674, "time_setup_models_and_sims.TimeBuildSPM.time_setup_SPM": 1630725703944, "time_setup_models_and_sims.TimeBuildSPMSimulation.time_setup_SPM_simulation": 1630725706505, "time_setup_models_and_sims.TimeBuildSPMe.time_setup_SPMe": 1630725710424, "time_setup_models_and_sims.TimeBuildSPMeSimulation.time_setup_SPMe_simulation": 1630725714091, "time_solve_models.TimeSolveDFN.time_solve_model": 1630725718568, "time_solve_models.TimeSolveSPM.time_solve_model": 1630725742294, "time_solve_models.TimeSolveSPMe.time_solve_model": 1630725750027}, "ended_at": {"time_setup_models_and_sims.TimeBuildDFN.time_setup_DFN": 1630725699673, "time_setup_models_and_sims.TimeBuildDFNSimulation.time_setup_DFN_simulation": 1630725703942, "time_setup_models_and_sims.TimeBuildSPM.time_setup_SPM": 1630725706505, "time_setup_models_and_sims.TimeBuildSPMSimulation.time_setup_SPM_simulation": 1630725710424, "time_setup_models_and_sims.TimeBuildSPMe.time_setup_SPMe": 1630725714090, "time_setup_models_and_sims.TimeBuildSPMeSimulation.time_setup_SPMe_simulation": 1630725718568, "time_solve_models.TimeSolveDFN.time_solve_model": 1630725742293, "time_solve_models.TimeSolveSPM.time_solve_model": 1630725750026, "time_solve_models.TimeSolveSPMe.time_solve_model": 1630725760869}, "benchmark_version": {"time_setup_models_and_sims.TimeBuildDFN.time_setup_DFN": "5f322e51e6b7e66125ee6949bdf25746005db467e8ffcfdcb3ace170e92bbc3d", "time_setup_models_and_sims.TimeBuildDFNSimulation.time_setup_DFN_simulation": "8de44bc542fa7d4ba28a80f24414a9444b5436673aaebba674918f5f0bfd0ebb", "time_setup_models_and_sims.TimeBuildSPM.time_setup_SPM": "0d0b3f5c67fc2da9a5794c66b70af5a45a09558d1ee95f738745385adb84fbca", "time_setup_models_and_sims.TimeBuildSPMSimulation.time_setup_SPM_simulation": "161220a99418ce4487cc29325cbae897f28d0e44ae07e1dfbfaac2cbc53a4ff9", "time_setup_models_and_sims.TimeBuildSPMe.time_setup_SPMe": "6083f5ff944353395eb4b21c97b02af555fe6528de3cd5283f5e139943945235", "time_setup_models_and_sims.TimeBuildSPMeSimulation.time_setup_SPMe_simulation": "530563cb559427795e3648d9648df9250ae100b7721f69eec356bdda7798c55e", "time_solve_models.TimeSolveDFN.time_solve_model": "914137228e20e5900cec36b0d3865f1faa2f5d479c7d6c2539514791f9ec4430", "time_solve_models.TimeSolveSPM.time_solve_model": "ef1bb5f8d1ddfa59650e20438c4b252d73e5a062714848ce1d6d5269382bc598", "time_solve_models.TimeSolveSPMe.time_solve_model": "20672028872f4620ce85e909bae705d9490de441e926510b2b0e53ff0881d87b"}, "version": 1}