{"results": {"time_setup_models_and_sims.TimeBuildDFN.time_setup_DFN": {"result": [0.7196460659999957], "stats": [{"ci_99": [0.7003419810000082, 0.7487997849999886], "q_25": 0.7160454302499915, "q_75": 0.7338922225000033, "min": 0.7003419810000082, "max": 0.7487997849999886, "mean": 0.7236190472000004, "std": 0.015608737831211602, "repeat": 10, "number": 1}]}, "time_setup_models_and_sims.TimeBuildDFNSimulation.time_setup_DFN_simulation": {"result": [0.1828694069999699, 0.29878440199999545], "stats": [{"ci_99": [0.1756791939999971, 0.19362190499998633], "q_25": 0.17963079475000399, "q_75": 0.18543446975002809, "min": 0.1756791939999971, "max": 0.19362190499998633, "mean": 0.18319630589999178, "std": 0.00506517631205609, "repeat": 10, "number": 1}, {"ci_99": [0.2926591209999856, 0.31547781400001895], "q_25": 0.29785367299999166, "q_75": 0.30565025175000926, "min": 0.2926591209999856, "max": 0.31547781400001895, "mean": 0.30174552240000024, "std": 0.007406356731116771, "repeat": 10, "number": 1}], "params": [["False", "True"]]}, "time_setup_models_and_sims.TimeBuildSPM.time_setup_SPM": {"result": [0.4196223024999881], "stats": [{"ci_99": [0.4116169609999929, 0.4508917150000116], "q_25": 0.41579437400002917, "q_75": 0.4238802122500118, "min": 0.4116169609999929, "max": 0.4508917150000116, "mean": 0.4219867442000066, "std": 0.010974106946005525, "repeat": 10, "number": 1}]}, "time_setup_models_and_sims.TimeBuildSPMSimulation.time_setup_SPM_simulation": {"result": [0.17114158100000054, 0.2653714199999797], "stats": [{"ci_99": [0.16846238200002972, 0.17576226800002814], "q_25": 0.17015531249997196, "q_75": 0.1736705247499799, "min": 0.16846238200002972, "max": 0.17576226800002814, "mean": 0.17174624070000277, "std": 0.0024277607233657472, "repeat": 10, "number": 1}, {"ci_99": [0.25841626800001904, 0.27147470099998827], "q_25": 0.26342524949997426, "q_75": 0.2686950794999916, "min": 0.25841626800001904, "max": 0.27147470099998827, "mean": 0.2654260507999936, "std": 0.004262145845732426, "repeat": 10, "number": 1}], "params": [["False", "True"]]}, "time_setup_models_and_sims.TimeBuildSPMe.time_setup_SPMe": {"result": [0.6252565320000087], "stats": [{"ci_99": [0.5983290049999823, 0.6509503169999675], "q_25": 0.6152404672500182, "q_75": 0.6318040452500071, "min": 0.5983290049999823, "max": 0.6509503169999675, "mean": 0.6246619369000029, "std": 0.01404563126744268, "repeat": 10, "number": 1}]}, "time_setup_models_and_sims.TimeBuildSPMeSimulation.time_setup_SPMe_simulation": {"result": [0.18552082749997112, 0.314179245000048], "stats": [{"ci_99": [0.18318768199998203, 0.19336670399997047], "q_25": 0.18407726075001563, "q_75": 0.18967244399999572, "min": 0.18318768199998203, "max": 0.19336670399997047, "mean": 0.18699146189999283, "std": 0.0033772577066297498, "repeat": 10, "number": 1}, {"ci_99": [0.30428166799998735, 0.3245645110000055], "q_25": 0.3111029324999919, "q_75": 0.3167852232499939, "min": 0.30428166799998735, "max": 0.3245645110000055, "mean": 0.31441429710000646, "std": 0.00627126646382613, "repeat": 10, "number": 1}], "params": [["False", "True"]]}, "time_solve_models.TimeSolveDFN.time_solve_model": {"result": [0.6696030715000063, 0.8873787419999815], "stats": [{"ci_99": [0.6518757499999879, 0.6750846799999977], "q_25": 0.6642272349999843, "q_75": 0.670442615500022, "min": 0.6518757499999879, "max": 0.6750846799999977, "mean": 0.6664963508750006, "std": 0.007379514794779088, "repeat": 8, "number": 1}, {"ci_99": [0.8695052059999853, 0.8993896249999693], "q_25": 0.8832777597500012, "q_75": 0.8925482634999753, "min": 0.8695052059999853, "max": 0.8993896249999693, "mean": 0.8871347881999838, "std": 0.008050164597437008, "repeat": 10, "number": 1}], "params": [["True", "False"]]}, "time_solve_models.TimeSolveSPM.time_solve_model": {"result": [0.029020453500010035, 0.06043864100001883], "stats": [{"ci_99": [0.02835863799998606, 0.031084048000025177], "q_25": 0.028608059749998915, "q_75": 0.029349402999997665, "min": 0.02835863799998606, "max": 0.031084048000025177, "mean": 0.02926738379999847, "std": 0.00088851743282898, "repeat": 10, "number": 1}, {"ci_99": [0.058679885999993076, 0.06328340799996113], "q_25": 0.05953161574998944, "q_75": 0.060971018750024086, "min": 0.058679885999993076, "max": 0.06328340799996113, "mean": 0.06048025800000119, "std": 0.0012928076856302485, "repeat": 10, "number": 1}], "params": [["True", "False"]]}, "time_solve_models.TimeSolveSPMe.time_solve_model": {"result": [0.046609945499994865, 0.10466727299998979], "stats": [{"ci_99": [0.04458423899995978, 0.04721496600001274], "q_25": 0.04632880224997393, "q_75": 0.04694941274996722, "min": 0.04458423899995978, "max": 0.04721496600001274, "mean": 0.046341992899988325, "std": 0.0008544258524370156, "repeat": 10, "number": 1}, {"ci_99": [0.10208015699998896, 0.10851126699998304], "q_25": 0.10279028225002662, "q_75": 0.10529720199998849, "min": 0.10208015699998896, "max": 0.10851126699998304, "mean": 0.1045414844999982, "std": 0.0019360912565871927, "repeat": 10, "number": 1}], "params": [["True", "False"]]}}, "params": {"machine": "GitHubRunner", "python": "3.8"}, "requirements": {}, "commit_hash": "fe6960c39d95656ebeb63f4edefa709647d91097", "date": 1622041860000, "env_name": "virtualenv-py3.8", "python": "3.8", "profiles": {}, "started_at": {"time_setup_models_and_sims.TimeBuildDFN.time_setup_DFN": 1622088754864, "time_setup_models_and_sims.TimeBuildDFNSimulation.time_setup_DFN_simulation": 1622088759595, "time_setup_models_and_sims.TimeBuildSPM.time_setup_SPM": 1622088762814, "time_setup_models_and_sims.TimeBuildSPMSimulation.time_setup_SPM_simulation": 1622088765727, "time_setup_models_and_sims.TimeBuildSPMe.time_setup_SPMe": 1622088768644, "time_setup_models_and_sims.TimeBuildSPMeSimulation.time_setup_SPMe_simulation": 1622088772760, "time_solve_models.TimeSolveDFN.time_solve_model": 1622088776080, "time_solve_models.TimeSolveSPM.time_solve_model": 1622088800268, "time_solve_models.TimeSolveSPMe.time_solve_model": 1622088809052}, "ended_at": {"time_setup_models_and_sims.TimeBuildDFN.time_setup_DFN": 1622088759594, "time_setup_models_and_sims.TimeBuildDFNSimulation.time_setup_DFN_simulation": 1622088762813, "time_setup_models_and_sims.TimeBuildSPM.time_setup_SPM": 1622088765727, "time_setup_models_and_sims.TimeBuildSPMSimulation.time_setup_SPM_simulation": 1622088768643, "time_setup_models_and_sims.TimeBuildSPMe.time_setup_SPMe": 1622088772760, "time_setup_models_and_sims.TimeBuildSPMeSimulation.time_setup_SPMe_simulation": 1622088776079, "time_solve_models.TimeSolveDFN.time_solve_model": 1622088800267, "time_solve_models.TimeSolveSPM.time_solve_model": 1622088809052, "time_solve_models.TimeSolveSPMe.time_solve_model": 1622088821748}, "benchmark_version": {"time_setup_models_and_sims.TimeBuildDFN.time_setup_DFN": "5f322e51e6b7e66125ee6949bdf25746005db467e8ffcfdcb3ace170e92bbc3d", "time_setup_models_and_sims.TimeBuildDFNSimulation.time_setup_DFN_simulation": "8de44bc542fa7d4ba28a80f24414a9444b5436673aaebba674918f5f0bfd0ebb", "time_setup_models_and_sims.TimeBuildSPM.time_setup_SPM": "0d0b3f5c67fc2da9a5794c66b70af5a45a09558d1ee95f738745385adb84fbca", "time_setup_models_and_sims.TimeBuildSPMSimulation.time_setup_SPM_simulation": "161220a99418ce4487cc29325cbae897f28d0e44ae07e1dfbfaac2cbc53a4ff9", "time_setup_models_and_sims.TimeBuildSPMe.time_setup_SPMe": "6083f5ff944353395eb4b21c97b02af555fe6528de3cd5283f5e139943945235", "time_setup_models_and_sims.TimeBuildSPMeSimulation.time_setup_SPMe_simulation": "530563cb559427795e3648d9648df9250ae100b7721f69eec356bdda7798c55e", "time_solve_models.TimeSolveDFN.time_solve_model": "914137228e20e5900cec36b0d3865f1faa2f5d479c7d6c2539514791f9ec4430", "time_solve_models.TimeSolveSPM.time_solve_model": "ef1bb5f8d1ddfa59650e20438c4b252d73e5a062714848ce1d6d5269382bc598", "time_solve_models.TimeSolveSPMe.time_solve_model": "20672028872f4620ce85e909bae705d9490de441e926510b2b0e53ff0881d87b"}, "version": 1}